position_model	profile	candidate_id	position_score	utility	rank	panel_flag
baseline_trapezoid	balanced	MALAT1_A549_NGG_0001	0.025556	0.53248765	15	0
baseline_trapezoid	balanced	MALAT1_A549_NGG_0002	0.027778	0.51034495	21	0
baseline_trapezoid	balanced	MALAT1_A549_NGG_0003	0.03	0.50215975	25	0
baseline_trapezoid	balanced	MALAT1_A549_NGG_0004	0.032222	0.4959288	26	0
baseline_trapezoid	balanced	MALAT1_A549_NGG_0005	0.105556	0.49357165	28	0
baseline_trapezoid	balanced	MALAT1_A549_NGG_0006	0.112222	0.3563958	58	0
baseline_trapezoid	balanced	MALAT1_A549_NGG_0007	0.127778	0.4177527	45	0
baseline_trapezoid	balanced	MALAT1_A549_NGG_0008	0.13	0.36815675	54	0
baseline_trapezoid	balanced	MALAT1_A549_NGG_0009	0.136667	0.36270205	57	0
baseline_trapezoid	balanced	MALAT1_A549_NGG_0010	0.138889	0.40228185	49	0
baseline_trapezoid	balanced	MALAT1_A549_NGG_0011	0.141111	0.3511799	60	0
baseline_trapezoid	balanced	MALAT1_A549_NGG_0012	0.154444	0.34568485	62	0
baseline_trapezoid	balanced	MALAT1_A549_NGG_0013	0.163333	0.35495495	59	0
baseline_trapezoid	balanced	MALAT1_A549_NGG_0014	0.165556	0.34981415	61	0
baseline_trapezoid	balanced	MALAT1_A549_NGG_0015	0.176667	0.5425133	14	0
baseline_trapezoid	balanced	MALAT1_A549_NGG_0016	0.254444	0.3989106	51	0
baseline_trapezoid	balanced	MALAT1_A549_NGG_0017	0.256667	0.42453355	43	0
baseline_trapezoid	balanced	MALAT1_A549_NGG_0018	0.276667	0.3647878	56	0
baseline_trapezoid	balanced	MALAT1_A549_NGG_0019	0.283333	0.36499795	55	0
baseline_trapezoid	balanced	MALAT1_A549_NGG_0020	0.31	0.24145625	82	0
baseline_trapezoid	balanced	MALAT1_A549_NGG_0021	0.361111	0.40027865	50	0
baseline_trapezoid	balanced	MALAT1_A549_NGG_0022	0.378889	0.4066366	47	0
baseline_trapezoid	balanced	MALAT1_A549_NGG_0023	0.381111	0.4096924	46	0
baseline_trapezoid	balanced	MALAT1_A549_NGG_0024	0.394444	0.42236185	44	0
baseline_trapezoid	balanced	MALAT1_A549_NGG_0025	0.432222	0.2339903	84	0
baseline_trapezoid	balanced	MALAT1_A549_NGG_0026	0.434444	0.24599185	80	0
baseline_trapezoid	balanced	MALAT1_A549_NGG_0027	0.436667	0.3182113	69	0
baseline_trapezoid	balanced	MALAT1_A549_NGG_0028	0.438889	0.38467635	52	0
baseline_trapezoid	balanced	MALAT1_A549_NGG_0029	0.461111	0.26859615	76	0
baseline_trapezoid	balanced	MALAT1_A549_NGG_0030	0.481111	0.4058699	48	0
baseline_trapezoid	balanced	MALAT1_A549_NGG_0031	0.541111	0.2503404	78	0
baseline_trapezoid	balanced	MALAT1_A549_NGG_0032	0.543333	0.23742345	83	0
baseline_trapezoid	balanced	MALAT1_A549_NGG_0033	0.583333	0.24679745	79	0
baseline_trapezoid	balanced	MALAT1_A549_NGG_0034	0.67	0.506446	23	0
baseline_trapezoid	balanced	MALAT1_A549_NGG_0035	0.783333	0.27296895	75	0
baseline_trapezoid	balanced	MALAT1_A549_NGG_0036	0.874444	0.3704176	53	0
baseline_trapezoid	balanced	MALAT1_A549_NGG_0037	0.898889	0.3257036	65	0
baseline_trapezoid	balanced	MALAT1_A549_NGG_0038	0.914444	0.3185221	68	0
baseline_trapezoid	balanced	MALAT1_A549_NGG_0039	0.921111	0.3395219	63	0
baseline_trapezoid	balanced	MALAT1_A549_NGG_0040	0.927778	0.55380145	13	0
baseline_trapezoid	balanced	MALAT1_A549_NGG_0041	0.936667	0.55703155	12	0
baseline_trapezoid	balanced	MALAT1_A549_NGG_0042	0.938889	0.5910386	6	0
baseline_trapezoid	balanced	MALAT1_A549_NGG_0043	0.945556	0.5633749	10	0
baseline_trapezoid	balanced	MALAT1_A549_NGG_0044	0.947778	0.51937445	20	0
baseline_trapezoid	balanced	MALAT1_A549_NGG_0045	0.967778	0.7174982	4	1
baseline_trapezoid	balanced	MALAT1_A549_NGG_0046	1.0	0.777656	1	1
baseline_trapezoid	balanced	MALAT1_A549_NGG_0047	1.0	0.75503125	2	1
baseline_trapezoid	balanced	MALAT1_A549_NGG_0048	1.0	0.7216415	3	1
baseline_trapezoid	balanced	MALAT1_A549_NGG_0049	1.0	0.580647	8	0
baseline_trapezoid	balanced	MALAT1_A549_NGG_0050	1.0	0.429983	42	0
baseline_trapezoid	balanced	MALAT1_A549_NGG_0051	1.0	0.52651175	16	0
baseline_trapezoid	balanced	MALAT1_A549_NGG_0052	1.0	0.5620245	11	0
baseline_trapezoid	balanced	MALAT1_A549_NGG_0053	1.0	0.5709515	9	0
baseline_trapezoid	balanced	MALAT1_A549_NGG_0054	1.0	0.5083495	22	0
baseline_trapezoid	balanced	MALAT1_A549_NGG_0055	1.0	0.52138675	19	0
baseline_trapezoid	balanced	MALAT1_A549_NGG_0056	1.0	0.503528	24	0
baseline_trapezoid	balanced	MALAT1_A549_NGG_0057	1.0	0.4905965	31	0
baseline_trapezoid	balanced	MALAT1_A549_NGG_0058	1.0	0.49561825	27	0
baseline_trapezoid	balanced	MALAT1_A549_NGG_0059	1.0	0.47928725	33	0
baseline_trapezoid	balanced	MALAT1_A549_NGG_0060	1.0	0.493482	29	0
baseline_trapezoid	balanced	MALAT1_A549_NGG_0061	1.0	0.48005825	32	0
baseline_trapezoid	balanced	MALAT1_A549_NGG_0062	1.0	0.32641625	64	0
baseline_trapezoid	balanced	MALAT1_A549_NGG_0063	1.0	0.3145935	71	0
baseline_trapezoid	balanced	MALAT1_A549_NGG_0064	1.0	0.31653175	70	0
baseline_trapezoid	balanced	MALAT1_A549_NGG_0065	1.0	0.31028375	72	0
baseline_trapezoid	balanced	MALAT1_A549_NGG_0066	1.0	0.320847	67	0
baseline_trapezoid	balanced	MALAT1_A549_NGG_0067	1.0	0.4930645	30	0
baseline_trapezoid	balanced	MALAT1_A549_NGG_0068	1.0	0.475881	34	0
baseline_trapezoid	balanced	MALAT1_A549_NGG_0069	1.0	0.453987	39	0
baseline_trapezoid	balanced	MALAT1_A549_NGG_0070	1.0	0.323739	66	0
baseline_trapezoid	balanced	MALAT1_A549_NGG_0071	1.0	0.58996275	7	1
baseline_trapezoid	balanced	MALAT1_A549_NGG_0072	1.0	0.47360825	35	0
baseline_trapezoid	balanced	MALAT1_A549_NGG_0073	0.9625	0.29871925	73	0
baseline_trapezoid	balanced	MALAT1_A549_NGG_0074	0.7975	0.5226125	17	0
baseline_trapezoid	balanced	MALAT1_A549_NGG_0075	0.7925	0.43413975	41	0
baseline_trapezoid	balanced	MALAT1_A549_NGG_0076	0.7875	0.623454	5	1
baseline_trapezoid	balanced	MALAT1_A549_NGG_0077	0.7825	0.47213375	36	0
baseline_trapezoid	balanced	MALAT1_A549_NGG_0078	0.7775	0.46054575	38	0
baseline_trapezoid	balanced	MALAT1_A549_NGG_0079	0.7225	0.52238825	18	0
baseline_trapezoid	balanced	MALAT1_A549_NGG_0080	0.6675	0.2682535	77	0
baseline_trapezoid	balanced	MALAT1_A549_NGG_0081	0.4725	0.24523125	81	0
baseline_trapezoid	balanced	MALAT1_A549_NGG_0082	0.3725	0.21834675	85	0
baseline_trapezoid	balanced	MALAT1_A549_NGG_0083	0.2225	0.28128725	74	0
baseline_trapezoid	balanced	MALAT1_A549_NGG_0084	0.1275	0.2181505	86	0
baseline_trapezoid	balanced	MALAT1_A549_NGG_0085	0.0625	0.46967375	37	0
baseline_trapezoid	balanced	MALAT1_A549_NGG_0086	0.0575	0.4497875	40	0
baseline_trapezoid	efficacy_focused	MALAT1_A549_NGG_0001	0.025556	0.38440435	42	0
baseline_trapezoid	efficacy_focused	MALAT1_A549_NGG_0002	0.027778	0.3624283	45	0
baseline_trapezoid	efficacy_focused	MALAT1_A549_NGG_0003	0.03	0.35440975	47	0
baseline_trapezoid	efficacy_focused	MALAT1_A549_NGG_0004	0.032222	0.34834545	52	0
baseline_trapezoid	efficacy_focused	MALAT1_A549_NGG_0005	0.105556	0.35148835	50	0
baseline_trapezoid	efficacy_focused	MALAT1_A549_NGG_0006	0.112222	0.26481245	72	0
baseline_trapezoid	efficacy_focused	MALAT1_A549_NGG_0007	0.127778	0.32733605	60	0
baseline_trapezoid	efficacy_focused	MALAT1_A549_NGG_0008	0.13	0.27790675	68	0
baseline_trapezoid	efficacy_focused	MALAT1_A549_NGG_0009	0.136667	0.27295208	69	0
baseline_trapezoid	efficacy_focused	MALAT1_A549_NGG_0010	0.138889	0.31269853	63	0
baseline_trapezoid	efficacy_focused	MALAT1_A549_NGG_0011	0.141111	0.26176323	74	0
baseline_trapezoid	efficacy_focused	MALAT1_A549_NGG_0012	0.154444	0.25726815	75	0
baseline_trapezoid	efficacy_focused	MALAT1_A549_NGG_0013	0.163333	0.26720492	71	0
baseline_trapezoid	efficacy_focused	MALAT1_A549_NGG_0014	0.165556	0.26223085	73	0
baseline_trapezoid	efficacy_focused	MALAT1_A549_NGG_0015	0.176667	0.45576332	34	0
baseline_trapezoid	efficacy_focused	MALAT1_A549_NGG_0016	0.254444	0.3179939	62	0
baseline_trapezoid	efficacy_focused	MALAT1_A549_NGG_0017	0.256667	0.34378358	53	0
baseline_trapezoid	efficacy_focused	MALAT1_A549_NGG_0018	0.276667	0.28553782	66	0
baseline_trapezoid	efficacy_focused	MALAT1_A549_NGG_0019	0.283333	0.28624793	65	0
baseline_trapezoid	efficacy_focused	MALAT1_A549_NGG_0020	0.31	0.21470625	84	0
baseline_trapezoid	efficacy_focused	MALAT1_A549_NGG_0021	0.361111	0.32736198	59	0
baseline_trapezoid	efficacy_focused	MALAT1_A549_NGG_0022	0.378889	0.33505327	58	0
baseline_trapezoid	efficacy_focused	MALAT1_A549_NGG_0023	0.381111	0.33827572	56	0
baseline_trapezoid	efficacy_focused	MALAT1_A549_NGG_0024	0.394444	0.35194515	49	0
baseline_trapezoid	efficacy_focused	MALAT1_A549_NGG_0025	0.432222	0.21640695	83	0
baseline_trapezoid	efficacy_focused	MALAT1_A549_NGG_0026	0.434444	0.22857515	81	0
baseline_trapezoid	efficacy_focused	MALAT1_A549_NGG_0027	0.436667	0.30096133	64	0
baseline_trapezoid	efficacy_focused	MALAT1_A549_NGG_0028	0.438889	0.36759303	44	0
baseline_trapezoid	efficacy_focused	MALAT1_A549_NGG_0029	0.461111	0.25317947	76	0
baseline_trapezoid	efficacy_focused	MALAT1_A549_NGG_0030	0.481111	0.34195323	55	0
baseline_trapezoid	efficacy_focused	MALAT1_A549_NGG_0031	0.541111	0.24092373	78	0
baseline_trapezoid	efficacy_focused	MALAT1_A549_NGG_0032	0.543333	0.22817343	82	0
baseline_trapezoid	efficacy_focused	MALAT1_A549_NGG_0033	0.583333	0.24054742	79	0
baseline_trapezoid	efficacy_focused	MALAT1_A549_NGG_0034	0.67	0.456696	33	0
baseline_trapezoid	efficacy_focused	MALAT1_A549_NGG_0035	0.783333	0.28171893	67	0
baseline_trapezoid	efficacy_focused	MALAT1_A549_NGG_0036	0.874444	0.3860009	41	0
baseline_trapezoid	efficacy_focused	MALAT1_A549_NGG_0037	0.898889	0.34312028	54	0
baseline_trapezoid	efficacy_focused	MALAT1_A549_NGG_0038	0.914444	0.3371054	57	0
baseline_trapezoid	efficacy_focused	MALAT1_A549_NGG_0039	0.921111	0.35860523	46	0
baseline_trapezoid	efficacy_focused	MALAT1_A549_NGG_0040	0.927778	0.5233848	23	0
baseline_trapezoid	efficacy_focused	MALAT1_A549_NGG_0041	0.936667	0.52728158	22	0
baseline_trapezoid	efficacy_focused	MALAT1_A549_NGG_0042	0.938889	0.56145527	20	0
baseline_trapezoid	efficacy_focused	MALAT1_A549_NGG_0043	0.945556	0.5342916	21	0
baseline_trapezoid	efficacy_focused	MALAT1_A549_NGG_0044	0.947778	0.4904578	24	0
baseline_trapezoid	efficacy_focused	MALAT1_A549_NGG_0045	0.967778	0.76508155	4	1
baseline_trapezoid	efficacy_focused	MALAT1_A549_NGG_0046	1.0	0.827656	1	1
baseline_trapezoid	efficacy_focused	MALAT1_A549_NGG_0047	1.0	0.80503125	2	1
baseline_trapezoid	efficacy_focused	MALAT1_A549_NGG_0048	1.0	0.7716415	3	1
baseline_trapezoid	efficacy_focused	MALAT1_A549_NGG_0049	1.0	0.680647	5	0
baseline_trapezoid	efficacy_focused	MALAT1_A549_NGG_0050	1.0	0.579983	17	0
baseline_trapezoid	efficacy_focused	MALAT1_A549_NGG_0051	1.0	0.62651175	8	0
baseline_trapezoid	efficacy_focused	MALAT1_A549_NGG_0052	1.0	0.6620245	7	0
baseline_trapezoid	efficacy_focused	MALAT1_A549_NGG_0053	1.0	0.6709515	6	0
baseline_trapezoid	efficacy_focused	MALAT1_A549_NGG_0054	1.0	0.6083495	10	0
baseline_trapezoid	efficacy_focused	MALAT1_A549_NGG_0055	1.0	0.62138675	9	0
baseline_trapezoid	efficacy_focused	MALAT1_A549_NGG_0056	1.0	0.603528	11	0
baseline_trapezoid	efficacy_focused	MALAT1_A549_NGG_0057	1.0	0.5905965	14	0
baseline_trapezoid	efficacy_focused	MALAT1_A549_NGG_0058	1.0	0.59561825	12	0
baseline_trapezoid	efficacy_focused	MALAT1_A549_NGG_0059	1.0	0.57928725	18	0
baseline_trapezoid	efficacy_focused	MALAT1_A549_NGG_0060	1.0	0.593482	13	0
baseline_trapezoid	efficacy_focused	MALAT1_A549_NGG_0061	1.0	0.58005825	16	0
baseline_trapezoid	efficacy_focused	MALAT1_A549_NGG_0062	1.0	0.47641625	27	0
baseline_trapezoid	efficacy_focused	MALAT1_A549_NGG_0063	1.0	0.4645935	31	0
baseline_trapezoid	efficacy_focused	MALAT1_A549_NGG_0064	1.0	0.46653175	30	0
baseline_trapezoid	efficacy_focused	MALAT1_A549_NGG_0065	1.0	0.46028375	32	0
baseline_trapezoid	efficacy_focused	MALAT1_A549_NGG_0066	1.0	0.470847	28	0
baseline_trapezoid	efficacy_focused	MALAT1_A549_NGG_0067	1.0	0.4680645	29	0
baseline_trapezoid	efficacy_focused	MALAT1_A549_NGG_0068	1.0	0.450881	35	0
baseline_trapezoid	efficacy_focused	MALAT1_A549_NGG_0069	1.0	0.428987	38	0
baseline_trapezoid	efficacy_focused	MALAT1_A549_NGG_0070	1.0	0.348739	51	0
baseline_trapezoid	efficacy_focused	MALAT1_A549_NGG_0071	1.0	0.56496275	19	1
baseline_trapezoid	efficacy_focused	MALAT1_A549_NGG_0072	1.0	0.44860825	36	0
baseline_trapezoid	efficacy_focused	MALAT1_A549_NGG_0073	0.9625	0.32090675	61	0
baseline_trapezoid	efficacy_focused	MALAT1_A549_NGG_0074	0.7975	0.482425	25	0
baseline_trapezoid	efficacy_focused	MALAT1_A549_NGG_0075	0.7925	0.39357725	40	0
baseline_trapezoid	efficacy_focused	MALAT1_A549_NGG_0076	0.7875	0.5825165	15	1
baseline_trapezoid	efficacy_focused	MALAT1_A549_NGG_0077	0.7825	0.43082125	37	0
baseline_trapezoid	efficacy_focused	MALAT1_A549_NGG_0078	0.7775	0.41885825	39	0
baseline_trapezoid	efficacy_focused	MALAT1_A549_NGG_0079	0.7225	0.47657575	26	0
baseline_trapezoid	efficacy_focused	MALAT1_A549_NGG_0080	0.6675	0.268316	70	0
baseline_trapezoid	efficacy_focused	MALAT1_A549_NGG_0081	0.4725	0.23066875	80	0
baseline_trapezoid	efficacy_focused	MALAT1_A549_NGG_0082	0.3725	0.19628425	85	0
baseline_trapezoid	efficacy_focused	MALAT1_A549_NGG_0083	0.2225	0.24797475	77	0
baseline_trapezoid	efficacy_focused	MALAT1_A549_NGG_0084	0.1275	0.177713	86	0
baseline_trapezoid	efficacy_focused	MALAT1_A549_NGG_0085	0.0625	0.37436125	43	0
baseline_trapezoid	efficacy_focused	MALAT1_A549_NGG_0086	0.0575	0.3541	48	0
baseline_trapezoid	safety_focused	MALAT1_A549_NGG_0001	0.025556	0.5969407	8	0
baseline_trapezoid	safety_focused	MALAT1_A549_NGG_0002	0.027778	0.5701917	10	0
baseline_trapezoid	safety_focused	MALAT1_A549_NGG_0003	0.03	0.5601917	12	0
baseline_trapezoid	safety_focused	MALAT1_A549_NGG_0004	0.032222	0.5525368	15	0
baseline_trapezoid	safety_focused	MALAT1_A549_NGG_0005	0.105556	0.5438415	16	0
baseline_trapezoid	safety_focused	MALAT1_A549_NGG_0006	0.112222	0.3836972	54	0
baseline_trapezoid	safety_focused	MALAT1_A549_NGG_0007	0.127778	0.456081	28	0
baseline_trapezoid	safety_focused	MALAT1_A549_NGG_0008	0.13	0.3963881	50	0
baseline_trapezoid	safety_focused	MALAT1_A549_NGG_0009	0.136667	0.3893091	51	0
baseline_trapezoid	safety_focused	MALAT1_A549_NGG_0010	0.138889	0.4366271	35	0
baseline_trapezoid	safety_focused	MALAT1_A549_NGG_0011	0.141111	0.375127	58	0
baseline_trapezoid	safety_focused	MALAT1_A549_NGG_0012	0.154444	0.3674663	61	0
baseline_trapezoid	safety_focused	MALAT1_A549_NGG_0013	0.163333	0.3778793	57	0
baseline_trapezoid	safety_focused	MALAT1_A549_NGG_0014	0.165556	0.3715325	59	0
baseline_trapezoid	safety_focused	MALAT1_A549_NGG_0015	0.176667	0.6018826	6	0
baseline_trapezoid	safety_focused	MALAT1_A549_NGG_0016	0.254444	0.4233372	39	0
baseline_trapezoid	safety_focused	MALAT1_A549_NGG_0017	0.256667	0.4539069	31	0
baseline_trapezoid	safety_focused	MALAT1_A549_NGG_0018	0.276667	0.380612	55	0
baseline_trapezoid	safety_focused	MALAT1_A549_NGG_0019	0.283333	0.3803309	56	0
baseline_trapezoid	safety_focused	MALAT1_A549_NGG_0020	0.31	0.2599475	72	0
baseline_trapezoid	safety_focused	MALAT1_A549_NGG_0021	0.361111	0.4164455	44	0
baseline_trapezoid	safety_focused	MALAT1_A549_NGG_0022	0.378889	0.4226528	40	0
baseline_trapezoid	safety_focused	MALAT1_A549_NGG_0023	0.381111	0.426142	38	0
baseline_trapezoid	safety_focused	MALAT1_A549_NGG_0024	0.394444	0.4402787	34	0
baseline_trapezoid	safety_focused	MALAT1_A549_NGG_0025	0.432222	0.2412106	79	0
baseline_trapezoid	safety_focused	MALAT1_A549_NGG_0026	0.434444	0.2554347	74	0
baseline_trapezoid	safety_focused	MALAT1_A549_NGG_0027	0.436667	0.3419202	63	0
baseline_trapezoid	safety_focused	MALAT1_A549_NGG_0028	0.438889	0.4215005	42	0
baseline_trapezoid	safety_focused	MALAT1_A549_NGG_0029	0.461111	0.2804265	69	0
baseline_trapezoid	safety_focused	MALAT1_A549_NGG_0030	0.481111	0.413555	46	0
baseline_trapezoid	safety_focused	MALAT1_A549_NGG_0031	0.541111	0.2521196	75	0
baseline_trapezoid	safety_focused	MALAT1_A549_NGG_0032	0.543333	0.2364415	80	0
baseline_trapezoid	safety_focused	MALAT1_A549_NGG_0033	0.583333	0.2444903	78	0
baseline_trapezoid	safety_focused	MALAT1_A549_NGG_0034	0.67	0.5191352	21	0
baseline_trapezoid	safety_focused	MALAT1_A549_NGG_0035	0.783333	0.2598961	73	0
baseline_trapezoid	safety_focused	MALAT1_A549_NGG_0036	0.874444	0.3695456	60	0
baseline_trapezoid	safety_focused	MALAT1_A549_NGG_0037	0.898889	0.3139332	66	0
baseline_trapezoid	safety_focused	MALAT1_A549_NGG_0038	0.914444	0.304071	67	0
baseline_trapezoid	safety_focused	MALAT1_A549_NGG_0039	0.921111	0.3287374	64	0
baseline_trapezoid	safety_focused	MALAT1_A549_NGG_0040	0.927778	0.5553395	14	0
baseline_trapezoid	safety_focused	MALAT1_A549_NGG_0041	0.936667	0.5585045	13	0
baseline_trapezoid	safety_focused	MALAT1_A549_NGG_0042	0.938889	0.5991352	7	0
baseline_trapezoid	safety_focused	MALAT1_A549_NGG_0043	0.945556	0.5654054	11	0
baseline_trapezoid	safety_focused	MALAT1_A549_NGG_0044	0.947778	0.5124271	22	0
baseline_trapezoid	safety_focused	MALAT1_A549_NGG_0045	0.967778	0.6685756	4	1
baseline_trapezoid	safety_focused	MALAT1_A549_NGG_0046	1.0	0.7381872	1	1
baseline_trapezoid	safety_focused	MALAT1_A549_NGG_0047	1.0	0.7110375	2	1
baseline_trapezoid	safety_focused	MALAT1_A549_NGG_0048	1.0	0.6709698	3	1
baseline_trapezoid	safety_focused	MALAT1_A549_NGG_0049	1.0	0.5317764	18	0
baseline_trapezoid	safety_focused	MALAT1_A549_NGG_0050	1.0	0.3559796	62	0
baseline_trapezoid	safety_focused	MALAT1_A549_NGG_0051	1.0	0.4418141	33	0
baseline_trapezoid	safety_focused	MALAT1_A549_NGG_0052	1.0	0.4844294	25	0
baseline_trapezoid	safety_focused	MALAT1_A549_NGG_0053	1.0	0.4951418	24	0
baseline_trapezoid	safety_focused	MALAT1_A549_NGG_0054	1.0	0.4200194	43	0
baseline_trapezoid	safety_focused	MALAT1_A549_NGG_0055	1.0	0.4356641	36	0
baseline_trapezoid	safety_focused	MALAT1_A549_NGG_0056	1.0	0.4142336	45	0
baseline_trapezoid	safety_focused	MALAT1_A549_NGG_0057	1.0	0.3987158	49	0
baseline_trapezoid	safety_focused	MALAT1_A549_NGG_0058	1.0	0.4047419	47	0
baseline_trapezoid	safety_focused	MALAT1_A549_NGG_0059	1.0	0.3851447	53	0
baseline_trapezoid	safety_focused	MALAT1_A549_NGG_0060	1.0	0.4021784	48	0
baseline_trapezoid	safety_focused	MALAT1_A549_NGG_0061	1.0	0.3860699	52	0
baseline_trapezoid	safety_focused	MALAT1_A549_NGG_0062	1.0	0.2316995	81	0
baseline_trapezoid	safety_focused	MALAT1_A549_NGG_0063	1.0	0.2175122	85	0
baseline_trapezoid	safety_focused	MALAT1_A549_NGG_0064	1.0	0.2198381	84	0
baseline_trapezoid	safety_focused	MALAT1_A549_NGG_0065	1.0	0.2123405	86	0
baseline_trapezoid	safety_focused	MALAT1_A549_NGG_0066	1.0	0.2250164	83	0
baseline_trapezoid	safety_focused	MALAT1_A549_NGG_0067	1.0	0.4766774	26	0
baseline_trapezoid	safety_focused	MALAT1_A549_NGG_0068	1.0	0.4560572	29	0
baseline_trapezoid	safety_focused	MALAT1_A549_NGG_0069	1.0	0.4297844	37	0
baseline_trapezoid	safety_focused	MALAT1_A549_NGG_0070	1.0	0.3034868	68	0
baseline_trapezoid	safety_focused	MALAT1_A549_NGG_0071	1.0	0.5929553	9	1
baseline_trapezoid	safety_focused	MALAT1_A549_NGG_0072	1.0	0.4533299	32	0
baseline_trapezoid	safety_focused	MALAT1_A549_NGG_0073	0.9625	0.2764631	70	0
baseline_trapezoid	safety_focused	MALAT1_A549_NGG_0074	0.7975	0.528335	19	0
baseline_trapezoid	safety_focused	MALAT1_A549_NGG_0075	0.7925	0.4225677	41	0
baseline_trapezoid	safety_focused	MALAT1_A549_NGG_0076	0.7875	0.6501448	5	1
baseline_trapezoid	safety_focused	MALAT1_A549_NGG_0077	0.7825	0.4689605	27	0
baseline_trapezoid	safety_focused	MALAT1_A549_NGG_0078	0.7775	0.4554549	30	0
baseline_trapezoid	safety_focused	MALAT1_A549_NGG_0079	0.7225	0.5340659	17	0
baseline_trapezoid	safety_focused	MALAT1_A549_NGG_0080	0.6675	0.2635042	71	0
baseline_trapezoid	safety_focused	MALAT1_A549_NGG_0081	0.4725	0.2514775	76	0
baseline_trapezoid	safety_focused	MALAT1_A549_NGG_0082	0.3725	0.2272161	82	0
baseline_trapezoid	safety_focused	MALAT1_A549_NGG_0083	0.2225	0.3147447	65	0
baseline_trapezoid	safety_focused	MALAT1_A549_NGG_0084	0.1275	0.2465806	77	0
baseline_trapezoid	safety_focused	MALAT1_A549_NGG_0085	0.0625	0.5236085	20	0
baseline_trapezoid	safety_focused	MALAT1_A549_NGG_0086	0.0575	0.500145	23	0
narrow_trapezoid	balanced	MALAT1_A549_NGG_0001	0.0	0.52865425	14	0
narrow_trapezoid	balanced	MALAT1_A549_NGG_0002	0.0	0.50617825	19	0
narrow_trapezoid	balanced	MALAT1_A549_NGG_0003	0.0	0.49765975	22	0
narrow_trapezoid	balanced	MALAT1_A549_NGG_0004	0.0	0.4910955	25	0
narrow_trapezoid	balanced	MALAT1_A549_NGG_0005	0.0	0.47773825	30	0
narrow_trapezoid	balanced	MALAT1_A549_NGG_0006	0.0	0.3395625	55	0
narrow_trapezoid	balanced	MALAT1_A549_NGG_0007	0.0	0.398586	40	0
narrow_trapezoid	balanced	MALAT1_A549_NGG_0008	0.0	0.34865675	50	0
narrow_trapezoid	balanced	MALAT1_A549_NGG_0009	0.0	0.342202	54	0
narrow_trapezoid	balanced	MALAT1_A549_NGG_0010	0.0	0.3814485	44	0
narrow_trapezoid	balanced	MALAT1_A549_NGG_0011	0.0	0.33001325	57	0
narrow_trapezoid	balanced	MALAT1_A549_NGG_0012	0.0	0.32251825	61	0
narrow_trapezoid	balanced	MALAT1_A549_NGG_0013	0.0	0.330455	56	0
narrow_trapezoid	balanced	MALAT1_A549_NGG_0014	0.0	0.32498075	59	0
narrow_trapezoid	balanced	MALAT1_A549_NGG_0015	0.0	0.51601325	17	0
narrow_trapezoid	balanced	MALAT1_A549_NGG_0016	0.0	0.360744	46	0
narrow_trapezoid	balanced	MALAT1_A549_NGG_0017	0.0	0.3860335	42	0
narrow_trapezoid	balanced	MALAT1_A549_NGG_0018	0.0	0.32328775	60	0
narrow_trapezoid	balanced	MALAT1_A549_NGG_0019	0.0	0.322498	62	0
narrow_trapezoid	balanced	MALAT1_A549_NGG_0020	0.0	0.19495625	78	0
narrow_trapezoid	balanced	MALAT1_A549_NGG_0021	0.0	0.346112	51	0
narrow_trapezoid	balanced	MALAT1_A549_NGG_0022	0.0	0.34980325	49	0
narrow_trapezoid	balanced	MALAT1_A549_NGG_0023	0.0	0.35252575	48	0
narrow_trapezoid	balanced	MALAT1_A549_NGG_0024	0.0	0.36319525	45	0
narrow_trapezoid	balanced	MALAT1_A549_NGG_0025	0.0	0.169157	85	0
narrow_trapezoid	balanced	MALAT1_A549_NGG_0026	0.0	0.18082525	82	0
narrow_trapezoid	balanced	MALAT1_A549_NGG_0027	0.0	0.25271125	72	0
narrow_trapezoid	balanced	MALAT1_A549_NGG_0028	0.0	0.318843	64	0
narrow_trapezoid	balanced	MALAT1_A549_NGG_0029	0.02727273	0.20352041	76	0
narrow_trapezoid	balanced	MALAT1_A549_NGG_0030	0.06	0.34270325	53	0
narrow_trapezoid	balanced	MALAT1_A549_NGG_0031	0.15818182	0.19290102	81	0
narrow_trapezoid	balanced	MALAT1_A549_NGG_0032	0.16181818	0.18019623	83	0
narrow_trapezoid	balanced	MALAT1_A549_NGG_0033	0.22727273	0.19338841	79	0
narrow_trapezoid	balanced	MALAT1_A549_NGG_0034	0.36909091	0.46130964	32	0
narrow_trapezoid	balanced	MALAT1_A549_NGG_0035	0.55454545	0.23865082	74	0
narrow_trapezoid	balanced	MALAT1_A549_NGG_0036	0.70363636	0.34479645	52	0
narrow_trapezoid	balanced	MALAT1_A549_NGG_0037	0.74363636	0.3024157	69	0
narrow_trapezoid	balanced	MALAT1_A549_NGG_0038	0.76909091	0.29671914	70	0
narrow_trapezoid	balanced	MALAT1_A549_NGG_0039	0.78	0.31835525	65	0
narrow_trapezoid	balanced	MALAT1_A549_NGG_0040	0.79090909	0.53327111	13	0
narrow_trapezoid	balanced	MALAT1_A549_NGG_0041	0.80545455	0.53734968	12	0
narrow_trapezoid	balanced	MALAT1_A549_NGG_0042	0.80909091	0.57156889	6	0
narrow_trapezoid	balanced	MALAT1_A549_NGG_0043	0.82	0.5445415	11	0
narrow_trapezoid	balanced	MALAT1_A549_NGG_0044	0.82363636	0.5007532	21	0
narrow_trapezoid	balanced	MALAT1_A549_NGG_0045	0.85636364	0.70078605	4	1
narrow_trapezoid	balanced	MALAT1_A549_NGG_0046	0.93636364	0.76811055	1	1
narrow_trapezoid	balanced	MALAT1_A549_NGG_0047	1.0	0.75503125	2	1
narrow_trapezoid	balanced	MALAT1_A549_NGG_0048	1.0	0.7216415	3	1
narrow_trapezoid	balanced	MALAT1_A549_NGG_0049	1.0	0.580647	5	0
narrow_trapezoid	balanced	MALAT1_A549_NGG_0050	1.0	0.429983	38	0
narrow_trapezoid	balanced	MALAT1_A549_NGG_0051	1.0	0.52651175	15	0
narrow_trapezoid	balanced	MALAT1_A549_NGG_0052	1.0	0.5620245	8	0
narrow_trapezoid	balanced	MALAT1_A549_NGG_0053	1.0	0.5709515	7	0
narrow_trapezoid	balanced	MALAT1_A549_NGG_0054	1.0	0.5083495	18	0
narrow_trapezoid	balanced	MALAT1_A549_NGG_0055	1.0	0.52138675	16	0
narrow_trapezoid	balanced	MALAT1_A549_NGG_0056	1.0	0.503528	20	0
narrow_trapezoid	balanced	MALAT1_A549_NGG_0057	1.0	0.4905965	26	0
narrow_trapezoid	balanced	MALAT1_A549_NGG_0058	1.0	0.49561825	23	0
narrow_trapezoid	balanced	MALAT1_A549_NGG_0059	1.0	0.47928725	29	0
narrow_trapezoid	balanced	MALAT1_A549_NGG_0060	1.0	0.493482	24	0
narrow_trapezoid	balanced	MALAT1_A549_NGG_0061	1.0	0.48005825	28	0
narrow_trapezoid	balanced	MALAT1_A549_NGG_0062	1.0	0.32641625	58	0
narrow_trapezoid	balanced	MALAT1_A549_NGG_0063	1.0	0.3145935	67	0
narrow_trapezoid	balanced	MALAT1_A549_NGG_0064	1.0	0.31653175	66	0
narrow_trapezoid	balanced	MALAT1_A549_NGG_0065	1.0	0.31028375	68	0
narrow_trapezoid	balanced	MALAT1_A549_NGG_0066	1.0	0.320847	63	0
narrow_trapezoid	balanced	MALAT1_A549_NGG_0067	0.9425	0.4844395	27	0
narrow_trapezoid	balanced	MALAT1_A549_NGG_0068	0.9225	0.464256	31	0
narrow_trapezoid	balanced	MALAT1_A549_NGG_0069	0.8575	0.432612	37	0
narrow_trapezoid	balanced	MALAT1_A549_NGG_0070	0.7725	0.289614	71	0
narrow_trapezoid	balanced	MALAT1_A549_NGG_0071	0.7575	0.55358775	9	1
narrow_trapezoid	balanced	MALAT1_A549_NGG_0072	0.6475	0.42073325	39	0
narrow_trapezoid	balanced	MALAT1_A549_NGG_0073	0.4625	0.22371925	75	0
narrow_trapezoid	balanced	MALAT1_A549_NGG_0074	0.2975	0.4476125	34	0
narrow_trapezoid	balanced	MALAT1_A549_NGG_0075	0.2925	0.35913975	47	0
narrow_trapezoid	balanced	MALAT1_A549_NGG_0076	0.2875	0.548454	10	1
narrow_trapezoid	balanced	MALAT1_A549_NGG_0077	0.2825	0.39713375	41	0
narrow_trapezoid	balanced	MALAT1_A549_NGG_0078	0.2775	0.38554575	43	0
narrow_trapezoid	balanced	MALAT1_A549_NGG_0079	0.2225	0.44738825	35	0
narrow_trapezoid	balanced	MALAT1_A549_NGG_0080	0.1675	0.1932535	80	0
narrow_trapezoid	balanced	MALAT1_A549_NGG_0081	0.0	0.17435625	84	0
narrow_trapezoid	balanced	MALAT1_A549_NGG_0082	0.0	0.16247175	86	0
narrow_trapezoid	balanced	MALAT1_A549_NGG_0083	0.0	0.24791225	73	0
narrow_trapezoid	balanced	MALAT1_A549_NGG_0084	0.0	0.1990255	77	0
narrow_trapezoid	balanced	MALAT1_A549_NGG_0085	0.0	0.46029875	33	0
narrow_trapezoid	balanced	MALAT1_A549_NGG_0086	0.0	0.4411625	36	0
narrow_trapezoid	efficacy_focused	MALAT1_A549_NGG_0001	0.0	0.37865425	35	0
narrow_trapezoid	efficacy_focused	MALAT1_A549_NGG_0002	0.0	0.35617825	40	0
narrow_trapezoid	efficacy_focused	MALAT1_A549_NGG_0003	0.0	0.34765975	41	0
narrow_trapezoid	efficacy_focused	MALAT1_A549_NGG_0004	0.0	0.3410955	44	0
narrow_trapezoid	efficacy_focused	MALAT1_A549_NGG_0005	0.0	0.32773825	45	0
narrow_trapezoid	efficacy_focused	MALAT1_A549_NGG_0006	0.0	0.2395625	65	0
narrow_trapezoid	efficacy_focused	MALAT1_A549_NGG_0007	0.0	0.298586	51	0
narrow_trapezoid	efficacy_focused	MALAT1_A549_NGG_0008	0.0	0.24865675	61	0
narrow_trapezoid	efficacy_focused	MALAT1_A549_NGG_0009	0.0	0.242202	64	0
narrow_trapezoid	efficacy_focused	MALAT1_A549_NGG_0010	0.0	0.2814485	54	0
narrow_trapezoid	efficacy_focused	MALAT1_A549_NGG_0011	0.0	0.23001325	68	0
narrow_trapezoid	efficacy_focused	MALAT1_A549_NGG_0012	0.0	0.22251825	71	0
narrow_trapezoid	efficacy_focused	MALAT1_A549_NGG_0013	0.0	0.230455	66	0
narrow_trapezoid	efficacy_focused	MALAT1_A549_NGG_0014	0.0	0.22498075	69	0
narrow_trapezoid	efficacy_focused	MALAT1_A549_NGG_0015	0.0	0.41601325	32	0
narrow_trapezoid	efficacy_focused	MALAT1_A549_NGG_0016	0.0	0.260744	58	0
narrow_trapezoid	efficacy_focused	MALAT1_A549_NGG_0017	0.0	0.2860335	53	0
narrow_trapezoid	efficacy_focused	MALAT1_A549_NGG_0018	0.0	0.22328775	70	0
narrow_trapezoid	efficacy_focused	MALAT1_A549_NGG_0019	0.0	0.222498	72	0
narrow_trapezoid	efficacy_focused	MALAT1_A549_NGG_0020	0.0	0.14495625	81	0
narrow_trapezoid	efficacy_focused	MALAT1_A549_NGG_0021	0.0	0.246112	63	0
narrow_trapezoid	efficacy_focused	MALAT1_A549_NGG_0022	0.0	0.24980325	60	0
narrow_trapezoid	efficacy_focused	MALAT1_A549_NGG_0023	0.0	0.25252575	59	0
narrow_trapezoid	efficacy_focused	MALAT1_A549_NGG_0024	0.0	0.26319525	57	0
narrow_trapezoid	efficacy_focused	MALAT1_A549_NGG_0025	0.0	0.119157	85	0
narrow_trapezoid	efficacy_focused	MALAT1_A549_NGG_0026	0.0	0.13082525	83	0
narrow_trapezoid	efficacy_focused	MALAT1_A549_NGG_0027	0.0	0.20271125	74	0
narrow_trapezoid	efficacy_focused	MALAT1_A549_NGG_0028	0.0	0.268843	56	0
narrow_trapezoid	efficacy_focused	MALAT1_A549_NGG_0029	0.02727273	0.15556586	78	0
narrow_trapezoid	efficacy_focused	MALAT1_A549_NGG_0030	0.06	0.24720325	62	0
narrow_trapezoid	efficacy_focused	MALAT1_A549_NGG_0031	0.15818182	0.15476466	79	0
narrow_trapezoid	efficacy_focused	MALAT1_A549_NGG_0032	0.16181818	0.14233259	82	0
narrow_trapezoid	efficacy_focused	MALAT1_A549_NGG_0033	0.22727273	0.16043386	76	0
narrow_trapezoid	efficacy_focused	MALAT1_A549_NGG_0034	0.36909091	0.38899145	34	0
narrow_trapezoid	efficacy_focused	MALAT1_A549_NGG_0035	0.55454545	0.23024173	67	0
narrow_trapezoid	efficacy_focused	MALAT1_A549_NGG_0036	0.70363636	0.34756918	42	0
narrow_trapezoid	efficacy_focused	MALAT1_A549_NGG_0037	0.74363636	0.30818843	48	0
narrow_trapezoid	efficacy_focused	MALAT1_A549_NGG_0038	0.76909091	0.30440095	50	0
narrow_trapezoid	efficacy_focused	MALAT1_A549_NGG_0039	0.78	0.32685525	46	0
narrow_trapezoid	efficacy_focused	MALAT1_A549_NGG_0040	0.79090909	0.4925893	22	0
narrow_trapezoid	efficacy_focused	MALAT1_A549_NGG_0041	0.80545455	0.49775877	21	0
narrow_trapezoid	efficacy_focused	MALAT1_A549_NGG_0042	0.80909091	0.5322507	18	0
narrow_trapezoid	efficacy_focused	MALAT1_A549_NGG_0043	0.82	0.5060415	20	0
narrow_trapezoid	efficacy_focused	MALAT1_A549_NGG_0044	0.82363636	0.46252593	28	0
narrow_trapezoid	efficacy_focused	MALAT1_A549_NGG_0045	0.85636364	0.74001332	4	1
narrow_trapezoid	efficacy_focused	MALAT1_A549_NGG_0046	0.93636364	0.81333782	1	1
narrow_trapezoid	efficacy_focused	MALAT1_A549_NGG_0047	1.0	0.80503125	2	1
narrow_trapezoid	efficacy_focused	MALAT1_A549_NGG_0048	1.0	0.7716415	3	1
narrow_trapezoid	efficacy_focused	MALAT1_A549_NGG_0049	1.0	0.680647	5	0
narrow_trapezoid	efficacy_focused	MALAT1_A549_NGG_0050	1.0	0.579983	16	0
narrow_trapezoid	efficacy_focused	MALAT1_A549_NGG_0051	1.0	0.62651175	8	0
narrow_trapezoid	efficacy_focused	MALAT1_A549_NGG_0052	1.0	0.6620245	7	0
narrow_trapezoid	efficacy_focused	MALAT1_A549_NGG_0053	1.0	0.6709515	6	0
narrow_trapezoid	efficacy_focused	MALAT1_A549_NGG_0054	1.0	0.6083495	10	0
narrow_trapezoid	efficacy_focused	MALAT1_A549_NGG_0055	1.0	0.62138675	9	0
narrow_trapezoid	efficacy_focused	MALAT1_A549_NGG_0056	1.0	0.603528	11	0
narrow_trapezoid	efficacy_focused	MALAT1_A549_NGG_0057	1.0	0.5905965	14	0
narrow_trapezoid	efficacy_focused	MALAT1_A549_NGG_0058	1.0	0.59561825	12	0
narrow_trapezoid	efficacy_focused	MALAT1_A549_NGG_0059	1.0	0.57928725	17	0
narrow_trapezoid	efficacy_focused	MALAT1_A549_NGG_0060	1.0	0.593482	13	0
narrow_trapezoid	efficacy_focused	MALAT1_A549_NGG_0061	1.0	0.58005825	15	0
narrow_trapezoid	efficacy_focused	MALAT1_A549_NGG_0062	1.0	0.47641625	23	0
narrow_trapezoid	efficacy_focused	MALAT1_A549_NGG_0063	1.0	0.4645935	27	0
narrow_trapezoid	efficacy_focused	MALAT1_A549_NGG_0064	1.0	0.46653175	26	0
narrow_trapezoid	efficacy_focused	MALAT1_A549_NGG_0065	1.0	0.46028375	29	0
narrow_trapezoid	efficacy_focused	MALAT1_A549_NGG_0066	1.0	0.470847	24	0
narrow_trapezoid	efficacy_focused	MALAT1_A549_NGG_0067	0.9425	0.455127	30	0
narrow_trapezoid	efficacy_focused	MALAT1_A549_NGG_0068	0.9225	0.4334435	31	0
narrow_trapezoid	efficacy_focused	MALAT1_A549_NGG_0069	0.8575	0.3969245	33	0
narrow_trapezoid	efficacy_focused	MALAT1_A549_NGG_0070	0.7725	0.2975515	52	0
narrow_trapezoid	efficacy_focused	MALAT1_A549_NGG_0071	0.7575	0.51040025	19	1
narrow_trapezoid	efficacy_focused	MALAT1_A549_NGG_0072	0.6475	0.36929575	37	0
narrow_trapezoid	efficacy_focused	MALAT1_A549_NGG_0073	0.4625	0.20840675	73	0
narrow_trapezoid	efficacy_focused	MALAT1_A549_NGG_0074	0.2975	0.369925	36	0
narrow_trapezoid	efficacy_focused	MALAT1_A549_NGG_0075	0.2925	0.28107725	55	0
narrow_trapezoid	efficacy_focused	MALAT1_A549_NGG_0076	0.2875	0.4700165	25	1
narrow_trapezoid	efficacy_focused	MALAT1_A549_NGG_0077	0.2825	0.31832125	47	0
narrow_trapezoid	efficacy_focused	MALAT1_A549_NGG_0078	0.2775	0.30635825	49	0
narrow_trapezoid	efficacy_focused	MALAT1_A549_NGG_0079	0.2225	0.36407575	38	0
narrow_trapezoid	efficacy_focused	MALAT1_A549_NGG_0080	0.1675	0.155816	77	0
narrow_trapezoid	efficacy_focused	MALAT1_A549_NGG_0081	0.0	0.12435625	84	0
narrow_trapezoid	efficacy_focused	MALAT1_A549_NGG_0082	0.0	0.11247175	86	0
narrow_trapezoid	efficacy_focused	MALAT1_A549_NGG_0083	0.0	0.19791225	75	0
narrow_trapezoid	efficacy_focused	MALAT1_A549_NGG_0084	0.0	0.1490255	80	0
narrow_trapezoid	efficacy_focused	MALAT1_A549_NGG_0085	0.0	0.36029875	39	0
narrow_trapezoid	efficacy_focused	MALAT1_A549_NGG_0086	0.0	0.3411625	43	0
narrow_trapezoid	safety_focused	MALAT1_A549_NGG_0001	0.0	0.5943851	6	0
narrow_trapezoid	safety_focused	MALAT1_A549_NGG_0002	0.0	0.5674139	10	0
narrow_trapezoid	safety_focused	MALAT1_A549_NGG_0003	0.0	0.5571917	11	0
narrow_trapezoid	safety_focused	MALAT1_A549_NGG_0004	0.0	0.5493146	13	0
narrow_trapezoid	safety_focused	MALAT1_A549_NGG_0005	0.0	0.5332859	16	0
narrow_trapezoid	safety_focused	MALAT1_A549_NGG_0006	0.0	0.372475	53	0
narrow_trapezoid	safety_focused	MALAT1_A549_NGG_0007	0.0	0.4433032	28	0
narrow_trapezoid	safety_focused	MALAT1_A549_NGG_0008	0.0	0.3833881	48	0
narrow_trapezoid	safety_focused	MALAT1_A549_NGG_0009	0.0	0.3756424	51	0
narrow_trapezoid	safety_focused	MALAT1_A549_NGG_0010	0.0	0.4227382	32	0
narrow_trapezoid	safety_focused	MALAT1_A549_NGG_0011	0.0	0.3610159	56	0
narrow_trapezoid	safety_focused	MALAT1_A549_NGG_0012	0.0	0.3520219	61	0
narrow_trapezoid	safety_focused	MALAT1_A549_NGG_0013	0.0	0.361546	55	0
narrow_trapezoid	safety_focused	MALAT1_A549_NGG_0014	0.0	0.3549769	58	0
narrow_trapezoid	safety_focused	MALAT1_A549_NGG_0015	0.0	0.5842159	8	0
narrow_trapezoid	safety_focused	MALAT1_A549_NGG_0016	0.0	0.3978928	43	0
narrow_trapezoid	safety_focused	MALAT1_A549_NGG_0017	0.0	0.4282402	31	0
narrow_trapezoid	safety_focused	MALAT1_A549_NGG_0018	0.0	0.3529453	59	0
narrow_trapezoid	safety_focused	MALAT1_A549_NGG_0019	0.0	0.3519976	62	0
narrow_trapezoid	safety_focused	MALAT1_A549_NGG_0020	0.0	0.2289475	73	0
narrow_trapezoid	safety_focused	MALAT1_A549_NGG_0021	0.0	0.3803344	49	0
narrow_trapezoid	safety_focused	MALAT1_A549_NGG_0022	0.0	0.3847639	47	0
narrow_trapezoid	safety_focused	MALAT1_A549_NGG_0023	0.0	0.3880309	44	0
narrow_trapezoid	safety_focused	MALAT1_A549_NGG_0024	0.0	0.4008343	41	0
narrow_trapezoid	safety_focused	MALAT1_A549_NGG_0025	0.0	0.1979884	85	0
narrow_trapezoid	safety_focused	MALAT1_A549_NGG_0026	0.0	0.2119903	81	0
narrow_trapezoid	safety_focused	MALAT1_A549_NGG_0027	0.0	0.2982535	65	0
narrow_trapezoid	safety_focused	MALAT1_A549_NGG_0028	0.0	0.3776116	50	0
narrow_trapezoid	safety_focused	MALAT1_A549_NGG_0029	0.02727273	0.23704267	69	0
narrow_trapezoid	safety_focused	MALAT1_A549_NGG_0030	0.06	0.3714439	54	0
narrow_trapezoid	safety_focused	MALAT1_A549_NGG_0031	0.15818182	0.21382668	78	0
narrow_trapezoid	safety_focused	MALAT1_A549_NGG_0032	0.16181818	0.19829002	84	0
narrow_trapezoid	safety_focused	MALAT1_A549_NGG_0033	0.22727273	0.20888427	82	0
narrow_trapezoid	safety_focused	MALAT1_A549_NGG_0034	0.36909091	0.48904429	22	0
narrow_trapezoid	safety_focused	MALAT1_A549_NGG_0035	0.55454545	0.23701735	70	0
narrow_trapezoid	safety_focused	MALAT1_A549_NGG_0036	0.70363636	0.35246484	60	0
narrow_trapezoid	safety_focused	MALAT1_A549_NGG_0037	0.74363636	0.29840794	64	0
narrow_trapezoid	safety_focused	MALAT1_A549_NGG_0038	0.76909091	0.28953569	67	0
narrow_trapezoid	safety_focused	MALAT1_A549_NGG_0039	0.78	0.3146263	63	0
narrow_trapezoid	safety_focused	MALAT1_A549_NGG_0040	0.79090909	0.54165261	15	0
narrow_trapezoid	safety_focused	MALAT1_A549_NGG_0041	0.80545455	0.54538325	14	0
narrow_trapezoid	safety_focused	MALAT1_A549_NGG_0042	0.80909091	0.58615539	7	0
narrow_trapezoid	safety_focused	MALAT1_A549_NGG_0043	0.82	0.5528498	12	0
narrow_trapezoid	safety_focused	MALAT1_A549_NGG_0044	0.82363636	0.50001294	19	0
narrow_trapezoid	safety_focused	MALAT1_A549_NGG_0045	0.85636364	0.65743416	4	1
narrow_trapezoid	safety_focused	MALAT1_A549_NGG_0046	0.93636364	0.73182356	1	1
narrow_trapezoid	safety_focused	MALAT1_A549_NGG_0047	1.0	0.7110375	2	1
narrow_trapezoid	safety_focused	MALAT1_A549_NGG_0048	1.0	0.6709698	3	1
narrow_trapezoid	safety_focused	MALAT1_A549_NGG_0049	1.0	0.5317764	17	0
narrow_trapezoid	safety_focused	MALAT1_A549_NGG_0050	1.0	0.3559796	57	0
narrow_trapezoid	safety_focused	MALAT1_A549_NGG_0051	1.0	0.4418141	29	0
narrow_trapezoid	safety_focused	MALAT1_A549_NGG_0052	1.0	0.4844294	23	0
narrow_trapezoid	safety_focused	MALAT1_A549_NGG_0053	1.0	0.4951418	20	0
narrow_trapezoid	safety_focused	MALAT1_A549_NGG_0054	1.0	0.4200194	33	0
narrow_trapezoid	safety_focused	MALAT1_A549_NGG_0055	1.0	0.4356641	30	0
narrow_trapezoid	safety_focused	MALAT1_A549_NGG_0056	1.0	0.4142336	37	0
narrow_trapezoid	safety_focused	MALAT1_A549_NGG_0057	1.0	0.3987158	42	0
narrow_trapezoid	safety_focused	MALAT1_A549_NGG_0058	1.0	0.4047419	39	0
narrow_trapezoid	safety_focused	MALAT1_A549_NGG_0059	1.0	0.3851447	46	0
narrow_trapezoid	safety_focused	MALAT1_A549_NGG_0060	1.0	0.4021784	40	0
narrow_trapezoid	safety_focused	MALAT1_A549_NGG_0061	1.0	0.3860699	45	0
narrow_trapezoid	safety_focused	MALAT1_A549_NGG_0062	1.0	0.2316995	72	0
narrow_trapezoid	safety_focused	MALAT1_A549_NGG_0063	1.0	0.2175122	77	0
narrow_trapezoid	safety_focused	MALAT1_A549_NGG_0064	1.0	0.2198381	76	0
narrow_trapezoid	safety_focused	MALAT1_A549_NGG_0065	1.0	0.2123405	80	0
narrow_trapezoid	safety_focused	MALAT1_A549_NGG_0066	1.0	0.2250164	75	0
narrow_trapezoid	safety_focused	MALAT1_A549_NGG_0067	0.9425	0.4709274	26	0
narrow_trapezoid	safety_focused	MALAT1_A549_NGG_0068	0.9225	0.4483072	27	0
narrow_trapezoid	safety_focused	MALAT1_A549_NGG_0069	0.8575	0.4155344	36	0
narrow_trapezoid	safety_focused	MALAT1_A549_NGG_0070	0.7725	0.2807368	68	0
narrow_trapezoid	safety_focused	MALAT1_A549_NGG_0071	0.7575	0.5687053	9	1
narrow_trapezoid	safety_focused	MALAT1_A549_NGG_0072	0.6475	0.4180799	35	0
narrow_trapezoid	safety_focused	MALAT1_A549_NGG_0073	0.4625	0.2264631	74	0
narrow_trapezoid	safety_focused	MALAT1_A549_NGG_0074	0.2975	0.478335	25	0
narrow_trapezoid	safety_focused	MALAT1_A549_NGG_0075	0.2925	0.3725677	52	0
narrow_trapezoid	safety_focused	MALAT1_A549_NGG_0076	0.2875	0.6001448	5	1
narrow_trapezoid	safety_focused	MALAT1_A549_NGG_0077	0.2825	0.4189605	34	0
narrow_trapezoid	safety_focused	MALAT1_A549_NGG_0078	0.2775	0.4054549	38	0
narrow_trapezoid	safety_focused	MALAT1_A549_NGG_0079	0.2225	0.4840659	24	0
narrow_trapezoid	safety_focused	MALAT1_A549_NGG_0080	0.1675	0.2135042	79	0
narrow_trapezoid	safety_focused	MALAT1_A549_NGG_0081	0.0	0.2042275	83	0
narrow_trapezoid	safety_focused	MALAT1_A549_NGG_0082	0.0	0.1899661	86	0
narrow_trapezoid	safety_focused	MALAT1_A549_NGG_0083	0.0	0.2924947	66	0
narrow_trapezoid	safety_focused	MALAT1_A549_NGG_0084	0.0	0.2338306	71	0
narrow_trapezoid	safety_focused	MALAT1_A549_NGG_0085	0.0	0.5173585	18	0
narrow_trapezoid	safety_focused	MALAT1_A549_NGG_0086	0.0	0.494395	21	0
broad_trapezoid	balanced	MALAT1_A549_NGG_0001	0.02875	0.53296675	17	0
broad_trapezoid	balanced	MALAT1_A549_NGG_0002	0.03125	0.51086575	22	0
broad_trapezoid	balanced	MALAT1_A549_NGG_0003	0.03375	0.50272225	26	0
broad_trapezoid	balanced	MALAT1_A549_NGG_0004	0.03625	0.496533	27	0
broad_trapezoid	balanced	MALAT1_A549_NGG_0005	0.11875	0.49555075	29	0
broad_trapezoid	balanced	MALAT1_A549_NGG_0006	0.12625	0.3585	58	0
broad_trapezoid	balanced	MALAT1_A549_NGG_0007	0.14375	0.4201485	45	0
broad_trapezoid	balanced	MALAT1_A549_NGG_0008	0.14625	0.37059425	54	0
broad_trapezoid	balanced	MALAT1_A549_NGG_0009	0.15375	0.3652645	57	0
broad_trapezoid	balanced	MALAT1_A549_NGG_0010	0.15625	0.404886	50	0
broad_trapezoid	balanced	MALAT1_A549_NGG_0011	0.15875	0.35382575	60	0
broad_trapezoid	balanced	MALAT1_A549_NGG_0012	0.17375	0.34858075	63	0
broad_trapezoid	balanced	MALAT1_A549_NGG_0013	0.18375	0.3580175	59	0
broad_trapezoid	balanced	MALAT1_A549_NGG_0014	0.18625	0.35291825	61	0
broad_trapezoid	balanced	MALAT1_A549_NGG_0015	0.19875	0.54582575	16	0
broad_trapezoid	balanced	MALAT1_A549_NGG_0016	0.28625	0.4036815	51	0
broad_trapezoid	balanced	MALAT1_A549_NGG_0017	0.28875	0.429346	44	0
broad_trapezoid	balanced	MALAT1_A549_NGG_0018	0.31125	0.36997525	56	0
broad_trapezoid	balanced	MALAT1_A549_NGG_0019	0.31875	0.3703105	55	0
broad_trapezoid	balanced	MALAT1_A549_NGG_0020	0.34875	0.24726875	83	0
broad_trapezoid	balanced	MALAT1_A549_NGG_0021	0.40625	0.4070495	49	0
broad_trapezoid	balanced	MALAT1_A549_NGG_0022	0.42625	0.41374075	48	0
broad_trapezoid	balanced	MALAT1_A549_NGG_0023	0.42875	0.41683825	46	0
broad_trapezoid	balanced	MALAT1_A549_NGG_0024	0.44375	0.42975775	43	0
broad_trapezoid	balanced	MALAT1_A549_NGG_0025	0.48625	0.2420945	84	0
broad_trapezoid	balanced	MALAT1_A549_NGG_0026	0.48875	0.25413775	81	0
broad_trapezoid	balanced	MALAT1_A549_NGG_0027	0.49125	0.32639875	67	0
broad_trapezoid	balanced	MALAT1_A549_NGG_0028	0.49375	0.3929055	52	0
broad_trapezoid	balanced	MALAT1_A549_NGG_0029	0.51875	0.277242	77	0
broad_trapezoid	balanced	MALAT1_A549_NGG_0030	0.54125	0.41489075	47	0
broad_trapezoid	balanced	MALAT1_A549_NGG_0031	0.60875	0.26048625	79	0
broad_trapezoid	balanced	MALAT1_A549_NGG_0032	0.61125	0.247611	82	0
broad_trapezoid	balanced	MALAT1_A549_NGG_0033	0.65625	0.257735	80	0
broad_trapezoid	balanced	MALAT1_A549_NGG_0034	0.75375	0.5190085	21	0
broad_trapezoid	balanced	MALAT1_A549_NGG_0035	0.88125	0.2876565	76	0
broad_trapezoid	balanced	MALAT1_A549_NGG_0036	0.98375	0.3868135	53	0
broad_trapezoid	balanced	MALAT1_A549_NGG_0037	1.0	0.34087025	64	0
broad_trapezoid	balanced	MALAT1_A549_NGG_0038	1.0	0.3313555	65	0
broad_trapezoid	balanced	MALAT1_A549_NGG_0039	1.0	0.35135525	62	0
broad_trapezoid	balanced	MALAT1_A549_NGG_0040	1.0	0.56463475	12	0
broad_trapezoid	balanced	MALAT1_A549_NGG_0041	1.0	0.5665315	11	0
broad_trapezoid	balanced	MALAT1_A549_NGG_0042	1.0	0.60020525	6	0
broad_trapezoid	balanced	MALAT1_A549_NGG_0043	1.0	0.5715415	9	0
broad_trapezoid	balanced	MALAT1_A549_NGG_0044	1.0	0.52720775	18	0
broad_trapezoid	balanced	MALAT1_A549_NGG_0045	1.0	0.7223315	3	1
broad_trapezoid	balanced	MALAT1_A549_NGG_0046	1.0	0.777656	1	1
broad_trapezoid	balanced	MALAT1_A549_NGG_0047	1.0	0.75503125	2	1
broad_trapezoid	balanced	MALAT1_A549_NGG_0048	1.0	0.7216415	4	1
broad_trapezoid	balanced	MALAT1_A549_NGG_0049	1.0	0.580647	8	0
broad_trapezoid	balanced	MALAT1_A549_NGG_0050	1.0	0.429983	42	0
broad_trapezoid	balanced	MALAT1_A549_NGG_0051	1.0	0.52651175	19	0
broad_trapezoid	balanced	MALAT1_A549_NGG_0052	1.0	0.5620245	13	0
broad_trapezoid	balanced	MALAT1_A549_NGG_0053	1.0	0.5709515	10	0
broad_trapezoid	balanced	MALAT1_A549_NGG_0054	1.0	0.5083495	23	0
broad_trapezoid	balanced	MALAT1_A549_NGG_0055	1.0	0.52138675	20	0
broad_trapezoid	balanced	MALAT1_A549_NGG_0056	1.0	0.503528	25	0
broad_trapezoid	balanced	MALAT1_A549_NGG_0057	1.0	0.4905965	33	0
broad_trapezoid	balanced	MALAT1_A549_NGG_0058	1.0	0.49561825	28	0
broad_trapezoid	balanced	MALAT1_A549_NGG_0059	1.0	0.47928725	35	0
broad_trapezoid	balanced	MALAT1_A549_NGG_0060	1.0	0.493482	31	0
broad_trapezoid	balanced	MALAT1_A549_NGG_0061	1.0	0.48005825	34	0
broad_trapezoid	balanced	MALAT1_A549_NGG_0062	1.0	0.32641625	66	0
broad_trapezoid	balanced	MALAT1_A549_NGG_0063	1.0	0.3145935	71	0
broad_trapezoid	balanced	MALAT1_A549_NGG_0064	1.0	0.31653175	70	0
broad_trapezoid	balanced	MALAT1_A549_NGG_0065	1.0	0.31028375	72	0
broad_trapezoid	balanced	MALAT1_A549_NGG_0066	1.0	0.320847	69	0
broad_trapezoid	balanced	MALAT1_A549_NGG_0067	1.0	0.4930645	32	0
broad_trapezoid	balanced	MALAT1_A549_NGG_0068	1.0	0.475881	36	0
broad_trapezoid	balanced	MALAT1_A549_NGG_0069	1.0	0.453987	40	0
broad_trapezoid	balanced	MALAT1_A549_NGG_0070	1.0	0.323739	68	0
broad_trapezoid	balanced	MALAT1_A549_NGG_0071	1.0	0.58996275	7	1
broad_trapezoid	balanced	MALAT1_A549_NGG_0072	1.0	0.47360825	37	0
broad_trapezoid	balanced	MALAT1_A549_NGG_0073	1.0	0.30434425	73	0
broad_trapezoid	balanced	MALAT1_A549_NGG_0074	1.0	0.5529875	15	0
broad_trapezoid	balanced	MALAT1_A549_NGG_0075	1.0	0.46526475	39	0
broad_trapezoid	balanced	MALAT1_A549_NGG_0076	1.0	0.655329	5	1
broad_trapezoid	balanced	MALAT1_A549_NGG_0077	1.0	0.50475875	24	0
broad_trapezoid	balanced	MALAT1_A549_NGG_0078	1.0	0.49392075	30	0
broad_trapezoid	balanced	MALAT1_A549_NGG_0079	0.96333333	0.55851325	14	0
broad_trapezoid	balanced	MALAT1_A549_NGG_0080	0.89	0.3016285	74	0
broad_trapezoid	balanced	MALAT1_A549_NGG_0081	0.63	0.26885625	78	0
broad_trapezoid	balanced	MALAT1_A549_NGG_0082	0.49666667	0.23697175	85	0
broad_trapezoid	balanced	MALAT1_A549_NGG_0083	0.29666667	0.29241225	75	0
broad_trapezoid	balanced	MALAT1_A549_NGG_0084	0.17	0.2245255	86	0
broad_trapezoid	balanced	MALAT1_A549_NGG_0085	0.08333333	0.47279875	38	0
broad_trapezoid	balanced	MALAT1_A549_NGG_0086	0.07666667	0.4526625	41	0
broad_trapezoid	efficacy_focused	MALAT1_A549_NGG_0001	0.02875	0.385123	42	0
broad_trapezoid	efficacy_focused	MALAT1_A549_NGG_0002	0.03125	0.3632095	47	0
broad_trapezoid	efficacy_focused	MALAT1_A549_NGG_0003	0.03375	0.3552535	52	0
broad_trapezoid	efficacy_focused	MALAT1_A549_NGG_0004	0.03625	0.34925175	55	0
broad_trapezoid	efficacy_focused	MALAT1_A549_NGG_0005	0.11875	0.354457	53	0
broad_trapezoid	efficacy_focused	MALAT1_A549_NGG_0006	0.12625	0.26796875	72	0
broad_trapezoid	efficacy_focused	MALAT1_A549_NGG_0007	0.14375	0.33092975	60	0
broad_trapezoid	efficacy_focused	MALAT1_A549_NGG_0008	0.14625	0.281563	69	0
broad_trapezoid	efficacy_focused	MALAT1_A549_NGG_0009	0.15375	0.27679575	70	0
broad_trapezoid	efficacy_focused	MALAT1_A549_NGG_0010	0.15625	0.31660475	64	0
broad_trapezoid	efficacy_focused	MALAT1_A549_NGG_0011	0.15875	0.265732	76	0
broad_trapezoid	efficacy_focused	MALAT1_A549_NGG_0012	0.17375	0.261612	78	0
broad_trapezoid	efficacy_focused	MALAT1_A549_NGG_0013	0.18375	0.27179875	71	0
broad_trapezoid	efficacy_focused	MALAT1_A549_NGG_0014	0.18625	0.266887	73	0
broad_trapezoid	efficacy_focused	MALAT1_A549_NGG_0015	0.19875	0.460732	35	0
broad_trapezoid	efficacy_focused	MALAT1_A549_NGG_0016	0.28625	0.32515025	62	0
broad_trapezoid	efficacy_focused	MALAT1_A549_NGG_0017	0.28875	0.35100225	54	0
broad_trapezoid	efficacy_focused	MALAT1_A549_NGG_0018	0.31125	0.293319	68	0
broad_trapezoid	efficacy_focused	MALAT1_A549_NGG_0019	0.31875	0.29421675	67	0
broad_trapezoid	efficacy_focused	MALAT1_A549_NGG_0020	0.34875	0.223425	85	0
broad_trapezoid	efficacy_focused	MALAT1_A549_NGG_0021	0.40625	0.33751825	59	0
broad_trapezoid	efficacy_focused	MALAT1_A549_NGG_0022	0.42625	0.3457095	58	0
broad_trapezoid	efficacy_focused	MALAT1_A549_NGG_0023	0.42875	0.3489945	56	0
broad_trapezoid	efficacy_focused	MALAT1_A549_NGG_0024	0.44375	0.363039	48	0
broad_trapezoid	efficacy_focused	MALAT1_A549_NGG_0025	0.48625	0.22856325	83	0
broad_trapezoid	efficacy_focused	MALAT1_A549_NGG_0026	0.48875	0.240794	82	0
broad_trapezoid	efficacy_focused	MALAT1_A549_NGG_0027	0.49125	0.3132425	65	0
broad_trapezoid	efficacy_focused	MALAT1_A549_NGG_0028	0.49375	0.37993675	43	0
broad_trapezoid	efficacy_focused	MALAT1_A549_NGG_0029	0.51875	0.26614825	74	0
broad_trapezoid	efficacy_focused	MALAT1_A549_NGG_0030	0.54125	0.3554845	51	0
broad_trapezoid	efficacy_focused	MALAT1_A549_NGG_0031	0.60875	0.2561425	80	0
broad_trapezoid	efficacy_focused	MALAT1_A549_NGG_0032	0.61125	0.24345475	81	0
broad_trapezoid	efficacy_focused	MALAT1_A549_NGG_0033	0.65625	0.25695375	79	0
broad_trapezoid	efficacy_focused	MALAT1_A549_NGG_0034	0.75375	0.47553975	29	0
broad_trapezoid	efficacy_focused	MALAT1_A549_NGG_0035	0.88125	0.30375025	66	0
broad_trapezoid	efficacy_focused	MALAT1_A549_NGG_0036	0.98375	0.41059475	41	0
broad_trapezoid	efficacy_focused	MALAT1_A549_NGG_0037	1.0	0.36587025	46	0
broad_trapezoid	efficacy_focused	MALAT1_A549_NGG_0038	1.0	0.3563555	50	0
broad_trapezoid	efficacy_focused	MALAT1_A549_NGG_0039	1.0	0.37635525	45	0
broad_trapezoid	efficacy_focused	MALAT1_A549_NGG_0040	1.0	0.53963475	23	0
broad_trapezoid	efficacy_focused	MALAT1_A549_NGG_0041	1.0	0.5415315	22	0
broad_trapezoid	efficacy_focused	MALAT1_A549_NGG_0042	1.0	0.57520525	19	0
broad_trapezoid	efficacy_focused	MALAT1_A549_NGG_0043	1.0	0.5465415	21	0
broad_trapezoid	efficacy_focused	MALAT1_A549_NGG_0044	1.0	0.50220775	26	0
broad_trapezoid	efficacy_focused	MALAT1_A549_NGG_0045	1.0	0.7723315	3	1
broad_trapezoid	efficacy_focused	MALAT1_A549_NGG_0046	1.0	0.827656	1	1
broad_trapezoid	efficacy_focused	MALAT1_A549_NGG_0047	1.0	0.80503125	2	1
broad_trapezoid	efficacy_focused	MALAT1_A549_NGG_0048	1.0	0.7716415	4	1
broad_trapezoid	efficacy_focused	MALAT1_A549_NGG_0049	1.0	0.680647	5	0
broad_trapezoid	efficacy_focused	MALAT1_A549_NGG_0050	1.0	0.579983	17	0
broad_trapezoid	efficacy_focused	MALAT1_A549_NGG_0051	1.0	0.62651175	9	0
broad_trapezoid	efficacy_focused	MALAT1_A549_NGG_0052	1.0	0.6620245	7	0
broad_trapezoid	efficacy_focused	MALAT1_A549_NGG_0053	1.0	0.6709515	6	0
broad_trapezoid	efficacy_focused	MALAT1_A549_NGG_0054	1.0	0.6083495	11	0
broad_trapezoid	efficacy_focused	MALAT1_A549_NGG_0055	1.0	0.62138675	10	0
broad_trapezoid	efficacy_focused	MALAT1_A549_NGG_0056	1.0	0.603528	12	0
broad_trapezoid	efficacy_focused	MALAT1_A549_NGG_0057	1.0	0.5905965	15	0
broad_trapezoid	efficacy_focused	MALAT1_A549_NGG_0058	1.0	0.59561825	13	0
broad_trapezoid	efficacy_focused	MALAT1_A549_NGG_0059	1.0	0.57928725	18	0
broad_trapezoid	efficacy_focused	MALAT1_A549_NGG_0060	1.0	0.593482	14	0
broad_trapezoid	efficacy_focused	MALAT1_A549_NGG_0061	1.0	0.58005825	16	0
broad_trapezoid	efficacy_focused	MALAT1_A549_NGG_0062	1.0	0.47641625	28	0
broad_trapezoid	efficacy_focused	MALAT1_A549_NGG_0063	1.0	0.4645935	34	0
broad_trapezoid	efficacy_focused	MALAT1_A549_NGG_0064	1.0	0.46653175	33	0
broad_trapezoid	efficacy_focused	MALAT1_A549_NGG_0065	1.0	0.46028375	36	0
broad_trapezoid	efficacy_focused	MALAT1_A549_NGG_0066	1.0	0.470847	30	0
broad_trapezoid	efficacy_focused	MALAT1_A549_NGG_0067	1.0	0.4680645	32	0
broad_trapezoid	efficacy_focused	MALAT1_A549_NGG_0068	1.0	0.450881	37	0
broad_trapezoid	efficacy_focused	MALAT1_A549_NGG_0069	1.0	0.428987	40	0
broad_trapezoid	efficacy_focused	MALAT1_A549_NGG_0070	1.0	0.348739	57	0
broad_trapezoid	efficacy_focused	MALAT1_A549_NGG_0071	1.0	0.56496275	20	1
broad_trapezoid	efficacy_focused	MALAT1_A549_NGG_0072	1.0	0.44860825	38	0
broad_trapezoid	efficacy_focused	MALAT1_A549_NGG_0073	1.0	0.32934425	61	0
broad_trapezoid	efficacy_focused	MALAT1_A549_NGG_0074	1.0	0.5279875	25	0
broad_trapezoid	efficacy_focused	MALAT1_A549_NGG_0075	1.0	0.44026475	39	0
broad_trapezoid	efficacy_focused	MALAT1_A549_NGG_0076	1.0	0.630329	8	1
broad_trapezoid	efficacy_focused	MALAT1_A549_NGG_0077	1.0	0.47975875	27	0
broad_trapezoid	efficacy_focused	MALAT1_A549_NGG_0078	1.0	0.46892075	31	0
broad_trapezoid	efficacy_focused	MALAT1_A549_NGG_0079	0.96333333	0.53076325	24	0
broad_trapezoid	efficacy_focused	MALAT1_A549_NGG_0080	0.89	0.3183785	63	0
broad_trapezoid	efficacy_focused	MALAT1_A549_NGG_0081	0.63	0.26610625	75	0
broad_trapezoid	efficacy_focused	MALAT1_A549_NGG_0082	0.49666667	0.22422175	84	0
broad_trapezoid	efficacy_focused	MALAT1_A549_NGG_0083	0.29666667	0.26466225	77	0
broad_trapezoid	efficacy_focused	MALAT1_A549_NGG_0084	0.17	0.1872755	86	0
broad_trapezoid	efficacy_focused	MALAT1_A549_NGG_0085	0.08333333	0.37904875	44	0
broad_trapezoid	efficacy_focused	MALAT1_A549_NGG_0086	0.07666667	0.3584125	49	0
broad_trapezoid	safety_focused	MALAT1_A549_NGG_0001	0.02875	0.5972601	8	0
broad_trapezoid	safety_focused	MALAT1_A549_NGG_0002	0.03125	0.5705389	11	0
broad_trapezoid	safety_focused	MALAT1_A549_NGG_0003	0.03375	0.5605667	14	0
broad_trapezoid	safety_focused	MALAT1_A549_NGG_0004	0.03625	0.5529396	16	0
broad_trapezoid	safety_focused	MALAT1_A549_NGG_0005	0.11875	0.5451609	18	0
broad_trapezoid	safety_focused	MALAT1_A549_NGG_0006	0.12625	0.3851	54	0
broad_trapezoid	safety_focused	MALAT1_A549_NGG_0007	0.14375	0.4576782	29	0
broad_trapezoid	safety_focused	MALAT1_A549_NGG_0008	0.14625	0.3980131	50	0
broad_trapezoid	safety_focused	MALAT1_A549_NGG_0009	0.15375	0.3910174	51	0
broad_trapezoid	safety_focused	MALAT1_A549_NGG_0010	0.15625	0.4383632	36	0
broad_trapezoid	safety_focused	MALAT1_A549_NGG_0011	0.15875	0.3768909	59	0
broad_trapezoid	safety_focused	MALAT1_A549_NGG_0012	0.17375	0.3693969	61	0
broad_trapezoid	safety_focused	MALAT1_A549_NGG_0013	0.18375	0.379921	58	0
broad_trapezoid	safety_focused	MALAT1_A549_NGG_0014	0.18625	0.3736019	60	0
broad_trapezoid	safety_focused	MALAT1_A549_NGG_0015	0.19875	0.6040909	7	0
broad_trapezoid	safety_focused	MALAT1_A549_NGG_0016	0.28625	0.4265178	42	0
broad_trapezoid	safety_focused	MALAT1_A549_NGG_0017	0.28875	0.4571152	30	0
broad_trapezoid	safety_focused	MALAT1_A549_NGG_0018	0.31125	0.3840703	55	0
broad_trapezoid	safety_focused	MALAT1_A549_NGG_0019	0.31875	0.3838726	56	0
broad_trapezoid	safety_focused	MALAT1_A549_NGG_0020	0.34875	0.2638225	74	0
broad_trapezoid	safety_focused	MALAT1_A549_NGG_0021	0.40625	0.4209594	43	0
broad_trapezoid	safety_focused	MALAT1_A549_NGG_0022	0.42625	0.4273889	40	0
broad_trapezoid	safety_focused	MALAT1_A549_NGG_0023	0.42875	0.4309059	38	0
broad_trapezoid	safety_focused	MALAT1_A549_NGG_0024	0.44375	0.4452093	33	0
broad_trapezoid	safety_focused	MALAT1_A549_NGG_0025	0.48625	0.2466134	79	0
broad_trapezoid	safety_focused	MALAT1_A549_NGG_0026	0.48875	0.2608653	75	0
broad_trapezoid	safety_focused	MALAT1_A549_NGG_0027	0.49125	0.3473785	63	0
broad_trapezoid	safety_focused	MALAT1_A549_NGG_0028	0.49375	0.4269866	41	0
broad_trapezoid	safety_focused	MALAT1_A549_NGG_0029	0.51875	0.2861904	69	0
broad_trapezoid	safety_focused	MALAT1_A549_NGG_0030	0.54125	0.4195689	45	0
broad_trapezoid	safety_focused	MALAT1_A549_NGG_0031	0.60875	0.2588835	76	0
broad_trapezoid	safety_focused	MALAT1_A549_NGG_0032	0.61125	0.2432332	80	0
broad_trapezoid	safety_focused	MALAT1_A549_NGG_0033	0.65625	0.251782	77	0
broad_trapezoid	safety_focused	MALAT1_A549_NGG_0034	0.75375	0.5275102	20	0
broad_trapezoid	safety_focused	MALAT1_A549_NGG_0035	0.88125	0.2696878	72	0
broad_trapezoid	safety_focused	MALAT1_A549_NGG_0036	0.98375	0.3804762	57	0
broad_trapezoid	safety_focused	MALAT1_A549_NGG_0037	1.0	0.3240443	65	0
broad_trapezoid	safety_focused	MALAT1_A549_NGG_0038	1.0	0.3126266	67	0
broad_trapezoid	safety_focused	MALAT1_A549_NGG_0039	1.0	0.3366263	64	0
broad_trapezoid	safety_focused	MALAT1_A549_NGG_0040	1.0	0.5625617	13	0
broad_trapezoid	safety_focused	MALAT1_A549_NGG_0041	1.0	0.5648378	12	0
broad_trapezoid	safety_focused	MALAT1_A549_NGG_0042	1.0	0.6052463	6	0
broad_trapezoid	safety_focused	MALAT1_A549_NGG_0043	1.0	0.5708498	10	0
broad_trapezoid	safety_focused	MALAT1_A549_NGG_0044	1.0	0.5176493	22	0
broad_trapezoid	safety_focused	MALAT1_A549_NGG_0045	1.0	0.6717978	3	1
broad_trapezoid	safety_focused	MALAT1_A549_NGG_0046	1.0	0.7381872	1	1
broad_trapezoid	safety_focused	MALAT1_A549_NGG_0047	1.0	0.7110375	2	1
broad_trapezoid	safety_focused	MALAT1_A549_NGG_0048	1.0	0.6709698	5	1
broad_trapezoid	safety_focused	MALAT1_A549_NGG_0049	1.0	0.5317764	19	0
broad_trapezoid	safety_focused	MALAT1_A549_NGG_0050	1.0	0.3559796	62	0
broad_trapezoid	safety_focused	MALAT1_A549_NGG_0051	1.0	0.4418141	35	0
broad_trapezoid	safety_focused	MALAT1_A549_NGG_0052	1.0	0.4844294	26	0
broad_trapezoid	safety_focused	MALAT1_A549_NGG_0053	1.0	0.4951418	24	0
broad_trapezoid	safety_focused	MALAT1_A549_NGG_0054	1.0	0.4200194	44	0
broad_trapezoid	safety_focused	MALAT1_A549_NGG_0055	1.0	0.4356641	37	0
broad_trapezoid	safety_focused	MALAT1_A549_NGG_0056	1.0	0.4142336	46	0
broad_trapezoid	safety_focused	MALAT1_A549_NGG_0057	1.0	0.3987158	49	0
broad_trapezoid	safety_focused	MALAT1_A549_NGG_0058	1.0	0.4047419	47	0
broad_trapezoid	safety_focused	MALAT1_A549_NGG_0059	1.0	0.3851447	53	0
broad_trapezoid	safety_focused	MALAT1_A549_NGG_0060	1.0	0.4021784	48	0
broad_trapezoid	safety_focused	MALAT1_A549_NGG_0061	1.0	0.3860699	52	0
broad_trapezoid	safety_focused	MALAT1_A549_NGG_0062	1.0	0.2316995	82	0
broad_trapezoid	safety_focused	MALAT1_A549_NGG_0063	1.0	0.2175122	85	0
broad_trapezoid	safety_focused	MALAT1_A549_NGG_0064	1.0	0.2198381	84	0
broad_trapezoid	safety_focused	MALAT1_A549_NGG_0065	1.0	0.2123405	86	0
broad_trapezoid	safety_focused	MALAT1_A549_NGG_0066	1.0	0.2250164	83	0
broad_trapezoid	safety_focused	MALAT1_A549_NGG_0067	1.0	0.4766774	28	0
broad_trapezoid	safety_focused	MALAT1_A549_NGG_0068	1.0	0.4560572	31	0
broad_trapezoid	safety_focused	MALAT1_A549_NGG_0069	1.0	0.4297844	39	0
broad_trapezoid	safety_focused	MALAT1_A549_NGG_0070	1.0	0.3034868	68	0
broad_trapezoid	safety_focused	MALAT1_A549_NGG_0071	1.0	0.5929553	9	1
broad_trapezoid	safety_focused	MALAT1_A549_NGG_0072	1.0	0.4533299	32	0
broad_trapezoid	safety_focused	MALAT1_A549_NGG_0073	1.0	0.2802131	71	0
broad_trapezoid	safety_focused	MALAT1_A549_NGG_0074	1.0	0.548585	17	0
broad_trapezoid	safety_focused	MALAT1_A549_NGG_0075	1.0	0.4433177	34	0
broad_trapezoid	safety_focused	MALAT1_A549_NGG_0076	1.0	0.6713948	4	1
broad_trapezoid	safety_focused	MALAT1_A549_NGG_0077	1.0	0.4907105	25	0
broad_trapezoid	safety_focused	MALAT1_A549_NGG_0078	1.0	0.4777049	27	0
broad_trapezoid	safety_focused	MALAT1_A549_NGG_0079	0.96333333	0.55814923	15	0
broad_trapezoid	safety_focused	MALAT1_A549_NGG_0080	0.89	0.2857542	70	0
broad_trapezoid	safety_focused	MALAT1_A549_NGG_0081	0.63	0.2672275	73	0
broad_trapezoid	safety_focused	MALAT1_A549_NGG_0082	0.49666667	0.23963277	81	0
broad_trapezoid	safety_focused	MALAT1_A549_NGG_0083	0.29666667	0.32216137	66	0
broad_trapezoid	safety_focused	MALAT1_A549_NGG_0084	0.17	0.2508306	78	0
broad_trapezoid	safety_focused	MALAT1_A549_NGG_0085	0.08333333	0.52569183	21	0
broad_trapezoid	safety_focused	MALAT1_A549_NGG_0086	0.07666667	0.50206167	23	0
triangular_peak_plus100	balanced	MALAT1_A549_NGG_0001	0.01916667	0.53152925	12	0
triangular_peak_plus100	balanced	MALAT1_A549_NGG_0002	0.02083333	0.50930325	16	0
triangular_peak_plus100	balanced	MALAT1_A549_NGG_0003	0.0225	0.50103475	17	0
triangular_peak_plus100	balanced	MALAT1_A549_NGG_0004	0.02416667	0.4947205	20	0
triangular_peak_plus100	balanced	MALAT1_A549_NGG_0005	0.07916667	0.48961325	21	0
triangular_peak_plus100	balanced	MALAT1_A549_NGG_0006	0.08416667	0.3521875	57	0
triangular_peak_plus100	balanced	MALAT1_A549_NGG_0007	0.09583333	0.412961	39	0
triangular_peak_plus100	balanced	MALAT1_A549_NGG_0008	0.0975	0.36328175	53	0
triangular_peak_plus100	balanced	MALAT1_A549_NGG_0009	0.1025	0.357577	54	0
triangular_peak_plus100	balanced	MALAT1_A549_NGG_0010	0.10416667	0.3970735	45	0
triangular_peak_plus100	balanced	MALAT1_A549_NGG_0011	0.10583333	0.34588825	59	0
triangular_peak_plus100	balanced	MALAT1_A549_NGG_0012	0.11583333	0.33989325	61	0
triangular_peak_plus100	balanced	MALAT1_A549_NGG_0013	0.1225	0.34883	58	0
triangular_peak_plus100	balanced	MALAT1_A549_NGG_0014	0.12416667	0.34360575	60	0
triangular_peak_plus100	balanced	MALAT1_A549_NGG_0015	0.1325	0.53588825	10	0
triangular_peak_plus100	balanced	MALAT1_A549_NGG_0016	0.19083333	0.389369	48	0
triangular_peak_plus100	balanced	MALAT1_A549_NGG_0017	0.1925	0.4149085	37	0
triangular_peak_plus100	balanced	MALAT1_A549_NGG_0018	0.2075	0.35441275	55	0
triangular_peak_plus100	balanced	MALAT1_A549_NGG_0019	0.2125	0.354373	56	0
triangular_peak_plus100	balanced	MALAT1_A549_NGG_0020	0.2325	0.22983125	77	0
triangular_peak_plus100	balanced	MALAT1_A549_NGG_0021	0.27083333	0.386737	50	0
triangular_peak_plus100	balanced	MALAT1_A549_NGG_0022	0.28416667	0.39242825	47	0
triangular_peak_plus100	balanced	MALAT1_A549_NGG_0023	0.28583333	0.39540075	46	0
triangular_peak_plus100	balanced	MALAT1_A549_NGG_0024	0.29583333	0.40757025	41	0
triangular_peak_plus100	balanced	MALAT1_A549_NGG_0025	0.32416667	0.217782	82	0
triangular_peak_plus100	balanced	MALAT1_A549_NGG_0026	0.32583333	0.22970025	78	0
triangular_peak_plus100	balanced	MALAT1_A549_NGG_0027	0.3275	0.30183625	68	0
triangular_peak_plus100	balanced	MALAT1_A549_NGG_0028	0.32916667	0.368218	52	0
triangular_peak_plus100	balanced	MALAT1_A549_NGG_0029	0.34583333	0.2513045	74	0
triangular_peak_plus100	balanced	MALAT1_A549_NGG_0030	0.36083333	0.38782825	49	0
triangular_peak_plus100	balanced	MALAT1_A549_NGG_0031	0.40583333	0.23004875	76	0
triangular_peak_plus100	balanced	MALAT1_A549_NGG_0032	0.4075	0.2170485	83	0
triangular_peak_plus100	balanced	MALAT1_A549_NGG_0033	0.4375	0.2249225	80	0
triangular_peak_plus100	balanced	MALAT1_A549_NGG_0034	0.5025	0.481321	25	0
triangular_peak_plus100	balanced	MALAT1_A549_NGG_0035	0.5875	0.243594	75	0
triangular_peak_plus100	balanced	MALAT1_A549_NGG_0036	0.65583333	0.337626	62	0
triangular_peak_plus100	balanced	MALAT1_A549_NGG_0037	0.67416667	0.29199525	70	0
triangular_peak_plus100	balanced	MALAT1_A549_NGG_0038	0.68583333	0.2842305	71	0
triangular_peak_plus100	balanced	MALAT1_A549_NGG_0039	0.69083333	0.30498025	65	0
triangular_peak_plus100	balanced	MALAT1_A549_NGG_0040	0.69583333	0.51900975	15	0
triangular_peak_plus100	balanced	MALAT1_A549_NGG_0041	0.7025	0.5219065	14	0
triangular_peak_plus100	balanced	MALAT1_A549_NGG_0042	0.70416667	0.55583025	6	0
triangular_peak_plus100	balanced	MALAT1_A549_NGG_0043	0.70916667	0.5279165	13	0
triangular_peak_plus100	balanced	MALAT1_A549_NGG_0044	0.71083333	0.48383275	23	0
triangular_peak_plus100	balanced	MALAT1_A549_NGG_0045	0.72583333	0.6812065	4	1
triangular_peak_plus100	balanced	MALAT1_A549_NGG_0046	0.7625	0.742031	1	1
triangular_peak_plus100	balanced	MALAT1_A549_NGG_0047	0.79583333	0.72440625	2	1
triangular_peak_plus100	balanced	MALAT1_A549_NGG_0048	0.80916667	0.6930165	3	1
triangular_peak_plus100	balanced	MALAT1_A549_NGG_0049	0.81583333	0.553022	7	0
triangular_peak_plus100	balanced	MALAT1_A549_NGG_0050	0.82083333	0.403108	43	0
triangular_peak_plus100	balanced	MALAT1_A549_NGG_0051	0.82916667	0.50088675	18	0
triangular_peak_plus100	balanced	MALAT1_A549_NGG_0052	0.82916667	0.5363995	9	0
triangular_peak_plus100	balanced	MALAT1_A549_NGG_0053	0.83083333	0.5455765	8	0
triangular_peak_plus100	balanced	MALAT1_A549_NGG_0054	0.85083333	0.4859745	22	0
triangular_peak_plus100	balanced	MALAT1_A549_NGG_0055	0.8525	0.49926175	19	0
triangular_peak_plus100	balanced	MALAT1_A549_NGG_0056	0.85416667	0.481653	24	0
triangular_peak_plus100	balanced	MALAT1_A549_NGG_0057	0.87416667	0.4717215	28	0
triangular_peak_plus100	balanced	MALAT1_A549_NGG_0058	0.87583333	0.47699325	26	0
triangular_peak_plus100	balanced	MALAT1_A549_NGG_0059	0.8775	0.46091225	33	0
triangular_peak_plus100	balanced	MALAT1_A549_NGG_0060	0.8775	0.475107	27	0
triangular_peak_plus100	balanced	MALAT1_A549_NGG_0061	0.87916667	0.46193325	32	0
triangular_peak_plus100	balanced	MALAT1_A549_NGG_0062	0.88583333	0.30929125	64	0
triangular_peak_plus100	balanced	MALAT1_A549_NGG_0063	0.89083333	0.2982185	69	0
triangular_peak_plus100	balanced	MALAT1_A549_NGG_0064	0.90583333	0.30240675	67	0
triangular_peak_plus100	balanced	MALAT1_A549_NGG_0065	0.95416667	0.30340875	66	0
triangular_peak_plus100	balanced	MALAT1_A549_NGG_0066	0.95875	0.3146595	63	0
triangular_peak_plus100	balanced	MALAT1_A549_NGG_0067	0.72125	0.451252	34	0
triangular_peak_plus100	balanced	MALAT1_A549_NGG_0068	0.71125	0.4325685	36	0
triangular_peak_plus100	balanced	MALAT1_A549_NGG_0069	0.67875	0.4057995	42	0
triangular_peak_plus100	balanced	MALAT1_A549_NGG_0070	0.63625	0.2691765	72	0
triangular_peak_plus100	balanced	MALAT1_A549_NGG_0071	0.62875	0.53427525	11	1
triangular_peak_plus100	balanced	MALAT1_A549_NGG_0072	0.57375	0.40967075	40	0
triangular_peak_plus100	balanced	MALAT1_A549_NGG_0073	0.48125	0.22653175	79	0
triangular_peak_plus100	balanced	MALAT1_A549_NGG_0074	0.39875	0.4628	31	0
triangular_peak_plus100	balanced	MALAT1_A549_NGG_0075	0.39625	0.37470225	51	0
triangular_peak_plus100	balanced	MALAT1_A549_NGG_0076	0.39375	0.5643915	5	1
triangular_peak_plus100	balanced	MALAT1_A549_NGG_0077	0.39125	0.41344625	38	0
triangular_peak_plus100	balanced	MALAT1_A549_NGG_0078	0.38875	0.40223325	44	0
triangular_peak_plus100	balanced	MALAT1_A549_NGG_0079	0.36125	0.46820075	29	0
triangular_peak_plus100	balanced	MALAT1_A549_NGG_0080	0.33375	0.218191	81	0
triangular_peak_plus100	balanced	MALAT1_A549_NGG_0081	0.23625	0.20979375	84	0
triangular_peak_plus100	balanced	MALAT1_A549_NGG_0082	0.18625	0.19040925	86	0
triangular_peak_plus100	balanced	MALAT1_A549_NGG_0083	0.11125	0.26459975	73	0
triangular_peak_plus100	balanced	MALAT1_A549_NGG_0084	0.06375	0.208588	85	0
triangular_peak_plus100	balanced	MALAT1_A549_NGG_0085	0.03125	0.46498625	30	0
triangular_peak_plus100	balanced	MALAT1_A549_NGG_0086	0.02875	0.445475	35	0
triangular_peak_plus100	efficacy_focused	MALAT1_A549_NGG_0001	0.01916667	0.38296675	36	0
triangular_peak_plus100	efficacy_focused	MALAT1_A549_NGG_0002	0.02083333	0.36086575	38	0
triangular_peak_plus100	efficacy_focused	MALAT1_A549_NGG_0003	0.0225	0.35272225	40	0
triangular_peak_plus100	efficacy_focused	MALAT1_A549_NGG_0004	0.02416667	0.346533	43	0
triangular_peak_plus100	efficacy_focused	MALAT1_A549_NGG_0005	0.07916667	0.34555075	44	0
triangular_peak_plus100	efficacy_focused	MALAT1_A549_NGG_0006	0.08416667	0.2585	68	0
triangular_peak_plus100	efficacy_focused	MALAT1_A549_NGG_0007	0.09583333	0.3201485	51	0
triangular_peak_plus100	efficacy_focused	MALAT1_A549_NGG_0008	0.0975	0.27059425	63	0
triangular_peak_plus100	efficacy_focused	MALAT1_A549_NGG_0009	0.1025	0.2652645	67	0
triangular_peak_plus100	efficacy_focused	MALAT1_A549_NGG_0010	0.10416667	0.304886	57	0
triangular_peak_plus100	efficacy_focused	MALAT1_A549_NGG_0011	0.10583333	0.25382575	70	0
triangular_peak_plus100	efficacy_focused	MALAT1_A549_NGG_0012	0.11583333	0.24858075	72	0
triangular_peak_plus100	efficacy_focused	MALAT1_A549_NGG_0013	0.1225	0.2580175	69	0
triangular_peak_plus100	efficacy_focused	MALAT1_A549_NGG_0014	0.12416667	0.25291825	71	0
triangular_peak_plus100	efficacy_focused	MALAT1_A549_NGG_0015	0.1325	0.44582575	27	0
triangular_peak_plus100	efficacy_focused	MALAT1_A549_NGG_0016	0.19083333	0.3036815	59	0
triangular_peak_plus100	efficacy_focused	MALAT1_A549_NGG_0017	0.1925	0.329346	50	0
triangular_peak_plus100	efficacy_focused	MALAT1_A549_NGG_0018	0.2075	0.26997525	65	0
triangular_peak_plus100	efficacy_focused	MALAT1_A549_NGG_0019	0.2125	0.2703105	64	0
triangular_peak_plus100	efficacy_focused	MALAT1_A549_NGG_0020	0.2325	0.19726875	81	0
triangular_peak_plus100	efficacy_focused	MALAT1_A549_NGG_0021	0.27083333	0.3070495	55	0
triangular_peak_plus100	efficacy_focused	MALAT1_A549_NGG_0022	0.28416667	0.31374075	54	0
triangular_peak_plus100	efficacy_focused	MALAT1_A549_NGG_0023	0.28583333	0.31683825	52	0
triangular_peak_plus100	efficacy_focused	MALAT1_A549_NGG_0024	0.29583333	0.32975775	49	0
triangular_peak_plus100	efficacy_focused	MALAT1_A549_NGG_0025	0.32416667	0.1920945	83	0
triangular_peak_plus100	efficacy_focused	MALAT1_A549_NGG_0026	0.32583333	0.20413775	79	0
triangular_peak_plus100	efficacy_focused	MALAT1_A549_NGG_0027	0.3275	0.27639875	62	0
triangular_peak_plus100	efficacy_focused	MALAT1_A549_NGG_0028	0.32916667	0.3429055	45	0
triangular_peak_plus100	efficacy_focused	MALAT1_A549_NGG_0029	0.34583333	0.227242	74	0
triangular_peak_plus100	efficacy_focused	MALAT1_A549_NGG_0030	0.36083333	0.31489075	53	0
triangular_peak_plus100	efficacy_focused	MALAT1_A549_NGG_0031	0.40583333	0.21048625	77	0
triangular_peak_plus100	efficacy_focused	MALAT1_A549_NGG_0032	0.4075	0.197611	80	0
triangular_peak_plus100	efficacy_focused	MALAT1_A549_NGG_0033	0.4375	0.207735	78	0
triangular_peak_plus100	efficacy_focused	MALAT1_A549_NGG_0034	0.5025	0.4190085	31	0
triangular_peak_plus100	efficacy_focused	MALAT1_A549_NGG_0035	0.5875	0.2376565	73	0
triangular_peak_plus100	efficacy_focused	MALAT1_A549_NGG_0036	0.65583333	0.3368135	47	0
triangular_peak_plus100	efficacy_focused	MALAT1_A549_NGG_0037	0.67416667	0.29255775	60	0
triangular_peak_plus100	efficacy_focused	MALAT1_A549_NGG_0038	0.68583333	0.285668	61	0
triangular_peak_plus100	efficacy_focused	MALAT1_A549_NGG_0039	0.69083333	0.30679275	56	0
triangular_peak_plus100	efficacy_focused	MALAT1_A549_NGG_0040	0.69583333	0.47119725	23	0
triangular_peak_plus100	efficacy_focused	MALAT1_A549_NGG_0041	0.7025	0.474594	22	0
triangular_peak_plus100	efficacy_focused	MALAT1_A549_NGG_0042	0.70416667	0.50864275	18	0
triangular_peak_plus100	efficacy_focused	MALAT1_A549_NGG_0043	0.70916667	0.481104	21	0
triangular_peak_plus100	efficacy_focused	MALAT1_A549_NGG_0044	0.71083333	0.43714525	30	0
triangular_peak_plus100	efficacy_focused	MALAT1_A549_NGG_0045	0.72583333	0.710644	4	1
triangular_peak_plus100	efficacy_focused	MALAT1_A549_NGG_0046	0.7625	0.7742185	1	1
triangular_peak_plus100	efficacy_focused	MALAT1_A549_NGG_0047	0.79583333	0.75909375	2	1
triangular_peak_plus100	efficacy_focused	MALAT1_A549_NGG_0048	0.80916667	0.728704	3	1
triangular_peak_plus100	efficacy_focused	MALAT1_A549_NGG_0049	0.81583333	0.6392095	5	0
triangular_peak_plus100	efficacy_focused	MALAT1_A549_NGG_0050	0.82083333	0.5396705	17	0
triangular_peak_plus100	efficacy_focused	MALAT1_A549_NGG_0051	0.82916667	0.58807425	9	0
triangular_peak_plus100	efficacy_focused	MALAT1_A549_NGG_0052	0.82916667	0.623587	7	0
triangular_peak_plus100	efficacy_focused	MALAT1_A549_NGG_0053	0.83083333	0.632889	6	0
triangular_peak_plus100	efficacy_focused	MALAT1_A549_NGG_0054	0.85083333	0.574787	10	0
triangular_peak_plus100	efficacy_focused	MALAT1_A549_NGG_0055	0.8525	0.58819925	8	0
triangular_peak_plus100	efficacy_focused	MALAT1_A549_NGG_0056	0.85416667	0.5707155	11	0
triangular_peak_plus100	efficacy_focused	MALAT1_A549_NGG_0057	0.87416667	0.562284	14	0
triangular_peak_plus100	efficacy_focused	MALAT1_A549_NGG_0058	0.87583333	0.56768075	12	0
triangular_peak_plus100	efficacy_focused	MALAT1_A549_NGG_0059	0.8775	0.55172475	16	0
triangular_peak_plus100	efficacy_focused	MALAT1_A549_NGG_0060	0.8775	0.5659195	13	0
triangular_peak_plus100	efficacy_focused	MALAT1_A549_NGG_0061	0.87916667	0.55287075	15	0
triangular_peak_plus100	efficacy_focused	MALAT1_A549_NGG_0062	0.88583333	0.45072875	25	0
triangular_peak_plus100	efficacy_focused	MALAT1_A549_NGG_0063	0.89083333	0.440031	29	0
triangular_peak_plus100	efficacy_focused	MALAT1_A549_NGG_0064	0.90583333	0.44534425	28	0
triangular_peak_plus100	efficacy_focused	MALAT1_A549_NGG_0065	0.95416667	0.44997125	26	0
triangular_peak_plus100	efficacy_focused	MALAT1_A549_NGG_0066	0.95875	0.46156575	24	0
triangular_peak_plus100	efficacy_focused	MALAT1_A549_NGG_0067	0.72125	0.40534575	32	0
triangular_peak_plus100	efficacy_focused	MALAT1_A549_NGG_0068	0.71125	0.38591225	35	0
triangular_peak_plus100	efficacy_focused	MALAT1_A549_NGG_0069	0.67875	0.35670575	39	0
triangular_peak_plus100	efficacy_focused	MALAT1_A549_NGG_0070	0.63625	0.26689525	66	0
triangular_peak_plus100	efficacy_focused	MALAT1_A549_NGG_0071	0.62875	0.4814315	20	1
triangular_peak_plus100	efficacy_focused	MALAT1_A549_NGG_0072	0.57375	0.352702	41	0
triangular_peak_plus100	efficacy_focused	MALAT1_A549_NGG_0073	0.48125	0.2126255	76	0
triangular_peak_plus100	efficacy_focused	MALAT1_A549_NGG_0074	0.39875	0.39270625	34	0
triangular_peak_plus100	efficacy_focused	MALAT1_A549_NGG_0075	0.39625	0.304421	58	0
triangular_peak_plus100	efficacy_focused	MALAT1_A549_NGG_0076	0.39375	0.49392275	19	1
triangular_peak_plus100	efficacy_focused	MALAT1_A549_NGG_0077	0.39125	0.34279	46	0
triangular_peak_plus100	efficacy_focused	MALAT1_A549_NGG_0078	0.38875	0.3313895	48	0
triangular_peak_plus100	efficacy_focused	MALAT1_A549_NGG_0079	0.36125	0.3952945	33	0
triangular_peak_plus100	efficacy_focused	MALAT1_A549_NGG_0080	0.33375	0.19322225	82	0
triangular_peak_plus100	efficacy_focused	MALAT1_A549_NGG_0081	0.23625	0.1775125	84	0
triangular_peak_plus100	efficacy_focused	MALAT1_A549_NGG_0082	0.18625	0.154378	86	0
triangular_peak_plus100	efficacy_focused	MALAT1_A549_NGG_0083	0.11125	0.2229435	75	0
triangular_peak_plus100	efficacy_focused	MALAT1_A549_NGG_0084	0.06375	0.16336925	85	0
triangular_peak_plus100	efficacy_focused	MALAT1_A549_NGG_0085	0.03125	0.36733	37	0
triangular_peak_plus100	efficacy_focused	MALAT1_A549_NGG_0086	0.02875	0.34763125	42	0
triangular_peak_plus100	safety_focused	MALAT1_A549_NGG_0001	0.01916667	0.59630177	7	0
triangular_peak_plus100	safety_focused	MALAT1_A549_NGG_0002	0.02083333	0.56949723	9	0
triangular_peak_plus100	safety_focused	MALAT1_A549_NGG_0003	0.0225	0.5594417	10	0
triangular_peak_plus100	safety_focused	MALAT1_A549_NGG_0004	0.02416667	0.55173127	12	0
triangular_peak_plus100	safety_focused	MALAT1_A549_NGG_0005	0.07916667	0.54120257	14	0
triangular_peak_plus100	safety_focused	MALAT1_A549_NGG_0006	0.08416667	0.38089167	52	0
triangular_peak_plus100	safety_focused	MALAT1_A549_NGG_0007	0.09583333	0.45288653	26	0
triangular_peak_plus100	safety_focused	MALAT1_A549_NGG_0008	0.0975	0.3931381	46	0
triangular_peak_plus100	safety_focused	MALAT1_A549_NGG_0009	0.1025	0.3858924	50	0
triangular_peak_plus100	safety_focused	MALAT1_A549_NGG_0010	0.10416667	0.43315487	29	0
triangular_peak_plus100	safety_focused	MALAT1_A549_NGG_0011	0.10583333	0.37159923	58	0
triangular_peak_plus100	safety_focused	MALAT1_A549_NGG_0012	0.11583333	0.36360523	60	0
triangular_peak_plus100	safety_focused	MALAT1_A549_NGG_0013	0.1225	0.373796	54	0
triangular_peak_plus100	safety_focused	MALAT1_A549_NGG_0014	0.12416667	0.36739357	59	0
triangular_peak_plus100	safety_focused	MALAT1_A549_NGG_0015	0.1325	0.5974659	6	0
triangular_peak_plus100	safety_focused	MALAT1_A549_NGG_0016	0.19083333	0.41697613	35	0
triangular_peak_plus100	safety_focused	MALAT1_A549_NGG_0017	0.1925	0.4474902	28	0
triangular_peak_plus100	safety_focused	MALAT1_A549_NGG_0018	0.2075	0.3736953	55	0
triangular_peak_plus100	safety_focused	MALAT1_A549_NGG_0019	0.2125	0.3732476	56	0
triangular_peak_plus100	safety_focused	MALAT1_A549_NGG_0020	0.2325	0.2521975	70	0
triangular_peak_plus100	safety_focused	MALAT1_A549_NGG_0021	0.27083333	0.40741773	41	0
triangular_peak_plus100	safety_focused	MALAT1_A549_NGG_0022	0.28416667	0.41318057	38	0
triangular_peak_plus100	safety_focused	MALAT1_A549_NGG_0023	0.28583333	0.41661423	36	0
triangular_peak_plus100	safety_focused	MALAT1_A549_NGG_0024	0.29583333	0.43041763	30	0
triangular_peak_plus100	safety_focused	MALAT1_A549_NGG_0025	0.32416667	0.23040507	75	0
triangular_peak_plus100	safety_focused	MALAT1_A549_NGG_0026	0.32583333	0.24457363	71	0
triangular_peak_plus100	safety_focused	MALAT1_A549_NGG_0027	0.3275	0.3310035	63	0
triangular_peak_plus100	safety_focused	MALAT1_A549_NGG_0028	0.32916667	0.41052827	40	0
triangular_peak_plus100	safety_focused	MALAT1_A549_NGG_0029	0.34583333	0.26889873	68	0
triangular_peak_plus100	safety_focused	MALAT1_A549_NGG_0030	0.36083333	0.40152723	43	0
triangular_peak_plus100	safety_focused	MALAT1_A549_NGG_0031	0.40583333	0.23859183	74	0
triangular_peak_plus100	safety_focused	MALAT1_A549_NGG_0032	0.4075	0.2228582	80	0
triangular_peak_plus100	safety_focused	MALAT1_A549_NGG_0033	0.4375	0.229907	77	0
triangular_peak_plus100	safety_focused	MALAT1_A549_NGG_0034	0.5025	0.5023852	19	0
triangular_peak_plus100	safety_focused	MALAT1_A549_NGG_0035	0.5875	0.2403128	72	0
triangular_peak_plus100	safety_focused	MALAT1_A549_NGG_0036	0.65583333	0.34768453	61	0
triangular_peak_plus100	safety_focused	MALAT1_A549_NGG_0037	0.67416667	0.29146097	66	0
triangular_peak_plus100	safety_focused	MALAT1_A549_NGG_0038	0.68583333	0.28120993	67	0
triangular_peak_plus100	safety_focused	MALAT1_A549_NGG_0039	0.69083333	0.30570963	64	0
triangular_peak_plus100	safety_focused	MALAT1_A549_NGG_0040	0.69583333	0.53214503	16	0
triangular_peak_plus100	safety_focused	MALAT1_A549_NGG_0041	0.7025	0.5350878	15	0
triangular_peak_plus100	safety_focused	MALAT1_A549_NGG_0042	0.70416667	0.57566297	8	0
triangular_peak_plus100	safety_focused	MALAT1_A549_NGG_0043	0.70916667	0.54176647	13	0
triangular_peak_plus100	safety_focused	MALAT1_A549_NGG_0044	0.71083333	0.48873263	22	0
triangular_peak_plus100	safety_focused	MALAT1_A549_NGG_0045	0.72583333	0.64438113	4	1
triangular_peak_plus100	safety_focused	MALAT1_A549_NGG_0046	0.7625	0.7144372	1	1
triangular_peak_plus100	safety_focused	MALAT1_A549_NGG_0047	0.79583333	0.69062083	2	1
triangular_peak_plus100	safety_focused	MALAT1_A549_NGG_0048	0.80916667	0.65188647	3	1
triangular_peak_plus100	safety_focused	MALAT1_A549_NGG_0049	0.81583333	0.51335973	18	0
triangular_peak_plus100	safety_focused	MALAT1_A549_NGG_0050	0.82083333	0.33806293	62	0
triangular_peak_plus100	safety_focused	MALAT1_A549_NGG_0051	0.82916667	0.42473077	33	0
triangular_peak_plus100	safety_focused	MALAT1_A549_NGG_0052	0.82916667	0.46734607	25	0
triangular_peak_plus100	safety_focused	MALAT1_A549_NGG_0053	0.83083333	0.47822513	24	0
triangular_peak_plus100	safety_focused	MALAT1_A549_NGG_0054	0.85083333	0.40510273	42	0
triangular_peak_plus100	safety_focused	MALAT1_A549_NGG_0055	0.8525	0.4209141	34	0
triangular_peak_plus100	safety_focused	MALAT1_A549_NGG_0056	0.85416667	0.39965027	44	0
triangular_peak_plus100	safety_focused	MALAT1_A549_NGG_0057	0.87416667	0.38613247	49	0
triangular_peak_plus100	safety_focused	MALAT1_A549_NGG_0058	0.87583333	0.39232523	47	0
triangular_peak_plus100	safety_focused	MALAT1_A549_NGG_0059	0.8775	0.3728947	57	0
triangular_peak_plus100	safety_focused	MALAT1_A549_NGG_0060	0.8775	0.3899284	48	0
triangular_peak_plus100	safety_focused	MALAT1_A549_NGG_0061	0.87916667	0.37398657	53	0
triangular_peak_plus100	safety_focused	MALAT1_A549_NGG_0062	0.88583333	0.22028283	82	0
triangular_peak_plus100	safety_focused	MALAT1_A549_NGG_0063	0.89083333	0.20659553	86	0
triangular_peak_plus100	safety_focused	MALAT1_A549_NGG_0064	0.90583333	0.21042143	83	0
triangular_peak_plus100	safety_focused	MALAT1_A549_NGG_0065	0.95416667	0.20775717	85	0
triangular_peak_plus100	safety_focused	MALAT1_A549_NGG_0066	0.95875	0.2208914	81	0
triangular_peak_plus100	safety_focused	MALAT1_A549_NGG_0067	0.72125	0.4488024	27	0
triangular_peak_plus100	safety_focused	MALAT1_A549_NGG_0068	0.71125	0.4271822	32	0
triangular_peak_plus100	safety_focused	MALAT1_A549_NGG_0069	0.67875	0.3976594	45	0
triangular_peak_plus100	safety_focused	MALAT1_A549_NGG_0070	0.63625	0.2671118	69	0
triangular_peak_plus100	safety_focused	MALAT1_A549_NGG_0071	0.62875	0.5558303	11	1
triangular_peak_plus100	safety_focused	MALAT1_A549_NGG_0072	0.57375	0.4107049	39	0
triangular_peak_plus100	safety_focused	MALAT1_A549_NGG_0073	0.48125	0.2283381	78	0
triangular_peak_plus100	safety_focused	MALAT1_A549_NGG_0074	0.39875	0.48846	23	0
triangular_peak_plus100	safety_focused	MALAT1_A549_NGG_0075	0.39625	0.3829427	51	0
triangular_peak_plus100	safety_focused	MALAT1_A549_NGG_0076	0.39375	0.6107698	5	1
triangular_peak_plus100	safety_focused	MALAT1_A549_NGG_0077	0.39125	0.4298355	31	0
triangular_peak_plus100	safety_focused	MALAT1_A549_NGG_0078	0.38875	0.4165799	37	0
triangular_peak_plus100	safety_focused	MALAT1_A549_NGG_0079	0.36125	0.4979409	20	0
triangular_peak_plus100	safety_focused	MALAT1_A549_NGG_0080	0.33375	0.2301292	76	0
triangular_peak_plus100	safety_focused	MALAT1_A549_NGG_0081	0.23625	0.2278525	79	0
triangular_peak_plus100	safety_focused	MALAT1_A549_NGG_0082	0.18625	0.2085911	84	0
triangular_peak_plus100	safety_focused	MALAT1_A549_NGG_0083	0.11125	0.3036197	65	0
triangular_peak_plus100	safety_focused	MALAT1_A549_NGG_0084	0.06375	0.2402056	73	0
triangular_peak_plus100	safety_focused	MALAT1_A549_NGG_0085	0.03125	0.5204835	17	0
triangular_peak_plus100	safety_focused	MALAT1_A549_NGG_0086	0.02875	0.49727	21	0
gaussian_center_plus100_sigma200	balanced	MALAT1_A549_NGG_0001	0.0131787	0.53063106	11	0
gaussian_center_plus100_sigma200	balanced	MALAT1_A549_NGG_0002	0.01337386	0.50818433	16	0
gaussian_center_plus100_sigma200	balanced	MALAT1_A549_NGG_0003	0.01357157	0.49969549	19	0
gaussian_center_plus100_sigma200	balanced	MALAT1_A549_NGG_0004	0.01377186	0.49316128	21	0
gaussian_center_plus100_sigma200	balanced	MALAT1_A549_NGG_0005	0.02202222	0.48104158	26	0
gaussian_center_plus100_sigma200	balanced	MALAT1_A549_NGG_0006	0.02295136	0.3430052	54	0
gaussian_center_plus100_sigma200	balanced	MALAT1_A549_NGG_0007	0.02525255	0.40237388	42	0
gaussian_center_plus100_sigma200	balanced	MALAT1_A549_NGG_0008	0.02559705	0.35249631	52	0
gaussian_center_plus100_sigma200	balanced	MALAT1_A549_NGG_0009	0.02665501	0.34620025	53	0
gaussian_center_plus100_sigma200	balanced	MALAT1_A549_NGG_0010	0.02701594	0.38550089	45	0
gaussian_center_plus100_sigma200	balanced	MALAT1_A549_NGG_0011	0.02738108	0.33412041	57	0
gaussian_center_plus100_sigma200	balanced	MALAT1_A549_NGG_0012	0.02966231	0.3269676	62	0
gaussian_center_plus100_sigma200	balanced	MALAT1_A549_NGG_0013	0.03127213	0.33514582	56	0
gaussian_center_plus100_sigma200	balanced	MALAT1_A549_NGG_0014	0.03168607	0.32973366	60	0
gaussian_center_plus100_sigma200	balanced	MALAT1_A549_NGG_0015	0.03382676	0.52108726	13	0
gaussian_center_plus100_sigma200	balanced	MALAT1_A549_NGG_0016	0.05252962	0.36862344	47	0
gaussian_center_plus100_sigma200	balanced	MALAT1_A549_NGG_0017	0.05317042	0.39400906	43	0
gaussian_center_plus100_sigma200	balanced	MALAT1_A549_NGG_0018	0.05923438	0.33217291	58	0
gaussian_center_plus100_sigma200	balanced	MALAT1_A549_NGG_0019	0.06137804	0.33170471	59	0
gaussian_center_plus100_sigma200	balanced	MALAT1_A549_NGG_0020	0.07059802	0.20554595	80	0
gaussian_center_plus100_sigma200	balanced	MALAT1_A549_NGG_0021	0.09139376	0.35982106	50	0
gaussian_center_plus100_sigma200	balanced	MALAT1_A549_NGG_0022	0.09967124	0.36475394	49	0
gaussian_center_plus100_sigma200	balanced	MALAT1_A549_NGG_0023	0.10074597	0.36763764	48	0
gaussian_center_plus100_sigma200	balanced	MALAT1_A549_NGG_0024	0.10738571	0.37930311	46	0
gaussian_center_plus100_sigma200	balanced	MALAT1_A549_NGG_0025	0.12804441	0.18836366	85	0
gaussian_center_plus100_sigma200	balanced	MALAT1_A549_NGG_0026	0.12934744	0.20022737	82	0
gaussian_center_plus100_sigma200	balanced	MALAT1_A549_NGG_0027	0.13066047	0.27231032	73	0
gaussian_center_plus100_sigma200	balanced	MALAT1_A549_NGG_0028	0.13198353	0.33864053	55	0
gaussian_center_plus100_sigma200	balanced	MALAT1_A549_NGG_0029	0.14577322	0.22129548	78	0
gaussian_center_plus100_sigma200	balanced	MALAT1_A549_NGG_0030	0.15907124	0.35756394	51	0
gaussian_center_plus100_sigma200	balanced	MALAT1_A549_NGG_0031	0.20420046	0.19980382	83	0
gaussian_center_plus100_sigma200	balanced	MALAT1_A549_NGG_0032	0.20602595	0.18682739	86	0
gaussian_center_plus100_sigma200	balanced	MALAT1_A549_NGG_0033	0.24079047	0.19541607	84	0
gaussian_center_plus100_sigma200	balanced	MALAT1_A549_NGG_0034	0.3283162	0.45519343	35	0
gaussian_center_plus100_sigma200	balanced	MALAT1_A549_NGG_0035	0.46500686	0.22522003	76	0
gaussian_center_plus100_sigma200	balanced	MALAT1_A549_NGG_0036	0.5868253	0.32727479	61	0
gaussian_center_plus100_sigma200	balanced	MALAT1_A549_NGG_0037	0.62017528	0.28389654	70	0
gaussian_center_plus100_sigma200	balanced	MALAT1_A549_NGG_0038	0.6413672	0.27756058	72	0
gaussian_center_plus100_sigma200	balanced	MALAT1_A549_NGG_0039	0.65042575	0.29891911	68	0
gaussian_center_plus100_sigma200	balanced	MALAT1_A549_NGG_0040	0.65946385	0.51355433	15	0
gaussian_center_plus100_sigma200	balanced	MALAT1_A549_NGG_0041	0.67147525	0.51725279	14	0
gaussian_center_plus100_sigma200	balanced	MALAT1_A549_NGG_0042	0.67446997	0.55137575	9	0
gaussian_center_plus100_sigma200	balanced	MALAT1_A549_NGG_0043	0.68343199	0.5240563	12	0
gaussian_center_plus100_sigma200	balanced	MALAT1_A549_NGG_0044	0.6864114	0.48016946	29	0
gaussian_center_plus100_sigma200	balanced	MALAT1_A549_NGG_0045	0.71301478	0.67928372	4	1
gaussian_center_plus100_sigma200	balanced	MALAT1_A549_NGG_0046	0.77582514	0.74402977	1	1
gaussian_center_plus100_sigma200	balanced	MALAT1_A549_NGG_0047	0.82896435	0.7293759	2	1
gaussian_center_plus100_sigma200	balanced	MALAT1_A549_NGG_0048	0.84884547	0.69896832	3	1
gaussian_center_plus100_sigma200	balanced	MALAT1_A549_NGG_0049	0.8584489	0.55941433	6	0
gaussian_center_plus100_sigma200	balanced	MALAT1_A549_NGG_0050	0.86549548	0.40980732	41	0
gaussian_center_plus100_sigma200	balanced	MALAT1_A549_NGG_0051	0.87692998	0.50805125	17	0
gaussian_center_plus100_sigma200	balanced	MALAT1_A549_NGG_0052	0.87692998	0.543564	10	0
gaussian_center_plus100_sigma200	balanced	MALAT1_A549_NGG_0053	0.87916901	0.55282685	8	0
gaussian_center_plus100_sigma200	balanced	MALAT1_A549_NGG_0054	0.90472149	0.49405772	20	0
gaussian_center_plus100_sigma200	balanced	MALAT1_A549_NGG_0055	0.90673674	0.50739726	18	0
gaussian_center_plus100_sigma200	balanced	MALAT1_A549_NGG_0056	0.90873376	0.48983806	22	0
gaussian_center_plus100_sigma200	balanced	MALAT1_A549_NGG_0057	0.93122615	0.48028042	28	0
gaussian_center_plus100_sigma200	balanced	MALAT1_A549_NGG_0058	0.93297383	0.48556432	23	0
gaussian_center_plus100_sigma200	balanced	MALAT1_A549_NGG_0059	0.93470143	0.46949246	33	0
gaussian_center_plus100_sigma200	balanced	MALAT1_A549_NGG_0060	0.93470143	0.48368721	24	0
gaussian_center_plus100_sigma200	balanced	MALAT1_A549_NGG_0061	0.93640882	0.47051957	32	0
gaussian_center_plus100_sigma200	balanced	MALAT1_A549_NGG_0062	0.94303383	0.31787132	64	0
gaussian_center_plus100_sigma200	balanced	MALAT1_A549_NGG_0063	0.9477845	0.30676117	67	0
gaussian_center_plus100_sigma200	balanced	MALAT1_A549_NGG_0064	0.96088252	0.31066413	65	0
gaussian_center_plus100_sigma200	balanced	MALAT1_A549_NGG_0065	0.99059142	0.30887246	66	0
gaussian_center_plus100_sigma200	balanced	MALAT1_A549_NGG_0066	0.99660266	0.3203374	63	0
gaussian_center_plus100_sigma200	balanced	MALAT1_A549_NGG_0067	0.85607	0.471475	31	0
gaussian_center_plus100_sigma200	balanced	MALAT1_A549_NGG_0068	0.84640854	0.45284228	36	0
gaussian_center_plus100_sigma200	balanced	MALAT1_A549_NGG_0069	0.81350507	0.42601276	39	0
gaussian_center_plus100_sigma200	balanced	MALAT1_A549_NGG_0070	0.76749131	0.2888627	69	0
gaussian_center_plus100_sigma200	balanced	MALAT1_A549_NGG_0071	0.75907619	0.55382418	7	1
gaussian_center_plus100_sigma200	balanced	MALAT1_A549_NGG_0072	0.69532346	0.42790677	37	0
gaussian_center_plus100_sigma200	balanced	MALAT1_A549_NGG_0073	0.58379632	0.2419137	74	0
gaussian_center_plus100_sigma200	balanced	MALAT1_A549_NGG_0074	0.48529267	0.4757814	30	0
gaussian_center_plus100_sigma200	balanced	MALAT1_A549_NGG_0075	0.48237757	0.38762139	44	0
gaussian_center_plus100_sigma200	balanced	MALAT1_A549_NGG_0076	0.479468	0.5772492	5	1
gaussian_center_plus100_sigma200	balanced	MALAT1_A549_NGG_0077	0.47656406	0.42624336	38	0
gaussian_center_plus100_sigma200	balanced	MALAT1_A549_NGG_0078	0.47366587	0.41497063	40	0
gaussian_center_plus100_sigma200	balanced	MALAT1_A549_NGG_0079	0.44219553	0.48034258	27	0
gaussian_center_plus100_sigma200	balanced	MALAT1_A549_NGG_0080	0.41156919	0.22986388	75	0
gaussian_center_plus100_sigma200	balanced	MALAT1_A549_NGG_0081	0.31141523	0.22106853	79	0
gaussian_center_plus100_sigma200	balanced	MALAT1_A549_NGG_0082	0.26596831	0.202367	81	0
gaussian_center_plus100_sigma200	balanced	MALAT1_A549_NGG_0083	0.20602595	0.27881614	71	0
gaussian_center_plus100_sigma200	balanced	MALAT1_A549_NGG_0084	0.17323121	0.22501018	77	0
gaussian_center_plus100_sigma200	balanced	MALAT1_A549_NGG_0085	0.15305574	0.48325711	25	0
gaussian_center_plus100_sigma200	balanced	MALAT1_A549_NGG_0086	0.15157827	0.46389924	34	0
gaussian_center_plus100_sigma200	efficacy_focused	MALAT1_A549_NGG_0001	0.0131787	0.38161946	37	0
gaussian_center_plus100_sigma200	efficacy_focused	MALAT1_A549_NGG_0002	0.01337386	0.35918737	42	0
gaussian_center_plus100_sigma200	efficacy_focused	MALAT1_A549_NGG_0003	0.01357157	0.35071335	43	0
gaussian_center_plus100_sigma200	efficacy_focused	MALAT1_A549_NGG_0004	0.01377186	0.34419417	45	0
gaussian_center_plus100_sigma200	efficacy_focused	MALAT1_A549_NGG_0005	0.02202222	0.33269325	46	0
gaussian_center_plus100_sigma200	efficacy_focused	MALAT1_A549_NGG_0006	0.02295136	0.24472656	65	0
gaussian_center_plus100_sigma200	efficacy_focused	MALAT1_A549_NGG_0007	0.02525255	0.30426782	49	0
gaussian_center_plus100_sigma200	efficacy_focused	MALAT1_A549_NGG_0008	0.02559705	0.25441609	63	0
gaussian_center_plus100_sigma200	efficacy_focused	MALAT1_A549_NGG_0009	0.02665501	0.24819938	64	0
gaussian_center_plus100_sigma200	efficacy_focused	MALAT1_A549_NGG_0010	0.02701594	0.28752709	54	0
gaussian_center_plus100_sigma200	efficacy_focused	MALAT1_A549_NGG_0011	0.02738108	0.23617399	70	0
gaussian_center_plus100_sigma200	efficacy_focused	MALAT1_A549_NGG_0012	0.02966231	0.22919227	74	0
gaussian_center_plus100_sigma200	efficacy_focused	MALAT1_A549_NGG_0013	0.03127213	0.23749123	67	0
gaussian_center_plus100_sigma200	efficacy_focused	MALAT1_A549_NGG_0014	0.03168607	0.23211012	72	0
gaussian_center_plus100_sigma200	efficacy_focused	MALAT1_A549_NGG_0015	0.03382676	0.42362427	31	0
gaussian_center_plus100_sigma200	efficacy_focused	MALAT1_A549_NGG_0016	0.05252962	0.27256316	59	0
gaussian_center_plus100_sigma200	efficacy_focused	MALAT1_A549_NGG_0017	0.05317042	0.29799684	51	0
gaussian_center_plus100_sigma200	efficacy_focused	MALAT1_A549_NGG_0018	0.05923438	0.23661549	68	0
gaussian_center_plus100_sigma200	efficacy_focused	MALAT1_A549_NGG_0019	0.06137804	0.23630806	69	0
gaussian_center_plus100_sigma200	efficacy_focused	MALAT1_A549_NGG_0020	0.07059802	0.16084081	83	0
gaussian_center_plus100_sigma200	efficacy_focused	MALAT1_A549_NGG_0021	0.09139376	0.26667559	62	0
gaussian_center_plus100_sigma200	efficacy_focused	MALAT1_A549_NGG_0022	0.09967124	0.27222928	60	0
gaussian_center_plus100_sigma200	efficacy_focused	MALAT1_A549_NGG_0023	0.10074597	0.27519359	58	0
gaussian_center_plus100_sigma200	efficacy_focused	MALAT1_A549_NGG_0024	0.10738571	0.28735704	55	0
gaussian_center_plus100_sigma200	efficacy_focused	MALAT1_A549_NGG_0025	0.12804441	0.14796699	86	0
gaussian_center_plus100_sigma200	efficacy_focused	MALAT1_A549_NGG_0026	0.12934744	0.15992843	84	0
gaussian_center_plus100_sigma200	efficacy_focused	MALAT1_A549_NGG_0027	0.13066047	0.23210986	73	0
gaussian_center_plus100_sigma200	efficacy_focused	MALAT1_A549_NGG_0028	0.13198353	0.29853929	50	0
gaussian_center_plus100_sigma200	efficacy_focused	MALAT1_A549_NGG_0029	0.14577322	0.18222848	79	0
gaussian_center_plus100_sigma200	efficacy_focused	MALAT1_A549_NGG_0030	0.15907124	0.26949428	61	0
gaussian_center_plus100_sigma200	efficacy_focused	MALAT1_A549_NGG_0031	0.20420046	0.16511885	81	0
gaussian_center_plus100_sigma200	efficacy_focused	MALAT1_A549_NGG_0032	0.20602595	0.15227934	85	0
gaussian_center_plus100_sigma200	efficacy_focused	MALAT1_A549_NGG_0033	0.24079047	0.16347536	82	0
gaussian_center_plus100_sigma200	efficacy_focused	MALAT1_A549_NGG_0034	0.3283162	0.37981714	39	0
gaussian_center_plus100_sigma200	efficacy_focused	MALAT1_A549_NGG_0035	0.46500686	0.21009554	76	0
gaussian_center_plus100_sigma200	efficacy_focused	MALAT1_A549_NGG_0036	0.5868253	0.32128669	48	0
gaussian_center_plus100_sigma200	efficacy_focused	MALAT1_A549_NGG_0037	0.62017528	0.28040969	56	0
gaussian_center_plus100_sigma200	efficacy_focused	MALAT1_A549_NGG_0038	0.6413672	0.27566312	57	0
gaussian_center_plus100_sigma200	efficacy_focused	MALAT1_A549_NGG_0039	0.65042575	0.29770104	52	0
gaussian_center_plus100_sigma200	efficacy_focused	MALAT1_A549_NGG_0040	0.65946385	0.46301412	25	0
gaussian_center_plus100_sigma200	efficacy_focused	MALAT1_A549_NGG_0041	0.67147525	0.46761343	23	0
gaussian_center_plus100_sigma200	efficacy_focused	MALAT1_A549_NGG_0042	0.67446997	0.50196099	20	0
gaussian_center_plus100_sigma200	efficacy_focused	MALAT1_A549_NGG_0043	0.68343199	0.4753137	21	0
gaussian_center_plus100_sigma200	efficacy_focused	MALAT1_A549_NGG_0044	0.6864114	0.43165031	30	0
gaussian_center_plus100_sigma200	efficacy_focused	MALAT1_A549_NGG_0045	0.71301478	0.70775983	4	1
gaussian_center_plus100_sigma200	efficacy_focused	MALAT1_A549_NGG_0046	0.77582514	0.77721666	1	1
gaussian_center_plus100_sigma200	efficacy_focused	MALAT1_A549_NGG_0047	0.82896435	0.76654823	2	1
gaussian_center_plus100_sigma200	efficacy_focused	MALAT1_A549_NGG_0048	0.84884547	0.73763173	3	1
gaussian_center_plus100_sigma200	efficacy_focused	MALAT1_A549_NGG_0049	0.8584489	0.648798	5	0
gaussian_center_plus100_sigma200	efficacy_focused	MALAT1_A549_NGG_0050	0.86549548	0.54971948	17	0
gaussian_center_plus100_sigma200	efficacy_focused	MALAT1_A549_NGG_0051	0.87692998	0.598821	9	0
gaussian_center_plus100_sigma200	efficacy_focused	MALAT1_A549_NGG_0052	0.87692998	0.63433375	7	0
gaussian_center_plus100_sigma200	efficacy_focused	MALAT1_A549_NGG_0053	0.87916901	0.64376453	6	0
gaussian_center_plus100_sigma200	efficacy_focused	MALAT1_A549_NGG_0054	0.90472149	0.58691184	10	0
gaussian_center_plus100_sigma200	efficacy_focused	MALAT1_A549_NGG_0055	0.90673674	0.60040252	8	0
gaussian_center_plus100_sigma200	efficacy_focused	MALAT1_A549_NGG_0056	0.90873376	0.5829931	11	0
gaussian_center_plus100_sigma200	efficacy_focused	MALAT1_A549_NGG_0057	0.93122615	0.57512238	14	0
gaussian_center_plus100_sigma200	efficacy_focused	MALAT1_A549_NGG_0058	0.93297383	0.58053736	12	0
gaussian_center_plus100_sigma200	efficacy_focused	MALAT1_A549_NGG_0059	0.93470143	0.56459507	16	0
gaussian_center_plus100_sigma200	efficacy_focused	MALAT1_A549_NGG_0060	0.93470143	0.57878982	13	0
gaussian_center_plus100_sigma200	efficacy_focused	MALAT1_A549_NGG_0061	0.93640882	0.56575023	15	0
gaussian_center_plus100_sigma200	efficacy_focused	MALAT1_A549_NGG_0062	0.94303383	0.46359886	24	0
gaussian_center_plus100_sigma200	efficacy_focused	MALAT1_A549_NGG_0063	0.9477845	0.45284501	28	0
gaussian_center_plus100_sigma200	efficacy_focused	MALAT1_A549_NGG_0064	0.96088252	0.45773032	27	0
gaussian_center_plus100_sigma200	efficacy_focused	MALAT1_A549_NGG_0065	0.99059142	0.45816682	26	0
gaussian_center_plus100_sigma200	efficacy_focused	MALAT1_A549_NGG_0066	0.99660266	0.4700826	22	0
gaussian_center_plus100_sigma200	efficacy_focused	MALAT1_A549_NGG_0067	0.85607	0.43568025	29	0
gaussian_center_plus100_sigma200	efficacy_focused	MALAT1_A549_NGG_0068	0.84640854	0.41632292	32	0
gaussian_center_plus100_sigma200	efficacy_focused	MALAT1_A549_NGG_0069	0.81350507	0.38702564	36	0
gaussian_center_plus100_sigma200	efficacy_focused	MALAT1_A549_NGG_0070	0.76749131	0.29642454	53	0
gaussian_center_plus100_sigma200	efficacy_focused	MALAT1_A549_NGG_0071	0.75907619	0.51075489	19	1
gaussian_center_plus100_sigma200	efficacy_focused	MALAT1_A549_NGG_0072	0.69532346	0.38005603	38	0
gaussian_center_plus100_sigma200	efficacy_focused	MALAT1_A549_NGG_0073	0.58379632	0.23569842	71	0
gaussian_center_plus100_sigma200	efficacy_focused	MALAT1_A549_NGG_0074	0.48529267	0.41217835	34	0
gaussian_center_plus100_sigma200	efficacy_focused	MALAT1_A549_NGG_0075	0.48237757	0.3237997	47	0
gaussian_center_plus100_sigma200	efficacy_focused	MALAT1_A549_NGG_0076	0.479468	0.5132093	18	1
gaussian_center_plus100_sigma200	efficacy_focused	MALAT1_A549_NGG_0077	0.47656406	0.36198566	41	0
gaussian_center_plus100_sigma200	efficacy_focused	MALAT1_A549_NGG_0078	0.47366587	0.35049557	44	0
gaussian_center_plus100_sigma200	efficacy_focused	MALAT1_A549_NGG_0079	0.44219553	0.41350724	33	0
gaussian_center_plus100_sigma200	efficacy_focused	MALAT1_A549_NGG_0080	0.41156919	0.21073157	75	0
gaussian_center_plus100_sigma200	efficacy_focused	MALAT1_A549_NGG_0081	0.31141523	0.19442468	77	0
gaussian_center_plus100_sigma200	efficacy_focused	MALAT1_A549_NGG_0082	0.26596831	0.17231462	80	0
gaussian_center_plus100_sigma200	efficacy_focused	MALAT1_A549_NGG_0083	0.20602595	0.24426809	66	0
gaussian_center_plus100_sigma200	efficacy_focused	MALAT1_A549_NGG_0084	0.17323121	0.18800252	78	0
gaussian_center_plus100_sigma200	efficacy_focused	MALAT1_A549_NGG_0085	0.15305574	0.39473629	35	0
gaussian_center_plus100_sigma200	efficacy_focused	MALAT1_A549_NGG_0086	0.15157827	0.37526761	40	0
gaussian_center_plus100_sigma200	safety_focused	MALAT1_A549_NGG_0001	0.0131787	0.59570297	6	0
gaussian_center_plus100_sigma200	safety_focused	MALAT1_A549_NGG_0002	0.01337386	0.56875129	10	0
gaussian_center_plus100_sigma200	safety_focused	MALAT1_A549_NGG_0003	0.01357157	0.55854886	11	0
gaussian_center_plus100_sigma200	safety_focused	MALAT1_A549_NGG_0004	0.01377186	0.55069179	12	0
gaussian_center_plus100_sigma200	safety_focused	MALAT1_A549_NGG_0005	0.02202222	0.53548812	14	0
gaussian_center_plus100_sigma200	safety_focused	MALAT1_A549_NGG_0006	0.02295136	0.37477014	54	0
gaussian_center_plus100_sigma200	safety_focused	MALAT1_A549_NGG_0007	0.02525255	0.44582846	27	0
gaussian_center_plus100_sigma200	safety_focused	MALAT1_A549_NGG_0008	0.02559705	0.38594781	49	0
gaussian_center_plus100_sigma200	safety_focused	MALAT1_A549_NGG_0009	0.02665501	0.3783079	53	0
gaussian_center_plus100_sigma200	safety_focused	MALAT1_A549_NGG_0010	0.02701594	0.42543979	33	0
gaussian_center_plus100_sigma200	safety_focused	MALAT1_A549_NGG_0011	0.02738108	0.36375401	56	0
gaussian_center_plus100_sigma200	safety_focused	MALAT1_A549_NGG_0012	0.02966231	0.35498813	60	0
gaussian_center_plus100_sigma200	safety_focused	MALAT1_A549_NGG_0013	0.03127213	0.36467321	55	0
gaussian_center_plus100_sigma200	safety_focused	MALAT1_A549_NGG_0014	0.03168607	0.35814551	58	0
gaussian_center_plus100_sigma200	safety_focused	MALAT1_A549_NGG_0015	0.03382676	0.58759858	7	0
gaussian_center_plus100_sigma200	safety_focused	MALAT1_A549_NGG_0016	0.05252962	0.40314576	40	0
gaussian_center_plus100_sigma200	safety_focused	MALAT1_A549_NGG_0017	0.05317042	0.43355724	30	0
gaussian_center_plus100_sigma200	safety_focused	MALAT1_A549_NGG_0018	0.05923438	0.35886874	57	0
gaussian_center_plus100_sigma200	safety_focused	MALAT1_A549_NGG_0019	0.06137804	0.3581354	59	0
gaussian_center_plus100_sigma200	safety_focused	MALAT1_A549_NGG_0020	0.07059802	0.2360073	73	0
gaussian_center_plus100_sigma200	safety_focused	MALAT1_A549_NGG_0021	0.09139376	0.38947378	48	0
gaussian_center_plus100_sigma200	safety_focused	MALAT1_A549_NGG_0022	0.09967124	0.39473102	44	0
gaussian_center_plus100_sigma200	safety_focused	MALAT1_A549_NGG_0023	0.10074597	0.3981055	41	0
gaussian_center_plus100_sigma200	safety_focused	MALAT1_A549_NGG_0024	0.10738571	0.41157287	36	0
gaussian_center_plus100_sigma200	safety_focused	MALAT1_A549_NGG_0025	0.12804441	0.21079284	84	0
gaussian_center_plus100_sigma200	safety_focused	MALAT1_A549_NGG_0026	0.12934744	0.22492504	77	0
gaussian_center_plus100_sigma200	safety_focused	MALAT1_A549_NGG_0027	0.13066047	0.31131955	64	0
gaussian_center_plus100_sigma200	safety_focused	MALAT1_A549_NGG_0028	0.13198353	0.39080995	47	0
gaussian_center_plus100_sigma200	safety_focused	MALAT1_A549_NGG_0029	0.14577322	0.24889272	70	0
gaussian_center_plus100_sigma200	safety_focused	MALAT1_A549_NGG_0030	0.15907124	0.38135102	50	0
gaussian_center_plus100_sigma200	safety_focused	MALAT1_A549_NGG_0031	0.20420046	0.21842855	79	0
gaussian_center_plus100_sigma200	safety_focused	MALAT1_A549_NGG_0032	0.20602595	0.2027108	86	0
gaussian_center_plus100_sigma200	safety_focused	MALAT1_A549_NGG_0033	0.24079047	0.21023605	85	0
gaussian_center_plus100_sigma200	safety_focused	MALAT1_A549_NGG_0034	0.3283162	0.48496682	23	0
gaussian_center_plus100_sigma200	safety_focused	MALAT1_A549_NGG_0035	0.46500686	0.22806349	75	0
gaussian_center_plus100_sigma200	safety_focused	MALAT1_A549_NGG_0036	0.5868253	0.34078373	62	0
gaussian_center_plus100_sigma200	safety_focused	MALAT1_A549_NGG_0037	0.62017528	0.28606183	66	0
gaussian_center_plus100_sigma200	safety_focused	MALAT1_A549_NGG_0038	0.6413672	0.27676332	68	0
gaussian_center_plus100_sigma200	safety_focused	MALAT1_A549_NGG_0039	0.65042575	0.30166888	65	0
gaussian_center_plus100_sigma200	safety_focused	MALAT1_A549_NGG_0040	0.65946385	0.52850808	17	0
gaussian_center_plus100_sigma200	safety_focused	MALAT1_A549_NGG_0041	0.67147525	0.53198532	16	0
gaussian_center_plus100_sigma200	safety_focused	MALAT1_A549_NGG_0042	0.67446997	0.5726933	8	0
gaussian_center_plus100_sigma200	safety_focused	MALAT1_A549_NGG_0043	0.68343199	0.539193	13	0
gaussian_center_plus100_sigma200	safety_focused	MALAT1_A549_NGG_0044	0.6864114	0.48629044	22	0
gaussian_center_plus100_sigma200	safety_focused	MALAT1_A549_NGG_0045	0.71301478	0.64309928	4	1
gaussian_center_plus100_sigma200	safety_focused	MALAT1_A549_NGG_0046	0.77582514	0.71576971	1	1
gaussian_center_plus100_sigma200	safety_focused	MALAT1_A549_NGG_0047	0.82896435	0.69393394	2	1
gaussian_center_plus100_sigma200	safety_focused	MALAT1_A549_NGG_0048	0.84884547	0.65585435	3	1
gaussian_center_plus100_sigma200	safety_focused	MALAT1_A549_NGG_0049	0.8584489	0.51762129	18	0
gaussian_center_plus100_sigma200	safety_focused	MALAT1_A549_NGG_0050	0.86549548	0.34252915	61	0
gaussian_center_plus100_sigma200	safety_focused	MALAT1_A549_NGG_0051	0.87692998	0.4295071	31	0
gaussian_center_plus100_sigma200	safety_focused	MALAT1_A549_NGG_0052	0.87692998	0.4721224	25	0
gaussian_center_plus100_sigma200	safety_focused	MALAT1_A549_NGG_0053	0.87916901	0.4830587	24	0
gaussian_center_plus100_sigma200	safety_focused	MALAT1_A549_NGG_0054	0.90472149	0.41049155	38	0
gaussian_center_plus100_sigma200	safety_focused	MALAT1_A549_NGG_0055	0.90673674	0.42633777	32	0
gaussian_center_plus100_sigma200	safety_focused	MALAT1_A549_NGG_0056	0.90873376	0.40510698	39	0
gaussian_center_plus100_sigma200	safety_focused	MALAT1_A549_NGG_0057	0.93122615	0.39183841	45	0
gaussian_center_plus100_sigma200	safety_focused	MALAT1_A549_NGG_0058	0.93297383	0.39803928	42	0
gaussian_center_plus100_sigma200	safety_focused	MALAT1_A549_NGG_0059	0.93470143	0.37861484	52	0
gaussian_center_plus100_sigma200	safety_focused	MALAT1_A549_NGG_0060	0.93470143	0.39564854	43	0
gaussian_center_plus100_sigma200	safety_focused	MALAT1_A549_NGG_0061	0.93640882	0.37971078	51	0
gaussian_center_plus100_sigma200	safety_focused	MALAT1_A549_NGG_0062	0.94303383	0.22600288	76	0
gaussian_center_plus100_sigma200	safety_focused	MALAT1_A549_NGG_0063	0.9477845	0.21229065	82	0
gaussian_center_plus100_sigma200	safety_focused	MALAT1_A549_NGG_0064	0.96088252	0.21592635	81	0
gaussian_center_plus100_sigma200	safety_focused	MALAT1_A549_NGG_0065	0.99059142	0.21139964	83	0
gaussian_center_plus100_sigma200	safety_focused	MALAT1_A549_NGG_0066	0.99660266	0.22467667	78	0
gaussian_center_plus100_sigma200	safety_focused	MALAT1_A549_NGG_0067	0.85607	0.4622844	26	0
gaussian_center_plus100_sigma200	safety_focused	MALAT1_A549_NGG_0068	0.84640854	0.44069805	28	0
gaussian_center_plus100_sigma200	safety_focused	MALAT1_A549_NGG_0069	0.81350507	0.41113491	37	0
gaussian_center_plus100_sigma200	safety_focused	MALAT1_A549_NGG_0070	0.76749131	0.28023593	67	0
gaussian_center_plus100_sigma200	safety_focused	MALAT1_A549_NGG_0071	0.75907619	0.56886292	9	1
gaussian_center_plus100_sigma200	safety_focused	MALAT1_A549_NGG_0072	0.69532346	0.42286225	35	0
gaussian_center_plus100_sigma200	safety_focused	MALAT1_A549_NGG_0073	0.58379632	0.23859273	71	0
gaussian_center_plus100_sigma200	safety_focused	MALAT1_A549_NGG_0074	0.48529267	0.49711427	21	0
gaussian_center_plus100_sigma200	safety_focused	MALAT1_A549_NGG_0075	0.48237757	0.39155546	46	0
gaussian_center_plus100_sigma200	safety_focused	MALAT1_A549_NGG_0076	0.479468	0.6193416	5	1
gaussian_center_plus100_sigma200	safety_focused	MALAT1_A549_NGG_0077	0.47656406	0.43836691	29	0
gaussian_center_plus100_sigma200	safety_focused	MALAT1_A549_NGG_0078	0.47366587	0.42507149	34	0
gaussian_center_plus100_sigma200	safety_focused	MALAT1_A549_NGG_0079	0.44219553	0.50603545	20	0
gaussian_center_plus100_sigma200	safety_focused	MALAT1_A549_NGG_0080	0.41156919	0.23791112	72	0
gaussian_center_plus100_sigma200	safety_focused	MALAT1_A549_NGG_0081	0.31141523	0.23536902	74	0
gaussian_center_plus100_sigma200	safety_focused	MALAT1_A549_NGG_0082	0.26596831	0.21656293	80	0
gaussian_center_plus100_sigma200	safety_focused	MALAT1_A549_NGG_0083	0.20602595	0.3130973	63	0
gaussian_center_plus100_sigma200	safety_focused	MALAT1_A549_NGG_0084	0.17323121	0.25115372	69	0
gaussian_center_plus100_sigma200	safety_focused	MALAT1_A549_NGG_0085	0.15305574	0.53266407	15	0
gaussian_center_plus100_sigma200	safety_focused	MALAT1_A549_NGG_0086	0.15157827	0.50955283	19	0
