profile	candidate_id	rank	rank_acceptability
balanced	MALAT1_A549_NGG_0001	1	0.0
balanced	MALAT1_A549_NGG_0001	2	0.0
balanced	MALAT1_A549_NGG_0001	3	0.0001
balanced	MALAT1_A549_NGG_0001	4	0.0
balanced	MALAT1_A549_NGG_0001	5	0.00023333
balanced	MALAT1_A549_NGG_0001	6	0.00056667
balanced	MALAT1_A549_NGG_0001	7	0.00133333
balanced	MALAT1_A549_NGG_0001	8	0.00186667
balanced	MALAT1_A549_NGG_0001	9	0.00286667
balanced	MALAT1_A549_NGG_0001	10	0.00366667
balanced	MALAT1_A549_NGG_0001	11	0.00353333
balanced	MALAT1_A549_NGG_0001	12	0.00463333
balanced	MALAT1_A549_NGG_0001	13	0.00483333
balanced	MALAT1_A549_NGG_0001	14	0.00583333
balanced	MALAT1_A549_NGG_0001	15	0.0065
balanced	MALAT1_A549_NGG_0001	16	0.00763333
balanced	MALAT1_A549_NGG_0001	17	0.00816667
balanced	MALAT1_A549_NGG_0001	18	0.00863333
balanced	MALAT1_A549_NGG_0001	19	0.00943333
balanced	MALAT1_A549_NGG_0001	20	0.0099
balanced	MALAT1_A549_NGG_0001	21	0.0099
balanced	MALAT1_A549_NGG_0001	22	0.0101
balanced	MALAT1_A549_NGG_0001	23	0.01063333
balanced	MALAT1_A549_NGG_0001	24	0.01183333
balanced	MALAT1_A549_NGG_0001	25	0.0121
balanced	MALAT1_A549_NGG_0001	26	0.0151
balanced	MALAT1_A549_NGG_0001	27	0.01683333
balanced	MALAT1_A549_NGG_0001	28	0.01983333
balanced	MALAT1_A549_NGG_0001	29	0.02346667
balanced	MALAT1_A549_NGG_0001	30	0.02573333
balanced	MALAT1_A549_NGG_0001	31	0.0303
balanced	MALAT1_A549_NGG_0001	32	0.0354
balanced	MALAT1_A549_NGG_0001	33	0.03963333
balanced	MALAT1_A549_NGG_0001	34	0.0486
balanced	MALAT1_A549_NGG_0001	35	0.0598
balanced	MALAT1_A549_NGG_0001	36	0.0727
balanced	MALAT1_A549_NGG_0001	37	0.07816667
balanced	MALAT1_A549_NGG_0001	38	0.09323333
balanced	MALAT1_A549_NGG_0001	39	0.05376667
balanced	MALAT1_A549_NGG_0001	40	0.03566667
balanced	MALAT1_A549_NGG_0001	41	0.02966667
balanced	MALAT1_A549_NGG_0001	42	0.029
balanced	MALAT1_A549_NGG_0001	43	0.04036667
balanced	MALAT1_A549_NGG_0001	44	0.0294
balanced	MALAT1_A549_NGG_0001	45	0.02206667
balanced	MALAT1_A549_NGG_0001	46	0.0166
balanced	MALAT1_A549_NGG_0001	47	0.01226667
balanced	MALAT1_A549_NGG_0001	48	0.00826667
balanced	MALAT1_A549_NGG_0001	49	0.0071
balanced	MALAT1_A549_NGG_0001	50	0.00536667
balanced	MALAT1_A549_NGG_0001	51	0.0035
balanced	MALAT1_A549_NGG_0001	52	0.0034
balanced	MALAT1_A549_NGG_0001	53	0.0023
balanced	MALAT1_A549_NGG_0001	54	0.00223333
balanced	MALAT1_A549_NGG_0001	55	0.00153333
balanced	MALAT1_A549_NGG_0001	56	0.00116667
balanced	MALAT1_A549_NGG_0001	57	0.00093333
balanced	MALAT1_A549_NGG_0001	58	0.0007
balanced	MALAT1_A549_NGG_0001	59	0.00043333
balanced	MALAT1_A549_NGG_0001	60	0.00036667
balanced	MALAT1_A549_NGG_0001	61	0.00026667
balanced	MALAT1_A549_NGG_0001	62	0.00016667
balanced	MALAT1_A549_NGG_0001	63	0.0
balanced	MALAT1_A549_NGG_0001	64	0.00016667
balanced	MALAT1_A549_NGG_0001	65	6.667e-05
balanced	MALAT1_A549_NGG_0001	66	0.0001
balanced	MALAT1_A549_NGG_0001	67	0.0
balanced	MALAT1_A549_NGG_0001	68	0.0
balanced	MALAT1_A549_NGG_0001	69	0.0
balanced	MALAT1_A549_NGG_0001	70	3.333e-05
balanced	MALAT1_A549_NGG_0001	71	0.0
balanced	MALAT1_A549_NGG_0001	72	0.0
balanced	MALAT1_A549_NGG_0001	73	0.0
balanced	MALAT1_A549_NGG_0001	74	0.0
balanced	MALAT1_A549_NGG_0001	75	0.0
balanced	MALAT1_A549_NGG_0001	76	0.0
balanced	MALAT1_A549_NGG_0001	77	0.0
balanced	MALAT1_A549_NGG_0001	78	0.0
balanced	MALAT1_A549_NGG_0001	79	0.0
balanced	MALAT1_A549_NGG_0001	80	0.0
balanced	MALAT1_A549_NGG_0001	81	0.0
balanced	MALAT1_A549_NGG_0001	82	0.0
balanced	MALAT1_A549_NGG_0001	83	0.0
balanced	MALAT1_A549_NGG_0001	84	0.0
balanced	MALAT1_A549_NGG_0001	85	0.0
balanced	MALAT1_A549_NGG_0001	86	0.0
balanced	MALAT1_A549_NGG_0002	1	0.0
balanced	MALAT1_A549_NGG_0002	2	0.0
balanced	MALAT1_A549_NGG_0002	3	0.0
balanced	MALAT1_A549_NGG_0002	4	3.333e-05
balanced	MALAT1_A549_NGG_0002	5	0.0
balanced	MALAT1_A549_NGG_0002	6	0.0001
balanced	MALAT1_A549_NGG_0002	7	0.00013333
balanced	MALAT1_A549_NGG_0002	8	0.00033333
balanced	MALAT1_A549_NGG_0002	9	0.00066667
balanced	MALAT1_A549_NGG_0002	10	0.00096667
balanced	MALAT1_A549_NGG_0002	11	0.00123333
balanced	MALAT1_A549_NGG_0002	12	0.0014
balanced	MALAT1_A549_NGG_0002	13	0.00203333
balanced	MALAT1_A549_NGG_0002	14	0.0018
balanced	MALAT1_A549_NGG_0002	15	0.00163333
balanced	MALAT1_A549_NGG_0002	16	0.0027
balanced	MALAT1_A549_NGG_0002	17	0.00306667
balanced	MALAT1_A549_NGG_0002	18	0.00346667
balanced	MALAT1_A549_NGG_0002	19	0.00396667
balanced	MALAT1_A549_NGG_0002	20	0.00423333
balanced	MALAT1_A549_NGG_0002	21	0.00513333
balanced	MALAT1_A549_NGG_0002	22	0.0054
balanced	MALAT1_A549_NGG_0002	23	0.0048
balanced	MALAT1_A549_NGG_0002	24	0.00646667
balanced	MALAT1_A549_NGG_0002	25	0.0066
balanced	MALAT1_A549_NGG_0002	26	0.0078
balanced	MALAT1_A549_NGG_0002	27	0.00773333
balanced	MALAT1_A549_NGG_0002	28	0.0086
balanced	MALAT1_A549_NGG_0002	29	0.01066667
balanced	MALAT1_A549_NGG_0002	30	0.01283333
balanced	MALAT1_A549_NGG_0002	31	0.01516667
balanced	MALAT1_A549_NGG_0002	32	0.01893333
balanced	MALAT1_A549_NGG_0002	33	0.02113333
balanced	MALAT1_A549_NGG_0002	34	0.02803333
balanced	MALAT1_A549_NGG_0002	35	0.0362
balanced	MALAT1_A549_NGG_0002	36	0.04506667
balanced	MALAT1_A549_NGG_0002	37	0.06166667
balanced	MALAT1_A549_NGG_0002	38	0.07413333
balanced	MALAT1_A549_NGG_0002	39	0.0929
balanced	MALAT1_A549_NGG_0002	40	0.07916667
balanced	MALAT1_A549_NGG_0002	41	0.06036667
balanced	MALAT1_A549_NGG_0002	42	0.04846667
balanced	MALAT1_A549_NGG_0002	43	0.04043333
balanced	MALAT1_A549_NGG_0002	44	0.04086667
balanced	MALAT1_A549_NGG_0002	45	0.03946667
balanced	MALAT1_A549_NGG_0002	46	0.0318
balanced	MALAT1_A549_NGG_0002	47	0.0292
balanced	MALAT1_A549_NGG_0002	48	0.02363333
balanced	MALAT1_A549_NGG_0002	49	0.01976667
balanced	MALAT1_A549_NGG_0002	50	0.01503333
balanced	MALAT1_A549_NGG_0002	51	0.0131
balanced	MALAT1_A549_NGG_0002	52	0.01213333
balanced	MALAT1_A549_NGG_0002	53	0.00983333
balanced	MALAT1_A549_NGG_0002	54	0.00863333
balanced	MALAT1_A549_NGG_0002	55	0.00576667
balanced	MALAT1_A549_NGG_0002	56	0.0049
balanced	MALAT1_A549_NGG_0002	57	0.0043
balanced	MALAT1_A549_NGG_0002	58	0.00376667
balanced	MALAT1_A549_NGG_0002	59	0.00276667
balanced	MALAT1_A549_NGG_0002	60	0.0026
balanced	MALAT1_A549_NGG_0002	61	0.00253333
balanced	MALAT1_A549_NGG_0002	62	0.00153333
balanced	MALAT1_A549_NGG_0002	63	0.00113333
balanced	MALAT1_A549_NGG_0002	64	0.0004
balanced	MALAT1_A549_NGG_0002	65	0.00053333
balanced	MALAT1_A549_NGG_0002	66	0.0003
balanced	MALAT1_A549_NGG_0002	67	0.00016667
balanced	MALAT1_A549_NGG_0002	68	6.667e-05
balanced	MALAT1_A549_NGG_0002	69	6.667e-05
balanced	MALAT1_A549_NGG_0002	70	0.0
balanced	MALAT1_A549_NGG_0002	71	0.0001
balanced	MALAT1_A549_NGG_0002	72	6.667e-05
balanced	MALAT1_A549_NGG_0002	73	3.333e-05
balanced	MALAT1_A549_NGG_0002	74	0.0
balanced	MALAT1_A549_NGG_0002	75	0.0
balanced	MALAT1_A549_NGG_0002	76	0.0
balanced	MALAT1_A549_NGG_0002	77	3.333e-05
balanced	MALAT1_A549_NGG_0002	78	0.0
balanced	MALAT1_A549_NGG_0002	79	0.0
balanced	MALAT1_A549_NGG_0002	80	0.0
balanced	MALAT1_A549_NGG_0002	81	0.0
balanced	MALAT1_A549_NGG_0002	82	0.0
balanced	MALAT1_A549_NGG_0002	83	0.0
balanced	MALAT1_A549_NGG_0002	84	0.0
balanced	MALAT1_A549_NGG_0002	85	0.0
balanced	MALAT1_A549_NGG_0002	86	0.0
balanced	MALAT1_A549_NGG_0003	1	0.0
balanced	MALAT1_A549_NGG_0003	2	0.0
balanced	MALAT1_A549_NGG_0003	3	0.0
balanced	MALAT1_A549_NGG_0003	4	0.0
balanced	MALAT1_A549_NGG_0003	5	0.0
balanced	MALAT1_A549_NGG_0003	6	6.667e-05
balanced	MALAT1_A549_NGG_0003	7	0.00013333
balanced	MALAT1_A549_NGG_0003	8	0.0002
balanced	MALAT1_A549_NGG_0003	9	0.00043333
balanced	MALAT1_A549_NGG_0003	10	0.0003
balanced	MALAT1_A549_NGG_0003	11	0.00076667
balanced	MALAT1_A549_NGG_0003	12	0.0008
balanced	MALAT1_A549_NGG_0003	13	0.00086667
balanced	MALAT1_A549_NGG_0003	14	0.00143333
balanced	MALAT1_A549_NGG_0003	15	0.00143333
balanced	MALAT1_A549_NGG_0003	16	0.00136667
balanced	MALAT1_A549_NGG_0003	17	0.0021
balanced	MALAT1_A549_NGG_0003	18	0.0025
balanced	MALAT1_A549_NGG_0003	19	0.00273333
balanced	MALAT1_A549_NGG_0003	20	0.0034
balanced	MALAT1_A549_NGG_0003	21	0.00433333
balanced	MALAT1_A549_NGG_0003	22	0.00393333
balanced	MALAT1_A549_NGG_0003	23	0.00463333
balanced	MALAT1_A549_NGG_0003	24	0.00466667
balanced	MALAT1_A549_NGG_0003	25	0.00473333
balanced	MALAT1_A549_NGG_0003	26	0.0049
balanced	MALAT1_A549_NGG_0003	27	0.00526667
balanced	MALAT1_A549_NGG_0003	28	0.00673333
balanced	MALAT1_A549_NGG_0003	29	0.00786667
balanced	MALAT1_A549_NGG_0003	30	0.00786667
balanced	MALAT1_A549_NGG_0003	31	0.0114
balanced	MALAT1_A549_NGG_0003	32	0.01243333
balanced	MALAT1_A549_NGG_0003	33	0.0155
balanced	MALAT1_A549_NGG_0003	34	0.0183
balanced	MALAT1_A549_NGG_0003	35	0.02443333
balanced	MALAT1_A549_NGG_0003	36	0.0326
balanced	MALAT1_A549_NGG_0003	37	0.04413333
balanced	MALAT1_A549_NGG_0003	38	0.06123333
balanced	MALAT1_A549_NGG_0003	39	0.08246667
balanced	MALAT1_A549_NGG_0003	40	0.08706667
balanced	MALAT1_A549_NGG_0003	41	0.07706667
balanced	MALAT1_A549_NGG_0003	42	0.06036667
balanced	MALAT1_A549_NGG_0003	43	0.04433333
balanced	MALAT1_A549_NGG_0003	44	0.04343333
balanced	MALAT1_A549_NGG_0003	45	0.04143333
balanced	MALAT1_A549_NGG_0003	46	0.04173333
balanced	MALAT1_A549_NGG_0003	47	0.0368
balanced	MALAT1_A549_NGG_0003	48	0.03063333
balanced	MALAT1_A549_NGG_0003	49	0.02616667
balanced	MALAT1_A549_NGG_0003	50	0.02213333
balanced	MALAT1_A549_NGG_0003	51	0.01706667
balanced	MALAT1_A549_NGG_0003	52	0.01556667
balanced	MALAT1_A549_NGG_0003	53	0.01426667
balanced	MALAT1_A549_NGG_0003	54	0.01203333
balanced	MALAT1_A549_NGG_0003	55	0.0098
balanced	MALAT1_A549_NGG_0003	56	0.00896667
balanced	MALAT1_A549_NGG_0003	57	0.00773333
balanced	MALAT1_A549_NGG_0003	58	0.0058
balanced	MALAT1_A549_NGG_0003	59	0.00556667
balanced	MALAT1_A549_NGG_0003	60	0.00433333
balanced	MALAT1_A549_NGG_0003	61	0.00306667
balanced	MALAT1_A549_NGG_0003	62	0.0025
balanced	MALAT1_A549_NGG_0003	63	0.00206667
balanced	MALAT1_A549_NGG_0003	64	0.00136667
balanced	MALAT1_A549_NGG_0003	65	0.00096667
balanced	MALAT1_A549_NGG_0003	66	0.0006
balanced	MALAT1_A549_NGG_0003	67	0.00026667
balanced	MALAT1_A549_NGG_0003	68	0.00026667
balanced	MALAT1_A549_NGG_0003	69	0.00026667
balanced	MALAT1_A549_NGG_0003	70	6.667e-05
balanced	MALAT1_A549_NGG_0003	71	0.0002
balanced	MALAT1_A549_NGG_0003	72	3.333e-05
balanced	MALAT1_A549_NGG_0003	73	0.0
balanced	MALAT1_A549_NGG_0003	74	0.0
balanced	MALAT1_A549_NGG_0003	75	0.0
balanced	MALAT1_A549_NGG_0003	76	6.667e-05
balanced	MALAT1_A549_NGG_0003	77	0.0
balanced	MALAT1_A549_NGG_0003	78	0.0
balanced	MALAT1_A549_NGG_0003	79	0.0
balanced	MALAT1_A549_NGG_0003	80	0.0
balanced	MALAT1_A549_NGG_0003	81	0.0
balanced	MALAT1_A549_NGG_0003	82	0.0
balanced	MALAT1_A549_NGG_0003	83	0.0
balanced	MALAT1_A549_NGG_0003	84	0.0
balanced	MALAT1_A549_NGG_0003	85	0.0
balanced	MALAT1_A549_NGG_0003	86	0.0
balanced	MALAT1_A549_NGG_0004	1	0.0
balanced	MALAT1_A549_NGG_0004	2	0.0
balanced	MALAT1_A549_NGG_0004	3	0.0
balanced	MALAT1_A549_NGG_0004	4	0.0
balanced	MALAT1_A549_NGG_0004	5	0.0
balanced	MALAT1_A549_NGG_0004	6	0.0
balanced	MALAT1_A549_NGG_0004	7	6.667e-05
balanced	MALAT1_A549_NGG_0004	8	0.00026667
balanced	MALAT1_A549_NGG_0004	9	0.0001
balanced	MALAT1_A549_NGG_0004	10	0.00016667
balanced	MALAT1_A549_NGG_0004	11	0.00026667
balanced	MALAT1_A549_NGG_0004	12	0.0005
balanced	MALAT1_A549_NGG_0004	13	0.00076667
balanced	MALAT1_A549_NGG_0004	14	0.00086667
balanced	MALAT1_A549_NGG_0004	15	0.00083333
balanced	MALAT1_A549_NGG_0004	16	0.00133333
balanced	MALAT1_A549_NGG_0004	17	0.0013
balanced	MALAT1_A549_NGG_0004	18	0.00183333
balanced	MALAT1_A549_NGG_0004	19	0.00186667
balanced	MALAT1_A549_NGG_0004	20	0.00243333
balanced	MALAT1_A549_NGG_0004	21	0.00226667
balanced	MALAT1_A549_NGG_0004	22	0.00293333
balanced	MALAT1_A549_NGG_0004	23	0.00326667
balanced	MALAT1_A549_NGG_0004	24	0.0031
balanced	MALAT1_A549_NGG_0004	25	0.00413333
balanced	MALAT1_A549_NGG_0004	26	0.004
balanced	MALAT1_A549_NGG_0004	27	0.00486667
balanced	MALAT1_A549_NGG_0004	28	0.00596667
balanced	MALAT1_A549_NGG_0004	29	0.0065
balanced	MALAT1_A549_NGG_0004	30	0.00616667
balanced	MALAT1_A549_NGG_0004	31	0.00796667
balanced	MALAT1_A549_NGG_0004	32	0.00986667
balanced	MALAT1_A549_NGG_0004	33	0.01133333
balanced	MALAT1_A549_NGG_0004	34	0.01473333
balanced	MALAT1_A549_NGG_0004	35	0.01846667
balanced	MALAT1_A549_NGG_0004	36	0.02283333
balanced	MALAT1_A549_NGG_0004	37	0.03433333
balanced	MALAT1_A549_NGG_0004	38	0.049
balanced	MALAT1_A549_NGG_0004	39	0.06916667
balanced	MALAT1_A549_NGG_0004	40	0.0795
balanced	MALAT1_A549_NGG_0004	41	0.08536667
balanced	MALAT1_A549_NGG_0004	42	0.07726667
balanced	MALAT1_A549_NGG_0004	43	0.04966667
balanced	MALAT1_A549_NGG_0004	44	0.04166667
balanced	MALAT1_A549_NGG_0004	45	0.04133333
balanced	MALAT1_A549_NGG_0004	46	0.0398
balanced	MALAT1_A549_NGG_0004	47	0.0409
balanced	MALAT1_A549_NGG_0004	48	0.03683333
balanced	MALAT1_A549_NGG_0004	49	0.0322
balanced	MALAT1_A549_NGG_0004	50	0.02643333
balanced	MALAT1_A549_NGG_0004	51	0.02416667
balanced	MALAT1_A549_NGG_0004	52	0.02106667
balanced	MALAT1_A549_NGG_0004	53	0.01726667
balanced	MALAT1_A549_NGG_0004	54	0.01476667
balanced	MALAT1_A549_NGG_0004	55	0.01306667
balanced	MALAT1_A549_NGG_0004	56	0.01203333
balanced	MALAT1_A549_NGG_0004	57	0.0099
balanced	MALAT1_A549_NGG_0004	58	0.0084
balanced	MALAT1_A549_NGG_0004	59	0.00786667
balanced	MALAT1_A549_NGG_0004	60	0.00646667
balanced	MALAT1_A549_NGG_0004	61	0.0054
balanced	MALAT1_A549_NGG_0004	62	0.004
balanced	MALAT1_A549_NGG_0004	63	0.00383333
balanced	MALAT1_A549_NGG_0004	64	0.00203333
balanced	MALAT1_A549_NGG_0004	65	0.00146667
balanced	MALAT1_A549_NGG_0004	66	0.00143333
balanced	MALAT1_A549_NGG_0004	67	0.00113333
balanced	MALAT1_A549_NGG_0004	68	0.00046667
balanced	MALAT1_A549_NGG_0004	69	0.00036667
balanced	MALAT1_A549_NGG_0004	70	0.00013333
balanced	MALAT1_A549_NGG_0004	71	0.0002
balanced	MALAT1_A549_NGG_0004	72	0.0
balanced	MALAT1_A549_NGG_0004	73	3.333e-05
balanced	MALAT1_A549_NGG_0004	74	0.0
balanced	MALAT1_A549_NGG_0004	75	3.333e-05
balanced	MALAT1_A549_NGG_0004	76	0.0
balanced	MALAT1_A549_NGG_0004	77	0.0
balanced	MALAT1_A549_NGG_0004	78	0.0
balanced	MALAT1_A549_NGG_0004	79	0.0
balanced	MALAT1_A549_NGG_0004	80	0.0
balanced	MALAT1_A549_NGG_0004	81	0.0
balanced	MALAT1_A549_NGG_0004	82	0.0
balanced	MALAT1_A549_NGG_0004	83	0.0
balanced	MALAT1_A549_NGG_0004	84	0.0
balanced	MALAT1_A549_NGG_0004	85	0.0
balanced	MALAT1_A549_NGG_0004	86	0.0
balanced	MALAT1_A549_NGG_0005	1	0.0
balanced	MALAT1_A549_NGG_0005	2	0.0
balanced	MALAT1_A549_NGG_0005	3	0.0
balanced	MALAT1_A549_NGG_0005	4	0.0
balanced	MALAT1_A549_NGG_0005	5	0.0
balanced	MALAT1_A549_NGG_0005	6	0.0
balanced	MALAT1_A549_NGG_0005	7	0.0
balanced	MALAT1_A549_NGG_0005	8	6.667e-05
balanced	MALAT1_A549_NGG_0005	9	6.667e-05
balanced	MALAT1_A549_NGG_0005	10	6.667e-05
balanced	MALAT1_A549_NGG_0005	11	0.0002
balanced	MALAT1_A549_NGG_0005	12	0.00033333
balanced	MALAT1_A549_NGG_0005	13	0.00036667
balanced	MALAT1_A549_NGG_0005	14	0.0005
balanced	MALAT1_A549_NGG_0005	15	0.0006
balanced	MALAT1_A549_NGG_0005	16	0.0004
balanced	MALAT1_A549_NGG_0005	17	0.00086667
balanced	MALAT1_A549_NGG_0005	18	0.00106667
balanced	MALAT1_A549_NGG_0005	19	0.0012
balanced	MALAT1_A549_NGG_0005	20	0.00146667
balanced	MALAT1_A549_NGG_0005	21	0.00233333
balanced	MALAT1_A549_NGG_0005	22	0.0024
balanced	MALAT1_A549_NGG_0005	23	0.00226667
balanced	MALAT1_A549_NGG_0005	24	0.00306667
balanced	MALAT1_A549_NGG_0005	25	0.0032
balanced	MALAT1_A549_NGG_0005	26	0.00326667
balanced	MALAT1_A549_NGG_0005	27	0.00363333
balanced	MALAT1_A549_NGG_0005	28	0.00466667
balanced	MALAT1_A549_NGG_0005	29	0.0042
balanced	MALAT1_A549_NGG_0005	30	0.00486667
balanced	MALAT1_A549_NGG_0005	31	0.00623333
balanced	MALAT1_A549_NGG_0005	32	0.00706667
balanced	MALAT1_A549_NGG_0005	33	0.0085
balanced	MALAT1_A549_NGG_0005	34	0.0122
balanced	MALAT1_A549_NGG_0005	35	0.01673333
balanced	MALAT1_A549_NGG_0005	36	0.0201
balanced	MALAT1_A549_NGG_0005	37	0.02686667
balanced	MALAT1_A549_NGG_0005	38	0.04236667
balanced	MALAT1_A549_NGG_0005	39	0.0606
balanced	MALAT1_A549_NGG_0005	40	0.082
balanced	MALAT1_A549_NGG_0005	41	0.0893
balanced	MALAT1_A549_NGG_0005	42	0.08313333
balanced	MALAT1_A549_NGG_0005	43	0.05696667
balanced	MALAT1_A549_NGG_0005	44	0.04866667
balanced	MALAT1_A549_NGG_0005	45	0.04773333
balanced	MALAT1_A549_NGG_0005	46	0.0468
balanced	MALAT1_A549_NGG_0005	47	0.04623333
balanced	MALAT1_A549_NGG_0005	48	0.03863333
balanced	MALAT1_A549_NGG_0005	49	0.03173333
balanced	MALAT1_A549_NGG_0005	50	0.02886667
balanced	MALAT1_A549_NGG_0005	51	0.0262
balanced	MALAT1_A549_NGG_0005	52	0.01993333
balanced	MALAT1_A549_NGG_0005	53	0.01946667
balanced	MALAT1_A549_NGG_0005	54	0.01686667
balanced	MALAT1_A549_NGG_0005	55	0.0147
balanced	MALAT1_A549_NGG_0005	56	0.01323333
balanced	MALAT1_A549_NGG_0005	57	0.01006667
balanced	MALAT1_A549_NGG_0005	58	0.00853333
balanced	MALAT1_A549_NGG_0005	59	0.00716667
balanced	MALAT1_A549_NGG_0005	60	0.00543333
balanced	MALAT1_A549_NGG_0005	61	0.00473333
balanced	MALAT1_A549_NGG_0005	62	0.00353333
balanced	MALAT1_A549_NGG_0005	63	0.00263333
balanced	MALAT1_A549_NGG_0005	64	0.00223333
balanced	MALAT1_A549_NGG_0005	65	0.001
balanced	MALAT1_A549_NGG_0005	66	0.001
balanced	MALAT1_A549_NGG_0005	67	0.00053333
balanced	MALAT1_A549_NGG_0005	68	0.00056667
balanced	MALAT1_A549_NGG_0005	69	0.0001
balanced	MALAT1_A549_NGG_0005	70	0.00013333
balanced	MALAT1_A549_NGG_0005	71	3.333e-05
balanced	MALAT1_A549_NGG_0005	72	0.0
balanced	MALAT1_A549_NGG_0005	73	0.0
balanced	MALAT1_A549_NGG_0005	74	6.667e-05
balanced	MALAT1_A549_NGG_0005	75	0.0
balanced	MALAT1_A549_NGG_0005	76	0.0
balanced	MALAT1_A549_NGG_0005	77	0.0
balanced	MALAT1_A549_NGG_0005	78	0.0
balanced	MALAT1_A549_NGG_0005	79	0.0
balanced	MALAT1_A549_NGG_0005	80	0.0
balanced	MALAT1_A549_NGG_0005	81	0.0
balanced	MALAT1_A549_NGG_0005	82	0.0
balanced	MALAT1_A549_NGG_0005	83	0.0
balanced	MALAT1_A549_NGG_0005	84	0.0
balanced	MALAT1_A549_NGG_0005	85	0.0
balanced	MALAT1_A549_NGG_0005	86	0.0
balanced	MALAT1_A549_NGG_0006	1	0.0
balanced	MALAT1_A549_NGG_0006	2	0.0
balanced	MALAT1_A549_NGG_0006	3	0.0
balanced	MALAT1_A549_NGG_0006	4	0.0
balanced	MALAT1_A549_NGG_0006	5	0.0
balanced	MALAT1_A549_NGG_0006	6	0.0
balanced	MALAT1_A549_NGG_0006	7	0.0
balanced	MALAT1_A549_NGG_0006	8	0.0
balanced	MALAT1_A549_NGG_0006	9	0.0
balanced	MALAT1_A549_NGG_0006	10	0.0
balanced	MALAT1_A549_NGG_0006	11	0.0
balanced	MALAT1_A549_NGG_0006	12	0.0
balanced	MALAT1_A549_NGG_0006	13	0.0
balanced	MALAT1_A549_NGG_0006	14	0.0
balanced	MALAT1_A549_NGG_0006	15	0.0
balanced	MALAT1_A549_NGG_0006	16	0.0
balanced	MALAT1_A549_NGG_0006	17	0.0
balanced	MALAT1_A549_NGG_0006	18	0.0
balanced	MALAT1_A549_NGG_0006	19	0.0
balanced	MALAT1_A549_NGG_0006	20	0.0
balanced	MALAT1_A549_NGG_0006	21	0.0
balanced	MALAT1_A549_NGG_0006	22	0.0
balanced	MALAT1_A549_NGG_0006	23	0.0
balanced	MALAT1_A549_NGG_0006	24	0.0
balanced	MALAT1_A549_NGG_0006	25	0.0
balanced	MALAT1_A549_NGG_0006	26	0.0
balanced	MALAT1_A549_NGG_0006	27	0.0
balanced	MALAT1_A549_NGG_0006	28	0.0
balanced	MALAT1_A549_NGG_0006	29	0.0
balanced	MALAT1_A549_NGG_0006	30	0.0
balanced	MALAT1_A549_NGG_0006	31	0.0
balanced	MALAT1_A549_NGG_0006	32	0.0
balanced	MALAT1_A549_NGG_0006	33	0.0
balanced	MALAT1_A549_NGG_0006	34	0.0
balanced	MALAT1_A549_NGG_0006	35	0.0
balanced	MALAT1_A549_NGG_0006	36	3.333e-05
balanced	MALAT1_A549_NGG_0006	37	0.0
balanced	MALAT1_A549_NGG_0006	38	0.0
balanced	MALAT1_A549_NGG_0006	39	3.333e-05
balanced	MALAT1_A549_NGG_0006	40	0.00013333
balanced	MALAT1_A549_NGG_0006	41	3.333e-05
balanced	MALAT1_A549_NGG_0006	42	0.00016667
balanced	MALAT1_A549_NGG_0006	43	0.00016667
balanced	MALAT1_A549_NGG_0006	44	0.0003
balanced	MALAT1_A549_NGG_0006	45	0.00083333
balanced	MALAT1_A549_NGG_0006	46	0.00063333
balanced	MALAT1_A549_NGG_0006	47	0.0014
balanced	MALAT1_A549_NGG_0006	48	0.00246667
balanced	MALAT1_A549_NGG_0006	49	0.0041
balanced	MALAT1_A549_NGG_0006	50	0.0065
balanced	MALAT1_A549_NGG_0006	51	0.0108
balanced	MALAT1_A549_NGG_0006	52	0.01683333
balanced	MALAT1_A549_NGG_0006	53	0.02316667
balanced	MALAT1_A549_NGG_0006	54	0.02893333
balanced	MALAT1_A549_NGG_0006	55	0.03286667
balanced	MALAT1_A549_NGG_0006	56	0.03366667
balanced	MALAT1_A549_NGG_0006	57	0.0396
balanced	MALAT1_A549_NGG_0006	58	0.04143333
balanced	MALAT1_A549_NGG_0006	59	0.0437
balanced	MALAT1_A549_NGG_0006	60	0.04576667
balanced	MALAT1_A549_NGG_0006	61	0.04016667
balanced	MALAT1_A549_NGG_0006	62	0.04456667
balanced	MALAT1_A549_NGG_0006	63	0.04506667
balanced	MALAT1_A549_NGG_0006	64	0.04743333
balanced	MALAT1_A549_NGG_0006	65	0.04806667
balanced	MALAT1_A549_NGG_0006	66	0.04566667
balanced	MALAT1_A549_NGG_0006	67	0.0468
balanced	MALAT1_A549_NGG_0006	68	0.04636667
balanced	MALAT1_A549_NGG_0006	69	0.043
balanced	MALAT1_A549_NGG_0006	70	0.03956667
balanced	MALAT1_A549_NGG_0006	71	0.0382
balanced	MALAT1_A549_NGG_0006	72	0.0362
balanced	MALAT1_A549_NGG_0006	73	0.03253333
balanced	MALAT1_A549_NGG_0006	74	0.02906667
balanced	MALAT1_A549_NGG_0006	75	0.02336667
balanced	MALAT1_A549_NGG_0006	76	0.01866667
balanced	MALAT1_A549_NGG_0006	77	0.0136
balanced	MALAT1_A549_NGG_0006	78	0.00986667
balanced	MALAT1_A549_NGG_0006	79	0.0066
balanced	MALAT1_A549_NGG_0006	80	0.0035
balanced	MALAT1_A549_NGG_0006	81	0.00236667
balanced	MALAT1_A549_NGG_0006	82	0.00206667
balanced	MALAT1_A549_NGG_0006	83	0.0015
balanced	MALAT1_A549_NGG_0006	84	0.0011
balanced	MALAT1_A549_NGG_0006	85	0.0007
balanced	MALAT1_A549_NGG_0006	86	0.0004
balanced	MALAT1_A549_NGG_0007	1	0.0
balanced	MALAT1_A549_NGG_0007	2	0.0
balanced	MALAT1_A549_NGG_0007	3	0.0
balanced	MALAT1_A549_NGG_0007	4	0.0
balanced	MALAT1_A549_NGG_0007	5	0.0
balanced	MALAT1_A549_NGG_0007	6	0.0
balanced	MALAT1_A549_NGG_0007	7	0.0
balanced	MALAT1_A549_NGG_0007	8	0.0
balanced	MALAT1_A549_NGG_0007	9	0.0
balanced	MALAT1_A549_NGG_0007	10	0.0
balanced	MALAT1_A549_NGG_0007	11	0.0
balanced	MALAT1_A549_NGG_0007	12	0.0
balanced	MALAT1_A549_NGG_0007	13	0.0
balanced	MALAT1_A549_NGG_0007	14	0.0
balanced	MALAT1_A549_NGG_0007	15	0.0
balanced	MALAT1_A549_NGG_0007	16	0.0
balanced	MALAT1_A549_NGG_0007	17	0.0
balanced	MALAT1_A549_NGG_0007	18	0.00023333
balanced	MALAT1_A549_NGG_0007	19	6.667e-05
balanced	MALAT1_A549_NGG_0007	20	0.00016667
balanced	MALAT1_A549_NGG_0007	21	6.667e-05
balanced	MALAT1_A549_NGG_0007	22	0.0003
balanced	MALAT1_A549_NGG_0007	23	0.00043333
balanced	MALAT1_A549_NGG_0007	24	0.0006
balanced	MALAT1_A549_NGG_0007	25	0.00086667
balanced	MALAT1_A549_NGG_0007	26	0.00093333
balanced	MALAT1_A549_NGG_0007	27	0.0008
balanced	MALAT1_A549_NGG_0007	28	0.00106667
balanced	MALAT1_A549_NGG_0007	29	0.00193333
balanced	MALAT1_A549_NGG_0007	30	0.00276667
balanced	MALAT1_A549_NGG_0007	31	0.00276667
balanced	MALAT1_A549_NGG_0007	32	0.00366667
balanced	MALAT1_A549_NGG_0007	33	0.00436667
balanced	MALAT1_A549_NGG_0007	34	0.00513333
balanced	MALAT1_A549_NGG_0007	35	0.0069
balanced	MALAT1_A549_NGG_0007	36	0.00816667
balanced	MALAT1_A549_NGG_0007	37	0.01193333
balanced	MALAT1_A549_NGG_0007	38	0.01636667
balanced	MALAT1_A549_NGG_0007	39	0.02073333
balanced	MALAT1_A549_NGG_0007	40	0.02486667
balanced	MALAT1_A549_NGG_0007	41	0.0325
balanced	MALAT1_A549_NGG_0007	42	0.0435
balanced	MALAT1_A549_NGG_0007	43	0.0664
balanced	MALAT1_A549_NGG_0007	44	0.06363333
balanced	MALAT1_A549_NGG_0007	45	0.0614
balanced	MALAT1_A549_NGG_0007	46	0.0575
balanced	MALAT1_A549_NGG_0007	47	0.05323333
balanced	MALAT1_A549_NGG_0007	48	0.0514
balanced	MALAT1_A549_NGG_0007	49	0.04893333
balanced	MALAT1_A549_NGG_0007	50	0.0482
balanced	MALAT1_A549_NGG_0007	51	0.04216667
balanced	MALAT1_A549_NGG_0007	52	0.03786667
balanced	MALAT1_A549_NGG_0007	53	0.03356667
balanced	MALAT1_A549_NGG_0007	54	0.0331
balanced	MALAT1_A549_NGG_0007	55	0.03203333
balanced	MALAT1_A549_NGG_0007	56	0.03096667
balanced	MALAT1_A549_NGG_0007	57	0.028
balanced	MALAT1_A549_NGG_0007	58	0.02186667
balanced	MALAT1_A549_NGG_0007	59	0.01806667
balanced	MALAT1_A549_NGG_0007	60	0.01623333
balanced	MALAT1_A549_NGG_0007	61	0.01316667
balanced	MALAT1_A549_NGG_0007	62	0.0135
balanced	MALAT1_A549_NGG_0007	63	0.01106667
balanced	MALAT1_A549_NGG_0007	64	0.00816667
balanced	MALAT1_A549_NGG_0007	65	0.0049
balanced	MALAT1_A549_NGG_0007	66	0.00433333
balanced	MALAT1_A549_NGG_0007	67	0.00326667
balanced	MALAT1_A549_NGG_0007	68	0.00226667
balanced	MALAT1_A549_NGG_0007	69	0.00136667
balanced	MALAT1_A549_NGG_0007	70	0.0011
balanced	MALAT1_A549_NGG_0007	71	0.00053333
balanced	MALAT1_A549_NGG_0007	72	0.00026667
balanced	MALAT1_A549_NGG_0007	73	0.00013333
balanced	MALAT1_A549_NGG_0007	74	3.333e-05
balanced	MALAT1_A549_NGG_0007	75	6.667e-05
balanced	MALAT1_A549_NGG_0007	76	3.333e-05
balanced	MALAT1_A549_NGG_0007	77	6.667e-05
balanced	MALAT1_A549_NGG_0007	78	3.333e-05
balanced	MALAT1_A549_NGG_0007	79	0.0
balanced	MALAT1_A549_NGG_0007	80	0.0
balanced	MALAT1_A549_NGG_0007	81	0.0
balanced	MALAT1_A549_NGG_0007	82	0.0
balanced	MALAT1_A549_NGG_0007	83	0.0
balanced	MALAT1_A549_NGG_0007	84	0.0
balanced	MALAT1_A549_NGG_0007	85	0.0
balanced	MALAT1_A549_NGG_0007	86	0.0
balanced	MALAT1_A549_NGG_0008	1	0.0
balanced	MALAT1_A549_NGG_0008	2	0.0
balanced	MALAT1_A549_NGG_0008	3	0.0
balanced	MALAT1_A549_NGG_0008	4	0.0
balanced	MALAT1_A549_NGG_0008	5	0.0
balanced	MALAT1_A549_NGG_0008	6	0.0
balanced	MALAT1_A549_NGG_0008	7	0.0
balanced	MALAT1_A549_NGG_0008	8	0.0
balanced	MALAT1_A549_NGG_0008	9	0.0
balanced	MALAT1_A549_NGG_0008	10	0.0
balanced	MALAT1_A549_NGG_0008	11	0.0
balanced	MALAT1_A549_NGG_0008	12	0.0
balanced	MALAT1_A549_NGG_0008	13	0.0
balanced	MALAT1_A549_NGG_0008	14	0.0
balanced	MALAT1_A549_NGG_0008	15	0.0
balanced	MALAT1_A549_NGG_0008	16	0.0
balanced	MALAT1_A549_NGG_0008	17	0.0
balanced	MALAT1_A549_NGG_0008	18	0.0
balanced	MALAT1_A549_NGG_0008	19	0.0
balanced	MALAT1_A549_NGG_0008	20	0.0
balanced	MALAT1_A549_NGG_0008	21	0.0
balanced	MALAT1_A549_NGG_0008	22	0.0
balanced	MALAT1_A549_NGG_0008	23	0.0
balanced	MALAT1_A549_NGG_0008	24	0.0
balanced	MALAT1_A549_NGG_0008	25	0.0
balanced	MALAT1_A549_NGG_0008	26	0.0
balanced	MALAT1_A549_NGG_0008	27	0.0
balanced	MALAT1_A549_NGG_0008	28	0.0
balanced	MALAT1_A549_NGG_0008	29	0.0
balanced	MALAT1_A549_NGG_0008	30	0.0
balanced	MALAT1_A549_NGG_0008	31	0.0
balanced	MALAT1_A549_NGG_0008	32	0.0
balanced	MALAT1_A549_NGG_0008	33	3.333e-05
balanced	MALAT1_A549_NGG_0008	34	0.0001
balanced	MALAT1_A549_NGG_0008	35	3.333e-05
balanced	MALAT1_A549_NGG_0008	36	0.0001
balanced	MALAT1_A549_NGG_0008	37	0.0001
balanced	MALAT1_A549_NGG_0008	38	0.0002
balanced	MALAT1_A549_NGG_0008	39	0.00013333
balanced	MALAT1_A549_NGG_0008	40	0.0002
balanced	MALAT1_A549_NGG_0008	41	0.0004
balanced	MALAT1_A549_NGG_0008	42	0.00076667
balanced	MALAT1_A549_NGG_0008	43	0.0011
balanced	MALAT1_A549_NGG_0008	44	0.0014
balanced	MALAT1_A549_NGG_0008	45	0.0028
balanced	MALAT1_A549_NGG_0008	46	0.00413333
balanced	MALAT1_A549_NGG_0008	47	0.0053
balanced	MALAT1_A549_NGG_0008	48	0.0094
balanced	MALAT1_A549_NGG_0008	49	0.01316667
balanced	MALAT1_A549_NGG_0008	50	0.01923333
balanced	MALAT1_A549_NGG_0008	51	0.0275
balanced	MALAT1_A549_NGG_0008	52	0.04116667
balanced	MALAT1_A549_NGG_0008	53	0.04343333
balanced	MALAT1_A549_NGG_0008	54	0.04566667
balanced	MALAT1_A549_NGG_0008	55	0.04543333
balanced	MALAT1_A549_NGG_0008	56	0.04386667
balanced	MALAT1_A549_NGG_0008	57	0.04553333
balanced	MALAT1_A549_NGG_0008	58	0.0465
balanced	MALAT1_A549_NGG_0008	59	0.0467
balanced	MALAT1_A549_NGG_0008	60	0.0487
balanced	MALAT1_A549_NGG_0008	61	0.04666667
balanced	MALAT1_A549_NGG_0008	62	0.0464
balanced	MALAT1_A549_NGG_0008	63	0.0466
balanced	MALAT1_A549_NGG_0008	64	0.044
balanced	MALAT1_A549_NGG_0008	65	0.04586667
balanced	MALAT1_A549_NGG_0008	66	0.0399
balanced	MALAT1_A549_NGG_0008	67	0.0399
balanced	MALAT1_A549_NGG_0008	68	0.035
balanced	MALAT1_A549_NGG_0008	69	0.03313333
balanced	MALAT1_A549_NGG_0008	70	0.029
balanced	MALAT1_A549_NGG_0008	71	0.02516667
balanced	MALAT1_A549_NGG_0008	72	0.01976667
balanced	MALAT1_A549_NGG_0008	73	0.01583333
balanced	MALAT1_A549_NGG_0008	74	0.0134
balanced	MALAT1_A549_NGG_0008	75	0.00873333
balanced	MALAT1_A549_NGG_0008	76	0.0062
balanced	MALAT1_A549_NGG_0008	77	0.00473333
balanced	MALAT1_A549_NGG_0008	78	0.0025
balanced	MALAT1_A549_NGG_0008	79	0.0015
balanced	MALAT1_A549_NGG_0008	80	0.0008
balanced	MALAT1_A549_NGG_0008	81	0.00066667
balanced	MALAT1_A549_NGG_0008	82	0.0004
balanced	MALAT1_A549_NGG_0008	83	0.00036667
balanced	MALAT1_A549_NGG_0008	84	0.0002
balanced	MALAT1_A549_NGG_0008	85	0.0001
balanced	MALAT1_A549_NGG_0008	86	6.667e-05
balanced	MALAT1_A549_NGG_0009	1	0.0
balanced	MALAT1_A549_NGG_0009	2	0.0
balanced	MALAT1_A549_NGG_0009	3	0.0
balanced	MALAT1_A549_NGG_0009	4	0.0
balanced	MALAT1_A549_NGG_0009	5	0.0
balanced	MALAT1_A549_NGG_0009	6	0.0
balanced	MALAT1_A549_NGG_0009	7	0.0
balanced	MALAT1_A549_NGG_0009	8	0.0
balanced	MALAT1_A549_NGG_0009	9	0.0
balanced	MALAT1_A549_NGG_0009	10	0.0
balanced	MALAT1_A549_NGG_0009	11	0.0
balanced	MALAT1_A549_NGG_0009	12	0.0
balanced	MALAT1_A549_NGG_0009	13	0.0
balanced	MALAT1_A549_NGG_0009	14	0.0
balanced	MALAT1_A549_NGG_0009	15	0.0
balanced	MALAT1_A549_NGG_0009	16	0.0
balanced	MALAT1_A549_NGG_0009	17	0.0
balanced	MALAT1_A549_NGG_0009	18	0.0
balanced	MALAT1_A549_NGG_0009	19	0.0
balanced	MALAT1_A549_NGG_0009	20	0.0
balanced	MALAT1_A549_NGG_0009	21	0.0
balanced	MALAT1_A549_NGG_0009	22	0.0
balanced	MALAT1_A549_NGG_0009	23	0.0
balanced	MALAT1_A549_NGG_0009	24	0.0
balanced	MALAT1_A549_NGG_0009	25	0.0
balanced	MALAT1_A549_NGG_0009	26	0.0
balanced	MALAT1_A549_NGG_0009	27	0.0
balanced	MALAT1_A549_NGG_0009	28	0.0
balanced	MALAT1_A549_NGG_0009	29	0.0
balanced	MALAT1_A549_NGG_0009	30	0.0
balanced	MALAT1_A549_NGG_0009	31	3.333e-05
balanced	MALAT1_A549_NGG_0009	32	6.667e-05
balanced	MALAT1_A549_NGG_0009	33	0.0
balanced	MALAT1_A549_NGG_0009	34	3.333e-05
balanced	MALAT1_A549_NGG_0009	35	0.0
balanced	MALAT1_A549_NGG_0009	36	3.333e-05
balanced	MALAT1_A549_NGG_0009	37	0.0
balanced	MALAT1_A549_NGG_0009	38	3.333e-05
balanced	MALAT1_A549_NGG_0009	39	6.667e-05
balanced	MALAT1_A549_NGG_0009	40	0.0001
balanced	MALAT1_A549_NGG_0009	41	6.667e-05
balanced	MALAT1_A549_NGG_0009	42	0.0002
balanced	MALAT1_A549_NGG_0009	43	0.00036667
balanced	MALAT1_A549_NGG_0009	44	0.00056667
balanced	MALAT1_A549_NGG_0009	45	0.0015
balanced	MALAT1_A549_NGG_0009	46	0.00196667
balanced	MALAT1_A549_NGG_0009	47	0.00283333
balanced	MALAT1_A549_NGG_0009	48	0.00516667
balanced	MALAT1_A549_NGG_0009	49	0.00626667
balanced	MALAT1_A549_NGG_0009	50	0.0109
balanced	MALAT1_A549_NGG_0009	51	0.01786667
balanced	MALAT1_A549_NGG_0009	52	0.02923333
balanced	MALAT1_A549_NGG_0009	53	0.03536667
balanced	MALAT1_A549_NGG_0009	54	0.0386
balanced	MALAT1_A549_NGG_0009	55	0.0393
balanced	MALAT1_A549_NGG_0009	56	0.04163333
balanced	MALAT1_A549_NGG_0009	57	0.04396667
balanced	MALAT1_A549_NGG_0009	58	0.04416667
balanced	MALAT1_A549_NGG_0009	59	0.046
balanced	MALAT1_A549_NGG_0009	60	0.04716667
balanced	MALAT1_A549_NGG_0009	61	0.0497
balanced	MALAT1_A549_NGG_0009	62	0.04836667
balanced	MALAT1_A549_NGG_0009	63	0.04796667
balanced	MALAT1_A549_NGG_0009	64	0.048
balanced	MALAT1_A549_NGG_0009	65	0.04626667
balanced	MALAT1_A549_NGG_0009	66	0.04453333
balanced	MALAT1_A549_NGG_0009	67	0.04296667
balanced	MALAT1_A549_NGG_0009	68	0.0401
balanced	MALAT1_A549_NGG_0009	69	0.039
balanced	MALAT1_A549_NGG_0009	70	0.03396667
balanced	MALAT1_A549_NGG_0009	71	0.03303333
balanced	MALAT1_A549_NGG_0009	72	0.02676667
balanced	MALAT1_A549_NGG_0009	73	0.02216667
balanced	MALAT1_A549_NGG_0009	74	0.01883333
balanced	MALAT1_A549_NGG_0009	75	0.0148
balanced	MALAT1_A549_NGG_0009	76	0.01043333
balanced	MALAT1_A549_NGG_0009	77	0.00676667
balanced	MALAT1_A549_NGG_0009	78	0.0045
balanced	MALAT1_A549_NGG_0009	79	0.0034
balanced	MALAT1_A549_NGG_0009	80	0.002
balanced	MALAT1_A549_NGG_0009	81	0.00086667
balanced	MALAT1_A549_NGG_0009	82	0.00103333
balanced	MALAT1_A549_NGG_0009	83	0.00033333
balanced	MALAT1_A549_NGG_0009	84	0.00046667
balanced	MALAT1_A549_NGG_0009	85	0.00013333
balanced	MALAT1_A549_NGG_0009	86	0.0001
balanced	MALAT1_A549_NGG_0010	1	0.0
balanced	MALAT1_A549_NGG_0010	2	0.0
balanced	MALAT1_A549_NGG_0010	3	0.0
balanced	MALAT1_A549_NGG_0010	4	0.0
balanced	MALAT1_A549_NGG_0010	5	0.0
balanced	MALAT1_A549_NGG_0010	6	0.0
balanced	MALAT1_A549_NGG_0010	7	0.0
balanced	MALAT1_A549_NGG_0010	8	0.0
balanced	MALAT1_A549_NGG_0010	9	0.0
balanced	MALAT1_A549_NGG_0010	10	0.0
balanced	MALAT1_A549_NGG_0010	11	0.0
balanced	MALAT1_A549_NGG_0010	12	0.0
balanced	MALAT1_A549_NGG_0010	13	0.0
balanced	MALAT1_A549_NGG_0010	14	0.0
balanced	MALAT1_A549_NGG_0010	15	0.0
balanced	MALAT1_A549_NGG_0010	16	0.0
balanced	MALAT1_A549_NGG_0010	17	0.0
balanced	MALAT1_A549_NGG_0010	18	0.0
balanced	MALAT1_A549_NGG_0010	19	0.0
balanced	MALAT1_A549_NGG_0010	20	0.0
balanced	MALAT1_A549_NGG_0010	21	3.333e-05
balanced	MALAT1_A549_NGG_0010	22	6.667e-05
balanced	MALAT1_A549_NGG_0010	23	0.0001
balanced	MALAT1_A549_NGG_0010	24	6.667e-05
balanced	MALAT1_A549_NGG_0010	25	0.0002
balanced	MALAT1_A549_NGG_0010	26	0.00016667
balanced	MALAT1_A549_NGG_0010	27	0.00023333
balanced	MALAT1_A549_NGG_0010	28	0.00043333
balanced	MALAT1_A549_NGG_0010	29	0.00033333
balanced	MALAT1_A549_NGG_0010	30	0.0004
balanced	MALAT1_A549_NGG_0010	31	0.0007
balanced	MALAT1_A549_NGG_0010	32	0.00086667
balanced	MALAT1_A549_NGG_0010	33	0.0016
balanced	MALAT1_A549_NGG_0010	34	0.00176667
balanced	MALAT1_A549_NGG_0010	35	0.00216667
balanced	MALAT1_A549_NGG_0010	36	0.00286667
balanced	MALAT1_A549_NGG_0010	37	0.00376667
balanced	MALAT1_A549_NGG_0010	38	0.00606667
balanced	MALAT1_A549_NGG_0010	39	0.00653333
balanced	MALAT1_A549_NGG_0010	40	0.0115
balanced	MALAT1_A549_NGG_0010	41	0.0156
balanced	MALAT1_A549_NGG_0010	42	0.01953333
balanced	MALAT1_A549_NGG_0010	43	0.02943333
balanced	MALAT1_A549_NGG_0010	44	0.03866667
balanced	MALAT1_A549_NGG_0010	45	0.04236667
balanced	MALAT1_A549_NGG_0010	46	0.0471
balanced	MALAT1_A549_NGG_0010	47	0.04973333
balanced	MALAT1_A549_NGG_0010	48	0.0526
balanced	MALAT1_A549_NGG_0010	49	0.05673333
balanced	MALAT1_A549_NGG_0010	50	0.05713333
balanced	MALAT1_A549_NGG_0010	51	0.056
balanced	MALAT1_A549_NGG_0010	52	0.0473
balanced	MALAT1_A549_NGG_0010	53	0.0422
balanced	MALAT1_A549_NGG_0010	54	0.04243333
balanced	MALAT1_A549_NGG_0010	55	0.0422
balanced	MALAT1_A549_NGG_0010	56	0.04653333
balanced	MALAT1_A549_NGG_0010	57	0.0407
balanced	MALAT1_A549_NGG_0010	58	0.03816667
balanced	MALAT1_A549_NGG_0010	59	0.03243333
balanced	MALAT1_A549_NGG_0010	60	0.02686667
balanced	MALAT1_A549_NGG_0010	61	0.025
balanced	MALAT1_A549_NGG_0010	62	0.0221
balanced	MALAT1_A549_NGG_0010	63	0.01963333
balanced	MALAT1_A549_NGG_0010	64	0.01706667
balanced	MALAT1_A549_NGG_0010	65	0.01363333
balanced	MALAT1_A549_NGG_0010	66	0.0121
balanced	MALAT1_A549_NGG_0010	67	0.00846667
balanced	MALAT1_A549_NGG_0010	68	0.00606667
balanced	MALAT1_A549_NGG_0010	69	0.00503333
balanced	MALAT1_A549_NGG_0010	70	0.00326667
balanced	MALAT1_A549_NGG_0010	71	0.0016
balanced	MALAT1_A549_NGG_0010	72	0.00076667
balanced	MALAT1_A549_NGG_0010	73	0.00083333
balanced	MALAT1_A549_NGG_0010	74	0.00053333
balanced	MALAT1_A549_NGG_0010	75	0.0001
balanced	MALAT1_A549_NGG_0010	76	6.667e-05
balanced	MALAT1_A549_NGG_0010	77	0.0001
balanced	MALAT1_A549_NGG_0010	78	3.333e-05
balanced	MALAT1_A549_NGG_0010	79	0.0
balanced	MALAT1_A549_NGG_0010	80	0.0
balanced	MALAT1_A549_NGG_0010	81	0.0
balanced	MALAT1_A549_NGG_0010	82	0.0
balanced	MALAT1_A549_NGG_0010	83	0.0
balanced	MALAT1_A549_NGG_0010	84	0.0
balanced	MALAT1_A549_NGG_0010	85	0.0
balanced	MALAT1_A549_NGG_0010	86	0.0
balanced	MALAT1_A549_NGG_0011	1	0.0
balanced	MALAT1_A549_NGG_0011	2	0.0
balanced	MALAT1_A549_NGG_0011	3	0.0
balanced	MALAT1_A549_NGG_0011	4	0.0
balanced	MALAT1_A549_NGG_0011	5	0.0
balanced	MALAT1_A549_NGG_0011	6	0.0
balanced	MALAT1_A549_NGG_0011	7	0.0
balanced	MALAT1_A549_NGG_0011	8	0.0
balanced	MALAT1_A549_NGG_0011	9	0.0
balanced	MALAT1_A549_NGG_0011	10	0.0
balanced	MALAT1_A549_NGG_0011	11	0.0
balanced	MALAT1_A549_NGG_0011	12	0.0
balanced	MALAT1_A549_NGG_0011	13	0.0
balanced	MALAT1_A549_NGG_0011	14	0.0
balanced	MALAT1_A549_NGG_0011	15	0.0
balanced	MALAT1_A549_NGG_0011	16	0.0
balanced	MALAT1_A549_NGG_0011	17	0.0
balanced	MALAT1_A549_NGG_0011	18	0.0
balanced	MALAT1_A549_NGG_0011	19	0.0
balanced	MALAT1_A549_NGG_0011	20	0.0
balanced	MALAT1_A549_NGG_0011	21	0.0
balanced	MALAT1_A549_NGG_0011	22	0.0
balanced	MALAT1_A549_NGG_0011	23	0.0
balanced	MALAT1_A549_NGG_0011	24	0.0
balanced	MALAT1_A549_NGG_0011	25	0.0
balanced	MALAT1_A549_NGG_0011	26	0.0
balanced	MALAT1_A549_NGG_0011	27	0.0
balanced	MALAT1_A549_NGG_0011	28	0.0
balanced	MALAT1_A549_NGG_0011	29	0.0
balanced	MALAT1_A549_NGG_0011	30	0.0
balanced	MALAT1_A549_NGG_0011	31	0.0
balanced	MALAT1_A549_NGG_0011	32	0.0
balanced	MALAT1_A549_NGG_0011	33	0.0
balanced	MALAT1_A549_NGG_0011	34	0.0
balanced	MALAT1_A549_NGG_0011	35	0.0
balanced	MALAT1_A549_NGG_0011	36	0.0
balanced	MALAT1_A549_NGG_0011	37	0.0
balanced	MALAT1_A549_NGG_0011	38	0.0
balanced	MALAT1_A549_NGG_0011	39	0.0
balanced	MALAT1_A549_NGG_0011	40	0.0
balanced	MALAT1_A549_NGG_0011	41	0.0
balanced	MALAT1_A549_NGG_0011	42	3.333e-05
balanced	MALAT1_A549_NGG_0011	43	3.333e-05
balanced	MALAT1_A549_NGG_0011	44	0.0001
balanced	MALAT1_A549_NGG_0011	45	0.0003
balanced	MALAT1_A549_NGG_0011	46	0.00046667
balanced	MALAT1_A549_NGG_0011	47	0.0005
balanced	MALAT1_A549_NGG_0011	48	0.00073333
balanced	MALAT1_A549_NGG_0011	49	0.00156667
balanced	MALAT1_A549_NGG_0011	50	0.00246667
balanced	MALAT1_A549_NGG_0011	51	0.0052
balanced	MALAT1_A549_NGG_0011	52	0.0085
balanced	MALAT1_A549_NGG_0011	53	0.01313333
balanced	MALAT1_A549_NGG_0011	54	0.01633333
balanced	MALAT1_A549_NGG_0011	55	0.02156667
balanced	MALAT1_A549_NGG_0011	56	0.0278
balanced	MALAT1_A549_NGG_0011	57	0.03183333
balanced	MALAT1_A549_NGG_0011	58	0.0404
balanced	MALAT1_A549_NGG_0011	59	0.04593333
balanced	MALAT1_A549_NGG_0011	60	0.04716667
balanced	MALAT1_A549_NGG_0011	61	0.04123333
balanced	MALAT1_A549_NGG_0011	62	0.04223333
balanced	MALAT1_A549_NGG_0011	63	0.04136667
balanced	MALAT1_A549_NGG_0011	64	0.04503333
balanced	MALAT1_A549_NGG_0011	65	0.04966667
balanced	MALAT1_A549_NGG_0011	66	0.05123333
balanced	MALAT1_A549_NGG_0011	67	0.04753333
balanced	MALAT1_A549_NGG_0011	68	0.04726667
balanced	MALAT1_A549_NGG_0011	69	0.0466
balanced	MALAT1_A549_NGG_0011	70	0.0457
balanced	MALAT1_A549_NGG_0011	71	0.046
balanced	MALAT1_A549_NGG_0011	72	0.0432
balanced	MALAT1_A549_NGG_0011	73	0.04
balanced	MALAT1_A549_NGG_0011	74	0.03563333
balanced	MALAT1_A549_NGG_0011	75	0.03133333
balanced	MALAT1_A549_NGG_0011	76	0.0249
balanced	MALAT1_A549_NGG_0011	77	0.01866667
balanced	MALAT1_A549_NGG_0011	78	0.01456667
balanced	MALAT1_A549_NGG_0011	79	0.00883333
balanced	MALAT1_A549_NGG_0011	80	0.0051
balanced	MALAT1_A549_NGG_0011	81	0.00336667
balanced	MALAT1_A549_NGG_0011	82	0.00253333
balanced	MALAT1_A549_NGG_0011	83	0.00146667
balanced	MALAT1_A549_NGG_0011	84	0.00126667
balanced	MALAT1_A549_NGG_0011	85	0.00066667
balanced	MALAT1_A549_NGG_0011	86	0.00053333
balanced	MALAT1_A549_NGG_0012	1	0.0
balanced	MALAT1_A549_NGG_0012	2	0.0
balanced	MALAT1_A549_NGG_0012	3	0.0
balanced	MALAT1_A549_NGG_0012	4	0.0
balanced	MALAT1_A549_NGG_0012	5	0.0
balanced	MALAT1_A549_NGG_0012	6	0.0
balanced	MALAT1_A549_NGG_0012	7	0.0
balanced	MALAT1_A549_NGG_0012	8	0.0
balanced	MALAT1_A549_NGG_0012	9	0.0
balanced	MALAT1_A549_NGG_0012	10	0.0
balanced	MALAT1_A549_NGG_0012	11	0.0
balanced	MALAT1_A549_NGG_0012	12	0.0
balanced	MALAT1_A549_NGG_0012	13	0.0
balanced	MALAT1_A549_NGG_0012	14	0.0
balanced	MALAT1_A549_NGG_0012	15	0.0
balanced	MALAT1_A549_NGG_0012	16	0.0
balanced	MALAT1_A549_NGG_0012	17	0.0
balanced	MALAT1_A549_NGG_0012	18	0.0
balanced	MALAT1_A549_NGG_0012	19	0.0
balanced	MALAT1_A549_NGG_0012	20	0.0
balanced	MALAT1_A549_NGG_0012	21	0.0
balanced	MALAT1_A549_NGG_0012	22	0.0
balanced	MALAT1_A549_NGG_0012	23	0.0
balanced	MALAT1_A549_NGG_0012	24	0.0
balanced	MALAT1_A549_NGG_0012	25	0.0
balanced	MALAT1_A549_NGG_0012	26	0.0
balanced	MALAT1_A549_NGG_0012	27	0.0
balanced	MALAT1_A549_NGG_0012	28	0.0
balanced	MALAT1_A549_NGG_0012	29	0.0
balanced	MALAT1_A549_NGG_0012	30	0.0
balanced	MALAT1_A549_NGG_0012	31	0.0
balanced	MALAT1_A549_NGG_0012	32	0.0
balanced	MALAT1_A549_NGG_0012	33	0.0
balanced	MALAT1_A549_NGG_0012	34	3.333e-05
balanced	MALAT1_A549_NGG_0012	35	0.0
balanced	MALAT1_A549_NGG_0012	36	0.0
balanced	MALAT1_A549_NGG_0012	37	0.0
balanced	MALAT1_A549_NGG_0012	38	0.0
balanced	MALAT1_A549_NGG_0012	39	0.0
balanced	MALAT1_A549_NGG_0012	40	3.333e-05
balanced	MALAT1_A549_NGG_0012	41	0.0
balanced	MALAT1_A549_NGG_0012	42	0.0
balanced	MALAT1_A549_NGG_0012	43	0.0
balanced	MALAT1_A549_NGG_0012	44	6.667e-05
balanced	MALAT1_A549_NGG_0012	45	0.0
balanced	MALAT1_A549_NGG_0012	46	0.00013333
balanced	MALAT1_A549_NGG_0012	47	0.00026667
balanced	MALAT1_A549_NGG_0012	48	0.0002
balanced	MALAT1_A549_NGG_0012	49	0.0005
balanced	MALAT1_A549_NGG_0012	50	0.0007
balanced	MALAT1_A549_NGG_0012	51	0.0017
balanced	MALAT1_A549_NGG_0012	52	0.0037
balanced	MALAT1_A549_NGG_0012	53	0.00636667
balanced	MALAT1_A549_NGG_0012	54	0.00793333
balanced	MALAT1_A549_NGG_0012	55	0.01236667
balanced	MALAT1_A549_NGG_0012	56	0.01663333
balanced	MALAT1_A549_NGG_0012	57	0.0217
balanced	MALAT1_A549_NGG_0012	58	0.03046667
balanced	MALAT1_A549_NGG_0012	59	0.0408
balanced	MALAT1_A549_NGG_0012	60	0.05086667
balanced	MALAT1_A549_NGG_0012	61	0.03696667
balanced	MALAT1_A549_NGG_0012	62	0.03523333
balanced	MALAT1_A549_NGG_0012	63	0.0381
balanced	MALAT1_A549_NGG_0012	64	0.04196667
balanced	MALAT1_A549_NGG_0012	65	0.05183333
balanced	MALAT1_A549_NGG_0012	66	0.0489
balanced	MALAT1_A549_NGG_0012	67	0.051
balanced	MALAT1_A549_NGG_0012	68	0.0482
balanced	MALAT1_A549_NGG_0012	69	0.05
balanced	MALAT1_A549_NGG_0012	70	0.0475
balanced	MALAT1_A549_NGG_0012	71	0.0487
balanced	MALAT1_A549_NGG_0012	72	0.05116667
balanced	MALAT1_A549_NGG_0012	73	0.04726667
balanced	MALAT1_A549_NGG_0012	74	0.04496667
balanced	MALAT1_A549_NGG_0012	75	0.04113333
balanced	MALAT1_A549_NGG_0012	76	0.0336
balanced	MALAT1_A549_NGG_0012	77	0.02886667
balanced	MALAT1_A549_NGG_0012	78	0.02323333
balanced	MALAT1_A549_NGG_0012	79	0.013
balanced	MALAT1_A549_NGG_0012	80	0.008
balanced	MALAT1_A549_NGG_0012	81	0.00513333
balanced	MALAT1_A549_NGG_0012	82	0.00356667
balanced	MALAT1_A549_NGG_0012	83	0.00256667
balanced	MALAT1_A549_NGG_0012	84	0.0024
balanced	MALAT1_A549_NGG_0012	85	0.00156667
balanced	MALAT1_A549_NGG_0012	86	0.00066667
balanced	MALAT1_A549_NGG_0013	1	0.0
balanced	MALAT1_A549_NGG_0013	2	0.0
balanced	MALAT1_A549_NGG_0013	3	0.0
balanced	MALAT1_A549_NGG_0013	4	0.0
balanced	MALAT1_A549_NGG_0013	5	0.0
balanced	MALAT1_A549_NGG_0013	6	0.0
balanced	MALAT1_A549_NGG_0013	7	0.0
balanced	MALAT1_A549_NGG_0013	8	0.0
balanced	MALAT1_A549_NGG_0013	9	0.0
balanced	MALAT1_A549_NGG_0013	10	0.0
balanced	MALAT1_A549_NGG_0013	11	0.0
balanced	MALAT1_A549_NGG_0013	12	0.0
balanced	MALAT1_A549_NGG_0013	13	0.0
balanced	MALAT1_A549_NGG_0013	14	0.0
balanced	MALAT1_A549_NGG_0013	15	0.0
balanced	MALAT1_A549_NGG_0013	16	0.0
balanced	MALAT1_A549_NGG_0013	17	0.0
balanced	MALAT1_A549_NGG_0013	18	0.0
balanced	MALAT1_A549_NGG_0013	19	0.0
balanced	MALAT1_A549_NGG_0013	20	0.0
balanced	MALAT1_A549_NGG_0013	21	0.0
balanced	MALAT1_A549_NGG_0013	22	0.0
balanced	MALAT1_A549_NGG_0013	23	0.0
balanced	MALAT1_A549_NGG_0013	24	0.0
balanced	MALAT1_A549_NGG_0013	25	0.0
balanced	MALAT1_A549_NGG_0013	26	0.0
balanced	MALAT1_A549_NGG_0013	27	0.0
balanced	MALAT1_A549_NGG_0013	28	0.0
balanced	MALAT1_A549_NGG_0013	29	0.0
balanced	MALAT1_A549_NGG_0013	30	0.0
balanced	MALAT1_A549_NGG_0013	31	0.0
balanced	MALAT1_A549_NGG_0013	32	0.0
balanced	MALAT1_A549_NGG_0013	33	0.0
balanced	MALAT1_A549_NGG_0013	34	0.0
balanced	MALAT1_A549_NGG_0013	35	0.0
balanced	MALAT1_A549_NGG_0013	36	3.333e-05
balanced	MALAT1_A549_NGG_0013	37	6.667e-05
balanced	MALAT1_A549_NGG_0013	38	0.0
balanced	MALAT1_A549_NGG_0013	39	0.0
balanced	MALAT1_A549_NGG_0013	40	0.0
balanced	MALAT1_A549_NGG_0013	41	6.667e-05
balanced	MALAT1_A549_NGG_0013	42	6.667e-05
balanced	MALAT1_A549_NGG_0013	43	3.333e-05
balanced	MALAT1_A549_NGG_0013	44	3.333e-05
balanced	MALAT1_A549_NGG_0013	45	0.00036667
balanced	MALAT1_A549_NGG_0013	46	0.0003
balanced	MALAT1_A549_NGG_0013	47	0.00076667
balanced	MALAT1_A549_NGG_0013	48	0.00123333
balanced	MALAT1_A549_NGG_0013	49	0.00196667
balanced	MALAT1_A549_NGG_0013	50	0.00413333
balanced	MALAT1_A549_NGG_0013	51	0.007
balanced	MALAT1_A549_NGG_0013	52	0.01293333
balanced	MALAT1_A549_NGG_0013	53	0.01863333
balanced	MALAT1_A549_NGG_0013	54	0.02356667
balanced	MALAT1_A549_NGG_0013	55	0.02616667
balanced	MALAT1_A549_NGG_0013	56	0.0335
balanced	MALAT1_A549_NGG_0013	57	0.03716667
balanced	MALAT1_A549_NGG_0013	58	0.0452
balanced	MALAT1_A549_NGG_0013	59	0.04413333
balanced	MALAT1_A549_NGG_0013	60	0.0481
balanced	MALAT1_A549_NGG_0013	61	0.0447
balanced	MALAT1_A549_NGG_0013	62	0.04443333
balanced	MALAT1_A549_NGG_0013	63	0.04596667
balanced	MALAT1_A549_NGG_0013	64	0.04743333
balanced	MALAT1_A549_NGG_0013	65	0.05116667
balanced	MALAT1_A549_NGG_0013	66	0.05026667
balanced	MALAT1_A549_NGG_0013	67	0.0471
balanced	MALAT1_A549_NGG_0013	68	0.04776667
balanced	MALAT1_A549_NGG_0013	69	0.04586667
balanced	MALAT1_A549_NGG_0013	70	0.04283333
balanced	MALAT1_A549_NGG_0013	71	0.04226667
balanced	MALAT1_A549_NGG_0013	72	0.03833333
balanced	MALAT1_A549_NGG_0013	73	0.03473333
balanced	MALAT1_A549_NGG_0013	74	0.0292
balanced	MALAT1_A549_NGG_0013	75	0.0237
balanced	MALAT1_A549_NGG_0013	76	0.0186
balanced	MALAT1_A549_NGG_0013	77	0.01446667
balanced	MALAT1_A549_NGG_0013	78	0.01003333
balanced	MALAT1_A549_NGG_0013	79	0.00573333
balanced	MALAT1_A549_NGG_0013	80	0.00396667
balanced	MALAT1_A549_NGG_0013	81	0.00233333
balanced	MALAT1_A549_NGG_0013	82	0.0012
balanced	MALAT1_A549_NGG_0013	83	0.0011
balanced	MALAT1_A549_NGG_0013	84	0.00066667
balanced	MALAT1_A549_NGG_0013	85	0.00056667
balanced	MALAT1_A549_NGG_0013	86	0.0001
balanced	MALAT1_A549_NGG_0014	1	0.0
balanced	MALAT1_A549_NGG_0014	2	0.0
balanced	MALAT1_A549_NGG_0014	3	0.0
balanced	MALAT1_A549_NGG_0014	4	0.0
balanced	MALAT1_A549_NGG_0014	5	0.0
balanced	MALAT1_A549_NGG_0014	6	0.0
balanced	MALAT1_A549_NGG_0014	7	0.0
balanced	MALAT1_A549_NGG_0014	8	0.0
balanced	MALAT1_A549_NGG_0014	9	0.0
balanced	MALAT1_A549_NGG_0014	10	0.0
balanced	MALAT1_A549_NGG_0014	11	0.0
balanced	MALAT1_A549_NGG_0014	12	0.0
balanced	MALAT1_A549_NGG_0014	13	0.0
balanced	MALAT1_A549_NGG_0014	14	0.0
balanced	MALAT1_A549_NGG_0014	15	0.0
balanced	MALAT1_A549_NGG_0014	16	0.0
balanced	MALAT1_A549_NGG_0014	17	0.0
balanced	MALAT1_A549_NGG_0014	18	0.0
balanced	MALAT1_A549_NGG_0014	19	0.0
balanced	MALAT1_A549_NGG_0014	20	0.0
balanced	MALAT1_A549_NGG_0014	21	0.0
balanced	MALAT1_A549_NGG_0014	22	0.0
balanced	MALAT1_A549_NGG_0014	23	0.0
balanced	MALAT1_A549_NGG_0014	24	0.0
balanced	MALAT1_A549_NGG_0014	25	0.0
balanced	MALAT1_A549_NGG_0014	26	0.0
balanced	MALAT1_A549_NGG_0014	27	0.0
balanced	MALAT1_A549_NGG_0014	28	0.0
balanced	MALAT1_A549_NGG_0014	29	0.0
balanced	MALAT1_A549_NGG_0014	30	0.0
balanced	MALAT1_A549_NGG_0014	31	0.0
balanced	MALAT1_A549_NGG_0014	32	0.0
balanced	MALAT1_A549_NGG_0014	33	0.0
balanced	MALAT1_A549_NGG_0014	34	0.0
balanced	MALAT1_A549_NGG_0014	35	0.0
balanced	MALAT1_A549_NGG_0014	36	0.0
balanced	MALAT1_A549_NGG_0014	37	0.0
balanced	MALAT1_A549_NGG_0014	38	0.0
balanced	MALAT1_A549_NGG_0014	39	0.0
balanced	MALAT1_A549_NGG_0014	40	3.333e-05
balanced	MALAT1_A549_NGG_0014	41	0.0
balanced	MALAT1_A549_NGG_0014	42	0.0
balanced	MALAT1_A549_NGG_0014	43	0.0
balanced	MALAT1_A549_NGG_0014	44	6.667e-05
balanced	MALAT1_A549_NGG_0014	45	6.667e-05
balanced	MALAT1_A549_NGG_0014	46	0.00036667
balanced	MALAT1_A549_NGG_0014	47	0.00046667
balanced	MALAT1_A549_NGG_0014	48	0.0004
balanced	MALAT1_A549_NGG_0014	49	0.00066667
balanced	MALAT1_A549_NGG_0014	50	0.00176667
balanced	MALAT1_A549_NGG_0014	51	0.00296667
balanced	MALAT1_A549_NGG_0014	52	0.00603333
balanced	MALAT1_A549_NGG_0014	53	0.00956667
balanced	MALAT1_A549_NGG_0014	54	0.01326667
balanced	MALAT1_A549_NGG_0014	55	0.02003333
balanced	MALAT1_A549_NGG_0014	56	0.02403333
balanced	MALAT1_A549_NGG_0014	57	0.02993333
balanced	MALAT1_A549_NGG_0014	58	0.03773333
balanced	MALAT1_A549_NGG_0014	59	0.04516667
balanced	MALAT1_A549_NGG_0014	60	0.04593333
balanced	MALAT1_A549_NGG_0014	61	0.04113333
balanced	MALAT1_A549_NGG_0014	62	0.0401
balanced	MALAT1_A549_NGG_0014	63	0.04263333
balanced	MALAT1_A549_NGG_0014	64	0.04903333
balanced	MALAT1_A549_NGG_0014	65	0.0514
balanced	MALAT1_A549_NGG_0014	66	0.05076667
balanced	MALAT1_A549_NGG_0014	67	0.05203333
balanced	MALAT1_A549_NGG_0014	68	0.0505
balanced	MALAT1_A549_NGG_0014	69	0.04736667
balanced	MALAT1_A549_NGG_0014	70	0.04696667
balanced	MALAT1_A549_NGG_0014	71	0.0456
balanced	MALAT1_A549_NGG_0014	72	0.04566667
balanced	MALAT1_A549_NGG_0014	73	0.04163333
balanced	MALAT1_A549_NGG_0014	74	0.03853333
balanced	MALAT1_A549_NGG_0014	75	0.03166667
balanced	MALAT1_A549_NGG_0014	76	0.0264
balanced	MALAT1_A549_NGG_0014	77	0.0215
balanced	MALAT1_A549_NGG_0014	78	0.01446667
balanced	MALAT1_A549_NGG_0014	79	0.00946667
balanced	MALAT1_A549_NGG_0014	80	0.00516667
balanced	MALAT1_A549_NGG_0014	81	0.00396667
balanced	MALAT1_A549_NGG_0014	82	0.00183333
balanced	MALAT1_A549_NGG_0014	83	0.00146667
balanced	MALAT1_A549_NGG_0014	84	0.00113333
balanced	MALAT1_A549_NGG_0014	85	0.00073333
balanced	MALAT1_A549_NGG_0014	86	0.00033333
balanced	MALAT1_A549_NGG_0015	1	0.0
balanced	MALAT1_A549_NGG_0015	2	6.667e-05
balanced	MALAT1_A549_NGG_0015	3	0.00036667
balanced	MALAT1_A549_NGG_0015	4	0.00143333
balanced	MALAT1_A549_NGG_0015	5	0.00403333
balanced	MALAT1_A549_NGG_0015	6	0.009
balanced	MALAT1_A549_NGG_0015	7	0.01383333
balanced	MALAT1_A549_NGG_0015	8	0.01916667
balanced	MALAT1_A549_NGG_0015	9	0.025
balanced	MALAT1_A549_NGG_0015	10	0.02586667
balanced	MALAT1_A549_NGG_0015	11	0.02793333
balanced	MALAT1_A549_NGG_0015	12	0.02696667
balanced	MALAT1_A549_NGG_0015	13	0.02656667
balanced	MALAT1_A549_NGG_0015	14	0.0269
balanced	MALAT1_A549_NGG_0015	15	0.02546667
balanced	MALAT1_A549_NGG_0015	16	0.02296667
balanced	MALAT1_A549_NGG_0015	17	0.02293333
balanced	MALAT1_A549_NGG_0015	18	0.022
balanced	MALAT1_A549_NGG_0015	19	0.02353333
balanced	MALAT1_A549_NGG_0015	20	0.02523333
balanced	MALAT1_A549_NGG_0015	21	0.0263
balanced	MALAT1_A549_NGG_0015	22	0.0315
balanced	MALAT1_A549_NGG_0015	23	0.0359
balanced	MALAT1_A549_NGG_0015	24	0.03863333
balanced	MALAT1_A549_NGG_0015	25	0.03716667
balanced	MALAT1_A549_NGG_0015	26	0.03753333
balanced	MALAT1_A549_NGG_0015	27	0.0325
balanced	MALAT1_A549_NGG_0015	28	0.0291
balanced	MALAT1_A549_NGG_0015	29	0.02926667
balanced	MALAT1_A549_NGG_0015	30	0.0269
balanced	MALAT1_A549_NGG_0015	31	0.02966667
balanced	MALAT1_A549_NGG_0015	32	0.0325
balanced	MALAT1_A549_NGG_0015	33	0.0363
balanced	MALAT1_A549_NGG_0015	34	0.0387
balanced	MALAT1_A549_NGG_0015	35	0.03693333
balanced	MALAT1_A549_NGG_0015	36	0.0285
balanced	MALAT1_A549_NGG_0015	37	0.02186667
balanced	MALAT1_A549_NGG_0015	38	0.01703333
balanced	MALAT1_A549_NGG_0015	39	0.0171
balanced	MALAT1_A549_NGG_0015	40	0.0234
balanced	MALAT1_A549_NGG_0015	41	0.01456667
balanced	MALAT1_A549_NGG_0015	42	0.00963333
balanced	MALAT1_A549_NGG_0015	43	0.0061
balanced	MALAT1_A549_NGG_0015	44	0.00346667
balanced	MALAT1_A549_NGG_0015	45	0.00243333
balanced	MALAT1_A549_NGG_0015	46	0.00143333
balanced	MALAT1_A549_NGG_0015	47	0.0019
balanced	MALAT1_A549_NGG_0015	48	0.00126667
balanced	MALAT1_A549_NGG_0015	49	0.00176667
balanced	MALAT1_A549_NGG_0015	50	0.00073333
balanced	MALAT1_A549_NGG_0015	51	0.0002
balanced	MALAT1_A549_NGG_0015	52	0.00013333
balanced	MALAT1_A549_NGG_0015	53	6.667e-05
balanced	MALAT1_A549_NGG_0015	54	6.667e-05
balanced	MALAT1_A549_NGG_0015	55	3.333e-05
balanced	MALAT1_A549_NGG_0015	56	6.667e-05
balanced	MALAT1_A549_NGG_0015	57	0.0
balanced	MALAT1_A549_NGG_0015	58	3.333e-05
balanced	MALAT1_A549_NGG_0015	59	3.333e-05
balanced	MALAT1_A549_NGG_0015	60	0.0
balanced	MALAT1_A549_NGG_0015	61	0.0
balanced	MALAT1_A549_NGG_0015	62	0.0
balanced	MALAT1_A549_NGG_0015	63	0.0
balanced	MALAT1_A549_NGG_0015	64	0.0
balanced	MALAT1_A549_NGG_0015	65	0.0
balanced	MALAT1_A549_NGG_0015	66	0.0
balanced	MALAT1_A549_NGG_0015	67	0.0
balanced	MALAT1_A549_NGG_0015	68	0.0
balanced	MALAT1_A549_NGG_0015	69	0.0
balanced	MALAT1_A549_NGG_0015	70	0.0
balanced	MALAT1_A549_NGG_0015	71	0.0
balanced	MALAT1_A549_NGG_0015	72	0.0
balanced	MALAT1_A549_NGG_0015	73	0.0
balanced	MALAT1_A549_NGG_0015	74	0.0
balanced	MALAT1_A549_NGG_0015	75	0.0
balanced	MALAT1_A549_NGG_0015	76	0.0
balanced	MALAT1_A549_NGG_0015	77	0.0
balanced	MALAT1_A549_NGG_0015	78	0.0
balanced	MALAT1_A549_NGG_0015	79	0.0
balanced	MALAT1_A549_NGG_0015	80	0.0
balanced	MALAT1_A549_NGG_0015	81	0.0
balanced	MALAT1_A549_NGG_0015	82	0.0
balanced	MALAT1_A549_NGG_0015	83	0.0
balanced	MALAT1_A549_NGG_0015	84	0.0
balanced	MALAT1_A549_NGG_0015	85	0.0
balanced	MALAT1_A549_NGG_0015	86	0.0
balanced	MALAT1_A549_NGG_0016	1	0.0
balanced	MALAT1_A549_NGG_0016	2	0.0
balanced	MALAT1_A549_NGG_0016	3	0.0
balanced	MALAT1_A549_NGG_0016	4	0.0
balanced	MALAT1_A549_NGG_0016	5	0.0
balanced	MALAT1_A549_NGG_0016	6	0.0
balanced	MALAT1_A549_NGG_0016	7	0.0
balanced	MALAT1_A549_NGG_0016	8	0.0
balanced	MALAT1_A549_NGG_0016	9	0.0
balanced	MALAT1_A549_NGG_0016	10	0.0
balanced	MALAT1_A549_NGG_0016	11	0.0
balanced	MALAT1_A549_NGG_0016	12	0.0
balanced	MALAT1_A549_NGG_0016	13	0.0
balanced	MALAT1_A549_NGG_0016	14	0.0
balanced	MALAT1_A549_NGG_0016	15	0.0
balanced	MALAT1_A549_NGG_0016	16	0.0
balanced	MALAT1_A549_NGG_0016	17	0.0
balanced	MALAT1_A549_NGG_0016	18	3.333e-05
balanced	MALAT1_A549_NGG_0016	19	0.0
balanced	MALAT1_A549_NGG_0016	20	0.0
balanced	MALAT1_A549_NGG_0016	21	0.0
balanced	MALAT1_A549_NGG_0016	22	0.0
balanced	MALAT1_A549_NGG_0016	23	0.0
balanced	MALAT1_A549_NGG_0016	24	3.333e-05
balanced	MALAT1_A549_NGG_0016	25	0.0
balanced	MALAT1_A549_NGG_0016	26	6.667e-05
balanced	MALAT1_A549_NGG_0016	27	0.0
balanced	MALAT1_A549_NGG_0016	28	0.0001
balanced	MALAT1_A549_NGG_0016	29	0.00023333
balanced	MALAT1_A549_NGG_0016	30	0.00013333
balanced	MALAT1_A549_NGG_0016	31	0.0003
balanced	MALAT1_A549_NGG_0016	32	0.00023333
balanced	MALAT1_A549_NGG_0016	33	0.00063333
balanced	MALAT1_A549_NGG_0016	34	0.00046667
balanced	MALAT1_A549_NGG_0016	35	0.0008
balanced	MALAT1_A549_NGG_0016	36	0.0011
balanced	MALAT1_A549_NGG_0016	37	0.00206667
balanced	MALAT1_A549_NGG_0016	38	0.00256667
balanced	MALAT1_A549_NGG_0016	39	0.0038
balanced	MALAT1_A549_NGG_0016	40	0.00613333
balanced	MALAT1_A549_NGG_0016	41	0.00773333
balanced	MALAT1_A549_NGG_0016	42	0.0119
balanced	MALAT1_A549_NGG_0016	43	0.01856667
balanced	MALAT1_A549_NGG_0016	44	0.02603333
balanced	MALAT1_A549_NGG_0016	45	0.0318
balanced	MALAT1_A549_NGG_0016	46	0.03933333
balanced	MALAT1_A549_NGG_0016	47	0.04956667
balanced	MALAT1_A549_NGG_0016	48	0.05676667
balanced	MALAT1_A549_NGG_0016	49	0.0592
balanced	MALAT1_A549_NGG_0016	50	0.06603333
balanced	MALAT1_A549_NGG_0016	51	0.06653333
balanced	MALAT1_A549_NGG_0016	52	0.0548
balanced	MALAT1_A549_NGG_0016	53	0.0495
balanced	MALAT1_A549_NGG_0016	54	0.0488
balanced	MALAT1_A549_NGG_0016	55	0.0537
balanced	MALAT1_A549_NGG_0016	56	0.0536
balanced	MALAT1_A549_NGG_0016	57	0.04503333
balanced	MALAT1_A549_NGG_0016	58	0.04113333
balanced	MALAT1_A549_NGG_0016	59	0.03663333
balanced	MALAT1_A549_NGG_0016	60	0.0324
balanced	MALAT1_A549_NGG_0016	61	0.02876667
balanced	MALAT1_A549_NGG_0016	62	0.02383333
balanced	MALAT1_A549_NGG_0016	63	0.01976667
balanced	MALAT1_A549_NGG_0016	64	0.01653333
balanced	MALAT1_A549_NGG_0016	65	0.01406667
balanced	MALAT1_A549_NGG_0016	66	0.0105
balanced	MALAT1_A549_NGG_0016	67	0.00623333
balanced	MALAT1_A549_NGG_0016	68	0.00466667
balanced	MALAT1_A549_NGG_0016	69	0.0037
balanced	MALAT1_A549_NGG_0016	70	0.0016
balanced	MALAT1_A549_NGG_0016	71	0.0014
balanced	MALAT1_A549_NGG_0016	72	0.0007
balanced	MALAT1_A549_NGG_0016	73	0.0002
balanced	MALAT1_A549_NGG_0016	74	0.0002
balanced	MALAT1_A549_NGG_0016	75	6.667e-05
balanced	MALAT1_A549_NGG_0016	76	0.0
balanced	MALAT1_A549_NGG_0016	77	0.0
balanced	MALAT1_A549_NGG_0016	78	0.0
balanced	MALAT1_A549_NGG_0016	79	0.0
balanced	MALAT1_A549_NGG_0016	80	0.0
balanced	MALAT1_A549_NGG_0016	81	0.0
balanced	MALAT1_A549_NGG_0016	82	0.0
balanced	MALAT1_A549_NGG_0016	83	0.0
balanced	MALAT1_A549_NGG_0016	84	0.0
balanced	MALAT1_A549_NGG_0016	85	0.0
balanced	MALAT1_A549_NGG_0016	86	0.0
balanced	MALAT1_A549_NGG_0017	1	0.0
balanced	MALAT1_A549_NGG_0017	2	0.0
balanced	MALAT1_A549_NGG_0017	3	0.0
balanced	MALAT1_A549_NGG_0017	4	0.0
balanced	MALAT1_A549_NGG_0017	5	0.0
balanced	MALAT1_A549_NGG_0017	6	0.0
balanced	MALAT1_A549_NGG_0017	7	0.0
balanced	MALAT1_A549_NGG_0017	8	0.0
balanced	MALAT1_A549_NGG_0017	9	0.0
balanced	MALAT1_A549_NGG_0017	10	0.0
balanced	MALAT1_A549_NGG_0017	11	0.0
balanced	MALAT1_A549_NGG_0017	12	0.0
balanced	MALAT1_A549_NGG_0017	13	0.0
balanced	MALAT1_A549_NGG_0017	14	0.0
balanced	MALAT1_A549_NGG_0017	15	0.0
balanced	MALAT1_A549_NGG_0017	16	3.333e-05
balanced	MALAT1_A549_NGG_0017	17	3.333e-05
balanced	MALAT1_A549_NGG_0017	18	0.0001
balanced	MALAT1_A549_NGG_0017	19	0.0001
balanced	MALAT1_A549_NGG_0017	20	0.00016667
balanced	MALAT1_A549_NGG_0017	21	0.0003
balanced	MALAT1_A549_NGG_0017	22	0.0003
balanced	MALAT1_A549_NGG_0017	23	0.0004
balanced	MALAT1_A549_NGG_0017	24	0.00016667
balanced	MALAT1_A549_NGG_0017	25	0.00043333
balanced	MALAT1_A549_NGG_0017	26	0.0007
balanced	MALAT1_A549_NGG_0017	27	0.00093333
balanced	MALAT1_A549_NGG_0017	28	0.0013
balanced	MALAT1_A549_NGG_0017	29	0.0015
balanced	MALAT1_A549_NGG_0017	30	0.00196667
balanced	MALAT1_A549_NGG_0017	31	0.0027
balanced	MALAT1_A549_NGG_0017	32	0.00366667
balanced	MALAT1_A549_NGG_0017	33	0.00416667
balanced	MALAT1_A549_NGG_0017	34	0.00556667
balanced	MALAT1_A549_NGG_0017	35	0.00806667
balanced	MALAT1_A549_NGG_0017	36	0.0096
balanced	MALAT1_A549_NGG_0017	37	0.01366667
balanced	MALAT1_A549_NGG_0017	38	0.02033333
balanced	MALAT1_A549_NGG_0017	39	0.0288
balanced	MALAT1_A549_NGG_0017	40	0.0326
balanced	MALAT1_A549_NGG_0017	41	0.04163333
balanced	MALAT1_A549_NGG_0017	42	0.05576667
balanced	MALAT1_A549_NGG_0017	43	0.08356667
balanced	MALAT1_A549_NGG_0017	44	0.08046667
balanced	MALAT1_A549_NGG_0017	45	0.0698
balanced	MALAT1_A549_NGG_0017	46	0.0656
balanced	MALAT1_A549_NGG_0017	47	0.05886667
balanced	MALAT1_A549_NGG_0017	48	0.05396667
balanced	MALAT1_A549_NGG_0017	49	0.05263333
balanced	MALAT1_A549_NGG_0017	50	0.04746667
balanced	MALAT1_A549_NGG_0017	51	0.04096667
balanced	MALAT1_A549_NGG_0017	52	0.03693333
balanced	MALAT1_A549_NGG_0017	53	0.03283333
balanced	MALAT1_A549_NGG_0017	54	0.02843333
balanced	MALAT1_A549_NGG_0017	55	0.0234
balanced	MALAT1_A549_NGG_0017	56	0.019
balanced	MALAT1_A549_NGG_0017	57	0.01636667
balanced	MALAT1_A549_NGG_0017	58	0.0143
balanced	MALAT1_A549_NGG_0017	59	0.01123333
balanced	MALAT1_A549_NGG_0017	60	0.008
balanced	MALAT1_A549_NGG_0017	61	0.006
balanced	MALAT1_A549_NGG_0017	62	0.00493333
balanced	MALAT1_A549_NGG_0017	63	0.00373333
balanced	MALAT1_A549_NGG_0017	64	0.0028
balanced	MALAT1_A549_NGG_0017	65	0.00143333
balanced	MALAT1_A549_NGG_0017	66	0.0012
balanced	MALAT1_A549_NGG_0017	67	0.0007
balanced	MALAT1_A549_NGG_0017	68	0.00016667
balanced	MALAT1_A549_NGG_0017	69	0.00013333
balanced	MALAT1_A549_NGG_0017	70	6.667e-05
balanced	MALAT1_A549_NGG_0017	71	0.0
balanced	MALAT1_A549_NGG_0017	72	0.0
balanced	MALAT1_A549_NGG_0017	73	0.0
balanced	MALAT1_A549_NGG_0017	74	0.0
balanced	MALAT1_A549_NGG_0017	75	0.0
balanced	MALAT1_A549_NGG_0017	76	0.0
balanced	MALAT1_A549_NGG_0017	77	0.0
balanced	MALAT1_A549_NGG_0017	78	0.0
balanced	MALAT1_A549_NGG_0017	79	0.0
balanced	MALAT1_A549_NGG_0017	80	0.0
balanced	MALAT1_A549_NGG_0017	81	0.0
balanced	MALAT1_A549_NGG_0017	82	0.0
balanced	MALAT1_A549_NGG_0017	83	0.0
balanced	MALAT1_A549_NGG_0017	84	0.0
balanced	MALAT1_A549_NGG_0017	85	0.0
balanced	MALAT1_A549_NGG_0017	86	0.0
balanced	MALAT1_A549_NGG_0018	1	0.0
balanced	MALAT1_A549_NGG_0018	2	0.0
balanced	MALAT1_A549_NGG_0018	3	0.0
balanced	MALAT1_A549_NGG_0018	4	0.0
balanced	MALAT1_A549_NGG_0018	5	0.0
balanced	MALAT1_A549_NGG_0018	6	0.0
balanced	MALAT1_A549_NGG_0018	7	0.0
balanced	MALAT1_A549_NGG_0018	8	0.0
balanced	MALAT1_A549_NGG_0018	9	0.0
balanced	MALAT1_A549_NGG_0018	10	0.0
balanced	MALAT1_A549_NGG_0018	11	0.0
balanced	MALAT1_A549_NGG_0018	12	0.0
balanced	MALAT1_A549_NGG_0018	13	0.0
balanced	MALAT1_A549_NGG_0018	14	0.0
balanced	MALAT1_A549_NGG_0018	15	0.0
balanced	MALAT1_A549_NGG_0018	16	0.0
balanced	MALAT1_A549_NGG_0018	17	0.0
balanced	MALAT1_A549_NGG_0018	18	0.0
balanced	MALAT1_A549_NGG_0018	19	0.0
balanced	MALAT1_A549_NGG_0018	20	0.0
balanced	MALAT1_A549_NGG_0018	21	0.0
balanced	MALAT1_A549_NGG_0018	22	0.0
balanced	MALAT1_A549_NGG_0018	23	0.0
balanced	MALAT1_A549_NGG_0018	24	0.0
balanced	MALAT1_A549_NGG_0018	25	0.0
balanced	MALAT1_A549_NGG_0018	26	0.0
balanced	MALAT1_A549_NGG_0018	27	0.0
balanced	MALAT1_A549_NGG_0018	28	0.0
balanced	MALAT1_A549_NGG_0018	29	0.0
balanced	MALAT1_A549_NGG_0018	30	0.0
balanced	MALAT1_A549_NGG_0018	31	0.0
balanced	MALAT1_A549_NGG_0018	32	0.0
balanced	MALAT1_A549_NGG_0018	33	0.0
balanced	MALAT1_A549_NGG_0018	34	0.0
balanced	MALAT1_A549_NGG_0018	35	0.0
balanced	MALAT1_A549_NGG_0018	36	0.0
balanced	MALAT1_A549_NGG_0018	37	0.0
balanced	MALAT1_A549_NGG_0018	38	0.0
balanced	MALAT1_A549_NGG_0018	39	0.0
balanced	MALAT1_A549_NGG_0018	40	3.333e-05
balanced	MALAT1_A549_NGG_0018	41	3.333e-05
balanced	MALAT1_A549_NGG_0018	42	0.00016667
balanced	MALAT1_A549_NGG_0018	43	0.0001
balanced	MALAT1_A549_NGG_0018	44	0.00023333
balanced	MALAT1_A549_NGG_0018	45	0.00046667
balanced	MALAT1_A549_NGG_0018	46	0.0004
balanced	MALAT1_A549_NGG_0018	47	0.00113333
balanced	MALAT1_A549_NGG_0018	48	0.00186667
balanced	MALAT1_A549_NGG_0018	49	0.00343333
balanced	MALAT1_A549_NGG_0018	50	0.0071
balanced	MALAT1_A549_NGG_0018	51	0.01616667
balanced	MALAT1_A549_NGG_0018	52	0.02903333
balanced	MALAT1_A549_NGG_0018	53	0.03673333
balanced	MALAT1_A549_NGG_0018	54	0.04083333
balanced	MALAT1_A549_NGG_0018	55	0.04343333
balanced	MALAT1_A549_NGG_0018	56	0.04583333
balanced	MALAT1_A549_NGG_0018	57	0.0525
balanced	MALAT1_A549_NGG_0018	58	0.05493333
balanced	MALAT1_A549_NGG_0018	59	0.05643333
balanced	MALAT1_A549_NGG_0018	60	0.0591
balanced	MALAT1_A549_NGG_0018	61	0.05476667
balanced	MALAT1_A549_NGG_0018	62	0.05356667
balanced	MALAT1_A549_NGG_0018	63	0.05406667
balanced	MALAT1_A549_NGG_0018	64	0.0525
balanced	MALAT1_A549_NGG_0018	65	0.04936667
balanced	MALAT1_A549_NGG_0018	66	0.0478
balanced	MALAT1_A549_NGG_0018	67	0.04443333
balanced	MALAT1_A549_NGG_0018	68	0.04
balanced	MALAT1_A549_NGG_0018	69	0.0356
balanced	MALAT1_A549_NGG_0018	70	0.03003333
balanced	MALAT1_A549_NGG_0018	71	0.02406667
balanced	MALAT1_A549_NGG_0018	72	0.0197
balanced	MALAT1_A549_NGG_0018	73	0.0154
balanced	MALAT1_A549_NGG_0018	74	0.01073333
balanced	MALAT1_A549_NGG_0018	75	0.00823333
balanced	MALAT1_A549_NGG_0018	76	0.00426667
balanced	MALAT1_A549_NGG_0018	77	0.00266667
balanced	MALAT1_A549_NGG_0018	78	0.0015
balanced	MALAT1_A549_NGG_0018	79	0.00063333
balanced	MALAT1_A549_NGG_0018	80	0.00033333
balanced	MALAT1_A549_NGG_0018	81	0.0002
balanced	MALAT1_A549_NGG_0018	82	0.0001
balanced	MALAT1_A549_NGG_0018	83	3.333e-05
balanced	MALAT1_A549_NGG_0018	84	3.333e-05
balanced	MALAT1_A549_NGG_0018	85	0.0
balanced	MALAT1_A549_NGG_0018	86	0.0
balanced	MALAT1_A549_NGG_0019	1	0.0
balanced	MALAT1_A549_NGG_0019	2	0.0
balanced	MALAT1_A549_NGG_0019	3	0.0
balanced	MALAT1_A549_NGG_0019	4	0.0
balanced	MALAT1_A549_NGG_0019	5	0.0
balanced	MALAT1_A549_NGG_0019	6	0.0
balanced	MALAT1_A549_NGG_0019	7	0.0
balanced	MALAT1_A549_NGG_0019	8	0.0
balanced	MALAT1_A549_NGG_0019	9	0.0
balanced	MALAT1_A549_NGG_0019	10	0.0
balanced	MALAT1_A549_NGG_0019	11	0.0
balanced	MALAT1_A549_NGG_0019	12	0.0
balanced	MALAT1_A549_NGG_0019	13	0.0
balanced	MALAT1_A549_NGG_0019	14	0.0
balanced	MALAT1_A549_NGG_0019	15	0.0
balanced	MALAT1_A549_NGG_0019	16	0.0
balanced	MALAT1_A549_NGG_0019	17	0.0
balanced	MALAT1_A549_NGG_0019	18	0.0
balanced	MALAT1_A549_NGG_0019	19	0.0
balanced	MALAT1_A549_NGG_0019	20	0.0
balanced	MALAT1_A549_NGG_0019	21	0.0
balanced	MALAT1_A549_NGG_0019	22	0.0
balanced	MALAT1_A549_NGG_0019	23	0.0
balanced	MALAT1_A549_NGG_0019	24	0.0
balanced	MALAT1_A549_NGG_0019	25	0.0
balanced	MALAT1_A549_NGG_0019	26	0.0
balanced	MALAT1_A549_NGG_0019	27	0.0
balanced	MALAT1_A549_NGG_0019	28	0.0
balanced	MALAT1_A549_NGG_0019	29	0.0
balanced	MALAT1_A549_NGG_0019	30	0.0
balanced	MALAT1_A549_NGG_0019	31	0.0
balanced	MALAT1_A549_NGG_0019	32	0.0
balanced	MALAT1_A549_NGG_0019	33	0.0
balanced	MALAT1_A549_NGG_0019	34	0.0
balanced	MALAT1_A549_NGG_0019	35	0.0
balanced	MALAT1_A549_NGG_0019	36	0.0
balanced	MALAT1_A549_NGG_0019	37	3.333e-05
balanced	MALAT1_A549_NGG_0019	38	3.333e-05
balanced	MALAT1_A549_NGG_0019	39	0.0
balanced	MALAT1_A549_NGG_0019	40	0.0
balanced	MALAT1_A549_NGG_0019	41	0.0
balanced	MALAT1_A549_NGG_0019	42	0.0
balanced	MALAT1_A549_NGG_0019	43	6.667e-05
balanced	MALAT1_A549_NGG_0019	44	0.00016667
balanced	MALAT1_A549_NGG_0019	45	0.0003
balanced	MALAT1_A549_NGG_0019	46	0.0005
balanced	MALAT1_A549_NGG_0019	47	0.00156667
balanced	MALAT1_A549_NGG_0019	48	0.0023
balanced	MALAT1_A549_NGG_0019	49	0.00386667
balanced	MALAT1_A549_NGG_0019	50	0.0076
balanced	MALAT1_A549_NGG_0019	51	0.01576667
balanced	MALAT1_A549_NGG_0019	52	0.0297
balanced	MALAT1_A549_NGG_0019	53	0.03706667
balanced	MALAT1_A549_NGG_0019	54	0.04033333
balanced	MALAT1_A549_NGG_0019	55	0.04353333
balanced	MALAT1_A549_NGG_0019	56	0.0471
balanced	MALAT1_A549_NGG_0019	57	0.05523333
balanced	MALAT1_A549_NGG_0019	58	0.05303333
balanced	MALAT1_A549_NGG_0019	59	0.0581
balanced	MALAT1_A549_NGG_0019	60	0.05593333
balanced	MALAT1_A549_NGG_0019	61	0.05613333
balanced	MALAT1_A549_NGG_0019	62	0.0537
balanced	MALAT1_A549_NGG_0019	63	0.053
balanced	MALAT1_A549_NGG_0019	64	0.05156667
balanced	MALAT1_A549_NGG_0019	65	0.05123333
balanced	MALAT1_A549_NGG_0019	66	0.04696667
balanced	MALAT1_A549_NGG_0019	67	0.04213333
balanced	MALAT1_A549_NGG_0019	68	0.04006667
balanced	MALAT1_A549_NGG_0019	69	0.03463333
balanced	MALAT1_A549_NGG_0019	70	0.03216667
balanced	MALAT1_A549_NGG_0019	71	0.02536667
balanced	MALAT1_A549_NGG_0019	72	0.01893333
balanced	MALAT1_A549_NGG_0019	73	0.0148
balanced	MALAT1_A549_NGG_0019	74	0.01023333
balanced	MALAT1_A549_NGG_0019	75	0.007
balanced	MALAT1_A549_NGG_0019	76	0.00483333
balanced	MALAT1_A549_NGG_0019	77	0.00253333
balanced	MALAT1_A549_NGG_0019	78	0.0013
balanced	MALAT1_A549_NGG_0019	79	0.00053333
balanced	MALAT1_A549_NGG_0019	80	0.00043333
balanced	MALAT1_A549_NGG_0019	81	0.00016667
balanced	MALAT1_A549_NGG_0019	82	0.0
balanced	MALAT1_A549_NGG_0019	83	3.333e-05
balanced	MALAT1_A549_NGG_0019	84	0.0
balanced	MALAT1_A549_NGG_0019	85	0.0
balanced	MALAT1_A549_NGG_0019	86	0.0
balanced	MALAT1_A549_NGG_0020	1	0.0
balanced	MALAT1_A549_NGG_0020	2	0.0
balanced	MALAT1_A549_NGG_0020	3	0.0
balanced	MALAT1_A549_NGG_0020	4	0.0
balanced	MALAT1_A549_NGG_0020	5	0.0
balanced	MALAT1_A549_NGG_0020	6	0.0
balanced	MALAT1_A549_NGG_0020	7	0.0
balanced	MALAT1_A549_NGG_0020	8	0.0
balanced	MALAT1_A549_NGG_0020	9	0.0
balanced	MALAT1_A549_NGG_0020	10	0.0
balanced	MALAT1_A549_NGG_0020	11	0.0
balanced	MALAT1_A549_NGG_0020	12	0.0
balanced	MALAT1_A549_NGG_0020	13	0.0
balanced	MALAT1_A549_NGG_0020	14	0.0
balanced	MALAT1_A549_NGG_0020	15	0.0
balanced	MALAT1_A549_NGG_0020	16	0.0
balanced	MALAT1_A549_NGG_0020	17	0.0
balanced	MALAT1_A549_NGG_0020	18	0.0
balanced	MALAT1_A549_NGG_0020	19	0.0
balanced	MALAT1_A549_NGG_0020	20	0.0
balanced	MALAT1_A549_NGG_0020	21	0.0
balanced	MALAT1_A549_NGG_0020	22	0.0
balanced	MALAT1_A549_NGG_0020	23	0.0
balanced	MALAT1_A549_NGG_0020	24	0.0
balanced	MALAT1_A549_NGG_0020	25	0.0
balanced	MALAT1_A549_NGG_0020	26	0.0
balanced	MALAT1_A549_NGG_0020	27	0.0
balanced	MALAT1_A549_NGG_0020	28	0.0
balanced	MALAT1_A549_NGG_0020	29	0.0
balanced	MALAT1_A549_NGG_0020	30	0.0
balanced	MALAT1_A549_NGG_0020	31	0.0
balanced	MALAT1_A549_NGG_0020	32	0.0
balanced	MALAT1_A549_NGG_0020	33	0.0
balanced	MALAT1_A549_NGG_0020	34	0.0
balanced	MALAT1_A549_NGG_0020	35	0.0
balanced	MALAT1_A549_NGG_0020	36	0.0
balanced	MALAT1_A549_NGG_0020	37	0.0
balanced	MALAT1_A549_NGG_0020	38	0.0
balanced	MALAT1_A549_NGG_0020	39	0.0
balanced	MALAT1_A549_NGG_0020	40	0.0
balanced	MALAT1_A549_NGG_0020	41	0.0
balanced	MALAT1_A549_NGG_0020	42	0.0
balanced	MALAT1_A549_NGG_0020	43	0.0
balanced	MALAT1_A549_NGG_0020	44	0.0
balanced	MALAT1_A549_NGG_0020	45	0.0
balanced	MALAT1_A549_NGG_0020	46	0.0
balanced	MALAT1_A549_NGG_0020	47	0.0
balanced	MALAT1_A549_NGG_0020	48	0.0
balanced	MALAT1_A549_NGG_0020	49	0.0
balanced	MALAT1_A549_NGG_0020	50	0.0
balanced	MALAT1_A549_NGG_0020	51	0.0
balanced	MALAT1_A549_NGG_0020	52	0.0
balanced	MALAT1_A549_NGG_0020	53	0.0
balanced	MALAT1_A549_NGG_0020	54	0.0
balanced	MALAT1_A549_NGG_0020	55	3.333e-05
balanced	MALAT1_A549_NGG_0020	56	0.0
balanced	MALAT1_A549_NGG_0020	57	0.0
balanced	MALAT1_A549_NGG_0020	58	0.0
balanced	MALAT1_A549_NGG_0020	59	0.0
balanced	MALAT1_A549_NGG_0020	60	0.0
balanced	MALAT1_A549_NGG_0020	61	0.0001
balanced	MALAT1_A549_NGG_0020	62	3.333e-05
balanced	MALAT1_A549_NGG_0020	63	3.333e-05
balanced	MALAT1_A549_NGG_0020	64	0.0
balanced	MALAT1_A549_NGG_0020	65	3.333e-05
balanced	MALAT1_A549_NGG_0020	66	0.00026667
balanced	MALAT1_A549_NGG_0020	67	0.00026667
balanced	MALAT1_A549_NGG_0020	68	0.00056667
balanced	MALAT1_A549_NGG_0020	69	0.00056667
balanced	MALAT1_A549_NGG_0020	70	0.00066667
balanced	MALAT1_A549_NGG_0020	71	0.0012
balanced	MALAT1_A549_NGG_0020	72	0.00173333
balanced	MALAT1_A549_NGG_0020	73	0.00293333
balanced	MALAT1_A549_NGG_0020	74	0.0052
balanced	MALAT1_A549_NGG_0020	75	0.00716667
balanced	MALAT1_A549_NGG_0020	76	0.01303333
balanced	MALAT1_A549_NGG_0020	77	0.0205
balanced	MALAT1_A549_NGG_0020	78	0.0332
balanced	MALAT1_A549_NGG_0020	79	0.05263333
balanced	MALAT1_A549_NGG_0020	80	0.07623333
balanced	MALAT1_A549_NGG_0020	81	0.0931
balanced	MALAT1_A549_NGG_0020	82	0.098
balanced	MALAT1_A549_NGG_0020	83	0.10563333
balanced	MALAT1_A549_NGG_0020	84	0.11356667
balanced	MALAT1_A549_NGG_0020	85	0.14646667
balanced	MALAT1_A549_NGG_0020	86	0.22683333
balanced	MALAT1_A549_NGG_0021	1	0.0
balanced	MALAT1_A549_NGG_0021	2	0.0
balanced	MALAT1_A549_NGG_0021	3	0.0
balanced	MALAT1_A549_NGG_0021	4	0.0
balanced	MALAT1_A549_NGG_0021	5	0.0
balanced	MALAT1_A549_NGG_0021	6	0.0
balanced	MALAT1_A549_NGG_0021	7	0.0
balanced	MALAT1_A549_NGG_0021	8	0.0
balanced	MALAT1_A549_NGG_0021	9	0.0
balanced	MALAT1_A549_NGG_0021	10	0.0
balanced	MALAT1_A549_NGG_0021	11	0.0
balanced	MALAT1_A549_NGG_0021	12	0.0
balanced	MALAT1_A549_NGG_0021	13	0.0
balanced	MALAT1_A549_NGG_0021	14	0.0
balanced	MALAT1_A549_NGG_0021	15	0.0
balanced	MALAT1_A549_NGG_0021	16	0.0
balanced	MALAT1_A549_NGG_0021	17	0.0
balanced	MALAT1_A549_NGG_0021	18	0.0
balanced	MALAT1_A549_NGG_0021	19	0.0
balanced	MALAT1_A549_NGG_0021	20	0.0
balanced	MALAT1_A549_NGG_0021	21	0.0
balanced	MALAT1_A549_NGG_0021	22	0.0
balanced	MALAT1_A549_NGG_0021	23	0.0
balanced	MALAT1_A549_NGG_0021	24	0.0
balanced	MALAT1_A549_NGG_0021	25	3.333e-05
balanced	MALAT1_A549_NGG_0021	26	3.333e-05
balanced	MALAT1_A549_NGG_0021	27	0.0
balanced	MALAT1_A549_NGG_0021	28	0.0
balanced	MALAT1_A549_NGG_0021	29	3.333e-05
balanced	MALAT1_A549_NGG_0021	30	6.667e-05
balanced	MALAT1_A549_NGG_0021	31	0.00013333
balanced	MALAT1_A549_NGG_0021	32	0.00013333
balanced	MALAT1_A549_NGG_0021	33	0.00033333
balanced	MALAT1_A549_NGG_0021	34	0.00036667
balanced	MALAT1_A549_NGG_0021	35	0.00026667
balanced	MALAT1_A549_NGG_0021	36	0.0008
balanced	MALAT1_A549_NGG_0021	37	0.00123333
balanced	MALAT1_A549_NGG_0021	38	0.002
balanced	MALAT1_A549_NGG_0021	39	0.00253333
balanced	MALAT1_A549_NGG_0021	40	0.00446667
balanced	MALAT1_A549_NGG_0021	41	0.00673333
balanced	MALAT1_A549_NGG_0021	42	0.01023333
balanced	MALAT1_A549_NGG_0021	43	0.01696667
balanced	MALAT1_A549_NGG_0021	44	0.02366667
balanced	MALAT1_A549_NGG_0021	45	0.03386667
balanced	MALAT1_A549_NGG_0021	46	0.0416
balanced	MALAT1_A549_NGG_0021	47	0.05123333
balanced	MALAT1_A549_NGG_0021	48	0.0589
balanced	MALAT1_A549_NGG_0021	49	0.06993333
balanced	MALAT1_A549_NGG_0021	50	0.07303333
balanced	MALAT1_A549_NGG_0021	51	0.07203333
balanced	MALAT1_A549_NGG_0021	52	0.06436667
balanced	MALAT1_A549_NGG_0021	53	0.05803333
balanced	MALAT1_A549_NGG_0021	54	0.05673333
balanced	MALAT1_A549_NGG_0021	55	0.05283333
balanced	MALAT1_A549_NGG_0021	56	0.051
balanced	MALAT1_A549_NGG_0021	57	0.04793333
balanced	MALAT1_A549_NGG_0021	58	0.0391
balanced	MALAT1_A549_NGG_0021	59	0.03286667
balanced	MALAT1_A549_NGG_0021	60	0.02803333
balanced	MALAT1_A549_NGG_0021	61	0.0246
balanced	MALAT1_A549_NGG_0021	62	0.01723333
balanced	MALAT1_A549_NGG_0021	63	0.01533333
balanced	MALAT1_A549_NGG_0021	64	0.01233333
balanced	MALAT1_A549_NGG_0021	65	0.00936667
balanced	MALAT1_A549_NGG_0021	66	0.00786667
balanced	MALAT1_A549_NGG_0021	67	0.005
balanced	MALAT1_A549_NGG_0021	68	0.00296667
balanced	MALAT1_A549_NGG_0021	69	0.00153333
balanced	MALAT1_A549_NGG_0021	70	0.0012
balanced	MALAT1_A549_NGG_0021	71	0.00066667
balanced	MALAT1_A549_NGG_0021	72	0.0002
balanced	MALAT1_A549_NGG_0021	73	0.00013333
balanced	MALAT1_A549_NGG_0021	74	0.0
balanced	MALAT1_A549_NGG_0021	75	0.0
balanced	MALAT1_A549_NGG_0021	76	3.333e-05
balanced	MALAT1_A549_NGG_0021	77	0.0
balanced	MALAT1_A549_NGG_0021	78	0.0
balanced	MALAT1_A549_NGG_0021	79	0.0
balanced	MALAT1_A549_NGG_0021	80	0.0
balanced	MALAT1_A549_NGG_0021	81	0.0
balanced	MALAT1_A549_NGG_0021	82	0.0
balanced	MALAT1_A549_NGG_0021	83	0.0
balanced	MALAT1_A549_NGG_0021	84	0.0
balanced	MALAT1_A549_NGG_0021	85	0.0
balanced	MALAT1_A549_NGG_0021	86	0.0
balanced	MALAT1_A549_NGG_0022	1	0.0
balanced	MALAT1_A549_NGG_0022	2	0.0
balanced	MALAT1_A549_NGG_0022	3	0.0
balanced	MALAT1_A549_NGG_0022	4	0.0
balanced	MALAT1_A549_NGG_0022	5	0.0
balanced	MALAT1_A549_NGG_0022	6	0.0
balanced	MALAT1_A549_NGG_0022	7	0.0
balanced	MALAT1_A549_NGG_0022	8	0.0
balanced	MALAT1_A549_NGG_0022	9	0.0
balanced	MALAT1_A549_NGG_0022	10	0.0
balanced	MALAT1_A549_NGG_0022	11	0.0
balanced	MALAT1_A549_NGG_0022	12	0.0
balanced	MALAT1_A549_NGG_0022	13	0.0
balanced	MALAT1_A549_NGG_0022	14	0.0
balanced	MALAT1_A549_NGG_0022	15	0.0
balanced	MALAT1_A549_NGG_0022	16	0.0
balanced	MALAT1_A549_NGG_0022	17	0.0
balanced	MALAT1_A549_NGG_0022	18	0.0
balanced	MALAT1_A549_NGG_0022	19	0.0
balanced	MALAT1_A549_NGG_0022	20	0.0
balanced	MALAT1_A549_NGG_0022	21	0.0
balanced	MALAT1_A549_NGG_0022	22	0.0
balanced	MALAT1_A549_NGG_0022	23	6.667e-05
balanced	MALAT1_A549_NGG_0022	24	3.333e-05
balanced	MALAT1_A549_NGG_0022	25	0.0
balanced	MALAT1_A549_NGG_0022	26	0.0
balanced	MALAT1_A549_NGG_0022	27	3.333e-05
balanced	MALAT1_A549_NGG_0022	28	6.667e-05
balanced	MALAT1_A549_NGG_0022	29	0.0001
balanced	MALAT1_A549_NGG_0022	30	0.0002
balanced	MALAT1_A549_NGG_0022	31	0.00026667
balanced	MALAT1_A549_NGG_0022	32	0.0004
balanced	MALAT1_A549_NGG_0022	33	0.00036667
balanced	MALAT1_A549_NGG_0022	34	0.00066667
balanced	MALAT1_A549_NGG_0022	35	0.00096667
balanced	MALAT1_A549_NGG_0022	36	0.00146667
balanced	MALAT1_A549_NGG_0022	37	0.00226667
balanced	MALAT1_A549_NGG_0022	38	0.00383333
balanced	MALAT1_A549_NGG_0022	39	0.0064
balanced	MALAT1_A549_NGG_0022	40	0.00806667
balanced	MALAT1_A549_NGG_0022	41	0.01216667
balanced	MALAT1_A549_NGG_0022	42	0.01886667
balanced	MALAT1_A549_NGG_0022	43	0.0297
balanced	MALAT1_A549_NGG_0022	44	0.04126667
balanced	MALAT1_A549_NGG_0022	45	0.05023333
balanced	MALAT1_A549_NGG_0022	46	0.05836667
balanced	MALAT1_A549_NGG_0022	47	0.06503333
balanced	MALAT1_A549_NGG_0022	48	0.07066667
balanced	MALAT1_A549_NGG_0022	49	0.07123333
balanced	MALAT1_A549_NGG_0022	50	0.07106667
balanced	MALAT1_A549_NGG_0022	51	0.06546667
balanced	MALAT1_A549_NGG_0022	52	0.05803333
balanced	MALAT1_A549_NGG_0022	53	0.05583333
balanced	MALAT1_A549_NGG_0022	54	0.04923333
balanced	MALAT1_A549_NGG_0022	55	0.04703333
balanced	MALAT1_A549_NGG_0022	56	0.03966667
balanced	MALAT1_A549_NGG_0022	57	0.03416667
balanced	MALAT1_A549_NGG_0022	58	0.0298
balanced	MALAT1_A549_NGG_0022	59	0.02576667
balanced	MALAT1_A549_NGG_0022	60	0.01883333
balanced	MALAT1_A549_NGG_0022	61	0.01656667
balanced	MALAT1_A549_NGG_0022	62	0.01296667
balanced	MALAT1_A549_NGG_0022	63	0.00943333
balanced	MALAT1_A549_NGG_0022	64	0.00803333
balanced	MALAT1_A549_NGG_0022	65	0.0054
balanced	MALAT1_A549_NGG_0022	66	0.00393333
balanced	MALAT1_A549_NGG_0022	67	0.0027
balanced	MALAT1_A549_NGG_0022	68	0.00146667
balanced	MALAT1_A549_NGG_0022	69	0.0009
balanced	MALAT1_A549_NGG_0022	70	0.00046667
balanced	MALAT1_A549_NGG_0022	71	0.00043333
balanced	MALAT1_A549_NGG_0022	72	3.333e-05
balanced	MALAT1_A549_NGG_0022	73	3.333e-05
balanced	MALAT1_A549_NGG_0022	74	0.0
balanced	MALAT1_A549_NGG_0022	75	0.0
balanced	MALAT1_A549_NGG_0022	76	0.0
balanced	MALAT1_A549_NGG_0022	77	0.0
balanced	MALAT1_A549_NGG_0022	78	0.0
balanced	MALAT1_A549_NGG_0022	79	0.0
balanced	MALAT1_A549_NGG_0022	80	0.0
balanced	MALAT1_A549_NGG_0022	81	0.0
balanced	MALAT1_A549_NGG_0022	82	0.0
balanced	MALAT1_A549_NGG_0022	83	0.0
balanced	MALAT1_A549_NGG_0022	84	0.0
balanced	MALAT1_A549_NGG_0022	85	0.0
balanced	MALAT1_A549_NGG_0022	86	0.0
balanced	MALAT1_A549_NGG_0023	1	0.0
balanced	MALAT1_A549_NGG_0023	2	0.0
balanced	MALAT1_A549_NGG_0023	3	0.0
balanced	MALAT1_A549_NGG_0023	4	0.0
balanced	MALAT1_A549_NGG_0023	5	0.0
balanced	MALAT1_A549_NGG_0023	6	0.0
balanced	MALAT1_A549_NGG_0023	7	0.0
balanced	MALAT1_A549_NGG_0023	8	0.0
balanced	MALAT1_A549_NGG_0023	9	0.0
balanced	MALAT1_A549_NGG_0023	10	0.0
balanced	MALAT1_A549_NGG_0023	11	0.0
balanced	MALAT1_A549_NGG_0023	12	0.0
balanced	MALAT1_A549_NGG_0023	13	0.0
balanced	MALAT1_A549_NGG_0023	14	0.0
balanced	MALAT1_A549_NGG_0023	15	0.0
balanced	MALAT1_A549_NGG_0023	16	0.0
balanced	MALAT1_A549_NGG_0023	17	0.0
balanced	MALAT1_A549_NGG_0023	18	0.0
balanced	MALAT1_A549_NGG_0023	19	0.0
balanced	MALAT1_A549_NGG_0023	20	0.0
balanced	MALAT1_A549_NGG_0023	21	0.0
balanced	MALAT1_A549_NGG_0023	22	0.0
balanced	MALAT1_A549_NGG_0023	23	3.333e-05
balanced	MALAT1_A549_NGG_0023	24	6.667e-05
balanced	MALAT1_A549_NGG_0023	25	0.0001
balanced	MALAT1_A549_NGG_0023	26	0.0
balanced	MALAT1_A549_NGG_0023	27	0.0001
balanced	MALAT1_A549_NGG_0023	28	0.00013333
balanced	MALAT1_A549_NGG_0023	29	0.0001
balanced	MALAT1_A549_NGG_0023	30	0.00033333
balanced	MALAT1_A549_NGG_0023	31	0.00033333
balanced	MALAT1_A549_NGG_0023	32	0.0007
balanced	MALAT1_A549_NGG_0023	33	0.00073333
balanced	MALAT1_A549_NGG_0023	34	0.00083333
balanced	MALAT1_A549_NGG_0023	35	0.0011
balanced	MALAT1_A549_NGG_0023	36	0.00246667
balanced	MALAT1_A549_NGG_0023	37	0.00403333
balanced	MALAT1_A549_NGG_0023	38	0.0062
balanced	MALAT1_A549_NGG_0023	39	0.00806667
balanced	MALAT1_A549_NGG_0023	40	0.01143333
balanced	MALAT1_A549_NGG_0023	41	0.01656667
balanced	MALAT1_A549_NGG_0023	42	0.02276667
balanced	MALAT1_A549_NGG_0023	43	0.03973333
balanced	MALAT1_A549_NGG_0023	44	0.05213333
balanced	MALAT1_A549_NGG_0023	45	0.06033333
balanced	MALAT1_A549_NGG_0023	46	0.06636667
balanced	MALAT1_A549_NGG_0023	47	0.06746667
balanced	MALAT1_A549_NGG_0023	48	0.06903333
balanced	MALAT1_A549_NGG_0023	49	0.06846667
balanced	MALAT1_A549_NGG_0023	50	0.06566667
balanced	MALAT1_A549_NGG_0023	51	0.0644
balanced	MALAT1_A549_NGG_0023	52	0.05906667
balanced	MALAT1_A549_NGG_0023	53	0.0489
balanced	MALAT1_A549_NGG_0023	54	0.04553333
balanced	MALAT1_A549_NGG_0023	55	0.0416
balanced	MALAT1_A549_NGG_0023	56	0.03686667
balanced	MALAT1_A549_NGG_0023	57	0.03083333
balanced	MALAT1_A549_NGG_0023	58	0.02326667
balanced	MALAT1_A549_NGG_0023	59	0.02156667
balanced	MALAT1_A549_NGG_0023	60	0.01673333
balanced	MALAT1_A549_NGG_0023	61	0.0126
balanced	MALAT1_A549_NGG_0023	62	0.01023333
balanced	MALAT1_A549_NGG_0023	63	0.0071
balanced	MALAT1_A549_NGG_0023	64	0.00593333
balanced	MALAT1_A549_NGG_0023	65	0.00383333
balanced	MALAT1_A549_NGG_0023	66	0.00263333
balanced	MALAT1_A549_NGG_0023	67	0.00196667
balanced	MALAT1_A549_NGG_0023	68	0.00083333
balanced	MALAT1_A549_NGG_0023	69	0.0005
balanced	MALAT1_A549_NGG_0023	70	0.0001
balanced	MALAT1_A549_NGG_0023	71	0.00013333
balanced	MALAT1_A549_NGG_0023	72	3.333e-05
balanced	MALAT1_A549_NGG_0023	73	3.333e-05
balanced	MALAT1_A549_NGG_0023	74	0.0
balanced	MALAT1_A549_NGG_0023	75	0.0
balanced	MALAT1_A549_NGG_0023	76	0.0
balanced	MALAT1_A549_NGG_0023	77	0.0
balanced	MALAT1_A549_NGG_0023	78	0.0
balanced	MALAT1_A549_NGG_0023	79	0.0
balanced	MALAT1_A549_NGG_0023	80	0.0
balanced	MALAT1_A549_NGG_0023	81	0.0
balanced	MALAT1_A549_NGG_0023	82	0.0
balanced	MALAT1_A549_NGG_0023	83	0.0
balanced	MALAT1_A549_NGG_0023	84	0.0
balanced	MALAT1_A549_NGG_0023	85	0.0
balanced	MALAT1_A549_NGG_0023	86	0.0
balanced	MALAT1_A549_NGG_0024	1	0.0
balanced	MALAT1_A549_NGG_0024	2	0.0
balanced	MALAT1_A549_NGG_0024	3	0.0
balanced	MALAT1_A549_NGG_0024	4	0.0
balanced	MALAT1_A549_NGG_0024	5	0.0
balanced	MALAT1_A549_NGG_0024	6	0.0
balanced	MALAT1_A549_NGG_0024	7	0.0
balanced	MALAT1_A549_NGG_0024	8	0.0
balanced	MALAT1_A549_NGG_0024	9	0.0
balanced	MALAT1_A549_NGG_0024	10	0.0
balanced	MALAT1_A549_NGG_0024	11	0.0
balanced	MALAT1_A549_NGG_0024	12	0.0
balanced	MALAT1_A549_NGG_0024	13	0.0
balanced	MALAT1_A549_NGG_0024	14	3.333e-05
balanced	MALAT1_A549_NGG_0024	15	0.0
balanced	MALAT1_A549_NGG_0024	16	0.0
balanced	MALAT1_A549_NGG_0024	17	0.0
balanced	MALAT1_A549_NGG_0024	18	0.0
balanced	MALAT1_A549_NGG_0024	19	0.0
balanced	MALAT1_A549_NGG_0024	20	6.667e-05
balanced	MALAT1_A549_NGG_0024	21	0.0
balanced	MALAT1_A549_NGG_0024	22	6.667e-05
balanced	MALAT1_A549_NGG_0024	23	6.667e-05
balanced	MALAT1_A549_NGG_0024	24	0.0002
balanced	MALAT1_A549_NGG_0024	25	0.0001
balanced	MALAT1_A549_NGG_0024	26	6.667e-05
balanced	MALAT1_A549_NGG_0024	27	0.00046667
balanced	MALAT1_A549_NGG_0024	28	0.0004
balanced	MALAT1_A549_NGG_0024	29	0.00053333
balanced	MALAT1_A549_NGG_0024	30	0.00083333
balanced	MALAT1_A549_NGG_0024	31	0.00126667
balanced	MALAT1_A549_NGG_0024	32	0.0015
balanced	MALAT1_A549_NGG_0024	33	0.0025
balanced	MALAT1_A549_NGG_0024	34	0.003
balanced	MALAT1_A549_NGG_0024	35	0.00516667
balanced	MALAT1_A549_NGG_0024	36	0.00736667
balanced	MALAT1_A549_NGG_0024	37	0.0112
balanced	MALAT1_A549_NGG_0024	38	0.01773333
balanced	MALAT1_A549_NGG_0024	39	0.02066667
balanced	MALAT1_A549_NGG_0024	40	0.02553333
balanced	MALAT1_A549_NGG_0024	41	0.03766667
balanced	MALAT1_A549_NGG_0024	42	0.05316667
balanced	MALAT1_A549_NGG_0024	43	0.07973333
balanced	MALAT1_A549_NGG_0024	44	0.0836
balanced	MALAT1_A549_NGG_0024	45	0.0817
balanced	MALAT1_A549_NGG_0024	46	0.073
balanced	MALAT1_A549_NGG_0024	47	0.0642
balanced	MALAT1_A549_NGG_0024	48	0.06733333
balanced	MALAT1_A549_NGG_0024	49	0.05973333
balanced	MALAT1_A549_NGG_0024	50	0.05426667
balanced	MALAT1_A549_NGG_0024	51	0.04873333
balanced	MALAT1_A549_NGG_0024	52	0.0407
balanced	MALAT1_A549_NGG_0024	53	0.03373333
balanced	MALAT1_A549_NGG_0024	54	0.02806667
balanced	MALAT1_A549_NGG_0024	55	0.02363333
balanced	MALAT1_A549_NGG_0024	56	0.01793333
balanced	MALAT1_A549_NGG_0024	57	0.0134
balanced	MALAT1_A549_NGG_0024	58	0.01166667
balanced	MALAT1_A549_NGG_0024	59	0.00836667
balanced	MALAT1_A549_NGG_0024	60	0.0068
balanced	MALAT1_A549_NGG_0024	61	0.0046
balanced	MALAT1_A549_NGG_0024	62	0.00346667
balanced	MALAT1_A549_NGG_0024	63	0.0021
balanced	MALAT1_A549_NGG_0024	64	0.00156667
balanced	MALAT1_A549_NGG_0024	65	0.00083333
balanced	MALAT1_A549_NGG_0024	66	0.00056667
balanced	MALAT1_A549_NGG_0024	67	0.0004
balanced	MALAT1_A549_NGG_0024	68	0.0002
balanced	MALAT1_A549_NGG_0024	69	3.333e-05
balanced	MALAT1_A549_NGG_0024	70	0.0
balanced	MALAT1_A549_NGG_0024	71	3.333e-05
balanced	MALAT1_A549_NGG_0024	72	0.0
balanced	MALAT1_A549_NGG_0024	73	0.0
balanced	MALAT1_A549_NGG_0024	74	0.0
balanced	MALAT1_A549_NGG_0024	75	0.0
balanced	MALAT1_A549_NGG_0024	76	0.0
balanced	MALAT1_A549_NGG_0024	77	0.0
balanced	MALAT1_A549_NGG_0024	78	0.0
balanced	MALAT1_A549_NGG_0024	79	0.0
balanced	MALAT1_A549_NGG_0024	80	0.0
balanced	MALAT1_A549_NGG_0024	81	0.0
balanced	MALAT1_A549_NGG_0024	82	0.0
balanced	MALAT1_A549_NGG_0024	83	0.0
balanced	MALAT1_A549_NGG_0024	84	0.0
balanced	MALAT1_A549_NGG_0024	85	0.0
balanced	MALAT1_A549_NGG_0024	86	0.0
balanced	MALAT1_A549_NGG_0025	1	0.0
balanced	MALAT1_A549_NGG_0025	2	0.0
balanced	MALAT1_A549_NGG_0025	3	0.0
balanced	MALAT1_A549_NGG_0025	4	0.0
balanced	MALAT1_A549_NGG_0025	5	0.0
balanced	MALAT1_A549_NGG_0025	6	0.0
balanced	MALAT1_A549_NGG_0025	7	0.0
balanced	MALAT1_A549_NGG_0025	8	0.0
balanced	MALAT1_A549_NGG_0025	9	0.0
balanced	MALAT1_A549_NGG_0025	10	0.0
balanced	MALAT1_A549_NGG_0025	11	0.0
balanced	MALAT1_A549_NGG_0025	12	0.0
balanced	MALAT1_A549_NGG_0025	13	0.0
balanced	MALAT1_A549_NGG_0025	14	0.0
balanced	MALAT1_A549_NGG_0025	15	0.0
balanced	MALAT1_A549_NGG_0025	16	0.0
balanced	MALAT1_A549_NGG_0025	17	0.0
balanced	MALAT1_A549_NGG_0025	18	0.0
balanced	MALAT1_A549_NGG_0025	19	0.0
balanced	MALAT1_A549_NGG_0025	20	0.0
balanced	MALAT1_A549_NGG_0025	21	0.0
balanced	MALAT1_A549_NGG_0025	22	0.0
balanced	MALAT1_A549_NGG_0025	23	0.0
balanced	MALAT1_A549_NGG_0025	24	0.0
balanced	MALAT1_A549_NGG_0025	25	0.0
balanced	MALAT1_A549_NGG_0025	26	0.0
balanced	MALAT1_A549_NGG_0025	27	0.0
balanced	MALAT1_A549_NGG_0025	28	0.0
balanced	MALAT1_A549_NGG_0025	29	0.0
balanced	MALAT1_A549_NGG_0025	30	0.0
balanced	MALAT1_A549_NGG_0025	31	0.0
balanced	MALAT1_A549_NGG_0025	32	0.0
balanced	MALAT1_A549_NGG_0025	33	0.0
balanced	MALAT1_A549_NGG_0025	34	0.0
balanced	MALAT1_A549_NGG_0025	35	0.0
balanced	MALAT1_A549_NGG_0025	36	0.0
balanced	MALAT1_A549_NGG_0025	37	0.0
balanced	MALAT1_A549_NGG_0025	38	0.0
balanced	MALAT1_A549_NGG_0025	39	0.0
balanced	MALAT1_A549_NGG_0025	40	0.0
balanced	MALAT1_A549_NGG_0025	41	0.0
balanced	MALAT1_A549_NGG_0025	42	0.0
balanced	MALAT1_A549_NGG_0025	43	0.0
balanced	MALAT1_A549_NGG_0025	44	0.0
balanced	MALAT1_A549_NGG_0025	45	0.0
balanced	MALAT1_A549_NGG_0025	46	0.0
balanced	MALAT1_A549_NGG_0025	47	0.0
balanced	MALAT1_A549_NGG_0025	48	0.0
balanced	MALAT1_A549_NGG_0025	49	0.0
balanced	MALAT1_A549_NGG_0025	50	0.0
balanced	MALAT1_A549_NGG_0025	51	0.0
balanced	MALAT1_A549_NGG_0025	52	0.0
balanced	MALAT1_A549_NGG_0025	53	0.0
balanced	MALAT1_A549_NGG_0025	54	0.0
balanced	MALAT1_A549_NGG_0025	55	0.0
balanced	MALAT1_A549_NGG_0025	56	0.0
balanced	MALAT1_A549_NGG_0025	57	0.0
balanced	MALAT1_A549_NGG_0025	58	0.0
balanced	MALAT1_A549_NGG_0025	59	0.0
balanced	MALAT1_A549_NGG_0025	60	0.0
balanced	MALAT1_A549_NGG_0025	61	0.0
balanced	MALAT1_A549_NGG_0025	62	0.0
balanced	MALAT1_A549_NGG_0025	63	0.0
balanced	MALAT1_A549_NGG_0025	64	0.0
balanced	MALAT1_A549_NGG_0025	65	0.0
balanced	MALAT1_A549_NGG_0025	66	0.0
balanced	MALAT1_A549_NGG_0025	67	3.333e-05
balanced	MALAT1_A549_NGG_0025	68	3.333e-05
balanced	MALAT1_A549_NGG_0025	69	3.333e-05
balanced	MALAT1_A549_NGG_0025	70	6.667e-05
balanced	MALAT1_A549_NGG_0025	71	0.0001
balanced	MALAT1_A549_NGG_0025	72	0.00016667
balanced	MALAT1_A549_NGG_0025	73	0.0003
balanced	MALAT1_A549_NGG_0025	74	0.00043333
balanced	MALAT1_A549_NGG_0025	75	0.00133333
balanced	MALAT1_A549_NGG_0025	76	0.00196667
balanced	MALAT1_A549_NGG_0025	77	0.00413333
balanced	MALAT1_A549_NGG_0025	78	0.00773333
balanced	MALAT1_A549_NGG_0025	79	0.0147
balanced	MALAT1_A549_NGG_0025	80	0.0267
balanced	MALAT1_A549_NGG_0025	81	0.0452
balanced	MALAT1_A549_NGG_0025	82	0.0724
balanced	MALAT1_A549_NGG_0025	83	0.10243333
balanced	MALAT1_A549_NGG_0025	84	0.15126667
balanced	MALAT1_A549_NGG_0025	85	0.237
balanced	MALAT1_A549_NGG_0025	86	0.33396667
balanced	MALAT1_A549_NGG_0026	1	0.0
balanced	MALAT1_A549_NGG_0026	2	0.0
balanced	MALAT1_A549_NGG_0026	3	0.0
balanced	MALAT1_A549_NGG_0026	4	0.0
balanced	MALAT1_A549_NGG_0026	5	0.0
balanced	MALAT1_A549_NGG_0026	6	0.0
balanced	MALAT1_A549_NGG_0026	7	0.0
balanced	MALAT1_A549_NGG_0026	8	0.0
balanced	MALAT1_A549_NGG_0026	9	0.0
balanced	MALAT1_A549_NGG_0026	10	0.0
balanced	MALAT1_A549_NGG_0026	11	0.0
balanced	MALAT1_A549_NGG_0026	12	0.0
balanced	MALAT1_A549_NGG_0026	13	0.0
balanced	MALAT1_A549_NGG_0026	14	0.0
balanced	MALAT1_A549_NGG_0026	15	0.0
balanced	MALAT1_A549_NGG_0026	16	0.0
balanced	MALAT1_A549_NGG_0026	17	0.0
balanced	MALAT1_A549_NGG_0026	18	0.0
balanced	MALAT1_A549_NGG_0026	19	0.0
balanced	MALAT1_A549_NGG_0026	20	0.0
balanced	MALAT1_A549_NGG_0026	21	0.0
balanced	MALAT1_A549_NGG_0026	22	0.0
balanced	MALAT1_A549_NGG_0026	23	0.0
balanced	MALAT1_A549_NGG_0026	24	0.0
balanced	MALAT1_A549_NGG_0026	25	0.0
balanced	MALAT1_A549_NGG_0026	26	0.0
balanced	MALAT1_A549_NGG_0026	27	0.0
balanced	MALAT1_A549_NGG_0026	28	0.0
balanced	MALAT1_A549_NGG_0026	29	0.0
balanced	MALAT1_A549_NGG_0026	30	0.0
balanced	MALAT1_A549_NGG_0026	31	0.0
balanced	MALAT1_A549_NGG_0026	32	0.0
balanced	MALAT1_A549_NGG_0026	33	0.0
balanced	MALAT1_A549_NGG_0026	34	0.0
balanced	MALAT1_A549_NGG_0026	35	0.0
balanced	MALAT1_A549_NGG_0026	36	0.0
balanced	MALAT1_A549_NGG_0026	37	0.0
balanced	MALAT1_A549_NGG_0026	38	0.0
balanced	MALAT1_A549_NGG_0026	39	0.0
balanced	MALAT1_A549_NGG_0026	40	0.0
balanced	MALAT1_A549_NGG_0026	41	0.0
balanced	MALAT1_A549_NGG_0026	42	0.0
balanced	MALAT1_A549_NGG_0026	43	0.0
balanced	MALAT1_A549_NGG_0026	44	0.0
balanced	MALAT1_A549_NGG_0026	45	0.0
balanced	MALAT1_A549_NGG_0026	46	0.0
balanced	MALAT1_A549_NGG_0026	47	0.0
balanced	MALAT1_A549_NGG_0026	48	0.0
balanced	MALAT1_A549_NGG_0026	49	0.0
balanced	MALAT1_A549_NGG_0026	50	0.0
balanced	MALAT1_A549_NGG_0026	51	0.0
balanced	MALAT1_A549_NGG_0026	52	0.0
balanced	MALAT1_A549_NGG_0026	53	0.0
balanced	MALAT1_A549_NGG_0026	54	0.0
balanced	MALAT1_A549_NGG_0026	55	0.0
balanced	MALAT1_A549_NGG_0026	56	0.0
balanced	MALAT1_A549_NGG_0026	57	0.0
balanced	MALAT1_A549_NGG_0026	58	0.0
balanced	MALAT1_A549_NGG_0026	59	0.0
balanced	MALAT1_A549_NGG_0026	60	0.0
balanced	MALAT1_A549_NGG_0026	61	0.0
balanced	MALAT1_A549_NGG_0026	62	0.0
balanced	MALAT1_A549_NGG_0026	63	3.333e-05
balanced	MALAT1_A549_NGG_0026	64	6.667e-05
balanced	MALAT1_A549_NGG_0026	65	0.0001
balanced	MALAT1_A549_NGG_0026	66	0.00016667
balanced	MALAT1_A549_NGG_0026	67	0.00016667
balanced	MALAT1_A549_NGG_0026	68	0.00026667
balanced	MALAT1_A549_NGG_0026	69	0.00056667
balanced	MALAT1_A549_NGG_0026	70	0.00066667
balanced	MALAT1_A549_NGG_0026	71	0.00096667
balanced	MALAT1_A549_NGG_0026	72	0.00173333
balanced	MALAT1_A549_NGG_0026	73	0.00253333
balanced	MALAT1_A549_NGG_0026	74	0.00383333
balanced	MALAT1_A549_NGG_0026	75	0.0075
balanced	MALAT1_A549_NGG_0026	76	0.0129
balanced	MALAT1_A549_NGG_0026	77	0.02163333
balanced	MALAT1_A549_NGG_0026	78	0.03526667
balanced	MALAT1_A549_NGG_0026	79	0.06193333
balanced	MALAT1_A549_NGG_0026	80	0.0892
balanced	MALAT1_A549_NGG_0026	81	0.13166667
balanced	MALAT1_A549_NGG_0026	82	0.1458
balanced	MALAT1_A549_NGG_0026	83	0.15066667
balanced	MALAT1_A549_NGG_0026	84	0.15243333
balanced	MALAT1_A549_NGG_0026	85	0.11533333
balanced	MALAT1_A549_NGG_0026	86	0.06456667
balanced	MALAT1_A549_NGG_0027	1	0.0
balanced	MALAT1_A549_NGG_0027	2	0.0
balanced	MALAT1_A549_NGG_0027	3	0.0
balanced	MALAT1_A549_NGG_0027	4	0.0
balanced	MALAT1_A549_NGG_0027	5	0.0
balanced	MALAT1_A549_NGG_0027	6	0.0
balanced	MALAT1_A549_NGG_0027	7	0.0
balanced	MALAT1_A549_NGG_0027	8	0.0
balanced	MALAT1_A549_NGG_0027	9	0.0
balanced	MALAT1_A549_NGG_0027	10	0.0
balanced	MALAT1_A549_NGG_0027	11	0.0
balanced	MALAT1_A549_NGG_0027	12	0.0
balanced	MALAT1_A549_NGG_0027	13	0.0
balanced	MALAT1_A549_NGG_0027	14	0.0
balanced	MALAT1_A549_NGG_0027	15	0.0
balanced	MALAT1_A549_NGG_0027	16	0.0
balanced	MALAT1_A549_NGG_0027	17	0.0
balanced	MALAT1_A549_NGG_0027	18	0.0
balanced	MALAT1_A549_NGG_0027	19	0.0
balanced	MALAT1_A549_NGG_0027	20	0.0
balanced	MALAT1_A549_NGG_0027	21	0.0
balanced	MALAT1_A549_NGG_0027	22	0.0
balanced	MALAT1_A549_NGG_0027	23	0.0
balanced	MALAT1_A549_NGG_0027	24	0.0
balanced	MALAT1_A549_NGG_0027	25	0.0
balanced	MALAT1_A549_NGG_0027	26	6.667e-05
balanced	MALAT1_A549_NGG_0027	27	0.0
balanced	MALAT1_A549_NGG_0027	28	0.0
balanced	MALAT1_A549_NGG_0027	29	3.333e-05
balanced	MALAT1_A549_NGG_0027	30	0.0
balanced	MALAT1_A549_NGG_0027	31	0.0
balanced	MALAT1_A549_NGG_0027	32	0.0001
balanced	MALAT1_A549_NGG_0027	33	6.667e-05
balanced	MALAT1_A549_NGG_0027	34	3.333e-05
balanced	MALAT1_A549_NGG_0027	35	0.0002
balanced	MALAT1_A549_NGG_0027	36	0.00026667
balanced	MALAT1_A549_NGG_0027	37	0.00023333
balanced	MALAT1_A549_NGG_0027	38	6.667e-05
balanced	MALAT1_A549_NGG_0027	39	0.00013333
balanced	MALAT1_A549_NGG_0027	40	0.00016667
balanced	MALAT1_A549_NGG_0027	41	0.0005
balanced	MALAT1_A549_NGG_0027	42	0.00076667
balanced	MALAT1_A549_NGG_0027	43	0.00066667
balanced	MALAT1_A549_NGG_0027	44	0.0008
balanced	MALAT1_A549_NGG_0027	45	0.00116667
balanced	MALAT1_A549_NGG_0027	46	0.0014
balanced	MALAT1_A549_NGG_0027	47	0.00206667
balanced	MALAT1_A549_NGG_0027	48	0.00306667
balanced	MALAT1_A549_NGG_0027	49	0.00223333
balanced	MALAT1_A549_NGG_0027	50	0.00346667
balanced	MALAT1_A549_NGG_0027	51	0.0041
balanced	MALAT1_A549_NGG_0027	52	0.00373333
balanced	MALAT1_A549_NGG_0027	53	0.00506667
balanced	MALAT1_A549_NGG_0027	54	0.00633333
balanced	MALAT1_A549_NGG_0027	55	0.0067
balanced	MALAT1_A549_NGG_0027	56	0.00863333
balanced	MALAT1_A549_NGG_0027	57	0.0087
balanced	MALAT1_A549_NGG_0027	58	0.0102
balanced	MALAT1_A549_NGG_0027	59	0.01213333
balanced	MALAT1_A549_NGG_0027	60	0.01423333
balanced	MALAT1_A549_NGG_0027	61	0.01536667
balanced	MALAT1_A549_NGG_0027	62	0.02116667
balanced	MALAT1_A549_NGG_0027	63	0.0262
balanced	MALAT1_A549_NGG_0027	64	0.03016667
balanced	MALAT1_A549_NGG_0027	65	0.02946667
balanced	MALAT1_A549_NGG_0027	66	0.0312
balanced	MALAT1_A549_NGG_0027	67	0.03146667
balanced	MALAT1_A549_NGG_0027	68	0.03936667
balanced	MALAT1_A549_NGG_0027	69	0.04706667
balanced	MALAT1_A549_NGG_0027	70	0.05256667
balanced	MALAT1_A549_NGG_0027	71	0.056
balanced	MALAT1_A549_NGG_0027	72	0.06656667
balanced	MALAT1_A549_NGG_0027	73	0.0794
balanced	MALAT1_A549_NGG_0027	74	0.08123333
balanced	MALAT1_A549_NGG_0027	75	0.08693333
balanced	MALAT1_A549_NGG_0027	76	0.07676667
balanced	MALAT1_A549_NGG_0027	77	0.05476667
balanced	MALAT1_A549_NGG_0027	78	0.05766667
balanced	MALAT1_A549_NGG_0027	79	0.01586667
balanced	MALAT1_A549_NGG_0027	80	0.0027
balanced	MALAT1_A549_NGG_0027	81	0.0006
balanced	MALAT1_A549_NGG_0027	82	6.667e-05
balanced	MALAT1_A549_NGG_0027	83	6.667e-05
balanced	MALAT1_A549_NGG_0027	84	0.0
balanced	MALAT1_A549_NGG_0027	85	0.0
balanced	MALAT1_A549_NGG_0027	86	0.0
balanced	MALAT1_A549_NGG_0028	1	0.0
balanced	MALAT1_A549_NGG_0028	2	0.0
balanced	MALAT1_A549_NGG_0028	3	0.0
balanced	MALAT1_A549_NGG_0028	4	0.0
balanced	MALAT1_A549_NGG_0028	5	0.0
balanced	MALAT1_A549_NGG_0028	6	0.0
balanced	MALAT1_A549_NGG_0028	7	0.0
balanced	MALAT1_A549_NGG_0028	8	0.0
balanced	MALAT1_A549_NGG_0028	9	0.0
balanced	MALAT1_A549_NGG_0028	10	0.0
balanced	MALAT1_A549_NGG_0028	11	0.0
balanced	MALAT1_A549_NGG_0028	12	3.333e-05
balanced	MALAT1_A549_NGG_0028	13	0.0001
balanced	MALAT1_A549_NGG_0028	14	6.667e-05
balanced	MALAT1_A549_NGG_0028	15	3.333e-05
balanced	MALAT1_A549_NGG_0028	16	0.0001
balanced	MALAT1_A549_NGG_0028	17	0.0002
balanced	MALAT1_A549_NGG_0028	18	0.0002
balanced	MALAT1_A549_NGG_0028	19	0.0002
balanced	MALAT1_A549_NGG_0028	20	0.00023333
balanced	MALAT1_A549_NGG_0028	21	0.00063333
balanced	MALAT1_A549_NGG_0028	22	0.00086667
balanced	MALAT1_A549_NGG_0028	23	0.0005
balanced	MALAT1_A549_NGG_0028	24	0.001
balanced	MALAT1_A549_NGG_0028	25	0.0008
balanced	MALAT1_A549_NGG_0028	26	0.0014
balanced	MALAT1_A549_NGG_0028	27	0.00133333
balanced	MALAT1_A549_NGG_0028	28	0.00193333
balanced	MALAT1_A549_NGG_0028	29	0.00243333
balanced	MALAT1_A549_NGG_0028	30	0.00346667
balanced	MALAT1_A549_NGG_0028	31	0.0028
balanced	MALAT1_A549_NGG_0028	32	0.00343333
balanced	MALAT1_A549_NGG_0028	33	0.00403333
balanced	MALAT1_A549_NGG_0028	34	0.005
balanced	MALAT1_A549_NGG_0028	35	0.00553333
balanced	MALAT1_A549_NGG_0028	36	0.007
balanced	MALAT1_A549_NGG_0028	37	0.0074
balanced	MALAT1_A549_NGG_0028	38	0.00946667
balanced	MALAT1_A549_NGG_0028	39	0.01086667
balanced	MALAT1_A549_NGG_0028	40	0.013
balanced	MALAT1_A549_NGG_0028	41	0.01473333
balanced	MALAT1_A549_NGG_0028	42	0.0172
balanced	MALAT1_A549_NGG_0028	43	0.02306667
balanced	MALAT1_A549_NGG_0028	44	0.0267
balanced	MALAT1_A549_NGG_0028	45	0.0257
balanced	MALAT1_A549_NGG_0028	46	0.02863333
balanced	MALAT1_A549_NGG_0028	47	0.0269
balanced	MALAT1_A549_NGG_0028	48	0.02656667
balanced	MALAT1_A549_NGG_0028	49	0.02896667
balanced	MALAT1_A549_NGG_0028	50	0.02856667
balanced	MALAT1_A549_NGG_0028	51	0.02796667
balanced	MALAT1_A549_NGG_0028	52	0.03026667
balanced	MALAT1_A549_NGG_0028	53	0.02993333
balanced	MALAT1_A549_NGG_0028	54	0.0302
balanced	MALAT1_A549_NGG_0028	55	0.02913333
balanced	MALAT1_A549_NGG_0028	56	0.02886667
balanced	MALAT1_A549_NGG_0028	57	0.02883333
balanced	MALAT1_A549_NGG_0028	58	0.03016667
balanced	MALAT1_A549_NGG_0028	59	0.029
balanced	MALAT1_A549_NGG_0028	60	0.0302
balanced	MALAT1_A549_NGG_0028	61	0.05396667
balanced	MALAT1_A549_NGG_0028	62	0.03413333
balanced	MALAT1_A549_NGG_0028	63	0.02793333
balanced	MALAT1_A549_NGG_0028	64	0.0227
balanced	MALAT1_A549_NGG_0028	65	0.02093333
balanced	MALAT1_A549_NGG_0028	66	0.0388
balanced	MALAT1_A549_NGG_0028	67	0.03493333
balanced	MALAT1_A549_NGG_0028	68	0.0308
balanced	MALAT1_A549_NGG_0028	69	0.02533333
balanced	MALAT1_A549_NGG_0028	70	0.02323333
balanced	MALAT1_A549_NGG_0028	71	0.01793333
balanced	MALAT1_A549_NGG_0028	72	0.0161
balanced	MALAT1_A549_NGG_0028	73	0.01276667
balanced	MALAT1_A549_NGG_0028	74	0.00713333
balanced	MALAT1_A549_NGG_0028	75	0.00386667
balanced	MALAT1_A549_NGG_0028	76	0.0021
balanced	MALAT1_A549_NGG_0028	77	0.00153333
balanced	MALAT1_A549_NGG_0028	78	0.00013333
balanced	MALAT1_A549_NGG_0028	79	0.0
balanced	MALAT1_A549_NGG_0028	80	0.0
balanced	MALAT1_A549_NGG_0028	81	0.0
balanced	MALAT1_A549_NGG_0028	82	0.0
balanced	MALAT1_A549_NGG_0028	83	0.0
balanced	MALAT1_A549_NGG_0028	84	0.0
balanced	MALAT1_A549_NGG_0028	85	0.0
balanced	MALAT1_A549_NGG_0028	86	0.0
balanced	MALAT1_A549_NGG_0029	1	0.0
balanced	MALAT1_A549_NGG_0029	2	0.0
balanced	MALAT1_A549_NGG_0029	3	0.0
balanced	MALAT1_A549_NGG_0029	4	0.0
balanced	MALAT1_A549_NGG_0029	5	0.0
balanced	MALAT1_A549_NGG_0029	6	0.0
balanced	MALAT1_A549_NGG_0029	7	0.0
balanced	MALAT1_A549_NGG_0029	8	0.0
balanced	MALAT1_A549_NGG_0029	9	0.0
balanced	MALAT1_A549_NGG_0029	10	0.0
balanced	MALAT1_A549_NGG_0029	11	0.0
balanced	MALAT1_A549_NGG_0029	12	0.0
balanced	MALAT1_A549_NGG_0029	13	0.0
balanced	MALAT1_A549_NGG_0029	14	0.0
balanced	MALAT1_A549_NGG_0029	15	0.0
balanced	MALAT1_A549_NGG_0029	16	0.0
balanced	MALAT1_A549_NGG_0029	17	0.0
balanced	MALAT1_A549_NGG_0029	18	0.0
balanced	MALAT1_A549_NGG_0029	19	0.0
balanced	MALAT1_A549_NGG_0029	20	0.0
balanced	MALAT1_A549_NGG_0029	21	0.0
balanced	MALAT1_A549_NGG_0029	22	0.0
balanced	MALAT1_A549_NGG_0029	23	0.0
balanced	MALAT1_A549_NGG_0029	24	0.0
balanced	MALAT1_A549_NGG_0029	25	0.0
balanced	MALAT1_A549_NGG_0029	26	0.0
balanced	MALAT1_A549_NGG_0029	27	0.0
balanced	MALAT1_A549_NGG_0029	28	0.0
balanced	MALAT1_A549_NGG_0029	29	0.0
balanced	MALAT1_A549_NGG_0029	30	0.0
balanced	MALAT1_A549_NGG_0029	31	0.0
balanced	MALAT1_A549_NGG_0029	32	0.0
balanced	MALAT1_A549_NGG_0029	33	0.0
balanced	MALAT1_A549_NGG_0029	34	0.0
balanced	MALAT1_A549_NGG_0029	35	0.0
balanced	MALAT1_A549_NGG_0029	36	0.0
balanced	MALAT1_A549_NGG_0029	37	0.0
balanced	MALAT1_A549_NGG_0029	38	0.0
balanced	MALAT1_A549_NGG_0029	39	0.0
balanced	MALAT1_A549_NGG_0029	40	0.0
balanced	MALAT1_A549_NGG_0029	41	0.0
balanced	MALAT1_A549_NGG_0029	42	0.0
balanced	MALAT1_A549_NGG_0029	43	0.0
balanced	MALAT1_A549_NGG_0029	44	0.0
balanced	MALAT1_A549_NGG_0029	45	0.0
balanced	MALAT1_A549_NGG_0029	46	3.333e-05
balanced	MALAT1_A549_NGG_0029	47	0.0
balanced	MALAT1_A549_NGG_0029	48	3.333e-05
balanced	MALAT1_A549_NGG_0029	49	0.0
balanced	MALAT1_A549_NGG_0029	50	3.333e-05
balanced	MALAT1_A549_NGG_0029	51	3.333e-05
balanced	MALAT1_A549_NGG_0029	52	0.0
balanced	MALAT1_A549_NGG_0029	53	3.333e-05
balanced	MALAT1_A549_NGG_0029	54	3.333e-05
balanced	MALAT1_A549_NGG_0029	55	0.0
balanced	MALAT1_A549_NGG_0029	56	6.667e-05
balanced	MALAT1_A549_NGG_0029	57	0.00016667
balanced	MALAT1_A549_NGG_0029	58	0.00013333
balanced	MALAT1_A549_NGG_0029	59	0.0002
balanced	MALAT1_A549_NGG_0029	60	0.0003
balanced	MALAT1_A549_NGG_0029	61	0.00036667
balanced	MALAT1_A549_NGG_0029	62	0.00063333
balanced	MALAT1_A549_NGG_0029	63	0.00056667
balanced	MALAT1_A549_NGG_0029	64	0.0013
balanced	MALAT1_A549_NGG_0029	65	0.00153333
balanced	MALAT1_A549_NGG_0029	66	0.0023
balanced	MALAT1_A549_NGG_0029	67	0.00373333
balanced	MALAT1_A549_NGG_0029	68	0.00456667
balanced	MALAT1_A549_NGG_0029	69	0.00546667
balanced	MALAT1_A549_NGG_0029	70	0.00753333
balanced	MALAT1_A549_NGG_0029	71	0.00926667
balanced	MALAT1_A549_NGG_0029	72	0.01303333
balanced	MALAT1_A549_NGG_0029	73	0.0202
balanced	MALAT1_A549_NGG_0029	74	0.03033333
balanced	MALAT1_A549_NGG_0029	75	0.04973333
balanced	MALAT1_A549_NGG_0029	76	0.07336667
balanced	MALAT1_A549_NGG_0029	77	0.09743333
balanced	MALAT1_A549_NGG_0029	78	0.12866667
balanced	MALAT1_A549_NGG_0029	79	0.17853333
balanced	MALAT1_A549_NGG_0029	80	0.17526667
balanced	MALAT1_A549_NGG_0029	81	0.0954
balanced	MALAT1_A549_NGG_0029	82	0.05346667
balanced	MALAT1_A549_NGG_0029	83	0.0295
balanced	MALAT1_A549_NGG_0029	84	0.01193333
balanced	MALAT1_A549_NGG_0029	85	0.00426667
balanced	MALAT1_A549_NGG_0029	86	0.00053333
balanced	MALAT1_A549_NGG_0030	1	0.0
balanced	MALAT1_A549_NGG_0030	2	0.0
balanced	MALAT1_A549_NGG_0030	3	0.0
balanced	MALAT1_A549_NGG_0030	4	0.0
balanced	MALAT1_A549_NGG_0030	5	0.0
balanced	MALAT1_A549_NGG_0030	6	0.0
balanced	MALAT1_A549_NGG_0030	7	0.0
balanced	MALAT1_A549_NGG_0030	8	0.0
balanced	MALAT1_A549_NGG_0030	9	0.0
balanced	MALAT1_A549_NGG_0030	10	0.0
balanced	MALAT1_A549_NGG_0030	11	0.0
balanced	MALAT1_A549_NGG_0030	12	0.0
balanced	MALAT1_A549_NGG_0030	13	0.0
balanced	MALAT1_A549_NGG_0030	14	0.0
balanced	MALAT1_A549_NGG_0030	15	0.0
balanced	MALAT1_A549_NGG_0030	16	0.0
balanced	MALAT1_A549_NGG_0030	17	0.0
balanced	MALAT1_A549_NGG_0030	18	0.0
balanced	MALAT1_A549_NGG_0030	19	0.0
balanced	MALAT1_A549_NGG_0030	20	0.0
balanced	MALAT1_A549_NGG_0030	21	0.0
balanced	MALAT1_A549_NGG_0030	22	0.0
balanced	MALAT1_A549_NGG_0030	23	0.0
balanced	MALAT1_A549_NGG_0030	24	0.0
balanced	MALAT1_A549_NGG_0030	25	0.0
balanced	MALAT1_A549_NGG_0030	26	3.333e-05
balanced	MALAT1_A549_NGG_0030	27	6.667e-05
balanced	MALAT1_A549_NGG_0030	28	3.333e-05
balanced	MALAT1_A549_NGG_0030	29	0.0001
balanced	MALAT1_A549_NGG_0030	30	0.0
balanced	MALAT1_A549_NGG_0030	31	0.0001
balanced	MALAT1_A549_NGG_0030	32	0.0001
balanced	MALAT1_A549_NGG_0030	33	0.00026667
balanced	MALAT1_A549_NGG_0030	34	0.0003
balanced	MALAT1_A549_NGG_0030	35	0.00093333
balanced	MALAT1_A549_NGG_0030	36	0.00116667
balanced	MALAT1_A549_NGG_0030	37	0.00206667
balanced	MALAT1_A549_NGG_0030	38	0.00346667
balanced	MALAT1_A549_NGG_0030	39	0.006
balanced	MALAT1_A549_NGG_0030	40	0.0067
balanced	MALAT1_A549_NGG_0030	41	0.01133333
balanced	MALAT1_A549_NGG_0030	42	0.01736667
balanced	MALAT1_A549_NGG_0030	43	0.0284
balanced	MALAT1_A549_NGG_0030	44	0.03836667
balanced	MALAT1_A549_NGG_0030	45	0.0488
balanced	MALAT1_A549_NGG_0030	46	0.0563
balanced	MALAT1_A549_NGG_0030	47	0.0618
balanced	MALAT1_A549_NGG_0030	48	0.0686
balanced	MALAT1_A549_NGG_0030	49	0.07556667
balanced	MALAT1_A549_NGG_0030	50	0.07673333
balanced	MALAT1_A549_NGG_0030	51	0.07483333
balanced	MALAT1_A549_NGG_0030	52	0.0642
balanced	MALAT1_A549_NGG_0030	53	0.05816667
balanced	MALAT1_A549_NGG_0030	54	0.0504
balanced	MALAT1_A549_NGG_0030	55	0.04606667
balanced	MALAT1_A549_NGG_0030	56	0.03866667
balanced	MALAT1_A549_NGG_0030	57	0.03396667
balanced	MALAT1_A549_NGG_0030	58	0.02923333
balanced	MALAT1_A549_NGG_0030	59	0.02443333
balanced	MALAT1_A549_NGG_0030	60	0.01953333
balanced	MALAT1_A549_NGG_0030	61	0.01543333
balanced	MALAT1_A549_NGG_0030	62	0.01213333
balanced	MALAT1_A549_NGG_0030	63	0.0084
balanced	MALAT1_A549_NGG_0030	64	0.00663333
balanced	MALAT1_A549_NGG_0030	65	0.00456667
balanced	MALAT1_A549_NGG_0030	66	0.00366667
balanced	MALAT1_A549_NGG_0030	67	0.0023
balanced	MALAT1_A549_NGG_0030	68	0.00123333
balanced	MALAT1_A549_NGG_0030	69	0.00103333
balanced	MALAT1_A549_NGG_0030	70	0.0003
balanced	MALAT1_A549_NGG_0030	71	0.00013333
balanced	MALAT1_A549_NGG_0030	72	3.333e-05
balanced	MALAT1_A549_NGG_0030	73	3.333e-05
balanced	MALAT1_A549_NGG_0030	74	0.0
balanced	MALAT1_A549_NGG_0030	75	0.0
balanced	MALAT1_A549_NGG_0030	76	0.0
balanced	MALAT1_A549_NGG_0030	77	0.0
balanced	MALAT1_A549_NGG_0030	78	0.0
balanced	MALAT1_A549_NGG_0030	79	0.0
balanced	MALAT1_A549_NGG_0030	80	0.0
balanced	MALAT1_A549_NGG_0030	81	0.0
balanced	MALAT1_A549_NGG_0030	82	0.0
balanced	MALAT1_A549_NGG_0030	83	0.0
balanced	MALAT1_A549_NGG_0030	84	0.0
balanced	MALAT1_A549_NGG_0030	85	0.0
balanced	MALAT1_A549_NGG_0030	86	0.0
balanced	MALAT1_A549_NGG_0031	1	0.0
balanced	MALAT1_A549_NGG_0031	2	0.0
balanced	MALAT1_A549_NGG_0031	3	0.0
balanced	MALAT1_A549_NGG_0031	4	0.0
balanced	MALAT1_A549_NGG_0031	5	0.0
balanced	MALAT1_A549_NGG_0031	6	0.0
balanced	MALAT1_A549_NGG_0031	7	0.0
balanced	MALAT1_A549_NGG_0031	8	0.0
balanced	MALAT1_A549_NGG_0031	9	0.0
balanced	MALAT1_A549_NGG_0031	10	0.0
balanced	MALAT1_A549_NGG_0031	11	0.0
balanced	MALAT1_A549_NGG_0031	12	0.0
balanced	MALAT1_A549_NGG_0031	13	0.0
balanced	MALAT1_A549_NGG_0031	14	0.0
balanced	MALAT1_A549_NGG_0031	15	0.0
balanced	MALAT1_A549_NGG_0031	16	0.0
balanced	MALAT1_A549_NGG_0031	17	0.0
balanced	MALAT1_A549_NGG_0031	18	0.0
balanced	MALAT1_A549_NGG_0031	19	0.0
balanced	MALAT1_A549_NGG_0031	20	0.0
balanced	MALAT1_A549_NGG_0031	21	0.0
balanced	MALAT1_A549_NGG_0031	22	0.0
balanced	MALAT1_A549_NGG_0031	23	0.0
balanced	MALAT1_A549_NGG_0031	24	0.0
balanced	MALAT1_A549_NGG_0031	25	0.0
balanced	MALAT1_A549_NGG_0031	26	0.0
balanced	MALAT1_A549_NGG_0031	27	0.0
balanced	MALAT1_A549_NGG_0031	28	0.0
balanced	MALAT1_A549_NGG_0031	29	0.0
balanced	MALAT1_A549_NGG_0031	30	0.0
balanced	MALAT1_A549_NGG_0031	31	0.0
balanced	MALAT1_A549_NGG_0031	32	0.0
balanced	MALAT1_A549_NGG_0031	33	0.0
balanced	MALAT1_A549_NGG_0031	34	0.0
balanced	MALAT1_A549_NGG_0031	35	0.0
balanced	MALAT1_A549_NGG_0031	36	0.0
balanced	MALAT1_A549_NGG_0031	37	0.0
balanced	MALAT1_A549_NGG_0031	38	0.0
balanced	MALAT1_A549_NGG_0031	39	0.0
balanced	MALAT1_A549_NGG_0031	40	0.0
balanced	MALAT1_A549_NGG_0031	41	0.0
balanced	MALAT1_A549_NGG_0031	42	0.0
balanced	MALAT1_A549_NGG_0031	43	0.0
balanced	MALAT1_A549_NGG_0031	44	0.0
balanced	MALAT1_A549_NGG_0031	45	0.0
balanced	MALAT1_A549_NGG_0031	46	0.0
balanced	MALAT1_A549_NGG_0031	47	0.0
balanced	MALAT1_A549_NGG_0031	48	0.0
balanced	MALAT1_A549_NGG_0031	49	0.0
balanced	MALAT1_A549_NGG_0031	50	0.0
balanced	MALAT1_A549_NGG_0031	51	0.0
balanced	MALAT1_A549_NGG_0031	52	0.0
balanced	MALAT1_A549_NGG_0031	53	0.0
balanced	MALAT1_A549_NGG_0031	54	0.0
balanced	MALAT1_A549_NGG_0031	55	0.0
balanced	MALAT1_A549_NGG_0031	56	0.0
balanced	MALAT1_A549_NGG_0031	57	0.0
balanced	MALAT1_A549_NGG_0031	58	3.333e-05
balanced	MALAT1_A549_NGG_0031	59	3.333e-05
balanced	MALAT1_A549_NGG_0031	60	3.333e-05
balanced	MALAT1_A549_NGG_0031	61	0.0
balanced	MALAT1_A549_NGG_0031	62	3.333e-05
balanced	MALAT1_A549_NGG_0031	63	0.0
balanced	MALAT1_A549_NGG_0031	64	6.667e-05
balanced	MALAT1_A549_NGG_0031	65	0.00013333
balanced	MALAT1_A549_NGG_0031	66	0.00026667
balanced	MALAT1_A549_NGG_0031	67	0.00036667
balanced	MALAT1_A549_NGG_0031	68	0.0002
balanced	MALAT1_A549_NGG_0031	69	0.00066667
balanced	MALAT1_A549_NGG_0031	70	0.00083333
balanced	MALAT1_A549_NGG_0031	71	0.00156667
balanced	MALAT1_A549_NGG_0031	72	0.0018
balanced	MALAT1_A549_NGG_0031	73	0.00293333
balanced	MALAT1_A549_NGG_0031	74	0.00476667
balanced	MALAT1_A549_NGG_0031	75	0.00856667
balanced	MALAT1_A549_NGG_0031	76	0.01653333
balanced	MALAT1_A549_NGG_0031	77	0.02983333
balanced	MALAT1_A549_NGG_0031	78	0.0534
balanced	MALAT1_A549_NGG_0031	79	0.08443333
balanced	MALAT1_A549_NGG_0031	80	0.13203333
balanced	MALAT1_A549_NGG_0031	81	0.18593333
balanced	MALAT1_A549_NGG_0031	82	0.18413333
balanced	MALAT1_A549_NGG_0031	83	0.14466667
balanced	MALAT1_A549_NGG_0031	84	0.09423333
balanced	MALAT1_A549_NGG_0031	85	0.04273333
balanced	MALAT1_A549_NGG_0031	86	0.00976667
balanced	MALAT1_A549_NGG_0032	1	0.0
balanced	MALAT1_A549_NGG_0032	2	0.0
balanced	MALAT1_A549_NGG_0032	3	0.0
balanced	MALAT1_A549_NGG_0032	4	0.0
balanced	MALAT1_A549_NGG_0032	5	0.0
balanced	MALAT1_A549_NGG_0032	6	0.0
balanced	MALAT1_A549_NGG_0032	7	0.0
balanced	MALAT1_A549_NGG_0032	8	0.0
balanced	MALAT1_A549_NGG_0032	9	0.0
balanced	MALAT1_A549_NGG_0032	10	0.0
balanced	MALAT1_A549_NGG_0032	11	0.0
balanced	MALAT1_A549_NGG_0032	12	0.0
balanced	MALAT1_A549_NGG_0032	13	0.0
balanced	MALAT1_A549_NGG_0032	14	0.0
balanced	MALAT1_A549_NGG_0032	15	0.0
balanced	MALAT1_A549_NGG_0032	16	0.0
balanced	MALAT1_A549_NGG_0032	17	0.0
balanced	MALAT1_A549_NGG_0032	18	0.0
balanced	MALAT1_A549_NGG_0032	19	0.0
balanced	MALAT1_A549_NGG_0032	20	0.0
balanced	MALAT1_A549_NGG_0032	21	0.0
balanced	MALAT1_A549_NGG_0032	22	0.0
balanced	MALAT1_A549_NGG_0032	23	0.0
balanced	MALAT1_A549_NGG_0032	24	0.0
balanced	MALAT1_A549_NGG_0032	25	0.0
balanced	MALAT1_A549_NGG_0032	26	0.0
balanced	MALAT1_A549_NGG_0032	27	0.0
balanced	MALAT1_A549_NGG_0032	28	0.0
balanced	MALAT1_A549_NGG_0032	29	0.0
balanced	MALAT1_A549_NGG_0032	30	0.0
balanced	MALAT1_A549_NGG_0032	31	0.0
balanced	MALAT1_A549_NGG_0032	32	0.0
balanced	MALAT1_A549_NGG_0032	33	0.0
balanced	MALAT1_A549_NGG_0032	34	0.0
balanced	MALAT1_A549_NGG_0032	35	0.0
balanced	MALAT1_A549_NGG_0032	36	0.0
balanced	MALAT1_A549_NGG_0032	37	0.0
balanced	MALAT1_A549_NGG_0032	38	0.0
balanced	MALAT1_A549_NGG_0032	39	0.0
balanced	MALAT1_A549_NGG_0032	40	0.0
balanced	MALAT1_A549_NGG_0032	41	0.0
balanced	MALAT1_A549_NGG_0032	42	0.0
balanced	MALAT1_A549_NGG_0032	43	0.0
balanced	MALAT1_A549_NGG_0032	44	0.0
balanced	MALAT1_A549_NGG_0032	45	0.0
balanced	MALAT1_A549_NGG_0032	46	0.0
balanced	MALAT1_A549_NGG_0032	47	0.0
balanced	MALAT1_A549_NGG_0032	48	0.0
balanced	MALAT1_A549_NGG_0032	49	0.0
balanced	MALAT1_A549_NGG_0032	50	0.0
balanced	MALAT1_A549_NGG_0032	51	0.0
balanced	MALAT1_A549_NGG_0032	52	0.0
balanced	MALAT1_A549_NGG_0032	53	0.0
balanced	MALAT1_A549_NGG_0032	54	0.0
balanced	MALAT1_A549_NGG_0032	55	0.0
balanced	MALAT1_A549_NGG_0032	56	0.0
balanced	MALAT1_A549_NGG_0032	57	0.0
balanced	MALAT1_A549_NGG_0032	58	0.0
balanced	MALAT1_A549_NGG_0032	59	3.333e-05
balanced	MALAT1_A549_NGG_0032	60	0.0
balanced	MALAT1_A549_NGG_0032	61	0.0
balanced	MALAT1_A549_NGG_0032	62	0.0
balanced	MALAT1_A549_NGG_0032	63	3.333e-05
balanced	MALAT1_A549_NGG_0032	64	0.0
balanced	MALAT1_A549_NGG_0032	65	0.0
balanced	MALAT1_A549_NGG_0032	66	0.0
balanced	MALAT1_A549_NGG_0032	67	6.667e-05
balanced	MALAT1_A549_NGG_0032	68	6.667e-05
balanced	MALAT1_A549_NGG_0032	69	0.0
balanced	MALAT1_A549_NGG_0032	70	0.0002
balanced	MALAT1_A549_NGG_0032	71	6.667e-05
balanced	MALAT1_A549_NGG_0032	72	0.00026667
balanced	MALAT1_A549_NGG_0032	73	0.00036667
balanced	MALAT1_A549_NGG_0032	74	0.0005
balanced	MALAT1_A549_NGG_0032	75	0.00076667
balanced	MALAT1_A549_NGG_0032	76	0.00166667
balanced	MALAT1_A549_NGG_0032	77	0.00356667
balanced	MALAT1_A549_NGG_0032	78	0.00663333
balanced	MALAT1_A549_NGG_0032	79	0.01466667
balanced	MALAT1_A549_NGG_0032	80	0.02913333
balanced	MALAT1_A549_NGG_0032	81	0.06033333
balanced	MALAT1_A549_NGG_0032	82	0.0966
balanced	MALAT1_A549_NGG_0032	83	0.1631
balanced	MALAT1_A549_NGG_0032	84	0.2144
balanced	MALAT1_A549_NGG_0032	85	0.2386
balanced	MALAT1_A549_NGG_0032	86	0.16893333
balanced	MALAT1_A549_NGG_0033	1	0.0
balanced	MALAT1_A549_NGG_0033	2	0.0
balanced	MALAT1_A549_NGG_0033	3	0.0
balanced	MALAT1_A549_NGG_0033	4	0.0
balanced	MALAT1_A549_NGG_0033	5	0.0
balanced	MALAT1_A549_NGG_0033	6	0.0
balanced	MALAT1_A549_NGG_0033	7	0.0
balanced	MALAT1_A549_NGG_0033	8	0.0
balanced	MALAT1_A549_NGG_0033	9	0.0
balanced	MALAT1_A549_NGG_0033	10	0.0
balanced	MALAT1_A549_NGG_0033	11	0.0
balanced	MALAT1_A549_NGG_0033	12	0.0
balanced	MALAT1_A549_NGG_0033	13	0.0
balanced	MALAT1_A549_NGG_0033	14	0.0
balanced	MALAT1_A549_NGG_0033	15	0.0
balanced	MALAT1_A549_NGG_0033	16	0.0
balanced	MALAT1_A549_NGG_0033	17	0.0
balanced	MALAT1_A549_NGG_0033	18	0.0
balanced	MALAT1_A549_NGG_0033	19	0.0
balanced	MALAT1_A549_NGG_0033	20	0.0
balanced	MALAT1_A549_NGG_0033	21	0.0
balanced	MALAT1_A549_NGG_0033	22	0.0
balanced	MALAT1_A549_NGG_0033	23	0.0
balanced	MALAT1_A549_NGG_0033	24	0.0
balanced	MALAT1_A549_NGG_0033	25	0.0
balanced	MALAT1_A549_NGG_0033	26	0.0
balanced	MALAT1_A549_NGG_0033	27	0.0
balanced	MALAT1_A549_NGG_0033	28	0.0
balanced	MALAT1_A549_NGG_0033	29	0.0
balanced	MALAT1_A549_NGG_0033	30	0.0
balanced	MALAT1_A549_NGG_0033	31	0.0
balanced	MALAT1_A549_NGG_0033	32	0.0
balanced	MALAT1_A549_NGG_0033	33	0.0
balanced	MALAT1_A549_NGG_0033	34	0.0
balanced	MALAT1_A549_NGG_0033	35	0.0
balanced	MALAT1_A549_NGG_0033	36	0.0
balanced	MALAT1_A549_NGG_0033	37	0.0
balanced	MALAT1_A549_NGG_0033	38	0.0
balanced	MALAT1_A549_NGG_0033	39	0.0
balanced	MALAT1_A549_NGG_0033	40	0.0
balanced	MALAT1_A549_NGG_0033	41	0.0
balanced	MALAT1_A549_NGG_0033	42	0.0
balanced	MALAT1_A549_NGG_0033	43	0.0
balanced	MALAT1_A549_NGG_0033	44	0.0
balanced	MALAT1_A549_NGG_0033	45	0.0
balanced	MALAT1_A549_NGG_0033	46	0.0
balanced	MALAT1_A549_NGG_0033	47	0.0
balanced	MALAT1_A549_NGG_0033	48	0.0
balanced	MALAT1_A549_NGG_0033	49	0.0
balanced	MALAT1_A549_NGG_0033	50	0.0
balanced	MALAT1_A549_NGG_0033	51	0.0
balanced	MALAT1_A549_NGG_0033	52	0.0
balanced	MALAT1_A549_NGG_0033	53	0.0
balanced	MALAT1_A549_NGG_0033	54	0.0
balanced	MALAT1_A549_NGG_0033	55	3.333e-05
balanced	MALAT1_A549_NGG_0033	56	0.0
balanced	MALAT1_A549_NGG_0033	57	0.0
balanced	MALAT1_A549_NGG_0033	58	0.0
balanced	MALAT1_A549_NGG_0033	59	0.0
balanced	MALAT1_A549_NGG_0033	60	0.0
balanced	MALAT1_A549_NGG_0033	61	3.333e-05
balanced	MALAT1_A549_NGG_0033	62	0.0
balanced	MALAT1_A549_NGG_0033	63	0.0
balanced	MALAT1_A549_NGG_0033	64	6.667e-05
balanced	MALAT1_A549_NGG_0033	65	0.0001
balanced	MALAT1_A549_NGG_0033	66	0.0001
balanced	MALAT1_A549_NGG_0033	67	0.0001
balanced	MALAT1_A549_NGG_0033	68	0.00016667
balanced	MALAT1_A549_NGG_0033	69	0.0004
balanced	MALAT1_A549_NGG_0033	70	0.00063333
balanced	MALAT1_A549_NGG_0033	71	0.00096667
balanced	MALAT1_A549_NGG_0033	72	0.00133333
balanced	MALAT1_A549_NGG_0033	73	0.0017
balanced	MALAT1_A549_NGG_0033	74	0.0023
balanced	MALAT1_A549_NGG_0033	75	0.0058
balanced	MALAT1_A549_NGG_0033	76	0.01006667
balanced	MALAT1_A549_NGG_0033	77	0.02086667
balanced	MALAT1_A549_NGG_0033	78	0.0373
balanced	MALAT1_A549_NGG_0033	79	0.06816667
balanced	MALAT1_A549_NGG_0033	80	0.1067
balanced	MALAT1_A549_NGG_0033	81	0.16093333
balanced	MALAT1_A549_NGG_0033	82	0.18796667
balanced	MALAT1_A549_NGG_0033	83	0.17086667
balanced	MALAT1_A549_NGG_0033	84	0.1379
balanced	MALAT1_A549_NGG_0033	85	0.0698
balanced	MALAT1_A549_NGG_0033	86	0.0157
balanced	MALAT1_A549_NGG_0034	1	0.0
balanced	MALAT1_A549_NGG_0034	2	0.0
balanced	MALAT1_A549_NGG_0034	3	0.0
balanced	MALAT1_A549_NGG_0034	4	0.0
balanced	MALAT1_A549_NGG_0034	5	0.0
balanced	MALAT1_A549_NGG_0034	6	0.0
balanced	MALAT1_A549_NGG_0034	7	0.0
balanced	MALAT1_A549_NGG_0034	8	3.333e-05
balanced	MALAT1_A549_NGG_0034	9	0.0002
balanced	MALAT1_A549_NGG_0034	10	0.00016667
balanced	MALAT1_A549_NGG_0034	11	0.00053333
balanced	MALAT1_A549_NGG_0034	12	0.0012
balanced	MALAT1_A549_NGG_0034	13	0.00193333
balanced	MALAT1_A549_NGG_0034	14	0.00326667
balanced	MALAT1_A549_NGG_0034	15	0.0041
balanced	MALAT1_A549_NGG_0034	16	0.00483333
balanced	MALAT1_A549_NGG_0034	17	0.006
balanced	MALAT1_A549_NGG_0034	18	0.00803333
balanced	MALAT1_A549_NGG_0034	19	0.00903333
balanced	MALAT1_A549_NGG_0034	20	0.00943333
balanced	MALAT1_A549_NGG_0034	21	0.0115
balanced	MALAT1_A549_NGG_0034	22	0.01193333
balanced	MALAT1_A549_NGG_0034	23	0.01653333
balanced	MALAT1_A549_NGG_0034	24	0.02213333
balanced	MALAT1_A549_NGG_0034	25	0.0276
balanced	MALAT1_A549_NGG_0034	26	0.03393333
balanced	MALAT1_A549_NGG_0034	27	0.03983333
balanced	MALAT1_A549_NGG_0034	28	0.04536667
balanced	MALAT1_A549_NGG_0034	29	0.04666667
balanced	MALAT1_A549_NGG_0034	30	0.0522
balanced	MALAT1_A549_NGG_0034	31	0.05213333
balanced	MALAT1_A549_NGG_0034	32	0.05893333
balanced	MALAT1_A549_NGG_0034	33	0.06516667
balanced	MALAT1_A549_NGG_0034	34	0.0695
balanced	MALAT1_A549_NGG_0034	35	0.06546667
balanced	MALAT1_A549_NGG_0034	36	0.0614
balanced	MALAT1_A549_NGG_0034	37	0.05496667
balanced	MALAT1_A549_NGG_0034	38	0.04616667
balanced	MALAT1_A549_NGG_0034	39	0.0451
balanced	MALAT1_A549_NGG_0034	40	0.04016667
balanced	MALAT1_A549_NGG_0034	41	0.03133333
balanced	MALAT1_A549_NGG_0034	42	0.02586667
balanced	MALAT1_A549_NGG_0034	43	0.0089
balanced	MALAT1_A549_NGG_0034	44	0.00596667
balanced	MALAT1_A549_NGG_0034	45	0.00396667
balanced	MALAT1_A549_NGG_0034	46	0.00246667
balanced	MALAT1_A549_NGG_0034	47	0.00283333
balanced	MALAT1_A549_NGG_0034	48	0.00163333
balanced	MALAT1_A549_NGG_0034	49	0.0006
balanced	MALAT1_A549_NGG_0034	50	0.0005
balanced	MALAT1_A549_NGG_0034	51	0.00033333
balanced	MALAT1_A549_NGG_0034	52	6.667e-05
balanced	MALAT1_A549_NGG_0034	53	3.333e-05
balanced	MALAT1_A549_NGG_0034	54	3.333e-05
balanced	MALAT1_A549_NGG_0034	55	0.0
balanced	MALAT1_A549_NGG_0034	56	0.0
balanced	MALAT1_A549_NGG_0034	57	0.0
balanced	MALAT1_A549_NGG_0034	58	0.0
balanced	MALAT1_A549_NGG_0034	59	0.0
balanced	MALAT1_A549_NGG_0034	60	0.0
balanced	MALAT1_A549_NGG_0034	61	0.0
balanced	MALAT1_A549_NGG_0034	62	0.0
balanced	MALAT1_A549_NGG_0034	63	0.0
balanced	MALAT1_A549_NGG_0034	64	0.0
balanced	MALAT1_A549_NGG_0034	65	0.0
balanced	MALAT1_A549_NGG_0034	66	0.0
balanced	MALAT1_A549_NGG_0034	67	0.0
balanced	MALAT1_A549_NGG_0034	68	0.0
balanced	MALAT1_A549_NGG_0034	69	0.0
balanced	MALAT1_A549_NGG_0034	70	0.0
balanced	MALAT1_A549_NGG_0034	71	0.0
balanced	MALAT1_A549_NGG_0034	72	0.0
balanced	MALAT1_A549_NGG_0034	73	0.0
balanced	MALAT1_A549_NGG_0034	74	0.0
balanced	MALAT1_A549_NGG_0034	75	0.0
balanced	MALAT1_A549_NGG_0034	76	0.0
balanced	MALAT1_A549_NGG_0034	77	0.0
balanced	MALAT1_A549_NGG_0034	78	0.0
balanced	MALAT1_A549_NGG_0034	79	0.0
balanced	MALAT1_A549_NGG_0034	80	0.0
balanced	MALAT1_A549_NGG_0034	81	0.0
balanced	MALAT1_A549_NGG_0034	82	0.0
balanced	MALAT1_A549_NGG_0034	83	0.0
balanced	MALAT1_A549_NGG_0034	84	0.0
balanced	MALAT1_A549_NGG_0034	85	0.0
balanced	MALAT1_A549_NGG_0034	86	0.0
balanced	MALAT1_A549_NGG_0035	1	0.0
balanced	MALAT1_A549_NGG_0035	2	0.0
balanced	MALAT1_A549_NGG_0035	3	0.0
balanced	MALAT1_A549_NGG_0035	4	0.0
balanced	MALAT1_A549_NGG_0035	5	0.0
balanced	MALAT1_A549_NGG_0035	6	0.0
balanced	MALAT1_A549_NGG_0035	7	0.0
balanced	MALAT1_A549_NGG_0035	8	0.0
balanced	MALAT1_A549_NGG_0035	9	0.0
balanced	MALAT1_A549_NGG_0035	10	0.0
balanced	MALAT1_A549_NGG_0035	11	0.0
balanced	MALAT1_A549_NGG_0035	12	0.0
balanced	MALAT1_A549_NGG_0035	13	0.0
balanced	MALAT1_A549_NGG_0035	14	0.0
balanced	MALAT1_A549_NGG_0035	15	0.0
balanced	MALAT1_A549_NGG_0035	16	0.0
balanced	MALAT1_A549_NGG_0035	17	0.0
balanced	MALAT1_A549_NGG_0035	18	0.0
balanced	MALAT1_A549_NGG_0035	19	0.0
balanced	MALAT1_A549_NGG_0035	20	0.0
balanced	MALAT1_A549_NGG_0035	21	0.0
balanced	MALAT1_A549_NGG_0035	22	0.0
balanced	MALAT1_A549_NGG_0035	23	0.0
balanced	MALAT1_A549_NGG_0035	24	0.0
balanced	MALAT1_A549_NGG_0035	25	0.0
balanced	MALAT1_A549_NGG_0035	26	0.0
balanced	MALAT1_A549_NGG_0035	27	0.0
balanced	MALAT1_A549_NGG_0035	28	0.0
balanced	MALAT1_A549_NGG_0035	29	0.0
balanced	MALAT1_A549_NGG_0035	30	0.0
balanced	MALAT1_A549_NGG_0035	31	0.0
balanced	MALAT1_A549_NGG_0035	32	0.0
balanced	MALAT1_A549_NGG_0035	33	0.0
balanced	MALAT1_A549_NGG_0035	34	0.0
balanced	MALAT1_A549_NGG_0035	35	0.0
balanced	MALAT1_A549_NGG_0035	36	0.0
balanced	MALAT1_A549_NGG_0035	37	0.0
balanced	MALAT1_A549_NGG_0035	38	0.0
balanced	MALAT1_A549_NGG_0035	39	0.0
balanced	MALAT1_A549_NGG_0035	40	0.0
balanced	MALAT1_A549_NGG_0035	41	0.0
balanced	MALAT1_A549_NGG_0035	42	0.0
balanced	MALAT1_A549_NGG_0035	43	0.0
balanced	MALAT1_A549_NGG_0035	44	0.0
balanced	MALAT1_A549_NGG_0035	45	0.0
balanced	MALAT1_A549_NGG_0035	46	3.333e-05
balanced	MALAT1_A549_NGG_0035	47	3.333e-05
balanced	MALAT1_A549_NGG_0035	48	6.667e-05
balanced	MALAT1_A549_NGG_0035	49	6.667e-05
balanced	MALAT1_A549_NGG_0035	50	3.333e-05
balanced	MALAT1_A549_NGG_0035	51	3.333e-05
balanced	MALAT1_A549_NGG_0035	52	0.0
balanced	MALAT1_A549_NGG_0035	53	0.00013333
balanced	MALAT1_A549_NGG_0035	54	0.0002
balanced	MALAT1_A549_NGG_0035	55	6.667e-05
balanced	MALAT1_A549_NGG_0035	56	0.00043333
balanced	MALAT1_A549_NGG_0035	57	0.0003
balanced	MALAT1_A549_NGG_0035	58	0.00046667
balanced	MALAT1_A549_NGG_0035	59	0.00036667
balanced	MALAT1_A549_NGG_0035	60	0.00053333
balanced	MALAT1_A549_NGG_0035	61	0.00063333
balanced	MALAT1_A549_NGG_0035	62	0.00096667
balanced	MALAT1_A549_NGG_0035	63	0.00173333
balanced	MALAT1_A549_NGG_0035	64	0.00206667
balanced	MALAT1_A549_NGG_0035	65	0.00273333
balanced	MALAT1_A549_NGG_0035	66	0.00386667
balanced	MALAT1_A549_NGG_0035	67	0.00506667
balanced	MALAT1_A549_NGG_0035	68	0.00693333
balanced	MALAT1_A549_NGG_0035	69	0.00806667
balanced	MALAT1_A549_NGG_0035	70	0.00786667
balanced	MALAT1_A549_NGG_0035	71	0.0096
balanced	MALAT1_A549_NGG_0035	72	0.0117
balanced	MALAT1_A549_NGG_0035	73	0.02433333
balanced	MALAT1_A549_NGG_0035	74	0.0465
balanced	MALAT1_A549_NGG_0035	75	0.06163333
balanced	MALAT1_A549_NGG_0035	76	0.10016667
balanced	MALAT1_A549_NGG_0035	77	0.13226667
balanced	MALAT1_A549_NGG_0035	78	0.1197
balanced	MALAT1_A549_NGG_0035	79	0.1837
balanced	MALAT1_A549_NGG_0035	80	0.1412
balanced	MALAT1_A549_NGG_0035	81	0.06913333
balanced	MALAT1_A549_NGG_0035	82	0.03643333
balanced	MALAT1_A549_NGG_0035	83	0.01533333
balanced	MALAT1_A549_NGG_0035	84	0.0048
balanced	MALAT1_A549_NGG_0035	85	0.00076667
balanced	MALAT1_A549_NGG_0035	86	3.333e-05
balanced	MALAT1_A549_NGG_0036	1	0.0
balanced	MALAT1_A549_NGG_0036	2	0.0
balanced	MALAT1_A549_NGG_0036	3	0.0
balanced	MALAT1_A549_NGG_0036	4	0.0
balanced	MALAT1_A549_NGG_0036	5	0.0
balanced	MALAT1_A549_NGG_0036	6	0.0
balanced	MALAT1_A549_NGG_0036	7	0.0
balanced	MALAT1_A549_NGG_0036	8	0.0
balanced	MALAT1_A549_NGG_0036	9	0.0
balanced	MALAT1_A549_NGG_0036	10	0.0
balanced	MALAT1_A549_NGG_0036	11	0.0
balanced	MALAT1_A549_NGG_0036	12	0.0
balanced	MALAT1_A549_NGG_0036	13	0.0
balanced	MALAT1_A549_NGG_0036	14	0.0
balanced	MALAT1_A549_NGG_0036	15	0.0
balanced	MALAT1_A549_NGG_0036	16	0.0
balanced	MALAT1_A549_NGG_0036	17	0.0
balanced	MALAT1_A549_NGG_0036	18	0.0
balanced	MALAT1_A549_NGG_0036	19	0.0
balanced	MALAT1_A549_NGG_0036	20	0.0
balanced	MALAT1_A549_NGG_0036	21	0.0
balanced	MALAT1_A549_NGG_0036	22	3.333e-05
balanced	MALAT1_A549_NGG_0036	23	0.0
balanced	MALAT1_A549_NGG_0036	24	0.0
balanced	MALAT1_A549_NGG_0036	25	3.333e-05
balanced	MALAT1_A549_NGG_0036	26	6.667e-05
balanced	MALAT1_A549_NGG_0036	27	3.333e-05
balanced	MALAT1_A549_NGG_0036	28	0.00016667
balanced	MALAT1_A549_NGG_0036	29	0.0003
balanced	MALAT1_A549_NGG_0036	30	0.00043333
balanced	MALAT1_A549_NGG_0036	31	0.00033333
balanced	MALAT1_A549_NGG_0036	32	0.0007
balanced	MALAT1_A549_NGG_0036	33	0.00093333
balanced	MALAT1_A549_NGG_0036	34	0.00143333
balanced	MALAT1_A549_NGG_0036	35	0.0015
balanced	MALAT1_A549_NGG_0036	36	0.00153333
balanced	MALAT1_A549_NGG_0036	37	0.0026
balanced	MALAT1_A549_NGG_0036	38	0.00453333
balanced	MALAT1_A549_NGG_0036	39	0.00553333
balanced	MALAT1_A549_NGG_0036	40	0.00656667
balanced	MALAT1_A549_NGG_0036	41	0.01136667
balanced	MALAT1_A549_NGG_0036	42	0.0123
balanced	MALAT1_A549_NGG_0036	43	0.01526667
balanced	MALAT1_A549_NGG_0036	44	0.0177
balanced	MALAT1_A549_NGG_0036	45	0.0193
balanced	MALAT1_A549_NGG_0036	46	0.01896667
balanced	MALAT1_A549_NGG_0036	47	0.02013333
balanced	MALAT1_A549_NGG_0036	48	0.01993333
balanced	MALAT1_A549_NGG_0036	49	0.02393333
balanced	MALAT1_A549_NGG_0036	50	0.02533333
balanced	MALAT1_A549_NGG_0036	51	0.02593333
balanced	MALAT1_A549_NGG_0036	52	0.02766667
balanced	MALAT1_A549_NGG_0036	53	0.03013333
balanced	MALAT1_A549_NGG_0036	54	0.03083333
balanced	MALAT1_A549_NGG_0036	55	0.03043333
balanced	MALAT1_A549_NGG_0036	56	0.0299
balanced	MALAT1_A549_NGG_0036	57	0.0367
balanced	MALAT1_A549_NGG_0036	58	0.03746667
balanced	MALAT1_A549_NGG_0036	59	0.0359
balanced	MALAT1_A549_NGG_0036	60	0.03423333
balanced	MALAT1_A549_NGG_0036	61	0.0386
balanced	MALAT1_A549_NGG_0036	62	0.0489
balanced	MALAT1_A549_NGG_0036	63	0.03996667
balanced	MALAT1_A549_NGG_0036	64	0.0346
balanced	MALAT1_A549_NGG_0036	65	0.0313
balanced	MALAT1_A549_NGG_0036	66	0.0414
balanced	MALAT1_A549_NGG_0036	67	0.0594
balanced	MALAT1_A549_NGG_0036	68	0.05323333
balanced	MALAT1_A549_NGG_0036	69	0.04
balanced	MALAT1_A549_NGG_0036	70	0.0284
balanced	MALAT1_A549_NGG_0036	71	0.0198
balanced	MALAT1_A549_NGG_0036	72	0.0134
balanced	MALAT1_A549_NGG_0036	73	0.00916667
balanced	MALAT1_A549_NGG_0036	74	0.0081
balanced	MALAT1_A549_NGG_0036	75	0.00253333
balanced	MALAT1_A549_NGG_0036	76	0.0008
balanced	MALAT1_A549_NGG_0036	77	0.0002
balanced	MALAT1_A549_NGG_0036	78	3.333e-05
balanced	MALAT1_A549_NGG_0036	79	0.0
balanced	MALAT1_A549_NGG_0036	80	0.0
balanced	MALAT1_A549_NGG_0036	81	0.0
balanced	MALAT1_A549_NGG_0036	82	0.0
balanced	MALAT1_A549_NGG_0036	83	0.0
balanced	MALAT1_A549_NGG_0036	84	0.0
balanced	MALAT1_A549_NGG_0036	85	0.0
balanced	MALAT1_A549_NGG_0036	86	0.0
balanced	MALAT1_A549_NGG_0037	1	0.0
balanced	MALAT1_A549_NGG_0037	2	0.0
balanced	MALAT1_A549_NGG_0037	3	0.0
balanced	MALAT1_A549_NGG_0037	4	0.0
balanced	MALAT1_A549_NGG_0037	5	0.0
balanced	MALAT1_A549_NGG_0037	6	0.0
balanced	MALAT1_A549_NGG_0037	7	0.0
balanced	MALAT1_A549_NGG_0037	8	0.0
balanced	MALAT1_A549_NGG_0037	9	0.0
balanced	MALAT1_A549_NGG_0037	10	0.0
balanced	MALAT1_A549_NGG_0037	11	0.0
balanced	MALAT1_A549_NGG_0037	12	0.0
balanced	MALAT1_A549_NGG_0037	13	0.0
balanced	MALAT1_A549_NGG_0037	14	0.0
balanced	MALAT1_A549_NGG_0037	15	0.0
balanced	MALAT1_A549_NGG_0037	16	0.0
balanced	MALAT1_A549_NGG_0037	17	0.0
balanced	MALAT1_A549_NGG_0037	18	0.0
balanced	MALAT1_A549_NGG_0037	19	0.0
balanced	MALAT1_A549_NGG_0037	20	0.0
balanced	MALAT1_A549_NGG_0037	21	0.0
balanced	MALAT1_A549_NGG_0037	22	0.0
balanced	MALAT1_A549_NGG_0037	23	0.0
balanced	MALAT1_A549_NGG_0037	24	0.0
balanced	MALAT1_A549_NGG_0037	25	0.0
balanced	MALAT1_A549_NGG_0037	26	0.0
balanced	MALAT1_A549_NGG_0037	27	0.0
balanced	MALAT1_A549_NGG_0037	28	0.0
balanced	MALAT1_A549_NGG_0037	29	0.0
balanced	MALAT1_A549_NGG_0037	30	0.0
balanced	MALAT1_A549_NGG_0037	31	0.0
balanced	MALAT1_A549_NGG_0037	32	0.0
balanced	MALAT1_A549_NGG_0037	33	0.0
balanced	MALAT1_A549_NGG_0037	34	0.0
balanced	MALAT1_A549_NGG_0037	35	0.0
balanced	MALAT1_A549_NGG_0037	36	0.0
balanced	MALAT1_A549_NGG_0037	37	6.667e-05
balanced	MALAT1_A549_NGG_0037	38	0.0
balanced	MALAT1_A549_NGG_0037	39	0.00013333
balanced	MALAT1_A549_NGG_0037	40	6.667e-05
balanced	MALAT1_A549_NGG_0037	41	0.0002
balanced	MALAT1_A549_NGG_0037	42	0.00063333
balanced	MALAT1_A549_NGG_0037	43	0.00063333
balanced	MALAT1_A549_NGG_0037	44	0.00106667
balanced	MALAT1_A549_NGG_0037	45	0.00173333
balanced	MALAT1_A549_NGG_0037	46	0.00293333
balanced	MALAT1_A549_NGG_0037	47	0.00286667
balanced	MALAT1_A549_NGG_0037	48	0.00303333
balanced	MALAT1_A549_NGG_0037	49	0.00396667
balanced	MALAT1_A549_NGG_0037	50	0.00496667
balanced	MALAT1_A549_NGG_0037	51	0.00473333
balanced	MALAT1_A549_NGG_0037	52	0.0052
balanced	MALAT1_A549_NGG_0037	53	0.00736667
balanced	MALAT1_A549_NGG_0037	54	0.00746667
balanced	MALAT1_A549_NGG_0037	55	0.00926667
balanced	MALAT1_A549_NGG_0037	56	0.01006667
balanced	MALAT1_A549_NGG_0037	57	0.01026667
balanced	MALAT1_A549_NGG_0037	58	0.01336667
balanced	MALAT1_A549_NGG_0037	59	0.01633333
balanced	MALAT1_A549_NGG_0037	60	0.02066667
balanced	MALAT1_A549_NGG_0037	61	0.0226
balanced	MALAT1_A549_NGG_0037	62	0.0244
balanced	MALAT1_A549_NGG_0037	63	0.02943333
balanced	MALAT1_A549_NGG_0037	64	0.03136667
balanced	MALAT1_A549_NGG_0037	65	0.0313
balanced	MALAT1_A549_NGG_0037	66	0.0315
balanced	MALAT1_A549_NGG_0037	67	0.0327
balanced	MALAT1_A549_NGG_0037	68	0.04056667
balanced	MALAT1_A549_NGG_0037	69	0.04993333
balanced	MALAT1_A549_NGG_0037	70	0.0719
balanced	MALAT1_A549_NGG_0037	71	0.0877
balanced	MALAT1_A549_NGG_0037	72	0.08913333
balanced	MALAT1_A549_NGG_0037	73	0.07953333
balanced	MALAT1_A549_NGG_0037	74	0.06993333
balanced	MALAT1_A549_NGG_0037	75	0.06193333
balanced	MALAT1_A549_NGG_0037	76	0.04866667
balanced	MALAT1_A549_NGG_0037	77	0.04033333
balanced	MALAT1_A549_NGG_0037	78	0.02476667
balanced	MALAT1_A549_NGG_0037	79	0.0043
balanced	MALAT1_A549_NGG_0037	80	0.0007
balanced	MALAT1_A549_NGG_0037	81	0.00026667
balanced	MALAT1_A549_NGG_0037	82	0.0
balanced	MALAT1_A549_NGG_0037	83	0.0
balanced	MALAT1_A549_NGG_0037	84	0.0
balanced	MALAT1_A549_NGG_0037	85	0.0
balanced	MALAT1_A549_NGG_0037	86	0.0
balanced	MALAT1_A549_NGG_0038	1	0.0
balanced	MALAT1_A549_NGG_0038	2	0.0
balanced	MALAT1_A549_NGG_0038	3	0.0
balanced	MALAT1_A549_NGG_0038	4	0.0
balanced	MALAT1_A549_NGG_0038	5	0.0
balanced	MALAT1_A549_NGG_0038	6	0.0
balanced	MALAT1_A549_NGG_0038	7	0.0
balanced	MALAT1_A549_NGG_0038	8	0.0
balanced	MALAT1_A549_NGG_0038	9	0.0
balanced	MALAT1_A549_NGG_0038	10	0.0
balanced	MALAT1_A549_NGG_0038	11	0.0
balanced	MALAT1_A549_NGG_0038	12	0.0
balanced	MALAT1_A549_NGG_0038	13	0.0
balanced	MALAT1_A549_NGG_0038	14	0.0
balanced	MALAT1_A549_NGG_0038	15	0.0
balanced	MALAT1_A549_NGG_0038	16	0.0
balanced	MALAT1_A549_NGG_0038	17	0.0
balanced	MALAT1_A549_NGG_0038	18	0.0
balanced	MALAT1_A549_NGG_0038	19	0.0
balanced	MALAT1_A549_NGG_0038	20	0.0
balanced	MALAT1_A549_NGG_0038	21	0.0
balanced	MALAT1_A549_NGG_0038	22	0.0
balanced	MALAT1_A549_NGG_0038	23	0.0
balanced	MALAT1_A549_NGG_0038	24	0.0
balanced	MALAT1_A549_NGG_0038	25	0.0
balanced	MALAT1_A549_NGG_0038	26	0.0
balanced	MALAT1_A549_NGG_0038	27	0.0
balanced	MALAT1_A549_NGG_0038	28	0.0
balanced	MALAT1_A549_NGG_0038	29	0.0
balanced	MALAT1_A549_NGG_0038	30	0.0
balanced	MALAT1_A549_NGG_0038	31	0.0
balanced	MALAT1_A549_NGG_0038	32	0.0
balanced	MALAT1_A549_NGG_0038	33	3.333e-05
balanced	MALAT1_A549_NGG_0038	34	0.0
balanced	MALAT1_A549_NGG_0038	35	0.0
balanced	MALAT1_A549_NGG_0038	36	3.333e-05
balanced	MALAT1_A549_NGG_0038	37	3.333e-05
balanced	MALAT1_A549_NGG_0038	38	0.0
balanced	MALAT1_A549_NGG_0038	39	0.0
balanced	MALAT1_A549_NGG_0038	40	0.0001
balanced	MALAT1_A549_NGG_0038	41	6.667e-05
balanced	MALAT1_A549_NGG_0038	42	0.0002
balanced	MALAT1_A549_NGG_0038	43	0.00053333
balanced	MALAT1_A549_NGG_0038	44	0.00086667
balanced	MALAT1_A549_NGG_0038	45	0.001
balanced	MALAT1_A549_NGG_0038	46	0.0019
balanced	MALAT1_A549_NGG_0038	47	0.0018
balanced	MALAT1_A549_NGG_0038	48	0.00216667
balanced	MALAT1_A549_NGG_0038	49	0.00263333
balanced	MALAT1_A549_NGG_0038	50	0.00316667
balanced	MALAT1_A549_NGG_0038	51	0.00246667
balanced	MALAT1_A549_NGG_0038	52	0.0028
balanced	MALAT1_A549_NGG_0038	53	0.0046
balanced	MALAT1_A549_NGG_0038	54	0.00483333
balanced	MALAT1_A549_NGG_0038	55	0.0065
balanced	MALAT1_A549_NGG_0038	56	0.00716667
balanced	MALAT1_A549_NGG_0038	57	0.0081
balanced	MALAT1_A549_NGG_0038	58	0.00943333
balanced	MALAT1_A549_NGG_0038	59	0.0119
balanced	MALAT1_A549_NGG_0038	60	0.0137
balanced	MALAT1_A549_NGG_0038	61	0.01896667
balanced	MALAT1_A549_NGG_0038	62	0.0217
balanced	MALAT1_A549_NGG_0038	63	0.0237
balanced	MALAT1_A549_NGG_0038	64	0.0248
balanced	MALAT1_A549_NGG_0038	65	0.02783333
balanced	MALAT1_A549_NGG_0038	66	0.02696667
balanced	MALAT1_A549_NGG_0038	67	0.0291
balanced	MALAT1_A549_NGG_0038	68	0.03123333
balanced	MALAT1_A549_NGG_0038	69	0.04046667
balanced	MALAT1_A549_NGG_0038	70	0.05493333
balanced	MALAT1_A549_NGG_0038	71	0.07706667
balanced	MALAT1_A549_NGG_0038	72	0.09566667
balanced	MALAT1_A549_NGG_0038	73	0.09046667
balanced	MALAT1_A549_NGG_0038	74	0.0892
balanced	MALAT1_A549_NGG_0038	75	0.07936667
balanced	MALAT1_A549_NGG_0038	76	0.06573333
balanced	MALAT1_A549_NGG_0038	77	0.0553
balanced	MALAT1_A549_NGG_0038	78	0.05
balanced	MALAT1_A549_NGG_0038	79	0.0093
balanced	MALAT1_A549_NGG_0038	80	0.00196667
balanced	MALAT1_A549_NGG_0038	81	0.00013333
balanced	MALAT1_A549_NGG_0038	82	3.333e-05
balanced	MALAT1_A549_NGG_0038	83	3.333e-05
balanced	MALAT1_A549_NGG_0038	84	0.0
balanced	MALAT1_A549_NGG_0038	85	0.0
balanced	MALAT1_A549_NGG_0038	86	0.0
balanced	MALAT1_A549_NGG_0039	1	0.0
balanced	MALAT1_A549_NGG_0039	2	0.0
balanced	MALAT1_A549_NGG_0039	3	0.0
balanced	MALAT1_A549_NGG_0039	4	0.0
balanced	MALAT1_A549_NGG_0039	5	0.0
balanced	MALAT1_A549_NGG_0039	6	0.0
balanced	MALAT1_A549_NGG_0039	7	0.0
balanced	MALAT1_A549_NGG_0039	8	0.0
balanced	MALAT1_A549_NGG_0039	9	0.0
balanced	MALAT1_A549_NGG_0039	10	0.0
balanced	MALAT1_A549_NGG_0039	11	0.0
balanced	MALAT1_A549_NGG_0039	12	0.0
balanced	MALAT1_A549_NGG_0039	13	0.0
balanced	MALAT1_A549_NGG_0039	14	0.0
balanced	MALAT1_A549_NGG_0039	15	0.0
balanced	MALAT1_A549_NGG_0039	16	0.0
balanced	MALAT1_A549_NGG_0039	17	0.0
balanced	MALAT1_A549_NGG_0039	18	0.0
balanced	MALAT1_A549_NGG_0039	19	0.0
balanced	MALAT1_A549_NGG_0039	20	0.0
balanced	MALAT1_A549_NGG_0039	21	0.0
balanced	MALAT1_A549_NGG_0039	22	0.0
balanced	MALAT1_A549_NGG_0039	23	0.0
balanced	MALAT1_A549_NGG_0039	24	0.0
balanced	MALAT1_A549_NGG_0039	25	0.0
balanced	MALAT1_A549_NGG_0039	26	0.0
balanced	MALAT1_A549_NGG_0039	27	0.0
balanced	MALAT1_A549_NGG_0039	28	0.0
balanced	MALAT1_A549_NGG_0039	29	3.333e-05
balanced	MALAT1_A549_NGG_0039	30	0.0
balanced	MALAT1_A549_NGG_0039	31	0.0
balanced	MALAT1_A549_NGG_0039	32	3.333e-05
balanced	MALAT1_A549_NGG_0039	33	3.333e-05
balanced	MALAT1_A549_NGG_0039	34	6.667e-05
balanced	MALAT1_A549_NGG_0039	35	0.00013333
balanced	MALAT1_A549_NGG_0039	36	3.333e-05
balanced	MALAT1_A549_NGG_0039	37	0.00023333
balanced	MALAT1_A549_NGG_0039	38	0.00046667
balanced	MALAT1_A549_NGG_0039	39	0.00013333
balanced	MALAT1_A549_NGG_0039	40	0.0007
balanced	MALAT1_A549_NGG_0039	41	0.00113333
balanced	MALAT1_A549_NGG_0039	42	0.0021
balanced	MALAT1_A549_NGG_0039	43	0.00273333
balanced	MALAT1_A549_NGG_0039	44	0.00396667
balanced	MALAT1_A549_NGG_0039	45	0.00516667
balanced	MALAT1_A549_NGG_0039	46	0.006
balanced	MALAT1_A549_NGG_0039	47	0.00683333
balanced	MALAT1_A549_NGG_0039	48	0.00676667
balanced	MALAT1_A549_NGG_0039	49	0.00766667
balanced	MALAT1_A549_NGG_0039	50	0.00803333
balanced	MALAT1_A549_NGG_0039	51	0.0101
balanced	MALAT1_A549_NGG_0039	52	0.01063333
balanced	MALAT1_A549_NGG_0039	53	0.01226667
balanced	MALAT1_A549_NGG_0039	54	0.0152
balanced	MALAT1_A549_NGG_0039	55	0.01676667
balanced	MALAT1_A549_NGG_0039	56	0.0187
balanced	MALAT1_A549_NGG_0039	57	0.02083333
balanced	MALAT1_A549_NGG_0039	58	0.02366667
balanced	MALAT1_A549_NGG_0039	59	0.02673333
balanced	MALAT1_A549_NGG_0039	60	0.0285
balanced	MALAT1_A549_NGG_0039	61	0.03013333
balanced	MALAT1_A549_NGG_0039	62	0.0313
balanced	MALAT1_A549_NGG_0039	63	0.03653333
balanced	MALAT1_A549_NGG_0039	64	0.03763333
balanced	MALAT1_A549_NGG_0039	65	0.03496667
balanced	MALAT1_A549_NGG_0039	66	0.03623333
balanced	MALAT1_A549_NGG_0039	67	0.04133333
balanced	MALAT1_A549_NGG_0039	68	0.06196667
balanced	MALAT1_A549_NGG_0039	69	0.0745
balanced	MALAT1_A549_NGG_0039	70	0.0786
balanced	MALAT1_A549_NGG_0039	71	0.07153333
balanced	MALAT1_A549_NGG_0039	72	0.05963333
balanced	MALAT1_A549_NGG_0039	73	0.0534
balanced	MALAT1_A549_NGG_0039	74	0.0393
balanced	MALAT1_A549_NGG_0039	75	0.0341
balanced	MALAT1_A549_NGG_0039	76	0.02343333
balanced	MALAT1_A549_NGG_0039	77	0.0127
balanced	MALAT1_A549_NGG_0039	78	0.00623333
balanced	MALAT1_A549_NGG_0039	79	0.0007
balanced	MALAT1_A549_NGG_0039	80	0.0001
balanced	MALAT1_A549_NGG_0039	81	0.0
balanced	MALAT1_A549_NGG_0039	82	0.0
balanced	MALAT1_A549_NGG_0039	83	0.0
balanced	MALAT1_A549_NGG_0039	84	0.0
balanced	MALAT1_A549_NGG_0039	85	0.0
balanced	MALAT1_A549_NGG_0039	86	0.0
balanced	MALAT1_A549_NGG_0040	1	0.0
balanced	MALAT1_A549_NGG_0040	2	0.0
balanced	MALAT1_A549_NGG_0040	3	0.0
balanced	MALAT1_A549_NGG_0040	4	3.333e-05
balanced	MALAT1_A549_NGG_0040	5	0.00026667
balanced	MALAT1_A549_NGG_0040	6	0.00103333
balanced	MALAT1_A549_NGG_0040	7	0.0027
balanced	MALAT1_A549_NGG_0040	8	0.00493333
balanced	MALAT1_A549_NGG_0040	9	0.0092
balanced	MALAT1_A549_NGG_0040	10	0.01496667
balanced	MALAT1_A549_NGG_0040	11	0.0195
balanced	MALAT1_A549_NGG_0040	12	0.0241
balanced	MALAT1_A549_NGG_0040	13	0.02703333
balanced	MALAT1_A549_NGG_0040	14	0.02896667
balanced	MALAT1_A549_NGG_0040	15	0.0286
balanced	MALAT1_A549_NGG_0040	16	0.0316
balanced	MALAT1_A549_NGG_0040	17	0.03396667
balanced	MALAT1_A549_NGG_0040	18	0.03806667
balanced	MALAT1_A549_NGG_0040	19	0.0414
balanced	MALAT1_A549_NGG_0040	20	0.04736667
balanced	MALAT1_A549_NGG_0040	21	0.05953333
balanced	MALAT1_A549_NGG_0040	22	0.06753333
balanced	MALAT1_A549_NGG_0040	23	0.06536667
balanced	MALAT1_A549_NGG_0040	24	0.0593
balanced	MALAT1_A549_NGG_0040	25	0.0581
balanced	MALAT1_A549_NGG_0040	26	0.05303333
balanced	MALAT1_A549_NGG_0040	27	0.0457
balanced	MALAT1_A549_NGG_0040	28	0.04013333
balanced	MALAT1_A549_NGG_0040	29	0.0355
balanced	MALAT1_A549_NGG_0040	30	0.03336667
balanced	MALAT1_A549_NGG_0040	31	0.03013333
balanced	MALAT1_A549_NGG_0040	32	0.0229
balanced	MALAT1_A549_NGG_0040	33	0.01896667
balanced	MALAT1_A549_NGG_0040	34	0.0133
balanced	MALAT1_A549_NGG_0040	35	0.0117
balanced	MALAT1_A549_NGG_0040	36	0.00906667
balanced	MALAT1_A549_NGG_0040	37	0.00726667
balanced	MALAT1_A549_NGG_0040	38	0.0055
balanced	MALAT1_A549_NGG_0040	39	0.0043
balanced	MALAT1_A549_NGG_0040	40	0.00276667
balanced	MALAT1_A549_NGG_0040	41	0.00116667
balanced	MALAT1_A549_NGG_0040	42	0.00093333
balanced	MALAT1_A549_NGG_0040	43	0.0002
balanced	MALAT1_A549_NGG_0040	44	0.0001
balanced	MALAT1_A549_NGG_0040	45	0.00013333
balanced	MALAT1_A549_NGG_0040	46	0.00013333
balanced	MALAT1_A549_NGG_0040	47	6.667e-05
balanced	MALAT1_A549_NGG_0040	48	3.333e-05
balanced	MALAT1_A549_NGG_0040	49	3.333e-05
balanced	MALAT1_A549_NGG_0040	50	0.0
balanced	MALAT1_A549_NGG_0040	51	0.0
balanced	MALAT1_A549_NGG_0040	52	0.0
balanced	MALAT1_A549_NGG_0040	53	0.0
balanced	MALAT1_A549_NGG_0040	54	0.0
balanced	MALAT1_A549_NGG_0040	55	0.0
balanced	MALAT1_A549_NGG_0040	56	0.0
balanced	MALAT1_A549_NGG_0040	57	0.0
balanced	MALAT1_A549_NGG_0040	58	0.0
balanced	MALAT1_A549_NGG_0040	59	0.0
balanced	MALAT1_A549_NGG_0040	60	0.0
balanced	MALAT1_A549_NGG_0040	61	0.0
balanced	MALAT1_A549_NGG_0040	62	0.0
balanced	MALAT1_A549_NGG_0040	63	0.0
balanced	MALAT1_A549_NGG_0040	64	0.0
balanced	MALAT1_A549_NGG_0040	65	0.0
balanced	MALAT1_A549_NGG_0040	66	0.0
balanced	MALAT1_A549_NGG_0040	67	0.0
balanced	MALAT1_A549_NGG_0040	68	0.0
balanced	MALAT1_A549_NGG_0040	69	0.0
balanced	MALAT1_A549_NGG_0040	70	0.0
balanced	MALAT1_A549_NGG_0040	71	0.0
balanced	MALAT1_A549_NGG_0040	72	0.0
balanced	MALAT1_A549_NGG_0040	73	0.0
balanced	MALAT1_A549_NGG_0040	74	0.0
balanced	MALAT1_A549_NGG_0040	75	0.0
balanced	MALAT1_A549_NGG_0040	76	0.0
balanced	MALAT1_A549_NGG_0040	77	0.0
balanced	MALAT1_A549_NGG_0040	78	0.0
balanced	MALAT1_A549_NGG_0040	79	0.0
balanced	MALAT1_A549_NGG_0040	80	0.0
balanced	MALAT1_A549_NGG_0040	81	0.0
balanced	MALAT1_A549_NGG_0040	82	0.0
balanced	MALAT1_A549_NGG_0040	83	0.0
balanced	MALAT1_A549_NGG_0040	84	0.0
balanced	MALAT1_A549_NGG_0040	85	0.0
balanced	MALAT1_A549_NGG_0040	86	0.0
balanced	MALAT1_A549_NGG_0041	1	0.0
balanced	MALAT1_A549_NGG_0041	2	0.0
balanced	MALAT1_A549_NGG_0041	3	0.0
balanced	MALAT1_A549_NGG_0041	4	0.0
balanced	MALAT1_A549_NGG_0041	5	0.00026667
balanced	MALAT1_A549_NGG_0041	6	0.0014
balanced	MALAT1_A549_NGG_0041	7	0.0035
balanced	MALAT1_A549_NGG_0041	8	0.00716667
balanced	MALAT1_A549_NGG_0041	9	0.01223333
balanced	MALAT1_A549_NGG_0041	10	0.0186
balanced	MALAT1_A549_NGG_0041	11	0.02253333
balanced	MALAT1_A549_NGG_0041	12	0.02773333
balanced	MALAT1_A549_NGG_0041	13	0.03053333
balanced	MALAT1_A549_NGG_0041	14	0.03326667
balanced	MALAT1_A549_NGG_0041	15	0.03563333
balanced	MALAT1_A549_NGG_0041	16	0.03483333
balanced	MALAT1_A549_NGG_0041	17	0.03503333
balanced	MALAT1_A549_NGG_0041	18	0.04023333
balanced	MALAT1_A549_NGG_0041	19	0.04523333
balanced	MALAT1_A549_NGG_0041	20	0.0544
balanced	MALAT1_A549_NGG_0041	21	0.06406667
balanced	MALAT1_A549_NGG_0041	22	0.06593333
balanced	MALAT1_A549_NGG_0041	23	0.06406667
balanced	MALAT1_A549_NGG_0041	24	0.0578
balanced	MALAT1_A549_NGG_0041	25	0.05433333
balanced	MALAT1_A549_NGG_0041	26	0.04666667
balanced	MALAT1_A549_NGG_0041	27	0.042
balanced	MALAT1_A549_NGG_0041	28	0.0363
balanced	MALAT1_A549_NGG_0041	29	0.03183333
balanced	MALAT1_A549_NGG_0041	30	0.02866667
balanced	MALAT1_A549_NGG_0041	31	0.0233
balanced	MALAT1_A549_NGG_0041	32	0.0192
balanced	MALAT1_A549_NGG_0041	33	0.0146
balanced	MALAT1_A549_NGG_0041	34	0.0127
balanced	MALAT1_A549_NGG_0041	35	0.00976667
balanced	MALAT1_A549_NGG_0041	36	0.00756667
balanced	MALAT1_A549_NGG_0041	37	0.00656667
balanced	MALAT1_A549_NGG_0041	38	0.0051
balanced	MALAT1_A549_NGG_0041	39	0.00306667
balanced	MALAT1_A549_NGG_0041	40	0.00176667
balanced	MALAT1_A549_NGG_0041	41	0.00123333
balanced	MALAT1_A549_NGG_0041	42	0.00043333
balanced	MALAT1_A549_NGG_0041	43	0.0002
balanced	MALAT1_A549_NGG_0041	44	0.00013333
balanced	MALAT1_A549_NGG_0041	45	3.333e-05
balanced	MALAT1_A549_NGG_0041	46	0.0
balanced	MALAT1_A549_NGG_0041	47	6.667e-05
balanced	MALAT1_A549_NGG_0041	48	0.0
balanced	MALAT1_A549_NGG_0041	49	0.0
balanced	MALAT1_A549_NGG_0041	50	0.0
balanced	MALAT1_A549_NGG_0041	51	0.0
balanced	MALAT1_A549_NGG_0041	52	0.0
balanced	MALAT1_A549_NGG_0041	53	0.0
balanced	MALAT1_A549_NGG_0041	54	0.0
balanced	MALAT1_A549_NGG_0041	55	0.0
balanced	MALAT1_A549_NGG_0041	56	0.0
balanced	MALAT1_A549_NGG_0041	57	0.0
balanced	MALAT1_A549_NGG_0041	58	0.0
balanced	MALAT1_A549_NGG_0041	59	0.0
balanced	MALAT1_A549_NGG_0041	60	0.0
balanced	MALAT1_A549_NGG_0041	61	0.0
balanced	MALAT1_A549_NGG_0041	62	0.0
balanced	MALAT1_A549_NGG_0041	63	0.0
balanced	MALAT1_A549_NGG_0041	64	0.0
balanced	MALAT1_A549_NGG_0041	65	0.0
balanced	MALAT1_A549_NGG_0041	66	0.0
balanced	MALAT1_A549_NGG_0041	67	0.0
balanced	MALAT1_A549_NGG_0041	68	0.0
balanced	MALAT1_A549_NGG_0041	69	0.0
balanced	MALAT1_A549_NGG_0041	70	0.0
balanced	MALAT1_A549_NGG_0041	71	0.0
balanced	MALAT1_A549_NGG_0041	72	0.0
balanced	MALAT1_A549_NGG_0041	73	0.0
balanced	MALAT1_A549_NGG_0041	74	0.0
balanced	MALAT1_A549_NGG_0041	75	0.0
balanced	MALAT1_A549_NGG_0041	76	0.0
balanced	MALAT1_A549_NGG_0041	77	0.0
balanced	MALAT1_A549_NGG_0041	78	0.0
balanced	MALAT1_A549_NGG_0041	79	0.0
balanced	MALAT1_A549_NGG_0041	80	0.0
balanced	MALAT1_A549_NGG_0041	81	0.0
balanced	MALAT1_A549_NGG_0041	82	0.0
balanced	MALAT1_A549_NGG_0041	83	0.0
balanced	MALAT1_A549_NGG_0041	84	0.0
balanced	MALAT1_A549_NGG_0041	85	0.0
balanced	MALAT1_A549_NGG_0041	86	0.0
balanced	MALAT1_A549_NGG_0042	1	0.0
balanced	MALAT1_A549_NGG_0042	2	0.0
balanced	MALAT1_A549_NGG_0042	3	0.00023333
balanced	MALAT1_A549_NGG_0042	4	0.0015
balanced	MALAT1_A549_NGG_0042	5	0.00753333
balanced	MALAT1_A549_NGG_0042	6	0.02286667
balanced	MALAT1_A549_NGG_0042	7	0.04313333
balanced	MALAT1_A549_NGG_0042	8	0.05593333
balanced	MALAT1_A549_NGG_0042	9	0.07073333
balanced	MALAT1_A549_NGG_0042	10	0.06986667
balanced	MALAT1_A549_NGG_0042	11	0.06506667
balanced	MALAT1_A549_NGG_0042	12	0.05683333
balanced	MALAT1_A549_NGG_0042	13	0.0508
balanced	MALAT1_A549_NGG_0042	14	0.04513333
balanced	MALAT1_A549_NGG_0042	15	0.03963333
balanced	MALAT1_A549_NGG_0042	16	0.0408
balanced	MALAT1_A549_NGG_0042	17	0.0429
balanced	MALAT1_A549_NGG_0042	18	0.05646667
balanced	MALAT1_A549_NGG_0042	19	0.0606
balanced	MALAT1_A549_NGG_0042	20	0.06313333
balanced	MALAT1_A549_NGG_0042	21	0.0453
balanced	MALAT1_A549_NGG_0042	22	0.03593333
balanced	MALAT1_A549_NGG_0042	23	0.02463333
balanced	MALAT1_A549_NGG_0042	24	0.0213
balanced	MALAT1_A549_NGG_0042	25	0.01653333
balanced	MALAT1_A549_NGG_0042	26	0.01246667
balanced	MALAT1_A549_NGG_0042	27	0.01313333
balanced	MALAT1_A549_NGG_0042	28	0.0094
balanced	MALAT1_A549_NGG_0042	29	0.00873333
balanced	MALAT1_A549_NGG_0042	30	0.00523333
balanced	MALAT1_A549_NGG_0042	31	0.00396667
balanced	MALAT1_A549_NGG_0042	32	0.00253333
balanced	MALAT1_A549_NGG_0042	33	0.0023
balanced	MALAT1_A549_NGG_0042	34	0.00186667
balanced	MALAT1_A549_NGG_0042	35	0.00146667
balanced	MALAT1_A549_NGG_0042	36	0.0009
balanced	MALAT1_A549_NGG_0042	37	0.00053333
balanced	MALAT1_A549_NGG_0042	38	0.00023333
balanced	MALAT1_A549_NGG_0042	39	0.00026667
balanced	MALAT1_A549_NGG_0042	40	3.333e-05
balanced	MALAT1_A549_NGG_0042	41	6.667e-05
balanced	MALAT1_A549_NGG_0042	42	0.0
balanced	MALAT1_A549_NGG_0042	43	0.0
balanced	MALAT1_A549_NGG_0042	44	0.0
balanced	MALAT1_A549_NGG_0042	45	0.0
balanced	MALAT1_A549_NGG_0042	46	0.0
balanced	MALAT1_A549_NGG_0042	47	0.0
balanced	MALAT1_A549_NGG_0042	48	0.0
balanced	MALAT1_A549_NGG_0042	49	0.0
balanced	MALAT1_A549_NGG_0042	50	0.0
balanced	MALAT1_A549_NGG_0042	51	0.0
balanced	MALAT1_A549_NGG_0042	52	0.0
balanced	MALAT1_A549_NGG_0042	53	0.0
balanced	MALAT1_A549_NGG_0042	54	0.0
balanced	MALAT1_A549_NGG_0042	55	0.0
balanced	MALAT1_A549_NGG_0042	56	0.0
balanced	MALAT1_A549_NGG_0042	57	0.0
balanced	MALAT1_A549_NGG_0042	58	0.0
balanced	MALAT1_A549_NGG_0042	59	0.0
balanced	MALAT1_A549_NGG_0042	60	0.0
balanced	MALAT1_A549_NGG_0042	61	0.0
balanced	MALAT1_A549_NGG_0042	62	0.0
balanced	MALAT1_A549_NGG_0042	63	0.0
balanced	MALAT1_A549_NGG_0042	64	0.0
balanced	MALAT1_A549_NGG_0042	65	0.0
balanced	MALAT1_A549_NGG_0042	66	0.0
balanced	MALAT1_A549_NGG_0042	67	0.0
balanced	MALAT1_A549_NGG_0042	68	0.0
balanced	MALAT1_A549_NGG_0042	69	0.0
balanced	MALAT1_A549_NGG_0042	70	0.0
balanced	MALAT1_A549_NGG_0042	71	0.0
balanced	MALAT1_A549_NGG_0042	72	0.0
balanced	MALAT1_A549_NGG_0042	73	0.0
balanced	MALAT1_A549_NGG_0042	74	0.0
balanced	MALAT1_A549_NGG_0042	75	0.0
balanced	MALAT1_A549_NGG_0042	76	0.0
balanced	MALAT1_A549_NGG_0042	77	0.0
balanced	MALAT1_A549_NGG_0042	78	0.0
balanced	MALAT1_A549_NGG_0042	79	0.0
balanced	MALAT1_A549_NGG_0042	80	0.0
balanced	MALAT1_A549_NGG_0042	81	0.0
balanced	MALAT1_A549_NGG_0042	82	0.0
balanced	MALAT1_A549_NGG_0042	83	0.0
balanced	MALAT1_A549_NGG_0042	84	0.0
balanced	MALAT1_A549_NGG_0042	85	0.0
balanced	MALAT1_A549_NGG_0042	86	0.0
balanced	MALAT1_A549_NGG_0043	1	0.0
balanced	MALAT1_A549_NGG_0043	2	0.0
balanced	MALAT1_A549_NGG_0043	3	3.333e-05
balanced	MALAT1_A549_NGG_0043	4	0.0
balanced	MALAT1_A549_NGG_0043	5	0.00033333
balanced	MALAT1_A549_NGG_0043	6	0.0026
balanced	MALAT1_A549_NGG_0043	7	0.00576667
balanced	MALAT1_A549_NGG_0043	8	0.0123
balanced	MALAT1_A549_NGG_0043	9	0.0184
balanced	MALAT1_A549_NGG_0043	10	0.0257
balanced	MALAT1_A549_NGG_0043	11	0.0312
balanced	MALAT1_A549_NGG_0043	12	0.0353
balanced	MALAT1_A549_NGG_0043	13	0.0373
balanced	MALAT1_A549_NGG_0043	14	0.03813333
balanced	MALAT1_A549_NGG_0043	15	0.0388
balanced	MALAT1_A549_NGG_0043	16	0.0358
balanced	MALAT1_A549_NGG_0043	17	0.0412
balanced	MALAT1_A549_NGG_0043	18	0.0441
balanced	MALAT1_A549_NGG_0043	19	0.0516
balanced	MALAT1_A549_NGG_0043	20	0.06036667
balanced	MALAT1_A549_NGG_0043	21	0.0664
balanced	MALAT1_A549_NGG_0043	22	0.0651
balanced	MALAT1_A549_NGG_0043	23	0.0618
balanced	MALAT1_A549_NGG_0043	24	0.05306667
balanced	MALAT1_A549_NGG_0043	25	0.0471
balanced	MALAT1_A549_NGG_0043	26	0.03833333
balanced	MALAT1_A549_NGG_0043	27	0.0327
balanced	MALAT1_A549_NGG_0043	28	0.03033333
balanced	MALAT1_A549_NGG_0043	29	0.02473333
balanced	MALAT1_A549_NGG_0043	30	0.02376667
balanced	MALAT1_A549_NGG_0043	31	0.01866667
balanced	MALAT1_A549_NGG_0043	32	0.01436667
balanced	MALAT1_A549_NGG_0043	33	0.0105
balanced	MALAT1_A549_NGG_0043	34	0.00943333
balanced	MALAT1_A549_NGG_0043	35	0.00706667
balanced	MALAT1_A549_NGG_0043	36	0.00613333
balanced	MALAT1_A549_NGG_0043	37	0.0041
balanced	MALAT1_A549_NGG_0043	38	0.00286667
balanced	MALAT1_A549_NGG_0043	39	0.00206667
balanced	MALAT1_A549_NGG_0043	40	0.00116667
balanced	MALAT1_A549_NGG_0043	41	0.0008
balanced	MALAT1_A549_NGG_0043	42	0.00026667
balanced	MALAT1_A549_NGG_0043	43	6.667e-05
balanced	MALAT1_A549_NGG_0043	44	6.667e-05
balanced	MALAT1_A549_NGG_0043	45	0.0001
balanced	MALAT1_A549_NGG_0043	46	0.0
balanced	MALAT1_A549_NGG_0043	47	3.333e-05
balanced	MALAT1_A549_NGG_0043	48	0.0
balanced	MALAT1_A549_NGG_0043	49	0.0
balanced	MALAT1_A549_NGG_0043	50	3.333e-05
balanced	MALAT1_A549_NGG_0043	51	0.0
balanced	MALAT1_A549_NGG_0043	52	0.0
balanced	MALAT1_A549_NGG_0043	53	0.0
balanced	MALAT1_A549_NGG_0043	54	0.0
balanced	MALAT1_A549_NGG_0043	55	0.0
balanced	MALAT1_A549_NGG_0043	56	0.0
balanced	MALAT1_A549_NGG_0043	57	0.0
balanced	MALAT1_A549_NGG_0043	58	0.0
balanced	MALAT1_A549_NGG_0043	59	0.0
balanced	MALAT1_A549_NGG_0043	60	0.0
balanced	MALAT1_A549_NGG_0043	61	0.0
balanced	MALAT1_A549_NGG_0043	62	0.0
balanced	MALAT1_A549_NGG_0043	63	0.0
balanced	MALAT1_A549_NGG_0043	64	0.0
balanced	MALAT1_A549_NGG_0043	65	0.0
balanced	MALAT1_A549_NGG_0043	66	0.0
balanced	MALAT1_A549_NGG_0043	67	0.0
balanced	MALAT1_A549_NGG_0043	68	0.0
balanced	MALAT1_A549_NGG_0043	69	0.0
balanced	MALAT1_A549_NGG_0043	70	0.0
balanced	MALAT1_A549_NGG_0043	71	0.0
balanced	MALAT1_A549_NGG_0043	72	0.0
balanced	MALAT1_A549_NGG_0043	73	0.0
balanced	MALAT1_A549_NGG_0043	74	0.0
balanced	MALAT1_A549_NGG_0043	75	0.0
balanced	MALAT1_A549_NGG_0043	76	0.0
balanced	MALAT1_A549_NGG_0043	77	0.0
balanced	MALAT1_A549_NGG_0043	78	0.0
balanced	MALAT1_A549_NGG_0043	79	0.0
balanced	MALAT1_A549_NGG_0043	80	0.0
balanced	MALAT1_A549_NGG_0043	81	0.0
balanced	MALAT1_A549_NGG_0043	82	0.0
balanced	MALAT1_A549_NGG_0043	83	0.0
balanced	MALAT1_A549_NGG_0043	84	0.0
balanced	MALAT1_A549_NGG_0043	85	0.0
balanced	MALAT1_A549_NGG_0043	86	0.0
balanced	MALAT1_A549_NGG_0044	1	0.0
balanced	MALAT1_A549_NGG_0044	2	0.0
balanced	MALAT1_A549_NGG_0044	3	0.0
balanced	MALAT1_A549_NGG_0044	4	0.0
balanced	MALAT1_A549_NGG_0044	5	0.0
balanced	MALAT1_A549_NGG_0044	6	0.0
balanced	MALAT1_A549_NGG_0044	7	6.667e-05
balanced	MALAT1_A549_NGG_0044	8	0.00013333
balanced	MALAT1_A549_NGG_0044	9	0.00026667
balanced	MALAT1_A549_NGG_0044	10	0.00043333
balanced	MALAT1_A549_NGG_0044	11	0.0014
balanced	MALAT1_A549_NGG_0044	12	0.00153333
balanced	MALAT1_A549_NGG_0044	13	0.003
balanced	MALAT1_A549_NGG_0044	14	0.00423333
balanced	MALAT1_A549_NGG_0044	15	0.00536667
balanced	MALAT1_A549_NGG_0044	16	0.00736667
balanced	MALAT1_A549_NGG_0044	17	0.00796667
balanced	MALAT1_A549_NGG_0044	18	0.00926667
balanced	MALAT1_A549_NGG_0044	19	0.01146667
balanced	MALAT1_A549_NGG_0044	20	0.01313333
balanced	MALAT1_A549_NGG_0044	21	0.01703333
balanced	MALAT1_A549_NGG_0044	22	0.0267
balanced	MALAT1_A549_NGG_0044	23	0.03026667
balanced	MALAT1_A549_NGG_0044	24	0.03966667
balanced	MALAT1_A549_NGG_0044	25	0.0453
balanced	MALAT1_A549_NGG_0044	26	0.05306667
balanced	MALAT1_A549_NGG_0044	27	0.0578
balanced	MALAT1_A549_NGG_0044	28	0.0609
balanced	MALAT1_A549_NGG_0044	29	0.062
balanced	MALAT1_A549_NGG_0044	30	0.06346667
balanced	MALAT1_A549_NGG_0044	31	0.06573333
balanced	MALAT1_A549_NGG_0044	32	0.0619
balanced	MALAT1_A549_NGG_0044	33	0.05873333
balanced	MALAT1_A549_NGG_0044	34	0.0475
balanced	MALAT1_A549_NGG_0044	35	0.04636667
balanced	MALAT1_A549_NGG_0044	36	0.0421
balanced	MALAT1_A549_NGG_0044	37	0.03463333
balanced	MALAT1_A549_NGG_0044	38	0.03156667
balanced	MALAT1_A549_NGG_0044	39	0.02566667
balanced	MALAT1_A549_NGG_0044	40	0.02306667
balanced	MALAT1_A549_NGG_0044	41	0.01766667
balanced	MALAT1_A549_NGG_0044	42	0.012
balanced	MALAT1_A549_NGG_0044	43	0.00396667
balanced	MALAT1_A549_NGG_0044	44	0.00296667
balanced	MALAT1_A549_NGG_0044	45	0.0015
balanced	MALAT1_A549_NGG_0044	46	0.00116667
balanced	MALAT1_A549_NGG_0044	47	0.00073333
balanced	MALAT1_A549_NGG_0044	48	0.0004
balanced	MALAT1_A549_NGG_0044	49	0.0002
balanced	MALAT1_A549_NGG_0044	50	0.00026667
balanced	MALAT1_A549_NGG_0044	51	0.0
balanced	MALAT1_A549_NGG_0044	52	3.333e-05
balanced	MALAT1_A549_NGG_0044	53	0.0
balanced	MALAT1_A549_NGG_0044	54	0.0
balanced	MALAT1_A549_NGG_0044	55	0.0
balanced	MALAT1_A549_NGG_0044	56	0.0
balanced	MALAT1_A549_NGG_0044	57	0.0
balanced	MALAT1_A549_NGG_0044	58	0.0
balanced	MALAT1_A549_NGG_0044	59	0.0
balanced	MALAT1_A549_NGG_0044	60	0.0
balanced	MALAT1_A549_NGG_0044	61	0.0
balanced	MALAT1_A549_NGG_0044	62	0.0
balanced	MALAT1_A549_NGG_0044	63	0.0
balanced	MALAT1_A549_NGG_0044	64	0.0
balanced	MALAT1_A549_NGG_0044	65	0.0
balanced	MALAT1_A549_NGG_0044	66	0.0
balanced	MALAT1_A549_NGG_0044	67	0.0
balanced	MALAT1_A549_NGG_0044	68	0.0
balanced	MALAT1_A549_NGG_0044	69	0.0
balanced	MALAT1_A549_NGG_0044	70	0.0
balanced	MALAT1_A549_NGG_0044	71	0.0
balanced	MALAT1_A549_NGG_0044	72	0.0
balanced	MALAT1_A549_NGG_0044	73	0.0
balanced	MALAT1_A549_NGG_0044	74	0.0
balanced	MALAT1_A549_NGG_0044	75	0.0
balanced	MALAT1_A549_NGG_0044	76	0.0
balanced	MALAT1_A549_NGG_0044	77	0.0
balanced	MALAT1_A549_NGG_0044	78	0.0
balanced	MALAT1_A549_NGG_0044	79	0.0
balanced	MALAT1_A549_NGG_0044	80	0.0
balanced	MALAT1_A549_NGG_0044	81	0.0
balanced	MALAT1_A549_NGG_0044	82	0.0
balanced	MALAT1_A549_NGG_0044	83	0.0
balanced	MALAT1_A549_NGG_0044	84	0.0
balanced	MALAT1_A549_NGG_0044	85	0.0
balanced	MALAT1_A549_NGG_0044	86	0.0
balanced	MALAT1_A549_NGG_0045	1	0.0054
balanced	MALAT1_A549_NGG_0045	2	0.05493333
balanced	MALAT1_A549_NGG_0045	3	0.26733333
balanced	MALAT1_A549_NGG_0045	4	0.35526667
balanced	MALAT1_A549_NGG_0045	5	0.15603333
balanced	MALAT1_A549_NGG_0045	6	0.09296667
balanced	MALAT1_A549_NGG_0045	7	0.03536667
balanced	MALAT1_A549_NGG_0045	8	0.01563333
balanced	MALAT1_A549_NGG_0045	9	0.0072
balanced	MALAT1_A549_NGG_0045	10	0.00363333
balanced	MALAT1_A549_NGG_0045	11	0.00206667
balanced	MALAT1_A549_NGG_0045	12	0.00116667
balanced	MALAT1_A549_NGG_0045	13	0.00076667
balanced	MALAT1_A549_NGG_0045	14	0.00033333
balanced	MALAT1_A549_NGG_0045	15	0.00056667
balanced	MALAT1_A549_NGG_0045	16	0.00046667
balanced	MALAT1_A549_NGG_0045	17	0.00023333
balanced	MALAT1_A549_NGG_0045	18	0.00013333
balanced	MALAT1_A549_NGG_0045	19	6.667e-05
balanced	MALAT1_A549_NGG_0045	20	0.0001
balanced	MALAT1_A549_NGG_0045	21	6.667e-05
balanced	MALAT1_A549_NGG_0045	22	0.00026667
balanced	MALAT1_A549_NGG_0045	23	0.0
balanced	MALAT1_A549_NGG_0045	24	0.0
balanced	MALAT1_A549_NGG_0045	25	0.0
balanced	MALAT1_A549_NGG_0045	26	0.0
balanced	MALAT1_A549_NGG_0045	27	0.0
balanced	MALAT1_A549_NGG_0045	28	0.0
balanced	MALAT1_A549_NGG_0045	29	0.0
balanced	MALAT1_A549_NGG_0045	30	0.0
balanced	MALAT1_A549_NGG_0045	31	0.0
balanced	MALAT1_A549_NGG_0045	32	0.0
balanced	MALAT1_A549_NGG_0045	33	0.0
balanced	MALAT1_A549_NGG_0045	34	0.0
balanced	MALAT1_A549_NGG_0045	35	0.0
balanced	MALAT1_A549_NGG_0045	36	0.0
balanced	MALAT1_A549_NGG_0045	37	0.0
balanced	MALAT1_A549_NGG_0045	38	0.0
balanced	MALAT1_A549_NGG_0045	39	0.0
balanced	MALAT1_A549_NGG_0045	40	0.0
balanced	MALAT1_A549_NGG_0045	41	0.0
balanced	MALAT1_A549_NGG_0045	42	0.0
balanced	MALAT1_A549_NGG_0045	43	0.0
balanced	MALAT1_A549_NGG_0045	44	0.0
balanced	MALAT1_A549_NGG_0045	45	0.0
balanced	MALAT1_A549_NGG_0045	46	0.0
balanced	MALAT1_A549_NGG_0045	47	0.0
balanced	MALAT1_A549_NGG_0045	48	0.0
balanced	MALAT1_A549_NGG_0045	49	0.0
balanced	MALAT1_A549_NGG_0045	50	0.0
balanced	MALAT1_A549_NGG_0045	51	0.0
balanced	MALAT1_A549_NGG_0045	52	0.0
balanced	MALAT1_A549_NGG_0045	53	0.0
balanced	MALAT1_A549_NGG_0045	54	0.0
balanced	MALAT1_A549_NGG_0045	55	0.0
balanced	MALAT1_A549_NGG_0045	56	0.0
balanced	MALAT1_A549_NGG_0045	57	0.0
balanced	MALAT1_A549_NGG_0045	58	0.0
balanced	MALAT1_A549_NGG_0045	59	0.0
balanced	MALAT1_A549_NGG_0045	60	0.0
balanced	MALAT1_A549_NGG_0045	61	0.0
balanced	MALAT1_A549_NGG_0045	62	0.0
balanced	MALAT1_A549_NGG_0045	63	0.0
balanced	MALAT1_A549_NGG_0045	64	0.0
balanced	MALAT1_A549_NGG_0045	65	0.0
balanced	MALAT1_A549_NGG_0045	66	0.0
balanced	MALAT1_A549_NGG_0045	67	0.0
balanced	MALAT1_A549_NGG_0045	68	0.0
balanced	MALAT1_A549_NGG_0045	69	0.0
balanced	MALAT1_A549_NGG_0045	70	0.0
balanced	MALAT1_A549_NGG_0045	71	0.0
balanced	MALAT1_A549_NGG_0045	72	0.0
balanced	MALAT1_A549_NGG_0045	73	0.0
balanced	MALAT1_A549_NGG_0045	74	0.0
balanced	MALAT1_A549_NGG_0045	75	0.0
balanced	MALAT1_A549_NGG_0045	76	0.0
balanced	MALAT1_A549_NGG_0045	77	0.0
balanced	MALAT1_A549_NGG_0045	78	0.0
balanced	MALAT1_A549_NGG_0045	79	0.0
balanced	MALAT1_A549_NGG_0045	80	0.0
balanced	MALAT1_A549_NGG_0045	81	0.0
balanced	MALAT1_A549_NGG_0045	82	0.0
balanced	MALAT1_A549_NGG_0045	83	0.0
balanced	MALAT1_A549_NGG_0045	84	0.0
balanced	MALAT1_A549_NGG_0045	85	0.0
balanced	MALAT1_A549_NGG_0045	86	0.0
balanced	MALAT1_A549_NGG_0046	1	0.7317
balanced	MALAT1_A549_NGG_0046	2	0.20543333
balanced	MALAT1_A549_NGG_0046	3	0.04673333
balanced	MALAT1_A549_NGG_0046	4	0.01193333
balanced	MALAT1_A549_NGG_0046	5	0.00256667
balanced	MALAT1_A549_NGG_0046	6	0.00083333
balanced	MALAT1_A549_NGG_0046	7	0.00026667
balanced	MALAT1_A549_NGG_0046	8	6.667e-05
balanced	MALAT1_A549_NGG_0046	9	0.00016667
balanced	MALAT1_A549_NGG_0046	10	3.333e-05
balanced	MALAT1_A549_NGG_0046	11	0.00013333
balanced	MALAT1_A549_NGG_0046	12	6.667e-05
balanced	MALAT1_A549_NGG_0046	13	0.0
balanced	MALAT1_A549_NGG_0046	14	0.0
balanced	MALAT1_A549_NGG_0046	15	0.0
balanced	MALAT1_A549_NGG_0046	16	0.0
balanced	MALAT1_A549_NGG_0046	17	3.333e-05
balanced	MALAT1_A549_NGG_0046	18	3.333e-05
balanced	MALAT1_A549_NGG_0046	19	0.0
balanced	MALAT1_A549_NGG_0046	20	0.0
balanced	MALAT1_A549_NGG_0046	21	0.0
balanced	MALAT1_A549_NGG_0046	22	0.0
balanced	MALAT1_A549_NGG_0046	23	0.0
balanced	MALAT1_A549_NGG_0046	24	0.0
balanced	MALAT1_A549_NGG_0046	25	0.0
balanced	MALAT1_A549_NGG_0046	26	0.0
balanced	MALAT1_A549_NGG_0046	27	0.0
balanced	MALAT1_A549_NGG_0046	28	0.0
balanced	MALAT1_A549_NGG_0046	29	0.0
balanced	MALAT1_A549_NGG_0046	30	0.0
balanced	MALAT1_A549_NGG_0046	31	0.0
balanced	MALAT1_A549_NGG_0046	32	0.0
balanced	MALAT1_A549_NGG_0046	33	0.0
balanced	MALAT1_A549_NGG_0046	34	0.0
balanced	MALAT1_A549_NGG_0046	35	0.0
balanced	MALAT1_A549_NGG_0046	36	0.0
balanced	MALAT1_A549_NGG_0046	37	0.0
balanced	MALAT1_A549_NGG_0046	38	0.0
balanced	MALAT1_A549_NGG_0046	39	0.0
balanced	MALAT1_A549_NGG_0046	40	0.0
balanced	MALAT1_A549_NGG_0046	41	0.0
balanced	MALAT1_A549_NGG_0046	42	0.0
balanced	MALAT1_A549_NGG_0046	43	0.0
balanced	MALAT1_A549_NGG_0046	44	0.0
balanced	MALAT1_A549_NGG_0046	45	0.0
balanced	MALAT1_A549_NGG_0046	46	0.0
balanced	MALAT1_A549_NGG_0046	47	0.0
balanced	MALAT1_A549_NGG_0046	48	0.0
balanced	MALAT1_A549_NGG_0046	49	0.0
balanced	MALAT1_A549_NGG_0046	50	0.0
balanced	MALAT1_A549_NGG_0046	51	0.0
balanced	MALAT1_A549_NGG_0046	52	0.0
balanced	MALAT1_A549_NGG_0046	53	0.0
balanced	MALAT1_A549_NGG_0046	54	0.0
balanced	MALAT1_A549_NGG_0046	55	0.0
balanced	MALAT1_A549_NGG_0046	56	0.0
balanced	MALAT1_A549_NGG_0046	57	0.0
balanced	MALAT1_A549_NGG_0046	58	0.0
balanced	MALAT1_A549_NGG_0046	59	0.0
balanced	MALAT1_A549_NGG_0046	60	0.0
balanced	MALAT1_A549_NGG_0046	61	0.0
balanced	MALAT1_A549_NGG_0046	62	0.0
balanced	MALAT1_A549_NGG_0046	63	0.0
balanced	MALAT1_A549_NGG_0046	64	0.0
balanced	MALAT1_A549_NGG_0046	65	0.0
balanced	MALAT1_A549_NGG_0046	66	0.0
balanced	MALAT1_A549_NGG_0046	67	0.0
balanced	MALAT1_A549_NGG_0046	68	0.0
balanced	MALAT1_A549_NGG_0046	69	0.0
balanced	MALAT1_A549_NGG_0046	70	0.0
balanced	MALAT1_A549_NGG_0046	71	0.0
balanced	MALAT1_A549_NGG_0046	72	0.0
balanced	MALAT1_A549_NGG_0046	73	0.0
balanced	MALAT1_A549_NGG_0046	74	0.0
balanced	MALAT1_A549_NGG_0046	75	0.0
balanced	MALAT1_A549_NGG_0046	76	0.0
balanced	MALAT1_A549_NGG_0046	77	0.0
balanced	MALAT1_A549_NGG_0046	78	0.0
balanced	MALAT1_A549_NGG_0046	79	0.0
balanced	MALAT1_A549_NGG_0046	80	0.0
balanced	MALAT1_A549_NGG_0046	81	0.0
balanced	MALAT1_A549_NGG_0046	82	0.0
balanced	MALAT1_A549_NGG_0046	83	0.0
balanced	MALAT1_A549_NGG_0046	84	0.0
balanced	MALAT1_A549_NGG_0046	85	0.0
balanced	MALAT1_A549_NGG_0046	86	0.0
balanced	MALAT1_A549_NGG_0047	1	0.17333333
balanced	MALAT1_A549_NGG_0047	2	0.55773333
balanced	MALAT1_A549_NGG_0047	3	0.17276667
balanced	MALAT1_A549_NGG_0047	4	0.06546667
balanced	MALAT1_A549_NGG_0047	5	0.0198
balanced	MALAT1_A549_NGG_0047	6	0.00616667
balanced	MALAT1_A549_NGG_0047	7	0.0028
balanced	MALAT1_A549_NGG_0047	8	0.0008
balanced	MALAT1_A549_NGG_0047	9	0.0002
balanced	MALAT1_A549_NGG_0047	10	0.0002
balanced	MALAT1_A549_NGG_0047	11	0.0002
balanced	MALAT1_A549_NGG_0047	12	0.0001
balanced	MALAT1_A549_NGG_0047	13	0.0001
balanced	MALAT1_A549_NGG_0047	14	0.0001
balanced	MALAT1_A549_NGG_0047	15	3.333e-05
balanced	MALAT1_A549_NGG_0047	16	3.333e-05
balanced	MALAT1_A549_NGG_0047	17	3.333e-05
balanced	MALAT1_A549_NGG_0047	18	0.0
balanced	MALAT1_A549_NGG_0047	19	0.0001
balanced	MALAT1_A549_NGG_0047	20	3.333e-05
balanced	MALAT1_A549_NGG_0047	21	0.0
balanced	MALAT1_A549_NGG_0047	22	0.0
balanced	MALAT1_A549_NGG_0047	23	0.0
balanced	MALAT1_A549_NGG_0047	24	0.0
balanced	MALAT1_A549_NGG_0047	25	0.0
balanced	MALAT1_A549_NGG_0047	26	0.0
balanced	MALAT1_A549_NGG_0047	27	0.0
balanced	MALAT1_A549_NGG_0047	28	0.0
balanced	MALAT1_A549_NGG_0047	29	0.0
balanced	MALAT1_A549_NGG_0047	30	0.0
balanced	MALAT1_A549_NGG_0047	31	0.0
balanced	MALAT1_A549_NGG_0047	32	0.0
balanced	MALAT1_A549_NGG_0047	33	0.0
balanced	MALAT1_A549_NGG_0047	34	0.0
balanced	MALAT1_A549_NGG_0047	35	0.0
balanced	MALAT1_A549_NGG_0047	36	0.0
balanced	MALAT1_A549_NGG_0047	37	0.0
balanced	MALAT1_A549_NGG_0047	38	0.0
balanced	MALAT1_A549_NGG_0047	39	0.0
balanced	MALAT1_A549_NGG_0047	40	0.0
balanced	MALAT1_A549_NGG_0047	41	0.0
balanced	MALAT1_A549_NGG_0047	42	0.0
balanced	MALAT1_A549_NGG_0047	43	0.0
balanced	MALAT1_A549_NGG_0047	44	0.0
balanced	MALAT1_A549_NGG_0047	45	0.0
balanced	MALAT1_A549_NGG_0047	46	0.0
balanced	MALAT1_A549_NGG_0047	47	0.0
balanced	MALAT1_A549_NGG_0047	48	0.0
balanced	MALAT1_A549_NGG_0047	49	0.0
balanced	MALAT1_A549_NGG_0047	50	0.0
balanced	MALAT1_A549_NGG_0047	51	0.0
balanced	MALAT1_A549_NGG_0047	52	0.0
balanced	MALAT1_A549_NGG_0047	53	0.0
balanced	MALAT1_A549_NGG_0047	54	0.0
balanced	MALAT1_A549_NGG_0047	55	0.0
balanced	MALAT1_A549_NGG_0047	56	0.0
balanced	MALAT1_A549_NGG_0047	57	0.0
balanced	MALAT1_A549_NGG_0047	58	0.0
balanced	MALAT1_A549_NGG_0047	59	0.0
balanced	MALAT1_A549_NGG_0047	60	0.0
balanced	MALAT1_A549_NGG_0047	61	0.0
balanced	MALAT1_A549_NGG_0047	62	0.0
balanced	MALAT1_A549_NGG_0047	63	0.0
balanced	MALAT1_A549_NGG_0047	64	0.0
balanced	MALAT1_A549_NGG_0047	65	0.0
balanced	MALAT1_A549_NGG_0047	66	0.0
balanced	MALAT1_A549_NGG_0047	67	0.0
balanced	MALAT1_A549_NGG_0047	68	0.0
balanced	MALAT1_A549_NGG_0047	69	0.0
balanced	MALAT1_A549_NGG_0047	70	0.0
balanced	MALAT1_A549_NGG_0047	71	0.0
balanced	MALAT1_A549_NGG_0047	72	0.0
balanced	MALAT1_A549_NGG_0047	73	0.0
balanced	MALAT1_A549_NGG_0047	74	0.0
balanced	MALAT1_A549_NGG_0047	75	0.0
balanced	MALAT1_A549_NGG_0047	76	0.0
balanced	MALAT1_A549_NGG_0047	77	0.0
balanced	MALAT1_A549_NGG_0047	78	0.0
balanced	MALAT1_A549_NGG_0047	79	0.0
balanced	MALAT1_A549_NGG_0047	80	0.0
balanced	MALAT1_A549_NGG_0047	81	0.0
balanced	MALAT1_A549_NGG_0047	82	0.0
balanced	MALAT1_A549_NGG_0047	83	0.0
balanced	MALAT1_A549_NGG_0047	84	0.0
balanced	MALAT1_A549_NGG_0047	85	0.0
balanced	MALAT1_A549_NGG_0047	86	0.0
balanced	MALAT1_A549_NGG_0048	1	0.00756667
balanced	MALAT1_A549_NGG_0048	2	0.07736667
balanced	MALAT1_A549_NGG_0048	3	0.33313333
balanced	MALAT1_A549_NGG_0048	4	0.31233333
balanced	MALAT1_A549_NGG_0048	5	0.1427
balanced	MALAT1_A549_NGG_0048	6	0.0725
balanced	MALAT1_A549_NGG_0048	7	0.0284
balanced	MALAT1_A549_NGG_0048	8	0.01223333
balanced	MALAT1_A549_NGG_0048	9	0.0058
balanced	MALAT1_A549_NGG_0048	10	0.00296667
balanced	MALAT1_A549_NGG_0048	11	0.00193333
balanced	MALAT1_A549_NGG_0048	12	0.0009
balanced	MALAT1_A549_NGG_0048	13	0.00073333
balanced	MALAT1_A549_NGG_0048	14	0.00036667
balanced	MALAT1_A549_NGG_0048	15	0.0004
balanced	MALAT1_A549_NGG_0048	16	0.0001
balanced	MALAT1_A549_NGG_0048	17	0.0001
balanced	MALAT1_A549_NGG_0048	18	6.667e-05
balanced	MALAT1_A549_NGG_0048	19	0.0001
balanced	MALAT1_A549_NGG_0048	20	3.333e-05
balanced	MALAT1_A549_NGG_0048	21	0.0001
balanced	MALAT1_A549_NGG_0048	22	6.667e-05
balanced	MALAT1_A549_NGG_0048	23	6.667e-05
balanced	MALAT1_A549_NGG_0048	24	3.333e-05
balanced	MALAT1_A549_NGG_0048	25	0.0
balanced	MALAT1_A549_NGG_0048	26	0.0
balanced	MALAT1_A549_NGG_0048	27	0.0
balanced	MALAT1_A549_NGG_0048	28	0.0
balanced	MALAT1_A549_NGG_0048	29	0.0
balanced	MALAT1_A549_NGG_0048	30	0.0
balanced	MALAT1_A549_NGG_0048	31	0.0
balanced	MALAT1_A549_NGG_0048	32	0.0
balanced	MALAT1_A549_NGG_0048	33	0.0
balanced	MALAT1_A549_NGG_0048	34	0.0
balanced	MALAT1_A549_NGG_0048	35	0.0
balanced	MALAT1_A549_NGG_0048	36	0.0
balanced	MALAT1_A549_NGG_0048	37	0.0
balanced	MALAT1_A549_NGG_0048	38	0.0
balanced	MALAT1_A549_NGG_0048	39	0.0
balanced	MALAT1_A549_NGG_0048	40	0.0
balanced	MALAT1_A549_NGG_0048	41	0.0
balanced	MALAT1_A549_NGG_0048	42	0.0
balanced	MALAT1_A549_NGG_0048	43	0.0
balanced	MALAT1_A549_NGG_0048	44	0.0
balanced	MALAT1_A549_NGG_0048	45	0.0
balanced	MALAT1_A549_NGG_0048	46	0.0
balanced	MALAT1_A549_NGG_0048	47	0.0
balanced	MALAT1_A549_NGG_0048	48	0.0
balanced	MALAT1_A549_NGG_0048	49	0.0
balanced	MALAT1_A549_NGG_0048	50	0.0
balanced	MALAT1_A549_NGG_0048	51	0.0
balanced	MALAT1_A549_NGG_0048	52	0.0
balanced	MALAT1_A549_NGG_0048	53	0.0
balanced	MALAT1_A549_NGG_0048	54	0.0
balanced	MALAT1_A549_NGG_0048	55	0.0
balanced	MALAT1_A549_NGG_0048	56	0.0
balanced	MALAT1_A549_NGG_0048	57	0.0
balanced	MALAT1_A549_NGG_0048	58	0.0
balanced	MALAT1_A549_NGG_0048	59	0.0
balanced	MALAT1_A549_NGG_0048	60	0.0
balanced	MALAT1_A549_NGG_0048	61	0.0
balanced	MALAT1_A549_NGG_0048	62	0.0
balanced	MALAT1_A549_NGG_0048	63	0.0
balanced	MALAT1_A549_NGG_0048	64	0.0
balanced	MALAT1_A549_NGG_0048	65	0.0
balanced	MALAT1_A549_NGG_0048	66	0.0
balanced	MALAT1_A549_NGG_0048	67	0.0
balanced	MALAT1_A549_NGG_0048	68	0.0
balanced	MALAT1_A549_NGG_0048	69	0.0
balanced	MALAT1_A549_NGG_0048	70	0.0
balanced	MALAT1_A549_NGG_0048	71	0.0
balanced	MALAT1_A549_NGG_0048	72	0.0
balanced	MALAT1_A549_NGG_0048	73	0.0
balanced	MALAT1_A549_NGG_0048	74	0.0
balanced	MALAT1_A549_NGG_0048	75	0.0
balanced	MALAT1_A549_NGG_0048	76	0.0
balanced	MALAT1_A549_NGG_0048	77	0.0
balanced	MALAT1_A549_NGG_0048	78	0.0
balanced	MALAT1_A549_NGG_0048	79	0.0
balanced	MALAT1_A549_NGG_0048	80	0.0
balanced	MALAT1_A549_NGG_0048	81	0.0
balanced	MALAT1_A549_NGG_0048	82	0.0
balanced	MALAT1_A549_NGG_0048	83	0.0
balanced	MALAT1_A549_NGG_0048	84	0.0
balanced	MALAT1_A549_NGG_0048	85	0.0
balanced	MALAT1_A549_NGG_0048	86	0.0
balanced	MALAT1_A549_NGG_0049	1	0.0
balanced	MALAT1_A549_NGG_0049	2	0.0
balanced	MALAT1_A549_NGG_0049	3	0.00043333
balanced	MALAT1_A549_NGG_0049	4	0.00113333
balanced	MALAT1_A549_NGG_0049	5	0.01403333
balanced	MALAT1_A549_NGG_0049	6	0.02033333
balanced	MALAT1_A549_NGG_0049	7	0.0316
balanced	MALAT1_A549_NGG_0049	8	0.03656667
balanced	MALAT1_A549_NGG_0049	9	0.04086667
balanced	MALAT1_A549_NGG_0049	10	0.03803333
balanced	MALAT1_A549_NGG_0049	11	0.03686667
balanced	MALAT1_A549_NGG_0049	12	0.032
balanced	MALAT1_A549_NGG_0049	13	0.03146667
balanced	MALAT1_A549_NGG_0049	14	0.0302
balanced	MALAT1_A549_NGG_0049	15	0.0291
balanced	MALAT1_A549_NGG_0049	16	0.03546667
balanced	MALAT1_A549_NGG_0049	17	0.0332
balanced	MALAT1_A549_NGG_0049	18	0.04566667
balanced	MALAT1_A549_NGG_0049	19	0.03686667
balanced	MALAT1_A549_NGG_0049	20	0.03123333
balanced	MALAT1_A549_NGG_0049	21	0.0286
balanced	MALAT1_A549_NGG_0049	22	0.02716667
balanced	MALAT1_A549_NGG_0049	23	0.0256
balanced	MALAT1_A549_NGG_0049	24	0.0235
balanced	MALAT1_A549_NGG_0049	25	0.02453333
balanced	MALAT1_A549_NGG_0049	26	0.0223
balanced	MALAT1_A549_NGG_0049	27	0.0208
balanced	MALAT1_A549_NGG_0049	28	0.02126667
balanced	MALAT1_A549_NGG_0049	29	0.02026667
balanced	MALAT1_A549_NGG_0049	30	0.02043333
balanced	MALAT1_A549_NGG_0049	31	0.02003333
balanced	MALAT1_A549_NGG_0049	32	0.02003333
balanced	MALAT1_A549_NGG_0049	33	0.01893333
balanced	MALAT1_A549_NGG_0049	34	0.01743333
balanced	MALAT1_A549_NGG_0049	35	0.01803333
balanced	MALAT1_A549_NGG_0049	36	0.0173
balanced	MALAT1_A549_NGG_0049	37	0.0162
balanced	MALAT1_A549_NGG_0049	38	0.01383333
balanced	MALAT1_A549_NGG_0049	39	0.0123
balanced	MALAT1_A549_NGG_0049	40	0.01196667
balanced	MALAT1_A549_NGG_0049	41	0.0233
balanced	MALAT1_A549_NGG_0049	42	0.00986667
balanced	MALAT1_A549_NGG_0049	43	0.0055
balanced	MALAT1_A549_NGG_0049	44	0.00456667
balanced	MALAT1_A549_NGG_0049	45	0.004
balanced	MALAT1_A549_NGG_0049	46	0.00283333
balanced	MALAT1_A549_NGG_0049	47	0.0028
balanced	MALAT1_A549_NGG_0049	48	0.00263333
balanced	MALAT1_A549_NGG_0049	49	0.00286667
balanced	MALAT1_A549_NGG_0049	50	0.0027
balanced	MALAT1_A549_NGG_0049	51	0.0017
balanced	MALAT1_A549_NGG_0049	52	0.00133333
balanced	MALAT1_A549_NGG_0049	53	0.00156667
balanced	MALAT1_A549_NGG_0049	54	0.00073333
balanced	MALAT1_A549_NGG_0049	55	0.00096667
balanced	MALAT1_A549_NGG_0049	56	0.00073333
balanced	MALAT1_A549_NGG_0049	57	0.0005
balanced	MALAT1_A549_NGG_0049	58	0.001
balanced	MALAT1_A549_NGG_0049	59	0.0042
balanced	MALAT1_A549_NGG_0049	60	0.0005
balanced	MALAT1_A549_NGG_0049	61	0.0001
balanced	MALAT1_A549_NGG_0049	62	0.0
balanced	MALAT1_A549_NGG_0049	63	0.0
balanced	MALAT1_A549_NGG_0049	64	0.0
balanced	MALAT1_A549_NGG_0049	65	0.0
balanced	MALAT1_A549_NGG_0049	66	0.0
balanced	MALAT1_A549_NGG_0049	67	0.0
balanced	MALAT1_A549_NGG_0049	68	0.0
balanced	MALAT1_A549_NGG_0049	69	0.0
balanced	MALAT1_A549_NGG_0049	70	0.0
balanced	MALAT1_A549_NGG_0049	71	0.0
balanced	MALAT1_A549_NGG_0049	72	0.0
balanced	MALAT1_A549_NGG_0049	73	0.0
balanced	MALAT1_A549_NGG_0049	74	0.0
balanced	MALAT1_A549_NGG_0049	75	0.0
balanced	MALAT1_A549_NGG_0049	76	0.0
balanced	MALAT1_A549_NGG_0049	77	0.0
balanced	MALAT1_A549_NGG_0049	78	0.0
balanced	MALAT1_A549_NGG_0049	79	0.0
balanced	MALAT1_A549_NGG_0049	80	0.0
balanced	MALAT1_A549_NGG_0049	81	0.0
balanced	MALAT1_A549_NGG_0049	82	0.0
balanced	MALAT1_A549_NGG_0049	83	0.0
balanced	MALAT1_A549_NGG_0049	84	0.0
balanced	MALAT1_A549_NGG_0049	85	0.0
balanced	MALAT1_A549_NGG_0049	86	0.0
balanced	MALAT1_A549_NGG_0050	1	0.0
balanced	MALAT1_A549_NGG_0050	2	0.0
balanced	MALAT1_A549_NGG_0050	3	0.0
balanced	MALAT1_A549_NGG_0050	4	0.0
balanced	MALAT1_A549_NGG_0050	5	3.333e-05
balanced	MALAT1_A549_NGG_0050	6	0.00033333
balanced	MALAT1_A549_NGG_0050	7	0.00103333
balanced	MALAT1_A549_NGG_0050	8	0.00286667
balanced	MALAT1_A549_NGG_0050	9	0.0057
balanced	MALAT1_A549_NGG_0050	10	0.00783333
balanced	MALAT1_A549_NGG_0050	11	0.0087
balanced	MALAT1_A549_NGG_0050	12	0.0099
balanced	MALAT1_A549_NGG_0050	13	0.01213333
balanced	MALAT1_A549_NGG_0050	14	0.01143333
balanced	MALAT1_A549_NGG_0050	15	0.01306667
balanced	MALAT1_A549_NGG_0050	16	0.01466667
balanced	MALAT1_A549_NGG_0050	17	0.0224
balanced	MALAT1_A549_NGG_0050	18	0.02506667
balanced	MALAT1_A549_NGG_0050	19	0.03633333
balanced	MALAT1_A549_NGG_0050	20	0.0302
balanced	MALAT1_A549_NGG_0050	21	0.0292
balanced	MALAT1_A549_NGG_0050	22	0.02666667
balanced	MALAT1_A549_NGG_0050	23	0.02833333
balanced	MALAT1_A549_NGG_0050	24	0.02826667
balanced	MALAT1_A549_NGG_0050	25	0.0298
balanced	MALAT1_A549_NGG_0050	26	0.02783333
balanced	MALAT1_A549_NGG_0050	27	0.0284
balanced	MALAT1_A549_NGG_0050	28	0.02793333
balanced	MALAT1_A549_NGG_0050	29	0.02746667
balanced	MALAT1_A549_NGG_0050	30	0.0271
balanced	MALAT1_A549_NGG_0050	31	0.02596667
balanced	MALAT1_A549_NGG_0050	32	0.0278
balanced	MALAT1_A549_NGG_0050	33	0.03203333
balanced	MALAT1_A549_NGG_0050	34	0.03193333
balanced	MALAT1_A549_NGG_0050	35	0.03173333
balanced	MALAT1_A549_NGG_0050	36	0.03093333
balanced	MALAT1_A549_NGG_0050	37	0.03086667
balanced	MALAT1_A549_NGG_0050	38	0.02583333
balanced	MALAT1_A549_NGG_0050	39	0.02223333
balanced	MALAT1_A549_NGG_0050	40	0.0223
balanced	MALAT1_A549_NGG_0050	41	0.02466667
balanced	MALAT1_A549_NGG_0050	42	0.046
balanced	MALAT1_A549_NGG_0050	43	0.0222
balanced	MALAT1_A549_NGG_0050	44	0.0155
balanced	MALAT1_A549_NGG_0050	45	0.01266667
balanced	MALAT1_A549_NGG_0050	46	0.0115
balanced	MALAT1_A549_NGG_0050	47	0.00883333
balanced	MALAT1_A549_NGG_0050	48	0.00816667
balanced	MALAT1_A549_NGG_0050	49	0.00846667
balanced	MALAT1_A549_NGG_0050	50	0.00913333
balanced	MALAT1_A549_NGG_0050	51	0.00843333
balanced	MALAT1_A549_NGG_0050	52	0.00666667
balanced	MALAT1_A549_NGG_0050	53	0.0054
balanced	MALAT1_A549_NGG_0050	54	0.0052
balanced	MALAT1_A549_NGG_0050	55	0.00423333
balanced	MALAT1_A549_NGG_0050	56	0.00336667
balanced	MALAT1_A549_NGG_0050	57	0.0028
balanced	MALAT1_A549_NGG_0050	58	0.00316667
balanced	MALAT1_A549_NGG_0050	59	0.00356667
balanced	MALAT1_A549_NGG_0050	60	0.01926667
balanced	MALAT1_A549_NGG_0050	61	0.00326667
balanced	MALAT1_A549_NGG_0050	62	0.00146667
balanced	MALAT1_A549_NGG_0050	63	0.00083333
balanced	MALAT1_A549_NGG_0050	64	0.00046667
balanced	MALAT1_A549_NGG_0050	65	0.0001
balanced	MALAT1_A549_NGG_0050	66	0.0001
balanced	MALAT1_A549_NGG_0050	67	6.667e-05
balanced	MALAT1_A549_NGG_0050	68	3.333e-05
balanced	MALAT1_A549_NGG_0050	69	6.667e-05
balanced	MALAT1_A549_NGG_0050	70	0.0
balanced	MALAT1_A549_NGG_0050	71	3.333e-05
balanced	MALAT1_A549_NGG_0050	72	0.0
balanced	MALAT1_A549_NGG_0050	73	0.0
balanced	MALAT1_A549_NGG_0050	74	0.0
balanced	MALAT1_A549_NGG_0050	75	0.0
balanced	MALAT1_A549_NGG_0050	76	0.0
balanced	MALAT1_A549_NGG_0050	77	0.0
balanced	MALAT1_A549_NGG_0050	78	0.0
balanced	MALAT1_A549_NGG_0050	79	0.0
balanced	MALAT1_A549_NGG_0050	80	0.0
balanced	MALAT1_A549_NGG_0050	81	0.0
balanced	MALAT1_A549_NGG_0050	82	0.0
balanced	MALAT1_A549_NGG_0050	83	0.0
balanced	MALAT1_A549_NGG_0050	84	0.0
balanced	MALAT1_A549_NGG_0050	85	0.0
balanced	MALAT1_A549_NGG_0050	86	0.0
balanced	MALAT1_A549_NGG_0051	1	0.0
balanced	MALAT1_A549_NGG_0051	2	0.0
balanced	MALAT1_A549_NGG_0051	3	0.0001
balanced	MALAT1_A549_NGG_0051	4	0.0004
balanced	MALAT1_A549_NGG_0051	5	0.00596667
balanced	MALAT1_A549_NGG_0051	6	0.02286667
balanced	MALAT1_A549_NGG_0051	7	0.08046667
balanced	MALAT1_A549_NGG_0051	8	0.1087
balanced	MALAT1_A549_NGG_0051	9	0.13396667
balanced	MALAT1_A549_NGG_0051	10	0.11966667
balanced	MALAT1_A549_NGG_0051	11	0.0981
balanced	MALAT1_A549_NGG_0051	12	0.0772
balanced	MALAT1_A549_NGG_0051	13	0.0599
balanced	MALAT1_A549_NGG_0051	14	0.05073333
balanced	MALAT1_A549_NGG_0051	15	0.04106667
balanced	MALAT1_A549_NGG_0051	16	0.0318
balanced	MALAT1_A549_NGG_0051	17	0.02676667
balanced	MALAT1_A549_NGG_0051	18	0.0237
balanced	MALAT1_A549_NGG_0051	19	0.0194
balanced	MALAT1_A549_NGG_0051	20	0.0162
balanced	MALAT1_A549_NGG_0051	21	0.0152
balanced	MALAT1_A549_NGG_0051	22	0.0108
balanced	MALAT1_A549_NGG_0051	23	0.00966667
balanced	MALAT1_A549_NGG_0051	24	0.0072
balanced	MALAT1_A549_NGG_0051	25	0.0066
balanced	MALAT1_A549_NGG_0051	26	0.00496667
balanced	MALAT1_A549_NGG_0051	27	0.00463333
balanced	MALAT1_A549_NGG_0051	28	0.00383333
balanced	MALAT1_A549_NGG_0051	29	0.0042
balanced	MALAT1_A549_NGG_0051	30	0.0034
balanced	MALAT1_A549_NGG_0051	31	0.0024
balanced	MALAT1_A549_NGG_0051	32	0.00276667
balanced	MALAT1_A549_NGG_0051	33	0.0023
balanced	MALAT1_A549_NGG_0051	34	0.00163333
balanced	MALAT1_A549_NGG_0051	35	0.00136667
balanced	MALAT1_A549_NGG_0051	36	0.00063333
balanced	MALAT1_A549_NGG_0051	37	0.00046667
balanced	MALAT1_A549_NGG_0051	38	0.00026667
balanced	MALAT1_A549_NGG_0051	39	0.0003
balanced	MALAT1_A549_NGG_0051	40	0.00013333
balanced	MALAT1_A549_NGG_0051	41	6.667e-05
balanced	MALAT1_A549_NGG_0051	42	0.0001
balanced	MALAT1_A549_NGG_0051	43	3.333e-05
balanced	MALAT1_A549_NGG_0051	44	0.0
balanced	MALAT1_A549_NGG_0051	45	0.0
balanced	MALAT1_A549_NGG_0051	46	0.0
balanced	MALAT1_A549_NGG_0051	47	3.333e-05
balanced	MALAT1_A549_NGG_0051	48	0.0
balanced	MALAT1_A549_NGG_0051	49	0.0
balanced	MALAT1_A549_NGG_0051	50	0.0
balanced	MALAT1_A549_NGG_0051	51	0.0
balanced	MALAT1_A549_NGG_0051	52	0.0
balanced	MALAT1_A549_NGG_0051	53	0.0
balanced	MALAT1_A549_NGG_0051	54	0.0
balanced	MALAT1_A549_NGG_0051	55	0.0
balanced	MALAT1_A549_NGG_0051	56	0.0
balanced	MALAT1_A549_NGG_0051	57	0.0
balanced	MALAT1_A549_NGG_0051	58	0.0
balanced	MALAT1_A549_NGG_0051	59	0.0
balanced	MALAT1_A549_NGG_0051	60	0.0
balanced	MALAT1_A549_NGG_0051	61	0.0
balanced	MALAT1_A549_NGG_0051	62	0.0
balanced	MALAT1_A549_NGG_0051	63	0.0
balanced	MALAT1_A549_NGG_0051	64	0.0
balanced	MALAT1_A549_NGG_0051	65	0.0
balanced	MALAT1_A549_NGG_0051	66	0.0
balanced	MALAT1_A549_NGG_0051	67	0.0
balanced	MALAT1_A549_NGG_0051	68	0.0
balanced	MALAT1_A549_NGG_0051	69	0.0
balanced	MALAT1_A549_NGG_0051	70	0.0
balanced	MALAT1_A549_NGG_0051	71	0.0
balanced	MALAT1_A549_NGG_0051	72	0.0
balanced	MALAT1_A549_NGG_0051	73	0.0
balanced	MALAT1_A549_NGG_0051	74	0.0
balanced	MALAT1_A549_NGG_0051	75	0.0
balanced	MALAT1_A549_NGG_0051	76	0.0
balanced	MALAT1_A549_NGG_0051	77	0.0
balanced	MALAT1_A549_NGG_0051	78	0.0
balanced	MALAT1_A549_NGG_0051	79	0.0
balanced	MALAT1_A549_NGG_0051	80	0.0
balanced	MALAT1_A549_NGG_0051	81	0.0
balanced	MALAT1_A549_NGG_0051	82	0.0
balanced	MALAT1_A549_NGG_0051	83	0.0
balanced	MALAT1_A549_NGG_0051	84	0.0
balanced	MALAT1_A549_NGG_0051	85	0.0
balanced	MALAT1_A549_NGG_0051	86	0.0
balanced	MALAT1_A549_NGG_0052	1	0.0
balanced	MALAT1_A549_NGG_0052	2	0.0004
balanced	MALAT1_A549_NGG_0052	3	0.00733333
balanced	MALAT1_A549_NGG_0052	4	0.02413333
balanced	MALAT1_A549_NGG_0052	5	0.12906667
balanced	MALAT1_A549_NGG_0052	6	0.2114
balanced	MALAT1_A549_NGG_0052	7	0.19076667
balanced	MALAT1_A549_NGG_0052	8	0.15913333
balanced	MALAT1_A549_NGG_0052	9	0.08603333
balanced	MALAT1_A549_NGG_0052	10	0.05456667
balanced	MALAT1_A549_NGG_0052	11	0.03516667
balanced	MALAT1_A549_NGG_0052	12	0.02396667
balanced	MALAT1_A549_NGG_0052	13	0.01823333
balanced	MALAT1_A549_NGG_0052	14	0.0132
balanced	MALAT1_A549_NGG_0052	15	0.0098
balanced	MALAT1_A549_NGG_0052	16	0.00813333
balanced	MALAT1_A549_NGG_0052	17	0.006
balanced	MALAT1_A549_NGG_0052	18	0.00413333
balanced	MALAT1_A549_NGG_0052	19	0.0033
balanced	MALAT1_A549_NGG_0052	20	0.00276667
balanced	MALAT1_A549_NGG_0052	21	0.002
balanced	MALAT1_A549_NGG_0052	22	0.00183333
balanced	MALAT1_A549_NGG_0052	23	0.00173333
balanced	MALAT1_A549_NGG_0052	24	0.00133333
balanced	MALAT1_A549_NGG_0052	25	0.0013
balanced	MALAT1_A549_NGG_0052	26	0.00093333
balanced	MALAT1_A549_NGG_0052	27	0.00103333
balanced	MALAT1_A549_NGG_0052	28	0.00076667
balanced	MALAT1_A549_NGG_0052	29	0.00043333
balanced	MALAT1_A549_NGG_0052	30	0.00053333
balanced	MALAT1_A549_NGG_0052	31	0.0002
balanced	MALAT1_A549_NGG_0052	32	0.00013333
balanced	MALAT1_A549_NGG_0052	33	6.667e-05
balanced	MALAT1_A549_NGG_0052	34	3.333e-05
balanced	MALAT1_A549_NGG_0052	35	0.0001
balanced	MALAT1_A549_NGG_0052	36	0.0
balanced	MALAT1_A549_NGG_0052	37	0.0
balanced	MALAT1_A549_NGG_0052	38	0.0
balanced	MALAT1_A549_NGG_0052	39	3.333e-05
balanced	MALAT1_A549_NGG_0052	40	0.0
balanced	MALAT1_A549_NGG_0052	41	0.0
balanced	MALAT1_A549_NGG_0052	42	0.0
balanced	MALAT1_A549_NGG_0052	43	0.0
balanced	MALAT1_A549_NGG_0052	44	0.0
balanced	MALAT1_A549_NGG_0052	45	0.0
balanced	MALAT1_A549_NGG_0052	46	0.0
balanced	MALAT1_A549_NGG_0052	47	0.0
balanced	MALAT1_A549_NGG_0052	48	0.0
balanced	MALAT1_A549_NGG_0052	49	0.0
balanced	MALAT1_A549_NGG_0052	50	0.0
balanced	MALAT1_A549_NGG_0052	51	0.0
balanced	MALAT1_A549_NGG_0052	52	0.0
balanced	MALAT1_A549_NGG_0052	53	0.0
balanced	MALAT1_A549_NGG_0052	54	0.0
balanced	MALAT1_A549_NGG_0052	55	0.0
balanced	MALAT1_A549_NGG_0052	56	0.0
balanced	MALAT1_A549_NGG_0052	57	0.0
balanced	MALAT1_A549_NGG_0052	58	0.0
balanced	MALAT1_A549_NGG_0052	59	0.0
balanced	MALAT1_A549_NGG_0052	60	0.0
balanced	MALAT1_A549_NGG_0052	61	0.0
balanced	MALAT1_A549_NGG_0052	62	0.0
balanced	MALAT1_A549_NGG_0052	63	0.0
balanced	MALAT1_A549_NGG_0052	64	0.0
balanced	MALAT1_A549_NGG_0052	65	0.0
balanced	MALAT1_A549_NGG_0052	66	0.0
balanced	MALAT1_A549_NGG_0052	67	0.0
balanced	MALAT1_A549_NGG_0052	68	0.0
balanced	MALAT1_A549_NGG_0052	69	0.0
balanced	MALAT1_A549_NGG_0052	70	0.0
balanced	MALAT1_A549_NGG_0052	71	0.0
balanced	MALAT1_A549_NGG_0052	72	0.0
balanced	MALAT1_A549_NGG_0052	73	0.0
balanced	MALAT1_A549_NGG_0052	74	0.0
balanced	MALAT1_A549_NGG_0052	75	0.0
balanced	MALAT1_A549_NGG_0052	76	0.0
balanced	MALAT1_A549_NGG_0052	77	0.0
balanced	MALAT1_A549_NGG_0052	78	0.0
balanced	MALAT1_A549_NGG_0052	79	0.0
balanced	MALAT1_A549_NGG_0052	80	0.0
balanced	MALAT1_A549_NGG_0052	81	0.0
balanced	MALAT1_A549_NGG_0052	82	0.0
balanced	MALAT1_A549_NGG_0052	83	0.0
balanced	MALAT1_A549_NGG_0052	84	0.0
balanced	MALAT1_A549_NGG_0052	85	0.0
balanced	MALAT1_A549_NGG_0052	86	0.0
balanced	MALAT1_A549_NGG_0053	1	3.333e-05
balanced	MALAT1_A549_NGG_0053	2	0.00186667
balanced	MALAT1_A549_NGG_0053	3	0.01433333
balanced	MALAT1_A549_NGG_0053	4	0.04733333
balanced	MALAT1_A549_NGG_0053	5	0.22313333
balanced	MALAT1_A549_NGG_0053	6	0.21693333
balanced	MALAT1_A549_NGG_0053	7	0.1839
balanced	MALAT1_A549_NGG_0053	8	0.12083333
balanced	MALAT1_A549_NGG_0053	9	0.06376667
balanced	MALAT1_A549_NGG_0053	10	0.03663333
balanced	MALAT1_A549_NGG_0053	11	0.02426667
balanced	MALAT1_A549_NGG_0053	12	0.01663333
balanced	MALAT1_A549_NGG_0053	13	0.0118
balanced	MALAT1_A549_NGG_0053	14	0.0077
balanced	MALAT1_A549_NGG_0053	15	0.00683333
balanced	MALAT1_A549_NGG_0053	16	0.00546667
balanced	MALAT1_A549_NGG_0053	17	0.00366667
balanced	MALAT1_A549_NGG_0053	18	0.00306667
balanced	MALAT1_A549_NGG_0053	19	0.00216667
balanced	MALAT1_A549_NGG_0053	20	0.00176667
balanced	MALAT1_A549_NGG_0053	21	0.0011
balanced	MALAT1_A549_NGG_0053	22	0.00133333
balanced	MALAT1_A549_NGG_0053	23	0.00116667
balanced	MALAT1_A549_NGG_0053	24	0.00093333
balanced	MALAT1_A549_NGG_0053	25	0.00073333
balanced	MALAT1_A549_NGG_0053	26	0.0006
balanced	MALAT1_A549_NGG_0053	27	0.00056667
balanced	MALAT1_A549_NGG_0053	28	0.0005
balanced	MALAT1_A549_NGG_0053	29	0.00043333
balanced	MALAT1_A549_NGG_0053	30	0.0002
balanced	MALAT1_A549_NGG_0053	31	0.00013333
balanced	MALAT1_A549_NGG_0053	32	6.667e-05
balanced	MALAT1_A549_NGG_0053	33	0.0
balanced	MALAT1_A549_NGG_0053	34	3.333e-05
balanced	MALAT1_A549_NGG_0053	35	0.0
balanced	MALAT1_A549_NGG_0053	36	0.0
balanced	MALAT1_A549_NGG_0053	37	3.333e-05
balanced	MALAT1_A549_NGG_0053	38	0.0
balanced	MALAT1_A549_NGG_0053	39	3.333e-05
balanced	MALAT1_A549_NGG_0053	40	0.0
balanced	MALAT1_A549_NGG_0053	41	0.0
balanced	MALAT1_A549_NGG_0053	42	0.0
balanced	MALAT1_A549_NGG_0053	43	0.0
balanced	MALAT1_A549_NGG_0053	44	0.0
balanced	MALAT1_A549_NGG_0053	45	0.0
balanced	MALAT1_A549_NGG_0053	46	0.0
balanced	MALAT1_A549_NGG_0053	47	0.0
balanced	MALAT1_A549_NGG_0053	48	0.0
balanced	MALAT1_A549_NGG_0053	49	0.0
balanced	MALAT1_A549_NGG_0053	50	0.0
balanced	MALAT1_A549_NGG_0053	51	0.0
balanced	MALAT1_A549_NGG_0053	52	0.0
balanced	MALAT1_A549_NGG_0053	53	0.0
balanced	MALAT1_A549_NGG_0053	54	0.0
balanced	MALAT1_A549_NGG_0053	55	0.0
balanced	MALAT1_A549_NGG_0053	56	0.0
balanced	MALAT1_A549_NGG_0053	57	0.0
balanced	MALAT1_A549_NGG_0053	58	0.0
balanced	MALAT1_A549_NGG_0053	59	0.0
balanced	MALAT1_A549_NGG_0053	60	0.0
balanced	MALAT1_A549_NGG_0053	61	0.0
balanced	MALAT1_A549_NGG_0053	62	0.0
balanced	MALAT1_A549_NGG_0053	63	0.0
balanced	MALAT1_A549_NGG_0053	64	0.0
balanced	MALAT1_A549_NGG_0053	65	0.0
balanced	MALAT1_A549_NGG_0053	66	0.0
balanced	MALAT1_A549_NGG_0053	67	0.0
balanced	MALAT1_A549_NGG_0053	68	0.0
balanced	MALAT1_A549_NGG_0053	69	0.0
balanced	MALAT1_A549_NGG_0053	70	0.0
balanced	MALAT1_A549_NGG_0053	71	0.0
balanced	MALAT1_A549_NGG_0053	72	0.0
balanced	MALAT1_A549_NGG_0053	73	0.0
balanced	MALAT1_A549_NGG_0053	74	0.0
balanced	MALAT1_A549_NGG_0053	75	0.0
balanced	MALAT1_A549_NGG_0053	76	0.0
balanced	MALAT1_A549_NGG_0053	77	0.0
balanced	MALAT1_A549_NGG_0053	78	0.0
balanced	MALAT1_A549_NGG_0053	79	0.0
balanced	MALAT1_A549_NGG_0053	80	0.0
balanced	MALAT1_A549_NGG_0053	81	0.0
balanced	MALAT1_A549_NGG_0053	82	0.0
balanced	MALAT1_A549_NGG_0053	83	0.0
balanced	MALAT1_A549_NGG_0053	84	0.0
balanced	MALAT1_A549_NGG_0053	85	0.0
balanced	MALAT1_A549_NGG_0053	86	0.0
balanced	MALAT1_A549_NGG_0054	1	0.0
balanced	MALAT1_A549_NGG_0054	2	0.0
balanced	MALAT1_A549_NGG_0054	3	3.333e-05
balanced	MALAT1_A549_NGG_0054	4	0.0
balanced	MALAT1_A549_NGG_0054	5	0.00066667
balanced	MALAT1_A549_NGG_0054	6	0.00383333
balanced	MALAT1_A549_NGG_0054	7	0.01676667
balanced	MALAT1_A549_NGG_0054	8	0.03636667
balanced	MALAT1_A549_NGG_0054	9	0.06103333
balanced	MALAT1_A549_NGG_0054	10	0.07923333
balanced	MALAT1_A549_NGG_0054	11	0.08826667
balanced	MALAT1_A549_NGG_0054	12	0.08703333
balanced	MALAT1_A549_NGG_0054	13	0.08063333
balanced	MALAT1_A549_NGG_0054	14	0.0733
balanced	MALAT1_A549_NGG_0054	15	0.06613333
balanced	MALAT1_A549_NGG_0054	16	0.05656667
balanced	MALAT1_A549_NGG_0054	17	0.04946667
balanced	MALAT1_A549_NGG_0054	18	0.0409
balanced	MALAT1_A549_NGG_0054	19	0.03536667
balanced	MALAT1_A549_NGG_0054	20	0.0313
balanced	MALAT1_A549_NGG_0054	21	0.02813333
balanced	MALAT1_A549_NGG_0054	22	0.0243
balanced	MALAT1_A549_NGG_0054	23	0.02083333
balanced	MALAT1_A549_NGG_0054	24	0.01743333
balanced	MALAT1_A549_NGG_0054	25	0.01523333
balanced	MALAT1_A549_NGG_0054	26	0.01316667
balanced	MALAT1_A549_NGG_0054	27	0.01183333
balanced	MALAT1_A549_NGG_0054	28	0.0099
balanced	MALAT1_A549_NGG_0054	29	0.00866667
balanced	MALAT1_A549_NGG_0054	30	0.0074
balanced	MALAT1_A549_NGG_0054	31	0.00596667
balanced	MALAT1_A549_NGG_0054	32	0.00553333
balanced	MALAT1_A549_NGG_0054	33	0.005
balanced	MALAT1_A549_NGG_0054	34	0.00413333
balanced	MALAT1_A549_NGG_0054	35	0.00416667
balanced	MALAT1_A549_NGG_0054	36	0.00356667
balanced	MALAT1_A549_NGG_0054	37	0.0023
balanced	MALAT1_A549_NGG_0054	38	0.00183333
balanced	MALAT1_A549_NGG_0054	39	0.0011
balanced	MALAT1_A549_NGG_0054	40	0.00083333
balanced	MALAT1_A549_NGG_0054	41	0.0005
balanced	MALAT1_A549_NGG_0054	42	0.00036667
balanced	MALAT1_A549_NGG_0054	43	0.00026667
balanced	MALAT1_A549_NGG_0054	44	0.0002
balanced	MALAT1_A549_NGG_0054	45	0.00013333
balanced	MALAT1_A549_NGG_0054	46	6.667e-05
balanced	MALAT1_A549_NGG_0054	47	0.0001
balanced	MALAT1_A549_NGG_0054	48	3.333e-05
balanced	MALAT1_A549_NGG_0054	49	3.333e-05
balanced	MALAT1_A549_NGG_0054	50	0.0
balanced	MALAT1_A549_NGG_0054	51	3.333e-05
balanced	MALAT1_A549_NGG_0054	52	3.333e-05
balanced	MALAT1_A549_NGG_0054	53	0.0
balanced	MALAT1_A549_NGG_0054	54	0.0
balanced	MALAT1_A549_NGG_0054	55	0.0
balanced	MALAT1_A549_NGG_0054	56	0.0
balanced	MALAT1_A549_NGG_0054	57	0.0
balanced	MALAT1_A549_NGG_0054	58	0.0
balanced	MALAT1_A549_NGG_0054	59	0.0
balanced	MALAT1_A549_NGG_0054	60	0.0
balanced	MALAT1_A549_NGG_0054	61	0.0
balanced	MALAT1_A549_NGG_0054	62	0.0
balanced	MALAT1_A549_NGG_0054	63	0.0
balanced	MALAT1_A549_NGG_0054	64	0.0
balanced	MALAT1_A549_NGG_0054	65	0.0
balanced	MALAT1_A549_NGG_0054	66	0.0
balanced	MALAT1_A549_NGG_0054	67	0.0
balanced	MALAT1_A549_NGG_0054	68	0.0
balanced	MALAT1_A549_NGG_0054	69	0.0
balanced	MALAT1_A549_NGG_0054	70	0.0
balanced	MALAT1_A549_NGG_0054	71	0.0
balanced	MALAT1_A549_NGG_0054	72	0.0
balanced	MALAT1_A549_NGG_0054	73	0.0
balanced	MALAT1_A549_NGG_0054	74	0.0
balanced	MALAT1_A549_NGG_0054	75	0.0
balanced	MALAT1_A549_NGG_0054	76	0.0
balanced	MALAT1_A549_NGG_0054	77	0.0
balanced	MALAT1_A549_NGG_0054	78	0.0
balanced	MALAT1_A549_NGG_0054	79	0.0
balanced	MALAT1_A549_NGG_0054	80	0.0
balanced	MALAT1_A549_NGG_0054	81	0.0
balanced	MALAT1_A549_NGG_0054	82	0.0
balanced	MALAT1_A549_NGG_0054	83	0.0
balanced	MALAT1_A549_NGG_0054	84	0.0
balanced	MALAT1_A549_NGG_0054	85	0.0
balanced	MALAT1_A549_NGG_0054	86	0.0
balanced	MALAT1_A549_NGG_0055	1	0.0
balanced	MALAT1_A549_NGG_0055	2	0.0
balanced	MALAT1_A549_NGG_0055	3	0.0
balanced	MALAT1_A549_NGG_0055	4	0.00016667
balanced	MALAT1_A549_NGG_0055	5	0.0028
balanced	MALAT1_A549_NGG_0055	6	0.01506667
balanced	MALAT1_A549_NGG_0055	7	0.0557
balanced	MALAT1_A549_NGG_0055	8	0.08643333
balanced	MALAT1_A549_NGG_0055	9	0.11586667
balanced	MALAT1_A549_NGG_0055	10	0.1143
balanced	MALAT1_A549_NGG_0055	11	0.1024
balanced	MALAT1_A549_NGG_0055	12	0.0838
balanced	MALAT1_A549_NGG_0055	13	0.0703
balanced	MALAT1_A549_NGG_0055	14	0.0568
balanced	MALAT1_A549_NGG_0055	15	0.04863333
balanced	MALAT1_A549_NGG_0055	16	0.0386
balanced	MALAT1_A549_NGG_0055	17	0.0314
balanced	MALAT1_A549_NGG_0055	18	0.02833333
balanced	MALAT1_A549_NGG_0055	19	0.02483333
balanced	MALAT1_A549_NGG_0055	20	0.02033333
balanced	MALAT1_A549_NGG_0055	21	0.01703333
balanced	MALAT1_A549_NGG_0055	22	0.01496667
balanced	MALAT1_A549_NGG_0055	23	0.01213333
balanced	MALAT1_A549_NGG_0055	24	0.0094
balanced	MALAT1_A549_NGG_0055	25	0.00813333
balanced	MALAT1_A549_NGG_0055	26	0.0071
balanced	MALAT1_A549_NGG_0055	27	0.0049
balanced	MALAT1_A549_NGG_0055	28	0.00476667
balanced	MALAT1_A549_NGG_0055	29	0.00446667
balanced	MALAT1_A549_NGG_0055	30	0.00376667
balanced	MALAT1_A549_NGG_0055	31	0.00343333
balanced	MALAT1_A549_NGG_0055	32	0.0038
balanced	MALAT1_A549_NGG_0055	33	0.00296667
balanced	MALAT1_A549_NGG_0055	34	0.00243333
balanced	MALAT1_A549_NGG_0055	35	0.0017
balanced	MALAT1_A549_NGG_0055	36	0.00116667
balanced	MALAT1_A549_NGG_0055	37	0.0007
balanced	MALAT1_A549_NGG_0055	38	0.00053333
balanced	MALAT1_A549_NGG_0055	39	0.00026667
balanced	MALAT1_A549_NGG_0055	40	0.0003
balanced	MALAT1_A549_NGG_0055	41	0.0001
balanced	MALAT1_A549_NGG_0055	42	3.333e-05
balanced	MALAT1_A549_NGG_0055	43	0.0
balanced	MALAT1_A549_NGG_0055	44	3.333e-05
balanced	MALAT1_A549_NGG_0055	45	0.0
balanced	MALAT1_A549_NGG_0055	46	3.333e-05
balanced	MALAT1_A549_NGG_0055	47	0.0
balanced	MALAT1_A549_NGG_0055	48	3.333e-05
balanced	MALAT1_A549_NGG_0055	49	0.0
balanced	MALAT1_A549_NGG_0055	50	0.0
balanced	MALAT1_A549_NGG_0055	51	0.0
balanced	MALAT1_A549_NGG_0055	52	0.0
balanced	MALAT1_A549_NGG_0055	53	0.0
balanced	MALAT1_A549_NGG_0055	54	0.0
balanced	MALAT1_A549_NGG_0055	55	0.0
balanced	MALAT1_A549_NGG_0055	56	3.333e-05
balanced	MALAT1_A549_NGG_0055	57	0.0
balanced	MALAT1_A549_NGG_0055	58	0.0
balanced	MALAT1_A549_NGG_0055	59	0.0
balanced	MALAT1_A549_NGG_0055	60	0.0
balanced	MALAT1_A549_NGG_0055	61	0.0
balanced	MALAT1_A549_NGG_0055	62	0.0
balanced	MALAT1_A549_NGG_0055	63	0.0
balanced	MALAT1_A549_NGG_0055	64	0.0
balanced	MALAT1_A549_NGG_0055	65	0.0
balanced	MALAT1_A549_NGG_0055	66	0.0
balanced	MALAT1_A549_NGG_0055	67	0.0
balanced	MALAT1_A549_NGG_0055	68	0.0
balanced	MALAT1_A549_NGG_0055	69	0.0
balanced	MALAT1_A549_NGG_0055	70	0.0
balanced	MALAT1_A549_NGG_0055	71	0.0
balanced	MALAT1_A549_NGG_0055	72	0.0
balanced	MALAT1_A549_NGG_0055	73	0.0
balanced	MALAT1_A549_NGG_0055	74	0.0
balanced	MALAT1_A549_NGG_0055	75	0.0
balanced	MALAT1_A549_NGG_0055	76	0.0
balanced	MALAT1_A549_NGG_0055	77	0.0
balanced	MALAT1_A549_NGG_0055	78	0.0
balanced	MALAT1_A549_NGG_0055	79	0.0
balanced	MALAT1_A549_NGG_0055	80	0.0
balanced	MALAT1_A549_NGG_0055	81	0.0
balanced	MALAT1_A549_NGG_0055	82	0.0
balanced	MALAT1_A549_NGG_0055	83	0.0
balanced	MALAT1_A549_NGG_0055	84	0.0
balanced	MALAT1_A549_NGG_0055	85	0.0
balanced	MALAT1_A549_NGG_0055	86	0.0
balanced	MALAT1_A549_NGG_0056	1	0.0
balanced	MALAT1_A549_NGG_0056	2	0.0
balanced	MALAT1_A549_NGG_0056	3	0.0
balanced	MALAT1_A549_NGG_0056	4	0.0
balanced	MALAT1_A549_NGG_0056	5	0.00023333
balanced	MALAT1_A549_NGG_0056	6	0.00163333
balanced	MALAT1_A549_NGG_0056	7	0.0107
balanced	MALAT1_A549_NGG_0056	8	0.02443333
balanced	MALAT1_A549_NGG_0056	9	0.0429
balanced	MALAT1_A549_NGG_0056	10	0.0616
balanced	MALAT1_A549_NGG_0056	11	0.07553333
balanced	MALAT1_A549_NGG_0056	12	0.0805
balanced	MALAT1_A549_NGG_0056	13	0.0814
balanced	MALAT1_A549_NGG_0056	14	0.07556667
balanced	MALAT1_A549_NGG_0056	15	0.0678
balanced	MALAT1_A549_NGG_0056	16	0.06303333
balanced	MALAT1_A549_NGG_0056	17	0.05376667
balanced	MALAT1_A549_NGG_0056	18	0.04796667
balanced	MALAT1_A549_NGG_0056	19	0.04076667
balanced	MALAT1_A549_NGG_0056	20	0.03686667
balanced	MALAT1_A549_NGG_0056	21	0.0311
balanced	MALAT1_A549_NGG_0056	22	0.02663333
balanced	MALAT1_A549_NGG_0056	23	0.0252
balanced	MALAT1_A549_NGG_0056	24	0.0211
balanced	MALAT1_A549_NGG_0056	25	0.01796667
balanced	MALAT1_A549_NGG_0056	26	0.01676667
balanced	MALAT1_A549_NGG_0056	27	0.0142
balanced	MALAT1_A549_NGG_0056	28	0.01143333
balanced	MALAT1_A549_NGG_0056	29	0.01026667
balanced	MALAT1_A549_NGG_0056	30	0.00943333
balanced	MALAT1_A549_NGG_0056	31	0.008
balanced	MALAT1_A549_NGG_0056	32	0.0083
balanced	MALAT1_A549_NGG_0056	33	0.0067
balanced	MALAT1_A549_NGG_0056	34	0.0065
balanced	MALAT1_A549_NGG_0056	35	0.00456667
balanced	MALAT1_A549_NGG_0056	36	0.0047
balanced	MALAT1_A549_NGG_0056	37	0.0038
balanced	MALAT1_A549_NGG_0056	38	0.0028
balanced	MALAT1_A549_NGG_0056	39	0.00216667
balanced	MALAT1_A549_NGG_0056	40	0.00116667
balanced	MALAT1_A549_NGG_0056	41	0.0007
balanced	MALAT1_A549_NGG_0056	42	0.00053333
balanced	MALAT1_A549_NGG_0056	43	0.0005
balanced	MALAT1_A549_NGG_0056	44	0.00026667
balanced	MALAT1_A549_NGG_0056	45	6.667e-05
balanced	MALAT1_A549_NGG_0056	46	0.00013333
balanced	MALAT1_A549_NGG_0056	47	3.333e-05
balanced	MALAT1_A549_NGG_0056	48	3.333e-05
balanced	MALAT1_A549_NGG_0056	49	3.333e-05
balanced	MALAT1_A549_NGG_0056	50	6.667e-05
balanced	MALAT1_A549_NGG_0056	51	3.333e-05
balanced	MALAT1_A549_NGG_0056	52	3.333e-05
balanced	MALAT1_A549_NGG_0056	53	3.333e-05
balanced	MALAT1_A549_NGG_0056	54	0.0
balanced	MALAT1_A549_NGG_0056	55	0.0
balanced	MALAT1_A549_NGG_0056	56	3.333e-05
balanced	MALAT1_A549_NGG_0056	57	0.0
balanced	MALAT1_A549_NGG_0056	58	0.0
balanced	MALAT1_A549_NGG_0056	59	0.0
balanced	MALAT1_A549_NGG_0056	60	0.0
balanced	MALAT1_A549_NGG_0056	61	0.0
balanced	MALAT1_A549_NGG_0056	62	0.0
balanced	MALAT1_A549_NGG_0056	63	0.0
balanced	MALAT1_A549_NGG_0056	64	0.0
balanced	MALAT1_A549_NGG_0056	65	0.0
balanced	MALAT1_A549_NGG_0056	66	0.0
balanced	MALAT1_A549_NGG_0056	67	0.0
balanced	MALAT1_A549_NGG_0056	68	0.0
balanced	MALAT1_A549_NGG_0056	69	0.0
balanced	MALAT1_A549_NGG_0056	70	0.0
balanced	MALAT1_A549_NGG_0056	71	0.0
balanced	MALAT1_A549_NGG_0056	72	0.0
balanced	MALAT1_A549_NGG_0056	73	0.0
balanced	MALAT1_A549_NGG_0056	74	0.0
balanced	MALAT1_A549_NGG_0056	75	0.0
balanced	MALAT1_A549_NGG_0056	76	0.0
balanced	MALAT1_A549_NGG_0056	77	0.0
balanced	MALAT1_A549_NGG_0056	78	0.0
balanced	MALAT1_A549_NGG_0056	79	0.0
balanced	MALAT1_A549_NGG_0056	80	0.0
balanced	MALAT1_A549_NGG_0056	81	0.0
balanced	MALAT1_A549_NGG_0056	82	0.0
balanced	MALAT1_A549_NGG_0056	83	0.0
balanced	MALAT1_A549_NGG_0056	84	0.0
balanced	MALAT1_A549_NGG_0056	85	0.0
balanced	MALAT1_A549_NGG_0056	86	0.0
balanced	MALAT1_A549_NGG_0057	1	0.0
balanced	MALAT1_A549_NGG_0057	2	0.0
balanced	MALAT1_A549_NGG_0057	3	0.0
balanced	MALAT1_A549_NGG_0057	4	0.0
balanced	MALAT1_A549_NGG_0057	5	0.0
balanced	MALAT1_A549_NGG_0057	6	0.0002
balanced	MALAT1_A549_NGG_0057	7	0.00186667
balanced	MALAT1_A549_NGG_0057	8	0.0058
balanced	MALAT1_A549_NGG_0057	9	0.01173333
balanced	MALAT1_A549_NGG_0057	10	0.0218
balanced	MALAT1_A549_NGG_0057	11	0.03266667
balanced	MALAT1_A549_NGG_0057	12	0.0459
balanced	MALAT1_A549_NGG_0057	13	0.05763333
balanced	MALAT1_A549_NGG_0057	14	0.06613333
balanced	MALAT1_A549_NGG_0057	15	0.07083333
balanced	MALAT1_A549_NGG_0057	16	0.07166667
balanced	MALAT1_A549_NGG_0057	17	0.06496667
balanced	MALAT1_A549_NGG_0057	18	0.0573
balanced	MALAT1_A549_NGG_0057	19	0.0514
balanced	MALAT1_A549_NGG_0057	20	0.0471
balanced	MALAT1_A549_NGG_0057	21	0.04536667
balanced	MALAT1_A549_NGG_0057	22	0.0402
balanced	MALAT1_A549_NGG_0057	23	0.03803333
balanced	MALAT1_A549_NGG_0057	24	0.0335
balanced	MALAT1_A549_NGG_0057	25	0.03243333
balanced	MALAT1_A549_NGG_0057	26	0.02733333
balanced	MALAT1_A549_NGG_0057	27	0.02393333
balanced	MALAT1_A549_NGG_0057	28	0.01993333
balanced	MALAT1_A549_NGG_0057	29	0.01786667
balanced	MALAT1_A549_NGG_0057	30	0.01543333
balanced	MALAT1_A549_NGG_0057	31	0.01413333
balanced	MALAT1_A549_NGG_0057	32	0.01253333
balanced	MALAT1_A549_NGG_0057	33	0.0113
balanced	MALAT1_A549_NGG_0057	34	0.0097
balanced	MALAT1_A549_NGG_0057	35	0.00896667
balanced	MALAT1_A549_NGG_0057	36	0.00756667
balanced	MALAT1_A549_NGG_0057	37	0.00843333
balanced	MALAT1_A549_NGG_0057	38	0.0067
balanced	MALAT1_A549_NGG_0057	39	0.00613333
balanced	MALAT1_A549_NGG_0057	40	0.00466667
balanced	MALAT1_A549_NGG_0057	41	0.00286667
balanced	MALAT1_A549_NGG_0057	42	0.002
balanced	MALAT1_A549_NGG_0057	43	0.00116667
balanced	MALAT1_A549_NGG_0057	44	0.0009
balanced	MALAT1_A549_NGG_0057	45	0.00043333
balanced	MALAT1_A549_NGG_0057	46	0.00036667
balanced	MALAT1_A549_NGG_0057	47	0.00016667
balanced	MALAT1_A549_NGG_0057	48	0.00023333
balanced	MALAT1_A549_NGG_0057	49	0.00013333
balanced	MALAT1_A549_NGG_0057	50	0.00016667
balanced	MALAT1_A549_NGG_0057	51	0.0001
balanced	MALAT1_A549_NGG_0057	52	6.667e-05
balanced	MALAT1_A549_NGG_0057	53	0.00013333
balanced	MALAT1_A549_NGG_0057	54	6.667e-05
balanced	MALAT1_A549_NGG_0057	55	0.0
balanced	MALAT1_A549_NGG_0057	56	0.0
balanced	MALAT1_A549_NGG_0057	57	0.0
balanced	MALAT1_A549_NGG_0057	58	0.0
balanced	MALAT1_A549_NGG_0057	59	0.0
balanced	MALAT1_A549_NGG_0057	60	0.0
balanced	MALAT1_A549_NGG_0057	61	3.333e-05
balanced	MALAT1_A549_NGG_0057	62	0.0
balanced	MALAT1_A549_NGG_0057	63	0.0
balanced	MALAT1_A549_NGG_0057	64	0.0
balanced	MALAT1_A549_NGG_0057	65	0.0
balanced	MALAT1_A549_NGG_0057	66	0.0
balanced	MALAT1_A549_NGG_0057	67	0.0
balanced	MALAT1_A549_NGG_0057	68	0.0
balanced	MALAT1_A549_NGG_0057	69	0.0
balanced	MALAT1_A549_NGG_0057	70	0.0
balanced	MALAT1_A549_NGG_0057	71	0.0
balanced	MALAT1_A549_NGG_0057	72	0.0
balanced	MALAT1_A549_NGG_0057	73	0.0
balanced	MALAT1_A549_NGG_0057	74	0.0
balanced	MALAT1_A549_NGG_0057	75	0.0
balanced	MALAT1_A549_NGG_0057	76	0.0
balanced	MALAT1_A549_NGG_0057	77	0.0
balanced	MALAT1_A549_NGG_0057	78	0.0
balanced	MALAT1_A549_NGG_0057	79	0.0
balanced	MALAT1_A549_NGG_0057	80	0.0
balanced	MALAT1_A549_NGG_0057	81	0.0
balanced	MALAT1_A549_NGG_0057	82	0.0
balanced	MALAT1_A549_NGG_0057	83	0.0
balanced	MALAT1_A549_NGG_0057	84	0.0
balanced	MALAT1_A549_NGG_0057	85	0.0
balanced	MALAT1_A549_NGG_0057	86	0.0
balanced	MALAT1_A549_NGG_0058	1	0.0
balanced	MALAT1_A549_NGG_0058	2	0.0
balanced	MALAT1_A549_NGG_0058	3	0.0
balanced	MALAT1_A549_NGG_0058	4	0.0
balanced	MALAT1_A549_NGG_0058	5	0.0
balanced	MALAT1_A549_NGG_0058	6	0.0006
balanced	MALAT1_A549_NGG_0058	7	0.00346667
balanced	MALAT1_A549_NGG_0058	8	0.01033333
balanced	MALAT1_A549_NGG_0058	9	0.0215
balanced	MALAT1_A549_NGG_0058	10	0.03453333
balanced	MALAT1_A549_NGG_0058	11	0.0494
balanced	MALAT1_A549_NGG_0058	12	0.06176667
balanced	MALAT1_A549_NGG_0058	13	0.06996667
balanced	MALAT1_A549_NGG_0058	14	0.07333333
balanced	MALAT1_A549_NGG_0058	15	0.07153333
balanced	MALAT1_A549_NGG_0058	16	0.06993333
balanced	MALAT1_A549_NGG_0058	17	0.05953333
balanced	MALAT1_A549_NGG_0058	18	0.05416667
balanced	MALAT1_A549_NGG_0058	19	0.04756667
balanced	MALAT1_A549_NGG_0058	20	0.04286667
balanced	MALAT1_A549_NGG_0058	21	0.03876667
balanced	MALAT1_A549_NGG_0058	22	0.036
balanced	MALAT1_A549_NGG_0058	23	0.0323
balanced	MALAT1_A549_NGG_0058	24	0.02833333
balanced	MALAT1_A549_NGG_0058	25	0.0259
balanced	MALAT1_A549_NGG_0058	26	0.02233333
balanced	MALAT1_A549_NGG_0058	27	0.02173333
balanced	MALAT1_A549_NGG_0058	28	0.01693333
balanced	MALAT1_A549_NGG_0058	29	0.0153
balanced	MALAT1_A549_NGG_0058	30	0.01366667
balanced	MALAT1_A549_NGG_0058	31	0.0115
balanced	MALAT1_A549_NGG_0058	32	0.0109
balanced	MALAT1_A549_NGG_0058	33	0.00826667
balanced	MALAT1_A549_NGG_0058	34	0.0078
balanced	MALAT1_A549_NGG_0058	35	0.0075
balanced	MALAT1_A549_NGG_0058	36	0.0076
balanced	MALAT1_A549_NGG_0058	37	0.00626667
balanced	MALAT1_A549_NGG_0058	38	0.0055
balanced	MALAT1_A549_NGG_0058	39	0.0042
balanced	MALAT1_A549_NGG_0058	40	0.00313333
balanced	MALAT1_A549_NGG_0058	41	0.00163333
balanced	MALAT1_A549_NGG_0058	42	0.00173333
balanced	MALAT1_A549_NGG_0058	43	0.00063333
balanced	MALAT1_A549_NGG_0058	44	0.00043333
balanced	MALAT1_A549_NGG_0058	45	0.00026667
balanced	MALAT1_A549_NGG_0058	46	0.00023333
balanced	MALAT1_A549_NGG_0058	47	6.667e-05
balanced	MALAT1_A549_NGG_0058	48	0.00016667
balanced	MALAT1_A549_NGG_0058	49	0.00016667
balanced	MALAT1_A549_NGG_0058	50	0.00016667
balanced	MALAT1_A549_NGG_0058	51	3.333e-05
balanced	MALAT1_A549_NGG_0058	52	0.0
balanced	MALAT1_A549_NGG_0058	53	3.333e-05
balanced	MALAT1_A549_NGG_0058	54	0.0
balanced	MALAT1_A549_NGG_0058	55	0.0
balanced	MALAT1_A549_NGG_0058	56	0.0
balanced	MALAT1_A549_NGG_0058	57	0.0
balanced	MALAT1_A549_NGG_0058	58	0.0
balanced	MALAT1_A549_NGG_0058	59	0.0
balanced	MALAT1_A549_NGG_0058	60	0.0
balanced	MALAT1_A549_NGG_0058	61	0.0
balanced	MALAT1_A549_NGG_0058	62	0.0
balanced	MALAT1_A549_NGG_0058	63	0.0
balanced	MALAT1_A549_NGG_0058	64	0.0
balanced	MALAT1_A549_NGG_0058	65	0.0
balanced	MALAT1_A549_NGG_0058	66	0.0
balanced	MALAT1_A549_NGG_0058	67	0.0
balanced	MALAT1_A549_NGG_0058	68	0.0
balanced	MALAT1_A549_NGG_0058	69	0.0
balanced	MALAT1_A549_NGG_0058	70	0.0
balanced	MALAT1_A549_NGG_0058	71	0.0
balanced	MALAT1_A549_NGG_0058	72	0.0
balanced	MALAT1_A549_NGG_0058	73	0.0
balanced	MALAT1_A549_NGG_0058	74	0.0
balanced	MALAT1_A549_NGG_0058	75	0.0
balanced	MALAT1_A549_NGG_0058	76	0.0
balanced	MALAT1_A549_NGG_0058	77	0.0
balanced	MALAT1_A549_NGG_0058	78	0.0
balanced	MALAT1_A549_NGG_0058	79	0.0
balanced	MALAT1_A549_NGG_0058	80	0.0
balanced	MALAT1_A549_NGG_0058	81	0.0
balanced	MALAT1_A549_NGG_0058	82	0.0
balanced	MALAT1_A549_NGG_0058	83	0.0
balanced	MALAT1_A549_NGG_0058	84	0.0
balanced	MALAT1_A549_NGG_0058	85	0.0
balanced	MALAT1_A549_NGG_0058	86	0.0
balanced	MALAT1_A549_NGG_0059	1	0.0
balanced	MALAT1_A549_NGG_0059	2	0.0
balanced	MALAT1_A549_NGG_0059	3	0.0
balanced	MALAT1_A549_NGG_0059	4	0.0
balanced	MALAT1_A549_NGG_0059	5	0.0
balanced	MALAT1_A549_NGG_0059	6	3.333e-05
balanced	MALAT1_A549_NGG_0059	7	0.00023333
balanced	MALAT1_A549_NGG_0059	8	0.0006
balanced	MALAT1_A549_NGG_0059	9	0.00216667
balanced	MALAT1_A549_NGG_0059	10	0.00566667
balanced	MALAT1_A549_NGG_0059	11	0.00886667
balanced	MALAT1_A549_NGG_0059	12	0.0165
balanced	MALAT1_A549_NGG_0059	13	0.02446667
balanced	MALAT1_A549_NGG_0059	14	0.03416667
balanced	MALAT1_A549_NGG_0059	15	0.05503333
balanced	MALAT1_A549_NGG_0059	16	0.06496667
balanced	MALAT1_A549_NGG_0059	17	0.07196667
balanced	MALAT1_A549_NGG_0059	18	0.06446667
balanced	MALAT1_A549_NGG_0059	19	0.05813333
balanced	MALAT1_A549_NGG_0059	20	0.05256667
balanced	MALAT1_A549_NGG_0059	21	0.04856667
balanced	MALAT1_A549_NGG_0059	22	0.0459
balanced	MALAT1_A549_NGG_0059	23	0.0443
balanced	MALAT1_A549_NGG_0059	24	0.04233333
balanced	MALAT1_A549_NGG_0059	25	0.04013333
balanced	MALAT1_A549_NGG_0059	26	0.0366
balanced	MALAT1_A549_NGG_0059	27	0.0338
balanced	MALAT1_A549_NGG_0059	28	0.03033333
balanced	MALAT1_A549_NGG_0059	29	0.02573333
balanced	MALAT1_A549_NGG_0059	30	0.02406667
balanced	MALAT1_A549_NGG_0059	31	0.02323333
balanced	MALAT1_A549_NGG_0059	32	0.01873333
balanced	MALAT1_A549_NGG_0059	33	0.01753333
balanced	MALAT1_A549_NGG_0059	34	0.01576667
balanced	MALAT1_A549_NGG_0059	35	0.0144
balanced	MALAT1_A549_NGG_0059	36	0.01283333
balanced	MALAT1_A549_NGG_0059	37	0.0117
balanced	MALAT1_A549_NGG_0059	38	0.01113333
balanced	MALAT1_A549_NGG_0059	39	0.01063333
balanced	MALAT1_A549_NGG_0059	40	0.01013333
balanced	MALAT1_A549_NGG_0059	41	0.00786667
balanced	MALAT1_A549_NGG_0059	42	0.00446667
balanced	MALAT1_A549_NGG_0059	43	0.00366667
balanced	MALAT1_A549_NGG_0059	44	0.0016
balanced	MALAT1_A549_NGG_0059	45	0.0011
balanced	MALAT1_A549_NGG_0059	46	0.001
balanced	MALAT1_A549_NGG_0059	47	0.0007
balanced	MALAT1_A549_NGG_0059	48	0.00046667
balanced	MALAT1_A549_NGG_0059	49	0.00023333
balanced	MALAT1_A549_NGG_0059	50	0.00013333
balanced	MALAT1_A549_NGG_0059	51	0.0003
balanced	MALAT1_A549_NGG_0059	52	0.00026667
balanced	MALAT1_A549_NGG_0059	53	0.00013333
balanced	MALAT1_A549_NGG_0059	54	6.667e-05
balanced	MALAT1_A549_NGG_0059	55	6.667e-05
balanced	MALAT1_A549_NGG_0059	56	6.667e-05
balanced	MALAT1_A549_NGG_0059	57	6.667e-05
balanced	MALAT1_A549_NGG_0059	58	3.333e-05
balanced	MALAT1_A549_NGG_0059	59	3.333e-05
balanced	MALAT1_A549_NGG_0059	60	3.333e-05
balanced	MALAT1_A549_NGG_0059	61	0.0
balanced	MALAT1_A549_NGG_0059	62	0.0
balanced	MALAT1_A549_NGG_0059	63	0.0
balanced	MALAT1_A549_NGG_0059	64	0.0
balanced	MALAT1_A549_NGG_0059	65	0.0
balanced	MALAT1_A549_NGG_0059	66	0.0
balanced	MALAT1_A549_NGG_0059	67	0.0
balanced	MALAT1_A549_NGG_0059	68	0.0
balanced	MALAT1_A549_NGG_0059	69	0.0
balanced	MALAT1_A549_NGG_0059	70	0.0
balanced	MALAT1_A549_NGG_0059	71	0.0
balanced	MALAT1_A549_NGG_0059	72	0.0
balanced	MALAT1_A549_NGG_0059	73	0.0
balanced	MALAT1_A549_NGG_0059	74	0.0
balanced	MALAT1_A549_NGG_0059	75	0.0
balanced	MALAT1_A549_NGG_0059	76	0.0
balanced	MALAT1_A549_NGG_0059	77	0.0
balanced	MALAT1_A549_NGG_0059	78	0.0
balanced	MALAT1_A549_NGG_0059	79	0.0
balanced	MALAT1_A549_NGG_0059	80	0.0
balanced	MALAT1_A549_NGG_0059	81	0.0
balanced	MALAT1_A549_NGG_0059	82	0.0
balanced	MALAT1_A549_NGG_0059	83	0.0
balanced	MALAT1_A549_NGG_0059	84	0.0
balanced	MALAT1_A549_NGG_0059	85	0.0
balanced	MALAT1_A549_NGG_0059	86	0.0
balanced	MALAT1_A549_NGG_0060	1	0.0
balanced	MALAT1_A549_NGG_0060	2	0.0
balanced	MALAT1_A549_NGG_0060	3	0.0
balanced	MALAT1_A549_NGG_0060	4	0.0
balanced	MALAT1_A549_NGG_0060	5	3.333e-05
balanced	MALAT1_A549_NGG_0060	6	0.0004
balanced	MALAT1_A549_NGG_0060	7	0.00313333
balanced	MALAT1_A549_NGG_0060	8	0.00726667
balanced	MALAT1_A549_NGG_0060	9	0.01776667
balanced	MALAT1_A549_NGG_0060	10	0.0285
balanced	MALAT1_A549_NGG_0060	11	0.04053333
balanced	MALAT1_A549_NGG_0060	12	0.05246667
balanced	MALAT1_A549_NGG_0060	13	0.06666667
balanced	MALAT1_A549_NGG_0060	14	0.07236667
balanced	MALAT1_A549_NGG_0060	15	0.07566667
balanced	MALAT1_A549_NGG_0060	16	0.0669
balanced	MALAT1_A549_NGG_0060	17	0.0611
balanced	MALAT1_A549_NGG_0060	18	0.0573
balanced	MALAT1_A549_NGG_0060	19	0.05123333
balanced	MALAT1_A549_NGG_0060	20	0.04603333
balanced	MALAT1_A549_NGG_0060	21	0.04146667
balanced	MALAT1_A549_NGG_0060	22	0.03736667
balanced	MALAT1_A549_NGG_0060	23	0.03553333
balanced	MALAT1_A549_NGG_0060	24	0.03043333
balanced	MALAT1_A549_NGG_0060	25	0.0276
balanced	MALAT1_A549_NGG_0060	26	0.02416667
balanced	MALAT1_A549_NGG_0060	27	0.02096667
balanced	MALAT1_A549_NGG_0060	28	0.0188
balanced	MALAT1_A549_NGG_0060	29	0.01673333
balanced	MALAT1_A549_NGG_0060	30	0.01393333
balanced	MALAT1_A549_NGG_0060	31	0.01256667
balanced	MALAT1_A549_NGG_0060	32	0.0116
balanced	MALAT1_A549_NGG_0060	33	0.0108
balanced	MALAT1_A549_NGG_0060	34	0.01
balanced	MALAT1_A549_NGG_0060	35	0.0073
balanced	MALAT1_A549_NGG_0060	36	0.00696667
balanced	MALAT1_A549_NGG_0060	37	0.00626667
balanced	MALAT1_A549_NGG_0060	38	0.00513333
balanced	MALAT1_A549_NGG_0060	39	0.00456667
balanced	MALAT1_A549_NGG_0060	40	0.0037
balanced	MALAT1_A549_NGG_0060	41	0.00243333
balanced	MALAT1_A549_NGG_0060	42	0.0013
balanced	MALAT1_A549_NGG_0060	43	0.0007
balanced	MALAT1_A549_NGG_0060	44	0.00066667
balanced	MALAT1_A549_NGG_0060	45	0.00063333
balanced	MALAT1_A549_NGG_0060	46	0.0004
balanced	MALAT1_A549_NGG_0060	47	0.0002
balanced	MALAT1_A549_NGG_0060	48	3.333e-05
balanced	MALAT1_A549_NGG_0060	49	0.00016667
balanced	MALAT1_A549_NGG_0060	50	3.333e-05
balanced	MALAT1_A549_NGG_0060	51	0.0
balanced	MALAT1_A549_NGG_0060	52	0.0
balanced	MALAT1_A549_NGG_0060	53	6.667e-05
balanced	MALAT1_A549_NGG_0060	54	0.0
balanced	MALAT1_A549_NGG_0060	55	0.0
balanced	MALAT1_A549_NGG_0060	56	0.0
balanced	MALAT1_A549_NGG_0060	57	0.0
balanced	MALAT1_A549_NGG_0060	58	0.0001
balanced	MALAT1_A549_NGG_0060	59	0.0
balanced	MALAT1_A549_NGG_0060	60	0.0
balanced	MALAT1_A549_NGG_0060	61	0.0
balanced	MALAT1_A549_NGG_0060	62	0.0
balanced	MALAT1_A549_NGG_0060	63	0.0
balanced	MALAT1_A549_NGG_0060	64	0.0
balanced	MALAT1_A549_NGG_0060	65	0.0
balanced	MALAT1_A549_NGG_0060	66	0.0
balanced	MALAT1_A549_NGG_0060	67	0.0
balanced	MALAT1_A549_NGG_0060	68	0.0
balanced	MALAT1_A549_NGG_0060	69	0.0
balanced	MALAT1_A549_NGG_0060	70	0.0
balanced	MALAT1_A549_NGG_0060	71	0.0
balanced	MALAT1_A549_NGG_0060	72	0.0
balanced	MALAT1_A549_NGG_0060	73	0.0
balanced	MALAT1_A549_NGG_0060	74	0.0
balanced	MALAT1_A549_NGG_0060	75	0.0
balanced	MALAT1_A549_NGG_0060	76	0.0
balanced	MALAT1_A549_NGG_0060	77	0.0
balanced	MALAT1_A549_NGG_0060	78	0.0
balanced	MALAT1_A549_NGG_0060	79	0.0
balanced	MALAT1_A549_NGG_0060	80	0.0
balanced	MALAT1_A549_NGG_0060	81	0.0
balanced	MALAT1_A549_NGG_0060	82	0.0
balanced	MALAT1_A549_NGG_0060	83	0.0
balanced	MALAT1_A549_NGG_0060	84	0.0
balanced	MALAT1_A549_NGG_0060	85	0.0
balanced	MALAT1_A549_NGG_0060	86	0.0
balanced	MALAT1_A549_NGG_0061	1	0.0
balanced	MALAT1_A549_NGG_0061	2	0.0
balanced	MALAT1_A549_NGG_0061	3	0.0
balanced	MALAT1_A549_NGG_0061	4	0.0
balanced	MALAT1_A549_NGG_0061	5	0.0
balanced	MALAT1_A549_NGG_0061	6	6.667e-05
balanced	MALAT1_A549_NGG_0061	7	0.00013333
balanced	MALAT1_A549_NGG_0061	8	0.00123333
balanced	MALAT1_A549_NGG_0061	9	0.0026
balanced	MALAT1_A549_NGG_0061	10	0.00586667
balanced	MALAT1_A549_NGG_0061	11	0.01103333
balanced	MALAT1_A549_NGG_0061	12	0.019
balanced	MALAT1_A549_NGG_0061	13	0.02693333
balanced	MALAT1_A549_NGG_0061	14	0.0423
balanced	MALAT1_A549_NGG_0061	15	0.05643333
balanced	MALAT1_A549_NGG_0061	16	0.06436667
balanced	MALAT1_A549_NGG_0061	17	0.06836667
balanced	MALAT1_A549_NGG_0061	18	0.0616
balanced	MALAT1_A549_NGG_0061	19	0.05843333
balanced	MALAT1_A549_NGG_0061	20	0.05243333
balanced	MALAT1_A549_NGG_0061	21	0.0489
balanced	MALAT1_A549_NGG_0061	22	0.0458
balanced	MALAT1_A549_NGG_0061	23	0.0436
balanced	MALAT1_A549_NGG_0061	24	0.0432
balanced	MALAT1_A549_NGG_0061	25	0.03943333
balanced	MALAT1_A549_NGG_0061	26	0.03556667
balanced	MALAT1_A549_NGG_0061	27	0.03256667
balanced	MALAT1_A549_NGG_0061	28	0.02973333
balanced	MALAT1_A549_NGG_0061	29	0.0266
balanced	MALAT1_A549_NGG_0061	30	0.02483333
balanced	MALAT1_A549_NGG_0061	31	0.02116667
balanced	MALAT1_A549_NGG_0061	32	0.01906667
balanced	MALAT1_A549_NGG_0061	33	0.01673333
balanced	MALAT1_A549_NGG_0061	34	0.01516667
balanced	MALAT1_A549_NGG_0061	35	0.0126
balanced	MALAT1_A549_NGG_0061	36	0.0122
balanced	MALAT1_A549_NGG_0061	37	0.01096667
balanced	MALAT1_A549_NGG_0061	38	0.01133333
balanced	MALAT1_A549_NGG_0061	39	0.00996667
balanced	MALAT1_A549_NGG_0061	40	0.00936667
balanced	MALAT1_A549_NGG_0061	41	0.0072
balanced	MALAT1_A549_NGG_0061	42	0.0042
balanced	MALAT1_A549_NGG_0061	43	0.00253333
balanced	MALAT1_A549_NGG_0061	44	0.0018
balanced	MALAT1_A549_NGG_0061	45	0.00136667
balanced	MALAT1_A549_NGG_0061	46	0.0009
balanced	MALAT1_A549_NGG_0061	47	0.00073333
balanced	MALAT1_A549_NGG_0061	48	0.0004
balanced	MALAT1_A549_NGG_0061	49	0.00026667
balanced	MALAT1_A549_NGG_0061	50	0.0003
balanced	MALAT1_A549_NGG_0061	51	0.00013333
balanced	MALAT1_A549_NGG_0061	52	6.667e-05
balanced	MALAT1_A549_NGG_0061	53	6.667e-05
balanced	MALAT1_A549_NGG_0061	54	3.333e-05
balanced	MALAT1_A549_NGG_0061	55	0.00016667
balanced	MALAT1_A549_NGG_0061	56	0.0001
balanced	MALAT1_A549_NGG_0061	57	3.333e-05
balanced	MALAT1_A549_NGG_0061	58	0.0
balanced	MALAT1_A549_NGG_0061	59	0.0
balanced	MALAT1_A549_NGG_0061	60	3.333e-05
balanced	MALAT1_A549_NGG_0061	61	0.0
balanced	MALAT1_A549_NGG_0061	62	6.667e-05
balanced	MALAT1_A549_NGG_0061	63	0.0
balanced	MALAT1_A549_NGG_0061	64	0.0
balanced	MALAT1_A549_NGG_0061	65	0.0
balanced	MALAT1_A549_NGG_0061	66	0.0
balanced	MALAT1_A549_NGG_0061	67	0.0
balanced	MALAT1_A549_NGG_0061	68	0.0
balanced	MALAT1_A549_NGG_0061	69	0.0
balanced	MALAT1_A549_NGG_0061	70	0.0
balanced	MALAT1_A549_NGG_0061	71	0.0
balanced	MALAT1_A549_NGG_0061	72	0.0
balanced	MALAT1_A549_NGG_0061	73	0.0
balanced	MALAT1_A549_NGG_0061	74	0.0
balanced	MALAT1_A549_NGG_0061	75	0.0
balanced	MALAT1_A549_NGG_0061	76	0.0
balanced	MALAT1_A549_NGG_0061	77	0.0
balanced	MALAT1_A549_NGG_0061	78	0.0
balanced	MALAT1_A549_NGG_0061	79	0.0
balanced	MALAT1_A549_NGG_0061	80	0.0
balanced	MALAT1_A549_NGG_0061	81	0.0
balanced	MALAT1_A549_NGG_0061	82	0.0
balanced	MALAT1_A549_NGG_0061	83	0.0
balanced	MALAT1_A549_NGG_0061	84	0.0
balanced	MALAT1_A549_NGG_0061	85	0.0
balanced	MALAT1_A549_NGG_0061	86	0.0
balanced	MALAT1_A549_NGG_0062	1	0.0
balanced	MALAT1_A549_NGG_0062	2	0.0
balanced	MALAT1_A549_NGG_0062	3	0.0
balanced	MALAT1_A549_NGG_0062	4	0.0
balanced	MALAT1_A549_NGG_0062	5	0.0
balanced	MALAT1_A549_NGG_0062	6	0.0
balanced	MALAT1_A549_NGG_0062	7	0.0
balanced	MALAT1_A549_NGG_0062	8	0.0
balanced	MALAT1_A549_NGG_0062	9	0.0
balanced	MALAT1_A549_NGG_0062	10	0.0
balanced	MALAT1_A549_NGG_0062	11	0.0
balanced	MALAT1_A549_NGG_0062	12	0.0
balanced	MALAT1_A549_NGG_0062	13	0.0
balanced	MALAT1_A549_NGG_0062	14	0.0
balanced	MALAT1_A549_NGG_0062	15	0.0
balanced	MALAT1_A549_NGG_0062	16	0.0
balanced	MALAT1_A549_NGG_0062	17	0.0
balanced	MALAT1_A549_NGG_0062	18	0.0005
balanced	MALAT1_A549_NGG_0062	19	0.00073333
balanced	MALAT1_A549_NGG_0062	20	0.00233333
balanced	MALAT1_A549_NGG_0062	21	0.00286667
balanced	MALAT1_A549_NGG_0062	22	0.00236667
balanced	MALAT1_A549_NGG_0062	23	0.0034
balanced	MALAT1_A549_NGG_0062	24	0.00416667
balanced	MALAT1_A549_NGG_0062	25	0.00336667
balanced	MALAT1_A549_NGG_0062	26	0.00463333
balanced	MALAT1_A549_NGG_0062	27	0.00553333
balanced	MALAT1_A549_NGG_0062	28	0.0052
balanced	MALAT1_A549_NGG_0062	29	0.00736667
balanced	MALAT1_A549_NGG_0062	30	0.0072
balanced	MALAT1_A549_NGG_0062	31	0.0093
balanced	MALAT1_A549_NGG_0062	32	0.0104
balanced	MALAT1_A549_NGG_0062	33	0.0132
balanced	MALAT1_A549_NGG_0062	34	0.01493333
balanced	MALAT1_A549_NGG_0062	35	0.01973333
balanced	MALAT1_A549_NGG_0062	36	0.02486667
balanced	MALAT1_A549_NGG_0062	37	0.02603333
balanced	MALAT1_A549_NGG_0062	38	0.0296
balanced	MALAT1_A549_NGG_0062	39	0.03156667
balanced	MALAT1_A549_NGG_0062	40	0.02946667
balanced	MALAT1_A549_NGG_0062	41	0.02806667
balanced	MALAT1_A549_NGG_0062	42	0.02593333
balanced	MALAT1_A549_NGG_0062	43	0.032
balanced	MALAT1_A549_NGG_0062	44	0.0334
balanced	MALAT1_A549_NGG_0062	45	0.03186667
balanced	MALAT1_A549_NGG_0062	46	0.02936667
balanced	MALAT1_A549_NGG_0062	47	0.02693333
balanced	MALAT1_A549_NGG_0062	48	0.02506667
balanced	MALAT1_A549_NGG_0062	49	0.0223
balanced	MALAT1_A549_NGG_0062	50	0.02373333
balanced	MALAT1_A549_NGG_0062	51	0.02366667
balanced	MALAT1_A549_NGG_0062	52	0.02486667
balanced	MALAT1_A549_NGG_0062	53	0.02603333
balanced	MALAT1_A549_NGG_0062	54	0.02306667
balanced	MALAT1_A549_NGG_0062	55	0.02296667
balanced	MALAT1_A549_NGG_0062	56	0.0196
balanced	MALAT1_A549_NGG_0062	57	0.01893333
balanced	MALAT1_A549_NGG_0062	58	0.01873333
balanced	MALAT1_A549_NGG_0062	59	0.0186
balanced	MALAT1_A549_NGG_0062	60	0.01676667
balanced	MALAT1_A549_NGG_0062	61	0.0314
balanced	MALAT1_A549_NGG_0062	62	0.03553333
balanced	MALAT1_A549_NGG_0062	63	0.0331
balanced	MALAT1_A549_NGG_0062	64	0.0298
balanced	MALAT1_A549_NGG_0062	65	0.02416667
balanced	MALAT1_A549_NGG_0062	66	0.02
balanced	MALAT1_A549_NGG_0062	67	0.01696667
balanced	MALAT1_A549_NGG_0062	68	0.0131
balanced	MALAT1_A549_NGG_0062	69	0.01106667
balanced	MALAT1_A549_NGG_0062	70	0.009
balanced	MALAT1_A549_NGG_0062	71	0.0067
balanced	MALAT1_A549_NGG_0062	72	0.0059
balanced	MALAT1_A549_NGG_0062	73	0.00366667
balanced	MALAT1_A549_NGG_0062	74	0.00256667
balanced	MALAT1_A549_NGG_0062	75	0.00203333
balanced	MALAT1_A549_NGG_0062	76	0.00163333
balanced	MALAT1_A549_NGG_0062	77	0.00106667
balanced	MALAT1_A549_NGG_0062	78	0.00046667
balanced	MALAT1_A549_NGG_0062	79	0.00033333
balanced	MALAT1_A549_NGG_0062	80	0.0002
balanced	MALAT1_A549_NGG_0062	81	0.00023333
balanced	MALAT1_A549_NGG_0062	82	0.00023333
balanced	MALAT1_A549_NGG_0062	83	6.667e-05
balanced	MALAT1_A549_NGG_0062	84	6.667e-05
balanced	MALAT1_A549_NGG_0062	85	3.333e-05
balanced	MALAT1_A549_NGG_0062	86	0.0
balanced	MALAT1_A549_NGG_0063	1	0.0
balanced	MALAT1_A549_NGG_0063	2	0.0
balanced	MALAT1_A549_NGG_0063	3	0.0
balanced	MALAT1_A549_NGG_0063	4	0.0
balanced	MALAT1_A549_NGG_0063	5	0.0
balanced	MALAT1_A549_NGG_0063	6	0.0
balanced	MALAT1_A549_NGG_0063	7	0.0
balanced	MALAT1_A549_NGG_0063	8	0.0
balanced	MALAT1_A549_NGG_0063	9	0.0
balanced	MALAT1_A549_NGG_0063	10	0.0
balanced	MALAT1_A549_NGG_0063	11	0.0
balanced	MALAT1_A549_NGG_0063	12	0.0
balanced	MALAT1_A549_NGG_0063	13	0.0
balanced	MALAT1_A549_NGG_0063	14	0.0
balanced	MALAT1_A549_NGG_0063	15	0.0
balanced	MALAT1_A549_NGG_0063	16	0.0
balanced	MALAT1_A549_NGG_0063	17	0.0
balanced	MALAT1_A549_NGG_0063	18	0.0001
balanced	MALAT1_A549_NGG_0063	19	0.00026667
balanced	MALAT1_A549_NGG_0063	20	0.0007
balanced	MALAT1_A549_NGG_0063	21	0.00103333
balanced	MALAT1_A549_NGG_0063	22	0.0016
balanced	MALAT1_A549_NGG_0063	23	0.0017
balanced	MALAT1_A549_NGG_0063	24	0.00236667
balanced	MALAT1_A549_NGG_0063	25	0.00223333
balanced	MALAT1_A549_NGG_0063	26	0.00306667
balanced	MALAT1_A549_NGG_0063	27	0.00303333
balanced	MALAT1_A549_NGG_0063	28	0.00373333
balanced	MALAT1_A549_NGG_0063	29	0.0033
balanced	MALAT1_A549_NGG_0063	30	0.00463333
balanced	MALAT1_A549_NGG_0063	31	0.00506667
balanced	MALAT1_A549_NGG_0063	32	0.00773333
balanced	MALAT1_A549_NGG_0063	33	0.0071
balanced	MALAT1_A549_NGG_0063	34	0.01026667
balanced	MALAT1_A549_NGG_0063	35	0.01193333
balanced	MALAT1_A549_NGG_0063	36	0.01543333
balanced	MALAT1_A549_NGG_0063	37	0.01813333
balanced	MALAT1_A549_NGG_0063	38	0.02183333
balanced	MALAT1_A549_NGG_0063	39	0.0253
balanced	MALAT1_A549_NGG_0063	40	0.02686667
balanced	MALAT1_A549_NGG_0063	41	0.02693333
balanced	MALAT1_A549_NGG_0063	42	0.02683333
balanced	MALAT1_A549_NGG_0063	43	0.02466667
balanced	MALAT1_A549_NGG_0063	44	0.0254
balanced	MALAT1_A549_NGG_0063	45	0.02746667
balanced	MALAT1_A549_NGG_0063	46	0.02856667
balanced	MALAT1_A549_NGG_0063	47	0.0295
balanced	MALAT1_A549_NGG_0063	48	0.02483333
balanced	MALAT1_A549_NGG_0063	49	0.024
balanced	MALAT1_A549_NGG_0063	50	0.02373333
balanced	MALAT1_A549_NGG_0063	51	0.0213
balanced	MALAT1_A549_NGG_0063	52	0.02423333
balanced	MALAT1_A549_NGG_0063	53	0.0244
balanced	MALAT1_A549_NGG_0063	54	0.02566667
balanced	MALAT1_A549_NGG_0063	55	0.02526667
balanced	MALAT1_A549_NGG_0063	56	0.02483333
balanced	MALAT1_A549_NGG_0063	57	0.02383333
balanced	MALAT1_A549_NGG_0063	58	0.0225
balanced	MALAT1_A549_NGG_0063	59	0.0205
balanced	MALAT1_A549_NGG_0063	60	0.01833333
balanced	MALAT1_A549_NGG_0063	61	0.02113333
balanced	MALAT1_A549_NGG_0063	62	0.0254
balanced	MALAT1_A549_NGG_0063	63	0.02993333
balanced	MALAT1_A549_NGG_0063	64	0.03426667
balanced	MALAT1_A549_NGG_0063	65	0.0356
balanced	MALAT1_A549_NGG_0063	66	0.0325
balanced	MALAT1_A549_NGG_0063	67	0.02826667
balanced	MALAT1_A549_NGG_0063	68	0.0226
balanced	MALAT1_A549_NGG_0063	69	0.02006667
balanced	MALAT1_A549_NGG_0063	70	0.01656667
balanced	MALAT1_A549_NGG_0063	71	0.01576667
balanced	MALAT1_A549_NGG_0063	72	0.01153333
balanced	MALAT1_A549_NGG_0063	73	0.01003333
balanced	MALAT1_A549_NGG_0063	74	0.0075
balanced	MALAT1_A549_NGG_0063	75	0.0058
balanced	MALAT1_A549_NGG_0063	76	0.0046
balanced	MALAT1_A549_NGG_0063	77	0.00323333
balanced	MALAT1_A549_NGG_0063	78	0.00203333
balanced	MALAT1_A549_NGG_0063	79	0.001
balanced	MALAT1_A549_NGG_0063	80	0.00063333
balanced	MALAT1_A549_NGG_0063	81	0.00033333
balanced	MALAT1_A549_NGG_0063	82	0.0002
balanced	MALAT1_A549_NGG_0063	83	0.0002
balanced	MALAT1_A549_NGG_0063	84	0.00033333
balanced	MALAT1_A549_NGG_0063	85	0.0002
balanced	MALAT1_A549_NGG_0063	86	3.333e-05
balanced	MALAT1_A549_NGG_0064	1	0.0
balanced	MALAT1_A549_NGG_0064	2	0.0
balanced	MALAT1_A549_NGG_0064	3	0.0
balanced	MALAT1_A549_NGG_0064	4	0.0
balanced	MALAT1_A549_NGG_0064	5	0.0
balanced	MALAT1_A549_NGG_0064	6	0.0
balanced	MALAT1_A549_NGG_0064	7	0.0
balanced	MALAT1_A549_NGG_0064	8	0.0
balanced	MALAT1_A549_NGG_0064	9	0.0
balanced	MALAT1_A549_NGG_0064	10	0.0
balanced	MALAT1_A549_NGG_0064	11	0.0
balanced	MALAT1_A549_NGG_0064	12	0.0
balanced	MALAT1_A549_NGG_0064	13	0.0
balanced	MALAT1_A549_NGG_0064	14	0.0
balanced	MALAT1_A549_NGG_0064	15	0.0
balanced	MALAT1_A549_NGG_0064	16	0.0
balanced	MALAT1_A549_NGG_0064	17	0.0
balanced	MALAT1_A549_NGG_0064	18	0.00016667
balanced	MALAT1_A549_NGG_0064	19	0.00013333
balanced	MALAT1_A549_NGG_0064	20	0.00063333
balanced	MALAT1_A549_NGG_0064	21	0.00126667
balanced	MALAT1_A549_NGG_0064	22	0.00183333
balanced	MALAT1_A549_NGG_0064	23	0.00233333
balanced	MALAT1_A549_NGG_0064	24	0.00243333
balanced	MALAT1_A549_NGG_0064	25	0.00253333
balanced	MALAT1_A549_NGG_0064	26	0.0026
balanced	MALAT1_A549_NGG_0064	27	0.00336667
balanced	MALAT1_A549_NGG_0064	28	0.00453333
balanced	MALAT1_A549_NGG_0064	29	0.00366667
balanced	MALAT1_A549_NGG_0064	30	0.00503333
balanced	MALAT1_A549_NGG_0064	31	0.0063
balanced	MALAT1_A549_NGG_0064	32	0.00706667
balanced	MALAT1_A549_NGG_0064	33	0.0083
balanced	MALAT1_A549_NGG_0064	34	0.01103333
balanced	MALAT1_A549_NGG_0064	35	0.01253333
balanced	MALAT1_A549_NGG_0064	36	0.01556667
balanced	MALAT1_A549_NGG_0064	37	0.0197
balanced	MALAT1_A549_NGG_0064	38	0.0246
balanced	MALAT1_A549_NGG_0064	39	0.0272
balanced	MALAT1_A549_NGG_0064	40	0.02983333
balanced	MALAT1_A549_NGG_0064	41	0.02553333
balanced	MALAT1_A549_NGG_0064	42	0.02636667
balanced	MALAT1_A549_NGG_0064	43	0.0264
balanced	MALAT1_A549_NGG_0064	44	0.02516667
balanced	MALAT1_A549_NGG_0064	45	0.02826667
balanced	MALAT1_A549_NGG_0064	46	0.02993333
balanced	MALAT1_A549_NGG_0064	47	0.0291
balanced	MALAT1_A549_NGG_0064	48	0.02506667
balanced	MALAT1_A549_NGG_0064	49	0.02396667
balanced	MALAT1_A549_NGG_0064	50	0.0227
balanced	MALAT1_A549_NGG_0064	51	0.02236667
balanced	MALAT1_A549_NGG_0064	52	0.02386667
balanced	MALAT1_A549_NGG_0064	53	0.02463333
balanced	MALAT1_A549_NGG_0064	54	0.02493333
balanced	MALAT1_A549_NGG_0064	55	0.0253
balanced	MALAT1_A549_NGG_0064	56	0.02513333
balanced	MALAT1_A549_NGG_0064	57	0.02323333
balanced	MALAT1_A549_NGG_0064	58	0.02113333
balanced	MALAT1_A549_NGG_0064	59	0.01956667
balanced	MALAT1_A549_NGG_0064	60	0.01913333
balanced	MALAT1_A549_NGG_0064	61	0.02206667
balanced	MALAT1_A549_NGG_0064	62	0.0268
balanced	MALAT1_A549_NGG_0064	63	0.03163333
balanced	MALAT1_A549_NGG_0064	64	0.03466667
balanced	MALAT1_A549_NGG_0064	65	0.03503333
balanced	MALAT1_A549_NGG_0064	66	0.02923333
balanced	MALAT1_A549_NGG_0064	67	0.02643333
balanced	MALAT1_A549_NGG_0064	68	0.0199
balanced	MALAT1_A549_NGG_0064	69	0.01956667
balanced	MALAT1_A549_NGG_0064	70	0.01546667
balanced	MALAT1_A549_NGG_0064	71	0.01436667
balanced	MALAT1_A549_NGG_0064	72	0.01033333
balanced	MALAT1_A549_NGG_0064	73	0.00826667
balanced	MALAT1_A549_NGG_0064	74	0.0064
balanced	MALAT1_A549_NGG_0064	75	0.0049
balanced	MALAT1_A549_NGG_0064	76	0.00386667
balanced	MALAT1_A549_NGG_0064	77	0.00233333
balanced	MALAT1_A549_NGG_0064	78	0.0014
balanced	MALAT1_A549_NGG_0064	79	0.0012
balanced	MALAT1_A549_NGG_0064	80	0.00063333
balanced	MALAT1_A549_NGG_0064	81	0.00026667
balanced	MALAT1_A549_NGG_0064	82	0.00026667
balanced	MALAT1_A549_NGG_0064	83	0.0002
balanced	MALAT1_A549_NGG_0064	84	0.0001
balanced	MALAT1_A549_NGG_0064	85	0.00016667
balanced	MALAT1_A549_NGG_0064	86	3.333e-05
balanced	MALAT1_A549_NGG_0065	1	0.0
balanced	MALAT1_A549_NGG_0065	2	0.0
balanced	MALAT1_A549_NGG_0065	3	0.0
balanced	MALAT1_A549_NGG_0065	4	0.0
balanced	MALAT1_A549_NGG_0065	5	0.0
balanced	MALAT1_A549_NGG_0065	6	0.0
balanced	MALAT1_A549_NGG_0065	7	0.0
balanced	MALAT1_A549_NGG_0065	8	0.0
balanced	MALAT1_A549_NGG_0065	9	0.0
balanced	MALAT1_A549_NGG_0065	10	0.0
balanced	MALAT1_A549_NGG_0065	11	0.0
balanced	MALAT1_A549_NGG_0065	12	0.0
balanced	MALAT1_A549_NGG_0065	13	0.0
balanced	MALAT1_A549_NGG_0065	14	0.0
balanced	MALAT1_A549_NGG_0065	15	0.0
balanced	MALAT1_A549_NGG_0065	16	0.0
balanced	MALAT1_A549_NGG_0065	17	0.0
balanced	MALAT1_A549_NGG_0065	18	3.333e-05
balanced	MALAT1_A549_NGG_0065	19	3.333e-05
balanced	MALAT1_A549_NGG_0065	20	0.0003
balanced	MALAT1_A549_NGG_0065	21	0.0006
balanced	MALAT1_A549_NGG_0065	22	0.00106667
balanced	MALAT1_A549_NGG_0065	23	0.00113333
balanced	MALAT1_A549_NGG_0065	24	0.00166667
balanced	MALAT1_A549_NGG_0065	25	0.00203333
balanced	MALAT1_A549_NGG_0065	26	0.00223333
balanced	MALAT1_A549_NGG_0065	27	0.00236667
balanced	MALAT1_A549_NGG_0065	28	0.00253333
balanced	MALAT1_A549_NGG_0065	29	0.00336667
balanced	MALAT1_A549_NGG_0065	30	0.0038
balanced	MALAT1_A549_NGG_0065	31	0.00423333
balanced	MALAT1_A549_NGG_0065	32	0.00523333
balanced	MALAT1_A549_NGG_0065	33	0.0052
balanced	MALAT1_A549_NGG_0065	34	0.00833333
balanced	MALAT1_A549_NGG_0065	35	0.01013333
balanced	MALAT1_A549_NGG_0065	36	0.01153333
balanced	MALAT1_A549_NGG_0065	37	0.0144
balanced	MALAT1_A549_NGG_0065	38	0.0182
balanced	MALAT1_A549_NGG_0065	39	0.02236667
balanced	MALAT1_A549_NGG_0065	40	0.0249
balanced	MALAT1_A549_NGG_0065	41	0.02653333
balanced	MALAT1_A549_NGG_0065	42	0.02883333
balanced	MALAT1_A549_NGG_0065	43	0.0243
balanced	MALAT1_A549_NGG_0065	44	0.0241
balanced	MALAT1_A549_NGG_0065	45	0.0242
balanced	MALAT1_A549_NGG_0065	46	0.02483333
balanced	MALAT1_A549_NGG_0065	47	0.02906667
balanced	MALAT1_A549_NGG_0065	48	0.0268
balanced	MALAT1_A549_NGG_0065	49	0.02476667
balanced	MALAT1_A549_NGG_0065	50	0.02273333
balanced	MALAT1_A549_NGG_0065	51	0.02296667
balanced	MALAT1_A549_NGG_0065	52	0.0239
balanced	MALAT1_A549_NGG_0065	53	0.02333333
balanced	MALAT1_A549_NGG_0065	54	0.02416667
balanced	MALAT1_A549_NGG_0065	55	0.0235
balanced	MALAT1_A549_NGG_0065	56	0.02543333
balanced	MALAT1_A549_NGG_0065	57	0.02446667
balanced	MALAT1_A549_NGG_0065	58	0.02353333
balanced	MALAT1_A549_NGG_0065	59	0.02206667
balanced	MALAT1_A549_NGG_0065	60	0.0191
balanced	MALAT1_A549_NGG_0065	61	0.01936667
balanced	MALAT1_A549_NGG_0065	62	0.02243333
balanced	MALAT1_A549_NGG_0065	63	0.02373333
balanced	MALAT1_A549_NGG_0065	64	0.03143333
balanced	MALAT1_A549_NGG_0065	65	0.04113333
balanced	MALAT1_A549_NGG_0065	66	0.0371
balanced	MALAT1_A549_NGG_0065	67	0.03253333
balanced	MALAT1_A549_NGG_0065	68	0.0298
balanced	MALAT1_A549_NGG_0065	69	0.02506667
balanced	MALAT1_A549_NGG_0065	70	0.02096667
balanced	MALAT1_A549_NGG_0065	71	0.01703333
balanced	MALAT1_A549_NGG_0065	72	0.0153
balanced	MALAT1_A549_NGG_0065	73	0.01233333
balanced	MALAT1_A549_NGG_0065	74	0.011
balanced	MALAT1_A549_NGG_0065	75	0.00836667
balanced	MALAT1_A549_NGG_0065	76	0.00546667
balanced	MALAT1_A549_NGG_0065	77	0.00426667
balanced	MALAT1_A549_NGG_0065	78	0.00323333
balanced	MALAT1_A549_NGG_0065	79	0.00203333
balanced	MALAT1_A549_NGG_0065	80	0.0011
balanced	MALAT1_A549_NGG_0065	81	0.00056667
balanced	MALAT1_A549_NGG_0065	82	0.00036667
balanced	MALAT1_A549_NGG_0065	83	0.00033333
balanced	MALAT1_A549_NGG_0065	84	0.00023333
balanced	MALAT1_A549_NGG_0065	85	0.00023333
balanced	MALAT1_A549_NGG_0065	86	0.00023333
balanced	MALAT1_A549_NGG_0066	1	0.0
balanced	MALAT1_A549_NGG_0066	2	0.0
balanced	MALAT1_A549_NGG_0066	3	0.0
balanced	MALAT1_A549_NGG_0066	4	0.0
balanced	MALAT1_A549_NGG_0066	5	0.0
balanced	MALAT1_A549_NGG_0066	6	0.0
balanced	MALAT1_A549_NGG_0066	7	0.0
balanced	MALAT1_A549_NGG_0066	8	0.0
balanced	MALAT1_A549_NGG_0066	9	0.0
balanced	MALAT1_A549_NGG_0066	10	0.0
balanced	MALAT1_A549_NGG_0066	11	0.0
balanced	MALAT1_A549_NGG_0066	12	0.0
balanced	MALAT1_A549_NGG_0066	13	0.0
balanced	MALAT1_A549_NGG_0066	14	0.0
balanced	MALAT1_A549_NGG_0066	15	0.0
balanced	MALAT1_A549_NGG_0066	16	0.0
balanced	MALAT1_A549_NGG_0066	17	0.0
balanced	MALAT1_A549_NGG_0066	18	0.0003
balanced	MALAT1_A549_NGG_0066	19	0.00043333
balanced	MALAT1_A549_NGG_0066	20	0.0014
balanced	MALAT1_A549_NGG_0066	21	0.00196667
balanced	MALAT1_A549_NGG_0066	22	0.00213333
balanced	MALAT1_A549_NGG_0066	23	0.00266667
balanced	MALAT1_A549_NGG_0066	24	0.0024
balanced	MALAT1_A549_NGG_0066	25	0.00323333
balanced	MALAT1_A549_NGG_0066	26	0.00356667
balanced	MALAT1_A549_NGG_0066	27	0.00446667
balanced	MALAT1_A549_NGG_0066	28	0.00513333
balanced	MALAT1_A549_NGG_0066	29	0.00596667
balanced	MALAT1_A549_NGG_0066	30	0.0066
balanced	MALAT1_A549_NGG_0066	31	0.00666667
balanced	MALAT1_A549_NGG_0066	32	0.00826667
balanced	MALAT1_A549_NGG_0066	33	0.00996667
balanced	MALAT1_A549_NGG_0066	34	0.01263333
balanced	MALAT1_A549_NGG_0066	35	0.016
balanced	MALAT1_A549_NGG_0066	36	0.02063333
balanced	MALAT1_A549_NGG_0066	37	0.02223333
balanced	MALAT1_A549_NGG_0066	38	0.0269
balanced	MALAT1_A549_NGG_0066	39	0.03003333
balanced	MALAT1_A549_NGG_0066	40	0.02743333
balanced	MALAT1_A549_NGG_0066	41	0.02913333
balanced	MALAT1_A549_NGG_0066	42	0.0259
balanced	MALAT1_A549_NGG_0066	43	0.02876667
balanced	MALAT1_A549_NGG_0066	44	0.03113333
balanced	MALAT1_A549_NGG_0066	45	0.0294
balanced	MALAT1_A549_NGG_0066	46	0.02736667
balanced	MALAT1_A549_NGG_0066	47	0.02766667
balanced	MALAT1_A549_NGG_0066	48	0.02536667
balanced	MALAT1_A549_NGG_0066	49	0.02243333
balanced	MALAT1_A549_NGG_0066	50	0.02083333
balanced	MALAT1_A549_NGG_0066	51	0.02336667
balanced	MALAT1_A549_NGG_0066	52	0.02403333
balanced	MALAT1_A549_NGG_0066	53	0.02426667
balanced	MALAT1_A549_NGG_0066	54	0.02743333
balanced	MALAT1_A549_NGG_0066	55	0.0266
balanced	MALAT1_A549_NGG_0066	56	0.02323333
balanced	MALAT1_A549_NGG_0066	57	0.0203
balanced	MALAT1_A549_NGG_0066	58	0.02036667
balanced	MALAT1_A549_NGG_0066	59	0.01786667
balanced	MALAT1_A549_NGG_0066	60	0.01736667
balanced	MALAT1_A549_NGG_0066	61	0.0251
balanced	MALAT1_A549_NGG_0066	62	0.03173333
balanced	MALAT1_A549_NGG_0066	63	0.0352
balanced	MALAT1_A549_NGG_0066	64	0.0317
balanced	MALAT1_A549_NGG_0066	65	0.03206667
balanced	MALAT1_A549_NGG_0066	66	0.02466667
balanced	MALAT1_A549_NGG_0066	67	0.0229
balanced	MALAT1_A549_NGG_0066	68	0.01816667
balanced	MALAT1_A549_NGG_0066	69	0.01403333
balanced	MALAT1_A549_NGG_0066	70	0.01243333
balanced	MALAT1_A549_NGG_0066	71	0.00943333
balanced	MALAT1_A549_NGG_0066	72	0.00836667
balanced	MALAT1_A549_NGG_0066	73	0.0064
balanced	MALAT1_A549_NGG_0066	74	0.00393333
balanced	MALAT1_A549_NGG_0066	75	0.00373333
balanced	MALAT1_A549_NGG_0066	76	0.00176667
balanced	MALAT1_A549_NGG_0066	77	0.002
balanced	MALAT1_A549_NGG_0066	78	0.0011
balanced	MALAT1_A549_NGG_0066	79	0.00043333
balanced	MALAT1_A549_NGG_0066	80	0.00026667
balanced	MALAT1_A549_NGG_0066	81	0.00023333
balanced	MALAT1_A549_NGG_0066	82	0.00013333
balanced	MALAT1_A549_NGG_0066	83	0.00016667
balanced	MALAT1_A549_NGG_0066	84	0.0
balanced	MALAT1_A549_NGG_0066	85	6.667e-05
balanced	MALAT1_A549_NGG_0066	86	0.0001
balanced	MALAT1_A549_NGG_0067	1	0.0
balanced	MALAT1_A549_NGG_0067	2	0.0
balanced	MALAT1_A549_NGG_0067	3	0.00013333
balanced	MALAT1_A549_NGG_0067	4	0.00013333
balanced	MALAT1_A549_NGG_0067	5	0.00073333
balanced	MALAT1_A549_NGG_0067	6	0.0012
balanced	MALAT1_A549_NGG_0067	7	0.00363333
balanced	MALAT1_A549_NGG_0067	8	0.0063
balanced	MALAT1_A549_NGG_0067	9	0.01106667
balanced	MALAT1_A549_NGG_0067	10	0.01446667
balanced	MALAT1_A549_NGG_0067	11	0.01686667
balanced	MALAT1_A549_NGG_0067	12	0.0194
balanced	MALAT1_A549_NGG_0067	13	0.02096667
balanced	MALAT1_A549_NGG_0067	14	0.02046667
balanced	MALAT1_A549_NGG_0067	15	0.02143333
balanced	MALAT1_A549_NGG_0067	16	0.02333333
balanced	MALAT1_A549_NGG_0067	17	0.02523333
balanced	MALAT1_A549_NGG_0067	18	0.02916667
balanced	MALAT1_A549_NGG_0067	19	0.036
balanced	MALAT1_A549_NGG_0067	20	0.04266667
balanced	MALAT1_A549_NGG_0067	21	0.05053333
balanced	MALAT1_A549_NGG_0067	22	0.05253333
balanced	MALAT1_A549_NGG_0067	23	0.0576
balanced	MALAT1_A549_NGG_0067	24	0.06643333
balanced	MALAT1_A549_NGG_0067	25	0.06533333
balanced	MALAT1_A549_NGG_0067	26	0.0663
balanced	MALAT1_A549_NGG_0067	27	0.06433333
balanced	MALAT1_A549_NGG_0067	28	0.06333333
balanced	MALAT1_A549_NGG_0067	29	0.05626667
balanced	MALAT1_A549_NGG_0067	30	0.04596667
balanced	MALAT1_A549_NGG_0067	31	0.03496667
balanced	MALAT1_A549_NGG_0067	32	0.0261
balanced	MALAT1_A549_NGG_0067	33	0.01976667
balanced	MALAT1_A549_NGG_0067	34	0.0123
balanced	MALAT1_A549_NGG_0067	35	0.0082
balanced	MALAT1_A549_NGG_0067	36	0.0056
balanced	MALAT1_A549_NGG_0067	37	0.00333333
balanced	MALAT1_A549_NGG_0067	38	0.00246667
balanced	MALAT1_A549_NGG_0067	39	0.00173333
balanced	MALAT1_A549_NGG_0067	40	0.00136667
balanced	MALAT1_A549_NGG_0067	41	0.00066667
balanced	MALAT1_A549_NGG_0067	42	0.0004
balanced	MALAT1_A549_NGG_0067	43	0.00043333
balanced	MALAT1_A549_NGG_0067	44	0.00016667
balanced	MALAT1_A549_NGG_0067	45	0.0001
balanced	MALAT1_A549_NGG_0067	46	0.0001
balanced	MALAT1_A549_NGG_0067	47	3.333e-05
balanced	MALAT1_A549_NGG_0067	48	0.00013333
balanced	MALAT1_A549_NGG_0067	49	0.0002
balanced	MALAT1_A549_NGG_0067	50	0.0
balanced	MALAT1_A549_NGG_0067	51	0.0001
balanced	MALAT1_A549_NGG_0067	52	0.0
balanced	MALAT1_A549_NGG_0067	53	0.0
balanced	MALAT1_A549_NGG_0067	54	0.0
balanced	MALAT1_A549_NGG_0067	55	0.0
balanced	MALAT1_A549_NGG_0067	56	0.0
balanced	MALAT1_A549_NGG_0067	57	0.0
balanced	MALAT1_A549_NGG_0067	58	0.0
balanced	MALAT1_A549_NGG_0067	59	0.0
balanced	MALAT1_A549_NGG_0067	60	0.0
balanced	MALAT1_A549_NGG_0067	61	0.0
balanced	MALAT1_A549_NGG_0067	62	0.0
balanced	MALAT1_A549_NGG_0067	63	0.0
balanced	MALAT1_A549_NGG_0067	64	0.0
balanced	MALAT1_A549_NGG_0067	65	0.0
balanced	MALAT1_A549_NGG_0067	66	0.0
balanced	MALAT1_A549_NGG_0067	67	0.0
balanced	MALAT1_A549_NGG_0067	68	0.0
balanced	MALAT1_A549_NGG_0067	69	0.0
balanced	MALAT1_A549_NGG_0067	70	0.0
balanced	MALAT1_A549_NGG_0067	71	0.0
balanced	MALAT1_A549_NGG_0067	72	0.0
balanced	MALAT1_A549_NGG_0067	73	0.0
balanced	MALAT1_A549_NGG_0067	74	0.0
balanced	MALAT1_A549_NGG_0067	75	0.0
balanced	MALAT1_A549_NGG_0067	76	0.0
balanced	MALAT1_A549_NGG_0067	77	0.0
balanced	MALAT1_A549_NGG_0067	78	0.0
balanced	MALAT1_A549_NGG_0067	79	0.0
balanced	MALAT1_A549_NGG_0067	80	0.0
balanced	MALAT1_A549_NGG_0067	81	0.0
balanced	MALAT1_A549_NGG_0067	82	0.0
balanced	MALAT1_A549_NGG_0067	83	0.0
balanced	MALAT1_A549_NGG_0067	84	0.0
balanced	MALAT1_A549_NGG_0067	85	0.0
balanced	MALAT1_A549_NGG_0067	86	0.0
balanced	MALAT1_A549_NGG_0068	1	0.0
balanced	MALAT1_A549_NGG_0068	2	0.0
balanced	MALAT1_A549_NGG_0068	3	0.0
balanced	MALAT1_A549_NGG_0068	4	6.667e-05
balanced	MALAT1_A549_NGG_0068	5	0.00016667
balanced	MALAT1_A549_NGG_0068	6	0.00013333
balanced	MALAT1_A549_NGG_0068	7	0.00073333
balanced	MALAT1_A549_NGG_0068	8	0.00143333
balanced	MALAT1_A549_NGG_0068	9	0.0025
balanced	MALAT1_A549_NGG_0068	10	0.0042
balanced	MALAT1_A549_NGG_0068	11	0.00613333
balanced	MALAT1_A549_NGG_0068	12	0.00773333
balanced	MALAT1_A549_NGG_0068	13	0.00973333
balanced	MALAT1_A549_NGG_0068	14	0.01143333
balanced	MALAT1_A549_NGG_0068	15	0.01146667
balanced	MALAT1_A549_NGG_0068	16	0.0124
balanced	MALAT1_A549_NGG_0068	17	0.013
balanced	MALAT1_A549_NGG_0068	18	0.01523333
balanced	MALAT1_A549_NGG_0068	19	0.01776667
balanced	MALAT1_A549_NGG_0068	20	0.02233333
balanced	MALAT1_A549_NGG_0068	21	0.02623333
balanced	MALAT1_A549_NGG_0068	22	0.03443333
balanced	MALAT1_A549_NGG_0068	23	0.04043333
balanced	MALAT1_A549_NGG_0068	24	0.0454
balanced	MALAT1_A549_NGG_0068	25	0.0496
balanced	MALAT1_A549_NGG_0068	26	0.0599
balanced	MALAT1_A549_NGG_0068	27	0.06473333
balanced	MALAT1_A549_NGG_0068	28	0.07003333
balanced	MALAT1_A549_NGG_0068	29	0.0717
balanced	MALAT1_A549_NGG_0068	30	0.07126667
balanced	MALAT1_A549_NGG_0068	31	0.06473333
balanced	MALAT1_A549_NGG_0068	32	0.05973333
balanced	MALAT1_A549_NGG_0068	33	0.05106667
balanced	MALAT1_A549_NGG_0068	34	0.0435
balanced	MALAT1_A549_NGG_0068	35	0.03236667
balanced	MALAT1_A549_NGG_0068	36	0.02196667
balanced	MALAT1_A549_NGG_0068	37	0.01733333
balanced	MALAT1_A549_NGG_0068	38	0.01176667
balanced	MALAT1_A549_NGG_0068	39	0.008
balanced	MALAT1_A549_NGG_0068	40	0.00536667
balanced	MALAT1_A549_NGG_0068	41	0.00433333
balanced	MALAT1_A549_NGG_0068	42	0.00296667
balanced	MALAT1_A549_NGG_0068	43	0.00213333
balanced	MALAT1_A549_NGG_0068	44	0.00113333
balanced	MALAT1_A549_NGG_0068	45	0.00093333
balanced	MALAT1_A549_NGG_0068	46	0.0008
balanced	MALAT1_A549_NGG_0068	47	0.00036667
balanced	MALAT1_A549_NGG_0068	48	0.0003
balanced	MALAT1_A549_NGG_0068	49	0.00023333
balanced	MALAT1_A549_NGG_0068	50	0.00013333
balanced	MALAT1_A549_NGG_0068	51	0.0002
balanced	MALAT1_A549_NGG_0068	52	0.0002
balanced	MALAT1_A549_NGG_0068	53	0.00013333
balanced	MALAT1_A549_NGG_0068	54	3.333e-05
balanced	MALAT1_A549_NGG_0068	55	3.333e-05
balanced	MALAT1_A549_NGG_0068	56	3.333e-05
balanced	MALAT1_A549_NGG_0068	57	0.0
balanced	MALAT1_A549_NGG_0068	58	0.0
balanced	MALAT1_A549_NGG_0068	59	0.0
balanced	MALAT1_A549_NGG_0068	60	0.0
balanced	MALAT1_A549_NGG_0068	61	0.0
balanced	MALAT1_A549_NGG_0068	62	0.0
balanced	MALAT1_A549_NGG_0068	63	0.0
balanced	MALAT1_A549_NGG_0068	64	0.0
balanced	MALAT1_A549_NGG_0068	65	0.0
balanced	MALAT1_A549_NGG_0068	66	0.0
balanced	MALAT1_A549_NGG_0068	67	0.0
balanced	MALAT1_A549_NGG_0068	68	0.0
balanced	MALAT1_A549_NGG_0068	69	0.0
balanced	MALAT1_A549_NGG_0068	70	0.0
balanced	MALAT1_A549_NGG_0068	71	0.0
balanced	MALAT1_A549_NGG_0068	72	0.0
balanced	MALAT1_A549_NGG_0068	73	0.0
balanced	MALAT1_A549_NGG_0068	74	0.0
balanced	MALAT1_A549_NGG_0068	75	0.0
balanced	MALAT1_A549_NGG_0068	76	0.0
balanced	MALAT1_A549_NGG_0068	77	0.0
balanced	MALAT1_A549_NGG_0068	78	0.0
balanced	MALAT1_A549_NGG_0068	79	0.0
balanced	MALAT1_A549_NGG_0068	80	0.0
balanced	MALAT1_A549_NGG_0068	81	0.0
balanced	MALAT1_A549_NGG_0068	82	0.0
balanced	MALAT1_A549_NGG_0068	83	0.0
balanced	MALAT1_A549_NGG_0068	84	0.0
balanced	MALAT1_A549_NGG_0068	85	0.0
balanced	MALAT1_A549_NGG_0068	86	0.0
balanced	MALAT1_A549_NGG_0069	1	0.0
balanced	MALAT1_A549_NGG_0069	2	0.0
balanced	MALAT1_A549_NGG_0069	3	0.0
balanced	MALAT1_A549_NGG_0069	4	0.0
balanced	MALAT1_A549_NGG_0069	5	0.0
balanced	MALAT1_A549_NGG_0069	6	0.0
balanced	MALAT1_A549_NGG_0069	7	0.0
balanced	MALAT1_A549_NGG_0069	8	6.667e-05
balanced	MALAT1_A549_NGG_0069	9	0.00013333
balanced	MALAT1_A549_NGG_0069	10	0.0003
balanced	MALAT1_A549_NGG_0069	11	0.00053333
balanced	MALAT1_A549_NGG_0069	12	0.00123333
balanced	MALAT1_A549_NGG_0069	13	0.00176667
balanced	MALAT1_A549_NGG_0069	14	0.00263333
balanced	MALAT1_A549_NGG_0069	15	0.0032
balanced	MALAT1_A549_NGG_0069	16	0.00366667
balanced	MALAT1_A549_NGG_0069	17	0.00486667
balanced	MALAT1_A549_NGG_0069	18	0.00486667
balanced	MALAT1_A549_NGG_0069	19	0.00573333
balanced	MALAT1_A549_NGG_0069	20	0.00763333
balanced	MALAT1_A549_NGG_0069	21	0.0072
balanced	MALAT1_A549_NGG_0069	22	0.009
balanced	MALAT1_A549_NGG_0069	23	0.01396667
balanced	MALAT1_A549_NGG_0069	24	0.01566667
balanced	MALAT1_A549_NGG_0069	25	0.01933333
balanced	MALAT1_A549_NGG_0069	26	0.0259
balanced	MALAT1_A549_NGG_0069	27	0.0323
balanced	MALAT1_A549_NGG_0069	28	0.0399
balanced	MALAT1_A549_NGG_0069	29	0.0513
balanced	MALAT1_A549_NGG_0069	30	0.0567
balanced	MALAT1_A549_NGG_0069	31	0.06333333
balanced	MALAT1_A549_NGG_0069	32	0.06713333
balanced	MALAT1_A549_NGG_0069	33	0.07466667
balanced	MALAT1_A549_NGG_0069	34	0.07783333
balanced	MALAT1_A549_NGG_0069	35	0.077
balanced	MALAT1_A549_NGG_0069	36	0.07153333
balanced	MALAT1_A549_NGG_0069	37	0.0612
balanced	MALAT1_A549_NGG_0069	38	0.04626667
balanced	MALAT1_A549_NGG_0069	39	0.0349
balanced	MALAT1_A549_NGG_0069	40	0.02916667
balanced	MALAT1_A549_NGG_0069	41	0.02063333
balanced	MALAT1_A549_NGG_0069	42	0.01676667
balanced	MALAT1_A549_NGG_0069	43	0.01306667
balanced	MALAT1_A549_NGG_0069	44	0.00943333
balanced	MALAT1_A549_NGG_0069	45	0.00803333
balanced	MALAT1_A549_NGG_0069	46	0.00546667
balanced	MALAT1_A549_NGG_0069	47	0.00366667
balanced	MALAT1_A549_NGG_0069	48	0.00273333
balanced	MALAT1_A549_NGG_0069	49	0.0024
balanced	MALAT1_A549_NGG_0069	50	0.00203333
balanced	MALAT1_A549_NGG_0069	51	0.0009
balanced	MALAT1_A549_NGG_0069	52	0.00103333
balanced	MALAT1_A549_NGG_0069	53	0.0009
balanced	MALAT1_A549_NGG_0069	54	0.00056667
balanced	MALAT1_A549_NGG_0069	55	0.00036667
balanced	MALAT1_A549_NGG_0069	56	0.00033333
balanced	MALAT1_A549_NGG_0069	57	0.0002
balanced	MALAT1_A549_NGG_0069	58	0.00023333
balanced	MALAT1_A549_NGG_0069	59	3.333e-05
balanced	MALAT1_A549_NGG_0069	60	0.0001
balanced	MALAT1_A549_NGG_0069	61	6.667e-05
balanced	MALAT1_A549_NGG_0069	62	0.0
balanced	MALAT1_A549_NGG_0069	63	0.0
balanced	MALAT1_A549_NGG_0069	64	3.333e-05
balanced	MALAT1_A549_NGG_0069	65	3.333e-05
balanced	MALAT1_A549_NGG_0069	66	0.0
balanced	MALAT1_A549_NGG_0069	67	0.0
balanced	MALAT1_A549_NGG_0069	68	0.0
balanced	MALAT1_A549_NGG_0069	69	3.333e-05
balanced	MALAT1_A549_NGG_0069	70	0.0
balanced	MALAT1_A549_NGG_0069	71	0.0
balanced	MALAT1_A549_NGG_0069	72	0.0
balanced	MALAT1_A549_NGG_0069	73	0.0
balanced	MALAT1_A549_NGG_0069	74	0.0
balanced	MALAT1_A549_NGG_0069	75	0.0
balanced	MALAT1_A549_NGG_0069	76	0.0
balanced	MALAT1_A549_NGG_0069	77	0.0
balanced	MALAT1_A549_NGG_0069	78	0.0
balanced	MALAT1_A549_NGG_0069	79	0.0
balanced	MALAT1_A549_NGG_0069	80	0.0
balanced	MALAT1_A549_NGG_0069	81	0.0
balanced	MALAT1_A549_NGG_0069	82	0.0
balanced	MALAT1_A549_NGG_0069	83	0.0
balanced	MALAT1_A549_NGG_0069	84	0.0
balanced	MALAT1_A549_NGG_0069	85	0.0
balanced	MALAT1_A549_NGG_0069	86	0.0
balanced	MALAT1_A549_NGG_0070	1	0.0
balanced	MALAT1_A549_NGG_0070	2	0.0
balanced	MALAT1_A549_NGG_0070	3	0.0
balanced	MALAT1_A549_NGG_0070	4	0.0
balanced	MALAT1_A549_NGG_0070	5	0.0
balanced	MALAT1_A549_NGG_0070	6	0.0
balanced	MALAT1_A549_NGG_0070	7	0.0
balanced	MALAT1_A549_NGG_0070	8	0.0
balanced	MALAT1_A549_NGG_0070	9	0.0
balanced	MALAT1_A549_NGG_0070	10	0.0
balanced	MALAT1_A549_NGG_0070	11	0.0
balanced	MALAT1_A549_NGG_0070	12	0.0
balanced	MALAT1_A549_NGG_0070	13	0.0
balanced	MALAT1_A549_NGG_0070	14	0.0
balanced	MALAT1_A549_NGG_0070	15	0.0
balanced	MALAT1_A549_NGG_0070	16	0.0
balanced	MALAT1_A549_NGG_0070	17	0.0
balanced	MALAT1_A549_NGG_0070	18	3.333e-05
balanced	MALAT1_A549_NGG_0070	19	0.0
balanced	MALAT1_A549_NGG_0070	20	6.667e-05
balanced	MALAT1_A549_NGG_0070	21	3.333e-05
balanced	MALAT1_A549_NGG_0070	22	3.333e-05
balanced	MALAT1_A549_NGG_0070	23	3.333e-05
balanced	MALAT1_A549_NGG_0070	24	6.667e-05
balanced	MALAT1_A549_NGG_0070	25	0.0001
balanced	MALAT1_A549_NGG_0070	26	0.00013333
balanced	MALAT1_A549_NGG_0070	27	0.00016667
balanced	MALAT1_A549_NGG_0070	28	0.0003
balanced	MALAT1_A549_NGG_0070	29	0.00026667
balanced	MALAT1_A549_NGG_0070	30	0.0002
balanced	MALAT1_A549_NGG_0070	31	0.00036667
balanced	MALAT1_A549_NGG_0070	32	0.00056667
balanced	MALAT1_A549_NGG_0070	33	0.00053333
balanced	MALAT1_A549_NGG_0070	34	0.0015
balanced	MALAT1_A549_NGG_0070	35	0.00186667
balanced	MALAT1_A549_NGG_0070	36	0.00286667
balanced	MALAT1_A549_NGG_0070	37	0.00353333
balanced	MALAT1_A549_NGG_0070	38	0.00523333
balanced	MALAT1_A549_NGG_0070	39	0.0074
balanced	MALAT1_A549_NGG_0070	40	0.0116
balanced	MALAT1_A549_NGG_0070	41	0.01383333
balanced	MALAT1_A549_NGG_0070	42	0.02033333
balanced	MALAT1_A549_NGG_0070	43	0.04003333
balanced	MALAT1_A549_NGG_0070	44	0.0289
balanced	MALAT1_A549_NGG_0070	45	0.02613333
balanced	MALAT1_A549_NGG_0070	46	0.0246
balanced	MALAT1_A549_NGG_0070	47	0.02273333
balanced	MALAT1_A549_NGG_0070	48	0.03416667
balanced	MALAT1_A549_NGG_0070	49	0.0261
balanced	MALAT1_A549_NGG_0070	50	0.02406667
balanced	MALAT1_A549_NGG_0070	51	0.02243333
balanced	MALAT1_A549_NGG_0070	52	0.02403333
balanced	MALAT1_A549_NGG_0070	53	0.0266
balanced	MALAT1_A549_NGG_0070	54	0.02496667
balanced	MALAT1_A549_NGG_0070	55	0.02543333
balanced	MALAT1_A549_NGG_0070	56	0.02753333
balanced	MALAT1_A549_NGG_0070	57	0.03003333
balanced	MALAT1_A549_NGG_0070	58	0.02833333
balanced	MALAT1_A549_NGG_0070	59	0.0294
balanced	MALAT1_A549_NGG_0070	60	0.02883333
balanced	MALAT1_A549_NGG_0070	61	0.0362
balanced	MALAT1_A549_NGG_0070	62	0.03386667
balanced	MALAT1_A549_NGG_0070	63	0.03316667
balanced	MALAT1_A549_NGG_0070	64	0.0298
balanced	MALAT1_A549_NGG_0070	65	0.0266
balanced	MALAT1_A549_NGG_0070	66	0.04826667
balanced	MALAT1_A549_NGG_0070	67	0.04303333
balanced	MALAT1_A549_NGG_0070	68	0.05356667
balanced	MALAT1_A549_NGG_0070	69	0.0412
balanced	MALAT1_A549_NGG_0070	70	0.03133333
balanced	MALAT1_A549_NGG_0070	71	0.02393333
balanced	MALAT1_A549_NGG_0070	72	0.0181
balanced	MALAT1_A549_NGG_0070	73	0.0091
balanced	MALAT1_A549_NGG_0070	74	0.00366667
balanced	MALAT1_A549_NGG_0070	75	0.0012
balanced	MALAT1_A549_NGG_0070	76	0.00046667
balanced	MALAT1_A549_NGG_0070	77	0.00036667
balanced	MALAT1_A549_NGG_0070	78	0.00023333
balanced	MALAT1_A549_NGG_0070	79	0.00013333
balanced	MALAT1_A549_NGG_0070	80	0.00023333
balanced	MALAT1_A549_NGG_0070	81	0.0001
balanced	MALAT1_A549_NGG_0070	82	3.333e-05
balanced	MALAT1_A549_NGG_0070	83	0.0
balanced	MALAT1_A549_NGG_0070	84	0.0
balanced	MALAT1_A549_NGG_0070	85	0.0
balanced	MALAT1_A549_NGG_0070	86	0.0
balanced	MALAT1_A549_NGG_0071	1	0.0049
balanced	MALAT1_A549_NGG_0071	2	0.02056667
balanced	MALAT1_A549_NGG_0071	3	0.03526667
balanced	MALAT1_A549_NGG_0071	4	0.06083333
balanced	MALAT1_A549_NGG_0071	5	0.08626667
balanced	MALAT1_A549_NGG_0071	6	0.15663333
balanced	MALAT1_A549_NGG_0071	7	0.12303333
balanced	MALAT1_A549_NGG_0071	8	0.11906667
balanced	MALAT1_A549_NGG_0071	9	0.07813333
balanced	MALAT1_A549_NGG_0071	10	0.05273333
balanced	MALAT1_A549_NGG_0071	11	0.03983333
balanced	MALAT1_A549_NGG_0071	12	0.03063333
balanced	MALAT1_A549_NGG_0071	13	0.0264
balanced	MALAT1_A549_NGG_0071	14	0.0223
balanced	MALAT1_A549_NGG_0071	15	0.0188
balanced	MALAT1_A549_NGG_0071	16	0.0241
balanced	MALAT1_A549_NGG_0071	17	0.03536667
balanced	MALAT1_A549_NGG_0071	18	0.02586667
balanced	MALAT1_A549_NGG_0071	19	0.02216667
balanced	MALAT1_A549_NGG_0071	20	0.00733333
balanced	MALAT1_A549_NGG_0071	21	0.00436667
balanced	MALAT1_A549_NGG_0071	22	0.00193333
balanced	MALAT1_A549_NGG_0071	23	0.0017
balanced	MALAT1_A549_NGG_0071	24	0.00103333
balanced	MALAT1_A549_NGG_0071	25	0.00046667
balanced	MALAT1_A549_NGG_0071	26	0.0002
balanced	MALAT1_A549_NGG_0071	27	3.333e-05
balanced	MALAT1_A549_NGG_0071	28	0.0
balanced	MALAT1_A549_NGG_0071	29	3.333e-05
balanced	MALAT1_A549_NGG_0071	30	0.0
balanced	MALAT1_A549_NGG_0071	31	0.0
balanced	MALAT1_A549_NGG_0071	32	0.0
balanced	MALAT1_A549_NGG_0071	33	0.0
balanced	MALAT1_A549_NGG_0071	34	0.0
balanced	MALAT1_A549_NGG_0071	35	0.0
balanced	MALAT1_A549_NGG_0071	36	0.0
balanced	MALAT1_A549_NGG_0071	37	0.0
balanced	MALAT1_A549_NGG_0071	38	0.0
balanced	MALAT1_A549_NGG_0071	39	0.0
balanced	MALAT1_A549_NGG_0071	40	0.0
balanced	MALAT1_A549_NGG_0071	41	0.0
balanced	MALAT1_A549_NGG_0071	42	0.0
balanced	MALAT1_A549_NGG_0071	43	0.0
balanced	MALAT1_A549_NGG_0071	44	0.0
balanced	MALAT1_A549_NGG_0071	45	0.0
balanced	MALAT1_A549_NGG_0071	46	0.0
balanced	MALAT1_A549_NGG_0071	47	0.0
balanced	MALAT1_A549_NGG_0071	48	0.0
balanced	MALAT1_A549_NGG_0071	49	0.0
balanced	MALAT1_A549_NGG_0071	50	0.0
balanced	MALAT1_A549_NGG_0071	51	0.0
balanced	MALAT1_A549_NGG_0071	52	0.0
balanced	MALAT1_A549_NGG_0071	53	0.0
balanced	MALAT1_A549_NGG_0071	54	0.0
balanced	MALAT1_A549_NGG_0071	55	0.0
balanced	MALAT1_A549_NGG_0071	56	0.0
balanced	MALAT1_A549_NGG_0071	57	0.0
balanced	MALAT1_A549_NGG_0071	58	0.0
balanced	MALAT1_A549_NGG_0071	59	0.0
balanced	MALAT1_A549_NGG_0071	60	0.0
balanced	MALAT1_A549_NGG_0071	61	0.0
balanced	MALAT1_A549_NGG_0071	62	0.0
balanced	MALAT1_A549_NGG_0071	63	0.0
balanced	MALAT1_A549_NGG_0071	64	0.0
balanced	MALAT1_A549_NGG_0071	65	0.0
balanced	MALAT1_A549_NGG_0071	66	0.0
balanced	MALAT1_A549_NGG_0071	67	0.0
balanced	MALAT1_A549_NGG_0071	68	0.0
balanced	MALAT1_A549_NGG_0071	69	0.0
balanced	MALAT1_A549_NGG_0071	70	0.0
balanced	MALAT1_A549_NGG_0071	71	0.0
balanced	MALAT1_A549_NGG_0071	72	0.0
balanced	MALAT1_A549_NGG_0071	73	0.0
balanced	MALAT1_A549_NGG_0071	74	0.0
balanced	MALAT1_A549_NGG_0071	75	0.0
balanced	MALAT1_A549_NGG_0071	76	0.0
balanced	MALAT1_A549_NGG_0071	77	0.0
balanced	MALAT1_A549_NGG_0071	78	0.0
balanced	MALAT1_A549_NGG_0071	79	0.0
balanced	MALAT1_A549_NGG_0071	80	0.0
balanced	MALAT1_A549_NGG_0071	81	0.0
balanced	MALAT1_A549_NGG_0071	82	0.0
balanced	MALAT1_A549_NGG_0071	83	0.0
balanced	MALAT1_A549_NGG_0071	84	0.0
balanced	MALAT1_A549_NGG_0071	85	0.0
balanced	MALAT1_A549_NGG_0071	86	0.0
balanced	MALAT1_A549_NGG_0072	1	0.0
balanced	MALAT1_A549_NGG_0072	2	0.0
balanced	MALAT1_A549_NGG_0072	3	0.0
balanced	MALAT1_A549_NGG_0072	4	0.0
balanced	MALAT1_A549_NGG_0072	5	6.667e-05
balanced	MALAT1_A549_NGG_0072	6	0.0001
balanced	MALAT1_A549_NGG_0072	7	0.00056667
balanced	MALAT1_A549_NGG_0072	8	0.001
balanced	MALAT1_A549_NGG_0072	9	0.0021
balanced	MALAT1_A549_NGG_0072	10	0.00383333
balanced	MALAT1_A549_NGG_0072	11	0.0058
balanced	MALAT1_A549_NGG_0072	12	0.00686667
balanced	MALAT1_A549_NGG_0072	13	0.00766667
balanced	MALAT1_A549_NGG_0072	14	0.00896667
balanced	MALAT1_A549_NGG_0072	15	0.0103
balanced	MALAT1_A549_NGG_0072	16	0.01136667
balanced	MALAT1_A549_NGG_0072	17	0.0123
balanced	MALAT1_A549_NGG_0072	18	0.01383333
balanced	MALAT1_A549_NGG_0072	19	0.01653333
balanced	MALAT1_A549_NGG_0072	20	0.02033333
balanced	MALAT1_A549_NGG_0072	21	0.02233333
balanced	MALAT1_A549_NGG_0072	22	0.03076667
balanced	MALAT1_A549_NGG_0072	23	0.03423333
balanced	MALAT1_A549_NGG_0072	24	0.04056667
balanced	MALAT1_A549_NGG_0072	25	0.04713333
balanced	MALAT1_A549_NGG_0072	26	0.0549
balanced	MALAT1_A549_NGG_0072	27	0.0633
balanced	MALAT1_A549_NGG_0072	28	0.06793333
balanced	MALAT1_A549_NGG_0072	29	0.0715
balanced	MALAT1_A549_NGG_0072	30	0.07376667
balanced	MALAT1_A549_NGG_0072	31	0.073
balanced	MALAT1_A549_NGG_0072	32	0.06406667
balanced	MALAT1_A549_NGG_0072	33	0.0581
balanced	MALAT1_A549_NGG_0072	34	0.04613333
balanced	MALAT1_A549_NGG_0072	35	0.0359
balanced	MALAT1_A549_NGG_0072	36	0.02743333
balanced	MALAT1_A549_NGG_0072	37	0.0197
balanced	MALAT1_A549_NGG_0072	38	0.01356667
balanced	MALAT1_A549_NGG_0072	39	0.0096
balanced	MALAT1_A549_NGG_0072	40	0.00683333
balanced	MALAT1_A549_NGG_0072	41	0.00493333
balanced	MALAT1_A549_NGG_0072	42	0.0032
balanced	MALAT1_A549_NGG_0072	43	0.00273333
balanced	MALAT1_A549_NGG_0072	44	0.002
balanced	MALAT1_A549_NGG_0072	45	0.0017
balanced	MALAT1_A549_NGG_0072	46	0.00096667
balanced	MALAT1_A549_NGG_0072	47	0.0007
balanced	MALAT1_A549_NGG_0072	48	0.00043333
balanced	MALAT1_A549_NGG_0072	49	0.00016667
balanced	MALAT1_A549_NGG_0072	50	0.0002
balanced	MALAT1_A549_NGG_0072	51	0.0002
balanced	MALAT1_A549_NGG_0072	52	6.667e-05
balanced	MALAT1_A549_NGG_0072	53	0.00016667
balanced	MALAT1_A549_NGG_0072	54	3.333e-05
balanced	MALAT1_A549_NGG_0072	55	0.0
balanced	MALAT1_A549_NGG_0072	56	6.667e-05
balanced	MALAT1_A549_NGG_0072	57	0.0
balanced	MALAT1_A549_NGG_0072	58	0.0
balanced	MALAT1_A549_NGG_0072	59	0.0
balanced	MALAT1_A549_NGG_0072	60	3.333e-05
balanced	MALAT1_A549_NGG_0072	61	0.0
balanced	MALAT1_A549_NGG_0072	62	0.0
balanced	MALAT1_A549_NGG_0072	63	0.0
balanced	MALAT1_A549_NGG_0072	64	0.0
balanced	MALAT1_A549_NGG_0072	65	0.0
balanced	MALAT1_A549_NGG_0072	66	0.0
balanced	MALAT1_A549_NGG_0072	67	0.0
balanced	MALAT1_A549_NGG_0072	68	0.0
balanced	MALAT1_A549_NGG_0072	69	0.0
balanced	MALAT1_A549_NGG_0072	70	0.0
balanced	MALAT1_A549_NGG_0072	71	0.0
balanced	MALAT1_A549_NGG_0072	72	0.0
balanced	MALAT1_A549_NGG_0072	73	0.0
balanced	MALAT1_A549_NGG_0072	74	0.0
balanced	MALAT1_A549_NGG_0072	75	0.0
balanced	MALAT1_A549_NGG_0072	76	0.0
balanced	MALAT1_A549_NGG_0072	77	0.0
balanced	MALAT1_A549_NGG_0072	78	0.0
balanced	MALAT1_A549_NGG_0072	79	0.0
balanced	MALAT1_A549_NGG_0072	80	0.0
balanced	MALAT1_A549_NGG_0072	81	0.0
balanced	MALAT1_A549_NGG_0072	82	0.0
balanced	MALAT1_A549_NGG_0072	83	0.0
balanced	MALAT1_A549_NGG_0072	84	0.0
balanced	MALAT1_A549_NGG_0072	85	0.0
balanced	MALAT1_A549_NGG_0072	86	0.0
balanced	MALAT1_A549_NGG_0073	1	0.0
balanced	MALAT1_A549_NGG_0073	2	0.0
balanced	MALAT1_A549_NGG_0073	3	0.0
balanced	MALAT1_A549_NGG_0073	4	0.0
balanced	MALAT1_A549_NGG_0073	5	0.0
balanced	MALAT1_A549_NGG_0073	6	0.0
balanced	MALAT1_A549_NGG_0073	7	0.0
balanced	MALAT1_A549_NGG_0073	8	0.0
balanced	MALAT1_A549_NGG_0073	9	0.0
balanced	MALAT1_A549_NGG_0073	10	0.0
balanced	MALAT1_A549_NGG_0073	11	0.0
balanced	MALAT1_A549_NGG_0073	12	0.0
balanced	MALAT1_A549_NGG_0073	13	0.0
balanced	MALAT1_A549_NGG_0073	14	0.0
balanced	MALAT1_A549_NGG_0073	15	0.0
balanced	MALAT1_A549_NGG_0073	16	0.0
balanced	MALAT1_A549_NGG_0073	17	0.0
balanced	MALAT1_A549_NGG_0073	18	0.0
balanced	MALAT1_A549_NGG_0073	19	0.0
balanced	MALAT1_A549_NGG_0073	20	0.0
balanced	MALAT1_A549_NGG_0073	21	0.0
balanced	MALAT1_A549_NGG_0073	22	3.333e-05
balanced	MALAT1_A549_NGG_0073	23	0.0
balanced	MALAT1_A549_NGG_0073	24	0.0
balanced	MALAT1_A549_NGG_0073	25	0.0
balanced	MALAT1_A549_NGG_0073	26	0.0
balanced	MALAT1_A549_NGG_0073	27	0.0
balanced	MALAT1_A549_NGG_0073	28	3.333e-05
balanced	MALAT1_A549_NGG_0073	29	6.667e-05
balanced	MALAT1_A549_NGG_0073	30	6.667e-05
balanced	MALAT1_A549_NGG_0073	31	0.0001
balanced	MALAT1_A549_NGG_0073	32	3.333e-05
balanced	MALAT1_A549_NGG_0073	33	3.333e-05
balanced	MALAT1_A549_NGG_0073	34	0.00016667
balanced	MALAT1_A549_NGG_0073	35	0.00026667
balanced	MALAT1_A549_NGG_0073	36	0.00043333
balanced	MALAT1_A549_NGG_0073	37	0.0006
balanced	MALAT1_A549_NGG_0073	38	0.0009
balanced	MALAT1_A549_NGG_0073	39	0.0011
balanced	MALAT1_A549_NGG_0073	40	0.00176667
balanced	MALAT1_A549_NGG_0073	41	0.00333333
balanced	MALAT1_A549_NGG_0073	42	0.00403333
balanced	MALAT1_A549_NGG_0073	43	0.00703333
balanced	MALAT1_A549_NGG_0073	44	0.01716667
balanced	MALAT1_A549_NGG_0073	45	0.01473333
balanced	MALAT1_A549_NGG_0073	46	0.0131
balanced	MALAT1_A549_NGG_0073	47	0.01216667
balanced	MALAT1_A549_NGG_0073	48	0.01426667
balanced	MALAT1_A549_NGG_0073	49	0.0223
balanced	MALAT1_A549_NGG_0073	50	0.0192
balanced	MALAT1_A549_NGG_0073	51	0.01786667
balanced	MALAT1_A549_NGG_0073	52	0.01613333
balanced	MALAT1_A549_NGG_0073	53	0.01803333
balanced	MALAT1_A549_NGG_0073	54	0.01903333
balanced	MALAT1_A549_NGG_0073	55	0.0163
balanced	MALAT1_A549_NGG_0073	56	0.01863333
balanced	MALAT1_A549_NGG_0073	57	0.0228
balanced	MALAT1_A549_NGG_0073	58	0.0238
balanced	MALAT1_A549_NGG_0073	59	0.02483333
balanced	MALAT1_A549_NGG_0073	60	0.02663333
balanced	MALAT1_A549_NGG_0073	61	0.02833333
balanced	MALAT1_A549_NGG_0073	62	0.03146667
balanced	MALAT1_A549_NGG_0073	63	0.0283
balanced	MALAT1_A549_NGG_0073	64	0.03136667
balanced	MALAT1_A549_NGG_0073	65	0.02946667
balanced	MALAT1_A549_NGG_0073	66	0.0288
balanced	MALAT1_A549_NGG_0073	67	0.048
balanced	MALAT1_A549_NGG_0073	68	0.04203333
balanced	MALAT1_A549_NGG_0073	69	0.0578
balanced	MALAT1_A549_NGG_0073	70	0.06176667
balanced	MALAT1_A549_NGG_0073	71	0.05806667
balanced	MALAT1_A549_NGG_0073	72	0.0611
balanced	MALAT1_A549_NGG_0073	73	0.06323333
balanced	MALAT1_A549_NGG_0073	74	0.0477
balanced	MALAT1_A549_NGG_0073	75	0.02246667
balanced	MALAT1_A549_NGG_0073	76	0.01023333
balanced	MALAT1_A549_NGG_0073	77	0.0055
balanced	MALAT1_A549_NGG_0073	78	0.00303333
balanced	MALAT1_A549_NGG_0073	79	0.00153333
balanced	MALAT1_A549_NGG_0073	80	0.00093333
balanced	MALAT1_A549_NGG_0073	81	0.00083333
balanced	MALAT1_A549_NGG_0073	82	0.00063333
balanced	MALAT1_A549_NGG_0073	83	0.0003
balanced	MALAT1_A549_NGG_0073	84	0.0001
balanced	MALAT1_A549_NGG_0073	85	0.0
balanced	MALAT1_A549_NGG_0073	86	0.0
balanced	MALAT1_A549_NGG_0074	1	0.0
balanced	MALAT1_A549_NGG_0074	2	0.00023333
balanced	MALAT1_A549_NGG_0074	3	0.0015
balanced	MALAT1_A549_NGG_0074	4	0.00383333
balanced	MALAT1_A549_NGG_0074	5	0.00586667
balanced	MALAT1_A549_NGG_0074	6	0.011
balanced	MALAT1_A549_NGG_0074	7	0.03013333
balanced	MALAT1_A549_NGG_0074	8	0.0375
balanced	MALAT1_A549_NGG_0074	9	0.04796667
balanced	MALAT1_A549_NGG_0074	10	0.04963333
balanced	MALAT1_A549_NGG_0074	11	0.0457
balanced	MALAT1_A549_NGG_0074	12	0.04583333
balanced	MALAT1_A549_NGG_0074	13	0.04123333
balanced	MALAT1_A549_NGG_0074	14	0.03983333
balanced	MALAT1_A549_NGG_0074	15	0.03933333
balanced	MALAT1_A549_NGG_0074	16	0.0345
balanced	MALAT1_A549_NGG_0074	17	0.0365
balanced	MALAT1_A549_NGG_0074	18	0.04573333
balanced	MALAT1_A549_NGG_0074	19	0.05266667
balanced	MALAT1_A549_NGG_0074	20	0.0574
balanced	MALAT1_A549_NGG_0074	21	0.0564
balanced	MALAT1_A549_NGG_0074	22	0.05216667
balanced	MALAT1_A549_NGG_0074	23	0.0509
balanced	MALAT1_A549_NGG_0074	24	0.04723333
balanced	MALAT1_A549_NGG_0074	25	0.04236667
balanced	MALAT1_A549_NGG_0074	26	0.0363
balanced	MALAT1_A549_NGG_0074	27	0.02946667
balanced	MALAT1_A549_NGG_0074	28	0.0205
balanced	MALAT1_A549_NGG_0074	29	0.01423333
balanced	MALAT1_A549_NGG_0074	30	0.00966667
balanced	MALAT1_A549_NGG_0074	31	0.0059
balanced	MALAT1_A549_NGG_0074	32	0.0034
balanced	MALAT1_A549_NGG_0074	33	0.00176667
balanced	MALAT1_A549_NGG_0074	34	0.0014
balanced	MALAT1_A549_NGG_0074	35	0.00086667
balanced	MALAT1_A549_NGG_0074	36	0.00053333
balanced	MALAT1_A549_NGG_0074	37	0.00023333
balanced	MALAT1_A549_NGG_0074	38	0.00013333
balanced	MALAT1_A549_NGG_0074	39	3.333e-05
balanced	MALAT1_A549_NGG_0074	40	0.0
balanced	MALAT1_A549_NGG_0074	41	6.667e-05
balanced	MALAT1_A549_NGG_0074	42	0.0
balanced	MALAT1_A549_NGG_0074	43	3.333e-05
balanced	MALAT1_A549_NGG_0074	44	0.0
balanced	MALAT1_A549_NGG_0074	45	0.0
balanced	MALAT1_A549_NGG_0074	46	0.0
balanced	MALAT1_A549_NGG_0074	47	0.0
balanced	MALAT1_A549_NGG_0074	48	0.0
balanced	MALAT1_A549_NGG_0074	49	0.0
balanced	MALAT1_A549_NGG_0074	50	0.0
balanced	MALAT1_A549_NGG_0074	51	0.0
balanced	MALAT1_A549_NGG_0074	52	0.0
balanced	MALAT1_A549_NGG_0074	53	0.0
balanced	MALAT1_A549_NGG_0074	54	0.0
balanced	MALAT1_A549_NGG_0074	55	0.0
balanced	MALAT1_A549_NGG_0074	56	0.0
balanced	MALAT1_A549_NGG_0074	57	0.0
balanced	MALAT1_A549_NGG_0074	58	0.0
balanced	MALAT1_A549_NGG_0074	59	0.0
balanced	MALAT1_A549_NGG_0074	60	0.0
balanced	MALAT1_A549_NGG_0074	61	0.0
balanced	MALAT1_A549_NGG_0074	62	0.0
balanced	MALAT1_A549_NGG_0074	63	0.0
balanced	MALAT1_A549_NGG_0074	64	0.0
balanced	MALAT1_A549_NGG_0074	65	0.0
balanced	MALAT1_A549_NGG_0074	66	0.0
balanced	MALAT1_A549_NGG_0074	67	0.0
balanced	MALAT1_A549_NGG_0074	68	0.0
balanced	MALAT1_A549_NGG_0074	69	0.0
balanced	MALAT1_A549_NGG_0074	70	0.0
balanced	MALAT1_A549_NGG_0074	71	0.0
balanced	MALAT1_A549_NGG_0074	72	0.0
balanced	MALAT1_A549_NGG_0074	73	0.0
balanced	MALAT1_A549_NGG_0074	74	0.0
balanced	MALAT1_A549_NGG_0074	75	0.0
balanced	MALAT1_A549_NGG_0074	76	0.0
balanced	MALAT1_A549_NGG_0074	77	0.0
balanced	MALAT1_A549_NGG_0074	78	0.0
balanced	MALAT1_A549_NGG_0074	79	0.0
balanced	MALAT1_A549_NGG_0074	80	0.0
balanced	MALAT1_A549_NGG_0074	81	0.0
balanced	MALAT1_A549_NGG_0074	82	0.0
balanced	MALAT1_A549_NGG_0074	83	0.0
balanced	MALAT1_A549_NGG_0074	84	0.0
balanced	MALAT1_A549_NGG_0074	85	0.0
balanced	MALAT1_A549_NGG_0074	86	0.0
balanced	MALAT1_A549_NGG_0075	1	0.0
balanced	MALAT1_A549_NGG_0075	2	0.0
balanced	MALAT1_A549_NGG_0075	3	0.0
balanced	MALAT1_A549_NGG_0075	4	0.0
balanced	MALAT1_A549_NGG_0075	5	0.0
balanced	MALAT1_A549_NGG_0075	6	0.0
balanced	MALAT1_A549_NGG_0075	7	0.0
balanced	MALAT1_A549_NGG_0075	8	0.0
balanced	MALAT1_A549_NGG_0075	9	0.0
balanced	MALAT1_A549_NGG_0075	10	0.0
balanced	MALAT1_A549_NGG_0075	11	3.333e-05
balanced	MALAT1_A549_NGG_0075	12	0.0003
balanced	MALAT1_A549_NGG_0075	13	0.00026667
balanced	MALAT1_A549_NGG_0075	14	0.0004
balanced	MALAT1_A549_NGG_0075	15	0.001
balanced	MALAT1_A549_NGG_0075	16	0.00103333
balanced	MALAT1_A549_NGG_0075	17	0.00183333
balanced	MALAT1_A549_NGG_0075	18	0.00243333
balanced	MALAT1_A549_NGG_0075	19	0.0026
balanced	MALAT1_A549_NGG_0075	20	0.00313333
balanced	MALAT1_A549_NGG_0075	21	0.00366667
balanced	MALAT1_A549_NGG_0075	22	0.0037
balanced	MALAT1_A549_NGG_0075	23	0.0046
balanced	MALAT1_A549_NGG_0075	24	0.00506667
balanced	MALAT1_A549_NGG_0075	25	0.00643333
balanced	MALAT1_A549_NGG_0075	26	0.0096
balanced	MALAT1_A549_NGG_0075	27	0.01276667
balanced	MALAT1_A549_NGG_0075	28	0.01446667
balanced	MALAT1_A549_NGG_0075	29	0.02023333
balanced	MALAT1_A549_NGG_0075	30	0.02456667
balanced	MALAT1_A549_NGG_0075	31	0.03443333
balanced	MALAT1_A549_NGG_0075	32	0.04686667
balanced	MALAT1_A549_NGG_0075	33	0.05813333
balanced	MALAT1_A549_NGG_0075	34	0.06566667
balanced	MALAT1_A549_NGG_0075	35	0.07943333
balanced	MALAT1_A549_NGG_0075	36	0.08743333
balanced	MALAT1_A549_NGG_0075	37	0.0899
balanced	MALAT1_A549_NGG_0075	38	0.08006667
balanced	MALAT1_A549_NGG_0075	39	0.06486667
balanced	MALAT1_A549_NGG_0075	40	0.05973333
balanced	MALAT1_A549_NGG_0075	41	0.049
balanced	MALAT1_A549_NGG_0075	42	0.04243333
balanced	MALAT1_A549_NGG_0075	43	0.02676667
balanced	MALAT1_A549_NGG_0075	44	0.02206667
balanced	MALAT1_A549_NGG_0075	45	0.01653333
balanced	MALAT1_A549_NGG_0075	46	0.01323333
balanced	MALAT1_A549_NGG_0075	47	0.01023333
balanced	MALAT1_A549_NGG_0075	48	0.00743333
balanced	MALAT1_A549_NGG_0075	49	0.0064
balanced	MALAT1_A549_NGG_0075	50	0.0047
balanced	MALAT1_A549_NGG_0075	51	0.00366667
balanced	MALAT1_A549_NGG_0075	52	0.0031
balanced	MALAT1_A549_NGG_0075	53	0.0023
balanced	MALAT1_A549_NGG_0075	54	0.0018
balanced	MALAT1_A549_NGG_0075	55	0.00136667
balanced	MALAT1_A549_NGG_0075	56	0.00113333
balanced	MALAT1_A549_NGG_0075	57	0.00063333
balanced	MALAT1_A549_NGG_0075	58	0.0006
balanced	MALAT1_A549_NGG_0075	59	0.0004
balanced	MALAT1_A549_NGG_0075	60	0.00056667
balanced	MALAT1_A549_NGG_0075	61	0.00023333
balanced	MALAT1_A549_NGG_0075	62	0.00026667
balanced	MALAT1_A549_NGG_0075	63	0.00016667
balanced	MALAT1_A549_NGG_0075	64	3.333e-05
balanced	MALAT1_A549_NGG_0075	65	3.333e-05
balanced	MALAT1_A549_NGG_0075	66	0.00013333
balanced	MALAT1_A549_NGG_0075	67	0.0
balanced	MALAT1_A549_NGG_0075	68	3.333e-05
balanced	MALAT1_A549_NGG_0075	69	0.0
balanced	MALAT1_A549_NGG_0075	70	3.333e-05
balanced	MALAT1_A549_NGG_0075	71	3.333e-05
balanced	MALAT1_A549_NGG_0075	72	0.0
balanced	MALAT1_A549_NGG_0075	73	0.0
balanced	MALAT1_A549_NGG_0075	74	0.0
balanced	MALAT1_A549_NGG_0075	75	0.0
balanced	MALAT1_A549_NGG_0075	76	0.0
balanced	MALAT1_A549_NGG_0075	77	0.0
balanced	MALAT1_A549_NGG_0075	78	0.0
balanced	MALAT1_A549_NGG_0075	79	0.0
balanced	MALAT1_A549_NGG_0075	80	0.0
balanced	MALAT1_A549_NGG_0075	81	0.0
balanced	MALAT1_A549_NGG_0075	82	0.0
balanced	MALAT1_A549_NGG_0075	83	0.0
balanced	MALAT1_A549_NGG_0075	84	0.0
balanced	MALAT1_A549_NGG_0075	85	0.0
balanced	MALAT1_A549_NGG_0075	86	0.0
balanced	MALAT1_A549_NGG_0076	1	0.07706667
balanced	MALAT1_A549_NGG_0076	2	0.0812
balanced	MALAT1_A549_NGG_0076	3	0.11843333
balanced	MALAT1_A549_NGG_0076	4	0.10983333
balanced	MALAT1_A549_NGG_0076	5	0.18743333
balanced	MALAT1_A549_NGG_0076	6	0.11013333
balanced	MALAT1_A549_NGG_0076	7	0.08863333
balanced	MALAT1_A549_NGG_0076	8	0.05136667
balanced	MALAT1_A549_NGG_0076	9	0.03186667
balanced	MALAT1_A549_NGG_0076	10	0.0228
balanced	MALAT1_A549_NGG_0076	11	0.01603333
balanced	MALAT1_A549_NGG_0076	12	0.01333333
balanced	MALAT1_A549_NGG_0076	13	0.0107
balanced	MALAT1_A549_NGG_0076	14	0.0101
balanced	MALAT1_A549_NGG_0076	15	0.009
balanced	MALAT1_A549_NGG_0076	16	0.01723333
balanced	MALAT1_A549_NGG_0076	17	0.0203
balanced	MALAT1_A549_NGG_0076	18	0.01266667
balanced	MALAT1_A549_NGG_0076	19	0.00706667
balanced	MALAT1_A549_NGG_0076	20	0.00183333
balanced	MALAT1_A549_NGG_0076	21	0.001
balanced	MALAT1_A549_NGG_0076	22	0.00063333
balanced	MALAT1_A549_NGG_0076	23	0.00056667
balanced	MALAT1_A549_NGG_0076	24	0.0004
balanced	MALAT1_A549_NGG_0076	25	0.0001
balanced	MALAT1_A549_NGG_0076	26	0.0001
balanced	MALAT1_A549_NGG_0076	27	6.667e-05
balanced	MALAT1_A549_NGG_0076	28	6.667e-05
balanced	MALAT1_A549_NGG_0076	29	0.0
balanced	MALAT1_A549_NGG_0076	30	3.333e-05
balanced	MALAT1_A549_NGG_0076	31	0.0
balanced	MALAT1_A549_NGG_0076	32	0.0
balanced	MALAT1_A549_NGG_0076	33	0.0
balanced	MALAT1_A549_NGG_0076	34	0.0
balanced	MALAT1_A549_NGG_0076	35	0.0
balanced	MALAT1_A549_NGG_0076	36	0.0
balanced	MALAT1_A549_NGG_0076	37	0.0
balanced	MALAT1_A549_NGG_0076	38	0.0
balanced	MALAT1_A549_NGG_0076	39	0.0
balanced	MALAT1_A549_NGG_0076	40	0.0
balanced	MALAT1_A549_NGG_0076	41	0.0
balanced	MALAT1_A549_NGG_0076	42	0.0
balanced	MALAT1_A549_NGG_0076	43	0.0
balanced	MALAT1_A549_NGG_0076	44	0.0
balanced	MALAT1_A549_NGG_0076	45	0.0
balanced	MALAT1_A549_NGG_0076	46	0.0
balanced	MALAT1_A549_NGG_0076	47	0.0
balanced	MALAT1_A549_NGG_0076	48	0.0
balanced	MALAT1_A549_NGG_0076	49	0.0
balanced	MALAT1_A549_NGG_0076	50	0.0
balanced	MALAT1_A549_NGG_0076	51	0.0
balanced	MALAT1_A549_NGG_0076	52	0.0
balanced	MALAT1_A549_NGG_0076	53	0.0
balanced	MALAT1_A549_NGG_0076	54	0.0
balanced	MALAT1_A549_NGG_0076	55	0.0
balanced	MALAT1_A549_NGG_0076	56	0.0
balanced	MALAT1_A549_NGG_0076	57	0.0
balanced	MALAT1_A549_NGG_0076	58	0.0
balanced	MALAT1_A549_NGG_0076	59	0.0
balanced	MALAT1_A549_NGG_0076	60	0.0
balanced	MALAT1_A549_NGG_0076	61	0.0
balanced	MALAT1_A549_NGG_0076	62	0.0
balanced	MALAT1_A549_NGG_0076	63	0.0
balanced	MALAT1_A549_NGG_0076	64	0.0
balanced	MALAT1_A549_NGG_0076	65	0.0
balanced	MALAT1_A549_NGG_0076	66	0.0
balanced	MALAT1_A549_NGG_0076	67	0.0
balanced	MALAT1_A549_NGG_0076	68	0.0
balanced	MALAT1_A549_NGG_0076	69	0.0
balanced	MALAT1_A549_NGG_0076	70	0.0
balanced	MALAT1_A549_NGG_0076	71	0.0
balanced	MALAT1_A549_NGG_0076	72	0.0
balanced	MALAT1_A549_NGG_0076	73	0.0
balanced	MALAT1_A549_NGG_0076	74	0.0
balanced	MALAT1_A549_NGG_0076	75	0.0
balanced	MALAT1_A549_NGG_0076	76	0.0
balanced	MALAT1_A549_NGG_0076	77	0.0
balanced	MALAT1_A549_NGG_0076	78	0.0
balanced	MALAT1_A549_NGG_0076	79	0.0
balanced	MALAT1_A549_NGG_0076	80	0.0
balanced	MALAT1_A549_NGG_0076	81	0.0
balanced	MALAT1_A549_NGG_0076	82	0.0
balanced	MALAT1_A549_NGG_0076	83	0.0
balanced	MALAT1_A549_NGG_0076	84	0.0
balanced	MALAT1_A549_NGG_0076	85	0.0
balanced	MALAT1_A549_NGG_0076	86	0.0
balanced	MALAT1_A549_NGG_0077	1	0.0
balanced	MALAT1_A549_NGG_0077	2	0.0
balanced	MALAT1_A549_NGG_0077	3	0.0
balanced	MALAT1_A549_NGG_0077	4	0.0
balanced	MALAT1_A549_NGG_0077	5	3.333e-05
balanced	MALAT1_A549_NGG_0077	6	0.00036667
balanced	MALAT1_A549_NGG_0077	7	0.0004
balanced	MALAT1_A549_NGG_0077	8	0.00103333
balanced	MALAT1_A549_NGG_0077	9	0.00273333
balanced	MALAT1_A549_NGG_0077	10	0.00423333
balanced	MALAT1_A549_NGG_0077	11	0.00666667
balanced	MALAT1_A549_NGG_0077	12	0.00886667
balanced	MALAT1_A549_NGG_0077	13	0.0093
balanced	MALAT1_A549_NGG_0077	14	0.0114
balanced	MALAT1_A549_NGG_0077	15	0.0126
balanced	MALAT1_A549_NGG_0077	16	0.0136
balanced	MALAT1_A549_NGG_0077	17	0.01393333
balanced	MALAT1_A549_NGG_0077	18	0.01606667
balanced	MALAT1_A549_NGG_0077	19	0.0165
balanced	MALAT1_A549_NGG_0077	20	0.0198
balanced	MALAT1_A549_NGG_0077	21	0.0234
balanced	MALAT1_A549_NGG_0077	22	0.02803333
balanced	MALAT1_A549_NGG_0077	23	0.0315
balanced	MALAT1_A549_NGG_0077	24	0.03786667
balanced	MALAT1_A549_NGG_0077	25	0.04386667
balanced	MALAT1_A549_NGG_0077	26	0.0495
balanced	MALAT1_A549_NGG_0077	27	0.0567
balanced	MALAT1_A549_NGG_0077	28	0.06056667
balanced	MALAT1_A549_NGG_0077	29	0.0698
balanced	MALAT1_A549_NGG_0077	30	0.07426667
balanced	MALAT1_A549_NGG_0077	31	0.0751
balanced	MALAT1_A549_NGG_0077	32	0.07073333
balanced	MALAT1_A549_NGG_0077	33	0.06053333
balanced	MALAT1_A549_NGG_0077	34	0.0466
balanced	MALAT1_A549_NGG_0077	35	0.0385
balanced	MALAT1_A549_NGG_0077	36	0.02823333
balanced	MALAT1_A549_NGG_0077	37	0.02143333
balanced	MALAT1_A549_NGG_0077	38	0.0149
balanced	MALAT1_A549_NGG_0077	39	0.01043333
balanced	MALAT1_A549_NGG_0077	40	0.0069
balanced	MALAT1_A549_NGG_0077	41	0.00426667
balanced	MALAT1_A549_NGG_0077	42	0.0031
balanced	MALAT1_A549_NGG_0077	43	0.0014
balanced	MALAT1_A549_NGG_0077	44	0.00103333
balanced	MALAT1_A549_NGG_0077	45	0.0011
balanced	MALAT1_A549_NGG_0077	46	0.00063333
balanced	MALAT1_A549_NGG_0077	47	0.00043333
balanced	MALAT1_A549_NGG_0077	48	0.00026667
balanced	MALAT1_A549_NGG_0077	49	0.00046667
balanced	MALAT1_A549_NGG_0077	50	0.0003
balanced	MALAT1_A549_NGG_0077	51	0.00023333
balanced	MALAT1_A549_NGG_0077	52	0.0001
balanced	MALAT1_A549_NGG_0077	53	3.333e-05
balanced	MALAT1_A549_NGG_0077	54	3.333e-05
balanced	MALAT1_A549_NGG_0077	55	3.333e-05
balanced	MALAT1_A549_NGG_0077	56	0.0
balanced	MALAT1_A549_NGG_0077	57	0.0001
balanced	MALAT1_A549_NGG_0077	58	6.667e-05
balanced	MALAT1_A549_NGG_0077	59	0.0
balanced	MALAT1_A549_NGG_0077	60	0.0
balanced	MALAT1_A549_NGG_0077	61	0.0
balanced	MALAT1_A549_NGG_0077	62	0.0
balanced	MALAT1_A549_NGG_0077	63	0.0
balanced	MALAT1_A549_NGG_0077	64	0.0
balanced	MALAT1_A549_NGG_0077	65	0.0
balanced	MALAT1_A549_NGG_0077	66	0.0
balanced	MALAT1_A549_NGG_0077	67	0.0
balanced	MALAT1_A549_NGG_0077	68	0.0
balanced	MALAT1_A549_NGG_0077	69	0.0
balanced	MALAT1_A549_NGG_0077	70	0.0
balanced	MALAT1_A549_NGG_0077	71	0.0
balanced	MALAT1_A549_NGG_0077	72	0.0
balanced	MALAT1_A549_NGG_0077	73	0.0
balanced	MALAT1_A549_NGG_0077	74	0.0
balanced	MALAT1_A549_NGG_0077	75	0.0
balanced	MALAT1_A549_NGG_0077	76	0.0
balanced	MALAT1_A549_NGG_0077	77	0.0
balanced	MALAT1_A549_NGG_0077	78	0.0
balanced	MALAT1_A549_NGG_0077	79	0.0
balanced	MALAT1_A549_NGG_0077	80	0.0
balanced	MALAT1_A549_NGG_0077	81	0.0
balanced	MALAT1_A549_NGG_0077	82	0.0
balanced	MALAT1_A549_NGG_0077	83	0.0
balanced	MALAT1_A549_NGG_0077	84	0.0
balanced	MALAT1_A549_NGG_0077	85	0.0
balanced	MALAT1_A549_NGG_0077	86	0.0
balanced	MALAT1_A549_NGG_0078	1	0.0
balanced	MALAT1_A549_NGG_0078	2	0.0
balanced	MALAT1_A549_NGG_0078	3	0.0
balanced	MALAT1_A549_NGG_0078	4	0.0
balanced	MALAT1_A549_NGG_0078	5	3.333e-05
balanced	MALAT1_A549_NGG_0078	6	3.333e-05
balanced	MALAT1_A549_NGG_0078	7	6.667e-05
balanced	MALAT1_A549_NGG_0078	8	0.00043333
balanced	MALAT1_A549_NGG_0078	9	0.0009
balanced	MALAT1_A549_NGG_0078	10	0.0019
balanced	MALAT1_A549_NGG_0078	11	0.00226667
balanced	MALAT1_A549_NGG_0078	12	0.00396667
balanced	MALAT1_A549_NGG_0078	13	0.00463333
balanced	MALAT1_A549_NGG_0078	14	0.00583333
balanced	MALAT1_A549_NGG_0078	15	0.0061
balanced	MALAT1_A549_NGG_0078	16	0.00806667
balanced	MALAT1_A549_NGG_0078	17	0.00906667
balanced	MALAT1_A549_NGG_0078	18	0.01096667
balanced	MALAT1_A549_NGG_0078	19	0.01096667
balanced	MALAT1_A549_NGG_0078	20	0.0124
balanced	MALAT1_A549_NGG_0078	21	0.0137
balanced	MALAT1_A549_NGG_0078	22	0.0175
balanced	MALAT1_A549_NGG_0078	23	0.01916667
balanced	MALAT1_A549_NGG_0078	24	0.0248
balanced	MALAT1_A549_NGG_0078	25	0.02896667
balanced	MALAT1_A549_NGG_0078	26	0.0335
balanced	MALAT1_A549_NGG_0078	27	0.0406
balanced	MALAT1_A549_NGG_0078	28	0.05003333
balanced	MALAT1_A549_NGG_0078	29	0.0532
balanced	MALAT1_A549_NGG_0078	30	0.0647
balanced	MALAT1_A549_NGG_0078	31	0.07433333
balanced	MALAT1_A549_NGG_0078	32	0.0792
balanced	MALAT1_A549_NGG_0078	33	0.08166667
balanced	MALAT1_A549_NGG_0078	34	0.07596667
balanced	MALAT1_A549_NGG_0078	35	0.0635
balanced	MALAT1_A549_NGG_0078	36	0.05156667
balanced	MALAT1_A549_NGG_0078	37	0.04156667
balanced	MALAT1_A549_NGG_0078	38	0.03103333
balanced	MALAT1_A549_NGG_0078	39	0.0238
balanced	MALAT1_A549_NGG_0078	40	0.01563333
balanced	MALAT1_A549_NGG_0078	41	0.0117
balanced	MALAT1_A549_NGG_0078	42	0.0079
balanced	MALAT1_A549_NGG_0078	43	0.00513333
balanced	MALAT1_A549_NGG_0078	44	0.0036
balanced	MALAT1_A549_NGG_0078	45	0.00226667
balanced	MALAT1_A549_NGG_0078	46	0.00173333
balanced	MALAT1_A549_NGG_0078	47	0.00126667
balanced	MALAT1_A549_NGG_0078	48	0.001
balanced	MALAT1_A549_NGG_0078	49	0.00086667
balanced	MALAT1_A549_NGG_0078	50	0.00076667
balanced	MALAT1_A549_NGG_0078	51	0.00043333
balanced	MALAT1_A549_NGG_0078	52	0.00036667
balanced	MALAT1_A549_NGG_0078	53	0.0003
balanced	MALAT1_A549_NGG_0078	54	0.00023333
balanced	MALAT1_A549_NGG_0078	55	0.0001
balanced	MALAT1_A549_NGG_0078	56	3.333e-05
balanced	MALAT1_A549_NGG_0078	57	6.667e-05
balanced	MALAT1_A549_NGG_0078	58	3.333e-05
balanced	MALAT1_A549_NGG_0078	59	3.333e-05
balanced	MALAT1_A549_NGG_0078	60	3.333e-05
balanced	MALAT1_A549_NGG_0078	61	3.333e-05
balanced	MALAT1_A549_NGG_0078	62	0.0
balanced	MALAT1_A549_NGG_0078	63	3.333e-05
balanced	MALAT1_A549_NGG_0078	64	0.0
balanced	MALAT1_A549_NGG_0078	65	0.0
balanced	MALAT1_A549_NGG_0078	66	0.0
balanced	MALAT1_A549_NGG_0078	67	0.0
balanced	MALAT1_A549_NGG_0078	68	0.0
balanced	MALAT1_A549_NGG_0078	69	0.0
balanced	MALAT1_A549_NGG_0078	70	0.0
balanced	MALAT1_A549_NGG_0078	71	0.0
balanced	MALAT1_A549_NGG_0078	72	0.0
balanced	MALAT1_A549_NGG_0078	73	0.0
balanced	MALAT1_A549_NGG_0078	74	0.0
balanced	MALAT1_A549_NGG_0078	75	0.0
balanced	MALAT1_A549_NGG_0078	76	0.0
balanced	MALAT1_A549_NGG_0078	77	0.0
balanced	MALAT1_A549_NGG_0078	78	0.0
balanced	MALAT1_A549_NGG_0078	79	0.0
balanced	MALAT1_A549_NGG_0078	80	0.0
balanced	MALAT1_A549_NGG_0078	81	0.0
balanced	MALAT1_A549_NGG_0078	82	0.0
balanced	MALAT1_A549_NGG_0078	83	0.0
balanced	MALAT1_A549_NGG_0078	84	0.0
balanced	MALAT1_A549_NGG_0078	85	0.0
balanced	MALAT1_A549_NGG_0078	86	0.0
balanced	MALAT1_A549_NGG_0079	1	0.0
balanced	MALAT1_A549_NGG_0079	2	0.00013333
balanced	MALAT1_A549_NGG_0079	3	0.00136667
balanced	MALAT1_A549_NGG_0079	4	0.00306667
balanced	MALAT1_A549_NGG_0079	5	0.0071
balanced	MALAT1_A549_NGG_0079	6	0.01266667
balanced	MALAT1_A549_NGG_0079	7	0.02836667
balanced	MALAT1_A549_NGG_0079	8	0.03993333
balanced	MALAT1_A549_NGG_0079	9	0.04836667
balanced	MALAT1_A549_NGG_0079	10	0.04993333
balanced	MALAT1_A549_NGG_0079	11	0.04673333
balanced	MALAT1_A549_NGG_0079	12	0.04483333
balanced	MALAT1_A549_NGG_0079	13	0.0401
balanced	MALAT1_A549_NGG_0079	14	0.0393
balanced	MALAT1_A549_NGG_0079	15	0.03613333
balanced	MALAT1_A549_NGG_0079	16	0.0364
balanced	MALAT1_A549_NGG_0079	17	0.03726667
balanced	MALAT1_A549_NGG_0079	18	0.03996667
balanced	MALAT1_A549_NGG_0079	19	0.04996667
balanced	MALAT1_A549_NGG_0079	20	0.05863333
balanced	MALAT1_A549_NGG_0079	21	0.056
balanced	MALAT1_A549_NGG_0079	22	0.05053333
balanced	MALAT1_A549_NGG_0079	23	0.04883333
balanced	MALAT1_A549_NGG_0079	24	0.04786667
balanced	MALAT1_A549_NGG_0079	25	0.0445
balanced	MALAT1_A549_NGG_0079	26	0.0379
balanced	MALAT1_A549_NGG_0079	27	0.0286
balanced	MALAT1_A549_NGG_0079	28	0.02293333
balanced	MALAT1_A549_NGG_0079	29	0.0154
balanced	MALAT1_A549_NGG_0079	30	0.01026667
balanced	MALAT1_A549_NGG_0079	31	0.0057
balanced	MALAT1_A549_NGG_0079	32	0.00333333
balanced	MALAT1_A549_NGG_0079	33	0.0027
balanced	MALAT1_A549_NGG_0079	34	0.00196667
balanced	MALAT1_A549_NGG_0079	35	0.00173333
balanced	MALAT1_A549_NGG_0079	36	0.0007
balanced	MALAT1_A549_NGG_0079	37	0.0005
balanced	MALAT1_A549_NGG_0079	38	0.0001
balanced	MALAT1_A549_NGG_0079	39	6.667e-05
balanced	MALAT1_A549_NGG_0079	40	3.333e-05
balanced	MALAT1_A549_NGG_0079	41	0.0
balanced	MALAT1_A549_NGG_0079	42	3.333e-05
balanced	MALAT1_A549_NGG_0079	43	0.0
balanced	MALAT1_A549_NGG_0079	44	0.0
balanced	MALAT1_A549_NGG_0079	45	3.333e-05
balanced	MALAT1_A549_NGG_0079	46	0.0
balanced	MALAT1_A549_NGG_0079	47	0.0
balanced	MALAT1_A549_NGG_0079	48	0.0
balanced	MALAT1_A549_NGG_0079	49	0.0
balanced	MALAT1_A549_NGG_0079	50	0.0
balanced	MALAT1_A549_NGG_0079	51	0.0
balanced	MALAT1_A549_NGG_0079	52	0.0
balanced	MALAT1_A549_NGG_0079	53	0.0
balanced	MALAT1_A549_NGG_0079	54	0.0
balanced	MALAT1_A549_NGG_0079	55	0.0
balanced	MALAT1_A549_NGG_0079	56	0.0
balanced	MALAT1_A549_NGG_0079	57	0.0
balanced	MALAT1_A549_NGG_0079	58	0.0
balanced	MALAT1_A549_NGG_0079	59	0.0
balanced	MALAT1_A549_NGG_0079	60	0.0
balanced	MALAT1_A549_NGG_0079	61	0.0
balanced	MALAT1_A549_NGG_0079	62	0.0
balanced	MALAT1_A549_NGG_0079	63	0.0
balanced	MALAT1_A549_NGG_0079	64	0.0
balanced	MALAT1_A549_NGG_0079	65	0.0
balanced	MALAT1_A549_NGG_0079	66	0.0
balanced	MALAT1_A549_NGG_0079	67	0.0
balanced	MALAT1_A549_NGG_0079	68	0.0
balanced	MALAT1_A549_NGG_0079	69	0.0
balanced	MALAT1_A549_NGG_0079	70	0.0
balanced	MALAT1_A549_NGG_0079	71	0.0
balanced	MALAT1_A549_NGG_0079	72	0.0
balanced	MALAT1_A549_NGG_0079	73	0.0
balanced	MALAT1_A549_NGG_0079	74	0.0
balanced	MALAT1_A549_NGG_0079	75	0.0
balanced	MALAT1_A549_NGG_0079	76	0.0
balanced	MALAT1_A549_NGG_0079	77	0.0
balanced	MALAT1_A549_NGG_0079	78	0.0
balanced	MALAT1_A549_NGG_0079	79	0.0
balanced	MALAT1_A549_NGG_0079	80	0.0
balanced	MALAT1_A549_NGG_0079	81	0.0
balanced	MALAT1_A549_NGG_0079	82	0.0
balanced	MALAT1_A549_NGG_0079	83	0.0
balanced	MALAT1_A549_NGG_0079	84	0.0
balanced	MALAT1_A549_NGG_0079	85	0.0
balanced	MALAT1_A549_NGG_0079	86	0.0
balanced	MALAT1_A549_NGG_0080	1	0.0
balanced	MALAT1_A549_NGG_0080	2	0.0
balanced	MALAT1_A549_NGG_0080	3	0.0
balanced	MALAT1_A549_NGG_0080	4	0.0
balanced	MALAT1_A549_NGG_0080	5	0.0
balanced	MALAT1_A549_NGG_0080	6	0.0
balanced	MALAT1_A549_NGG_0080	7	0.0
balanced	MALAT1_A549_NGG_0080	8	0.0
balanced	MALAT1_A549_NGG_0080	9	0.0
balanced	MALAT1_A549_NGG_0080	10	0.0
balanced	MALAT1_A549_NGG_0080	11	0.0
balanced	MALAT1_A549_NGG_0080	12	0.0
balanced	MALAT1_A549_NGG_0080	13	0.0
balanced	MALAT1_A549_NGG_0080	14	0.0
balanced	MALAT1_A549_NGG_0080	15	0.0
balanced	MALAT1_A549_NGG_0080	16	0.0
balanced	MALAT1_A549_NGG_0080	17	0.0
balanced	MALAT1_A549_NGG_0080	18	0.0
balanced	MALAT1_A549_NGG_0080	19	0.0
balanced	MALAT1_A549_NGG_0080	20	0.0
balanced	MALAT1_A549_NGG_0080	21	0.0
balanced	MALAT1_A549_NGG_0080	22	0.0
balanced	MALAT1_A549_NGG_0080	23	0.0
balanced	MALAT1_A549_NGG_0080	24	0.0
balanced	MALAT1_A549_NGG_0080	25	0.0
balanced	MALAT1_A549_NGG_0080	26	0.0
balanced	MALAT1_A549_NGG_0080	27	0.0
balanced	MALAT1_A549_NGG_0080	28	0.0
balanced	MALAT1_A549_NGG_0080	29	0.0
balanced	MALAT1_A549_NGG_0080	30	0.0
balanced	MALAT1_A549_NGG_0080	31	0.0
balanced	MALAT1_A549_NGG_0080	32	0.0
balanced	MALAT1_A549_NGG_0080	33	0.0
balanced	MALAT1_A549_NGG_0080	34	0.0
balanced	MALAT1_A549_NGG_0080	35	3.333e-05
balanced	MALAT1_A549_NGG_0080	36	3.333e-05
balanced	MALAT1_A549_NGG_0080	37	0.0001
balanced	MALAT1_A549_NGG_0080	38	0.0001
balanced	MALAT1_A549_NGG_0080	39	0.00013333
balanced	MALAT1_A549_NGG_0080	40	0.00016667
balanced	MALAT1_A549_NGG_0080	41	0.00036667
balanced	MALAT1_A549_NGG_0080	42	0.0006
balanced	MALAT1_A549_NGG_0080	43	0.00086667
balanced	MALAT1_A549_NGG_0080	44	0.00136667
balanced	MALAT1_A549_NGG_0080	45	0.0032
balanced	MALAT1_A549_NGG_0080	46	0.00486667
balanced	MALAT1_A549_NGG_0080	47	0.0039
balanced	MALAT1_A549_NGG_0080	48	0.00403333
balanced	MALAT1_A549_NGG_0080	49	0.00566667
balanced	MALAT1_A549_NGG_0080	50	0.01046667
balanced	MALAT1_A549_NGG_0080	51	0.0103
balanced	MALAT1_A549_NGG_0080	52	0.0089
balanced	MALAT1_A549_NGG_0080	53	0.0095
balanced	MALAT1_A549_NGG_0080	54	0.0102
balanced	MALAT1_A549_NGG_0080	55	0.0108
balanced	MALAT1_A549_NGG_0080	56	0.0115
balanced	MALAT1_A549_NGG_0080	57	0.0116
balanced	MALAT1_A549_NGG_0080	58	0.01393333
balanced	MALAT1_A549_NGG_0080	59	0.01356667
balanced	MALAT1_A549_NGG_0080	60	0.01553333
balanced	MALAT1_A549_NGG_0080	61	0.01833333
balanced	MALAT1_A549_NGG_0080	62	0.02093333
balanced	MALAT1_A549_NGG_0080	63	0.02166667
balanced	MALAT1_A549_NGG_0080	64	0.02606667
balanced	MALAT1_A549_NGG_0080	65	0.02783333
balanced	MALAT1_A549_NGG_0080	66	0.02823333
balanced	MALAT1_A549_NGG_0080	67	0.02716667
balanced	MALAT1_A549_NGG_0080	68	0.03363333
balanced	MALAT1_A549_NGG_0080	69	0.03856667
balanced	MALAT1_A549_NGG_0080	70	0.04786667
balanced	MALAT1_A549_NGG_0080	71	0.05703333
balanced	MALAT1_A549_NGG_0080	72	0.064
balanced	MALAT1_A549_NGG_0080	73	0.08853333
balanced	MALAT1_A549_NGG_0080	74	0.09713333
balanced	MALAT1_A549_NGG_0080	75	0.11346667
balanced	MALAT1_A549_NGG_0080	76	0.05993333
balanced	MALAT1_A549_NGG_0080	77	0.03093333
balanced	MALAT1_A549_NGG_0080	78	0.01693333
balanced	MALAT1_A549_NGG_0080	79	0.0092
balanced	MALAT1_A549_NGG_0080	80	0.0067
balanced	MALAT1_A549_NGG_0080	81	0.00436667
balanced	MALAT1_A549_NGG_0080	82	0.00376667
balanced	MALAT1_A549_NGG_0080	83	0.00426667
balanced	MALAT1_A549_NGG_0080	84	0.00143333
balanced	MALAT1_A549_NGG_0080	85	0.00026667
balanced	MALAT1_A549_NGG_0080	86	0.0
balanced	MALAT1_A549_NGG_0081	1	0.0
balanced	MALAT1_A549_NGG_0081	2	0.0
balanced	MALAT1_A549_NGG_0081	3	0.0
balanced	MALAT1_A549_NGG_0081	4	0.0
balanced	MALAT1_A549_NGG_0081	5	0.0
balanced	MALAT1_A549_NGG_0081	6	0.0
balanced	MALAT1_A549_NGG_0081	7	0.0
balanced	MALAT1_A549_NGG_0081	8	0.0
balanced	MALAT1_A549_NGG_0081	9	0.0
balanced	MALAT1_A549_NGG_0081	10	0.0
balanced	MALAT1_A549_NGG_0081	11	0.0
balanced	MALAT1_A549_NGG_0081	12	0.0
balanced	MALAT1_A549_NGG_0081	13	0.0
balanced	MALAT1_A549_NGG_0081	14	0.0
balanced	MALAT1_A549_NGG_0081	15	0.0
balanced	MALAT1_A549_NGG_0081	16	0.0
balanced	MALAT1_A549_NGG_0081	17	0.0
balanced	MALAT1_A549_NGG_0081	18	0.0
balanced	MALAT1_A549_NGG_0081	19	0.0
balanced	MALAT1_A549_NGG_0081	20	0.0
balanced	MALAT1_A549_NGG_0081	21	0.0
balanced	MALAT1_A549_NGG_0081	22	0.0
balanced	MALAT1_A549_NGG_0081	23	0.0
balanced	MALAT1_A549_NGG_0081	24	0.0
balanced	MALAT1_A549_NGG_0081	25	0.0
balanced	MALAT1_A549_NGG_0081	26	0.0
balanced	MALAT1_A549_NGG_0081	27	0.0
balanced	MALAT1_A549_NGG_0081	28	0.0
balanced	MALAT1_A549_NGG_0081	29	0.0
balanced	MALAT1_A549_NGG_0081	30	0.0
balanced	MALAT1_A549_NGG_0081	31	3.333e-05
balanced	MALAT1_A549_NGG_0081	32	0.0
balanced	MALAT1_A549_NGG_0081	33	0.0
balanced	MALAT1_A549_NGG_0081	34	0.0
balanced	MALAT1_A549_NGG_0081	35	0.0
balanced	MALAT1_A549_NGG_0081	36	0.0
balanced	MALAT1_A549_NGG_0081	37	0.0
balanced	MALAT1_A549_NGG_0081	38	6.667e-05
balanced	MALAT1_A549_NGG_0081	39	3.333e-05
balanced	MALAT1_A549_NGG_0081	40	6.667e-05
balanced	MALAT1_A549_NGG_0081	41	3.333e-05
balanced	MALAT1_A549_NGG_0081	42	3.333e-05
balanced	MALAT1_A549_NGG_0081	43	0.00016667
balanced	MALAT1_A549_NGG_0081	44	6.667e-05
balanced	MALAT1_A549_NGG_0081	45	0.00033333
balanced	MALAT1_A549_NGG_0081	46	0.00096667
balanced	MALAT1_A549_NGG_0081	47	0.00196667
balanced	MALAT1_A549_NGG_0081	48	0.00143333
balanced	MALAT1_A549_NGG_0081	49	0.00146667
balanced	MALAT1_A549_NGG_0081	50	0.00166667
balanced	MALAT1_A549_NGG_0081	51	0.00243333
balanced	MALAT1_A549_NGG_0081	52	0.00456667
balanced	MALAT1_A549_NGG_0081	53	0.00386667
balanced	MALAT1_A549_NGG_0081	54	0.00396667
balanced	MALAT1_A549_NGG_0081	55	0.00456667
balanced	MALAT1_A549_NGG_0081	56	0.0054
balanced	MALAT1_A549_NGG_0081	57	0.00496667
balanced	MALAT1_A549_NGG_0081	58	0.0053
balanced	MALAT1_A549_NGG_0081	59	0.00686667
balanced	MALAT1_A549_NGG_0081	60	0.00693333
balanced	MALAT1_A549_NGG_0081	61	0.00833333
balanced	MALAT1_A549_NGG_0081	62	0.00903333
balanced	MALAT1_A549_NGG_0081	63	0.01266667
balanced	MALAT1_A549_NGG_0081	64	0.01353333
balanced	MALAT1_A549_NGG_0081	65	0.0172
balanced	MALAT1_A549_NGG_0081	66	0.01846667
balanced	MALAT1_A549_NGG_0081	67	0.02106667
balanced	MALAT1_A549_NGG_0081	68	0.0207
balanced	MALAT1_A549_NGG_0081	69	0.02156667
balanced	MALAT1_A549_NGG_0081	70	0.02503333
balanced	MALAT1_A549_NGG_0081	71	0.03203333
balanced	MALAT1_A549_NGG_0081	72	0.04546667
balanced	MALAT1_A549_NGG_0081	73	0.05116667
balanced	MALAT1_A549_NGG_0081	74	0.06833333
balanced	MALAT1_A549_NGG_0081	75	0.1011
balanced	MALAT1_A549_NGG_0081	76	0.15576667
balanced	MALAT1_A549_NGG_0081	77	0.11106667
balanced	MALAT1_A549_NGG_0081	78	0.0682
balanced	MALAT1_A549_NGG_0081	79	0.04063333
balanced	MALAT1_A549_NGG_0081	80	0.0253
balanced	MALAT1_A549_NGG_0081	81	0.01953333
balanced	MALAT1_A549_NGG_0081	82	0.01516667
balanced	MALAT1_A549_NGG_0081	83	0.01433333
balanced	MALAT1_A549_NGG_0081	84	0.02026667
balanced	MALAT1_A549_NGG_0081	85	0.00613333
balanced	MALAT1_A549_NGG_0081	86	0.0007
balanced	MALAT1_A549_NGG_0082	1	0.0
balanced	MALAT1_A549_NGG_0082	2	0.0
balanced	MALAT1_A549_NGG_0082	3	0.0
balanced	MALAT1_A549_NGG_0082	4	0.0
balanced	MALAT1_A549_NGG_0082	5	0.0
balanced	MALAT1_A549_NGG_0082	6	0.0
balanced	MALAT1_A549_NGG_0082	7	0.0
balanced	MALAT1_A549_NGG_0082	8	0.0
balanced	MALAT1_A549_NGG_0082	9	0.0
balanced	MALAT1_A549_NGG_0082	10	0.0
balanced	MALAT1_A549_NGG_0082	11	0.0
balanced	MALAT1_A549_NGG_0082	12	0.0
balanced	MALAT1_A549_NGG_0082	13	0.0
balanced	MALAT1_A549_NGG_0082	14	0.0
balanced	MALAT1_A549_NGG_0082	15	0.0
balanced	MALAT1_A549_NGG_0082	16	0.0
balanced	MALAT1_A549_NGG_0082	17	0.0
balanced	MALAT1_A549_NGG_0082	18	0.0
balanced	MALAT1_A549_NGG_0082	19	0.0
balanced	MALAT1_A549_NGG_0082	20	0.0
balanced	MALAT1_A549_NGG_0082	21	0.0
balanced	MALAT1_A549_NGG_0082	22	0.0
balanced	MALAT1_A549_NGG_0082	23	0.0
balanced	MALAT1_A549_NGG_0082	24	0.0
balanced	MALAT1_A549_NGG_0082	25	0.0
balanced	MALAT1_A549_NGG_0082	26	0.0
balanced	MALAT1_A549_NGG_0082	27	0.0
balanced	MALAT1_A549_NGG_0082	28	0.0
balanced	MALAT1_A549_NGG_0082	29	0.0
balanced	MALAT1_A549_NGG_0082	30	0.0
balanced	MALAT1_A549_NGG_0082	31	0.0
balanced	MALAT1_A549_NGG_0082	32	0.0
balanced	MALAT1_A549_NGG_0082	33	0.0
balanced	MALAT1_A549_NGG_0082	34	0.0
balanced	MALAT1_A549_NGG_0082	35	0.0
balanced	MALAT1_A549_NGG_0082	36	0.0
balanced	MALAT1_A549_NGG_0082	37	0.0
balanced	MALAT1_A549_NGG_0082	38	0.0
balanced	MALAT1_A549_NGG_0082	39	0.0
balanced	MALAT1_A549_NGG_0082	40	0.0
balanced	MALAT1_A549_NGG_0082	41	0.0
balanced	MALAT1_A549_NGG_0082	42	0.0
balanced	MALAT1_A549_NGG_0082	43	3.333e-05
balanced	MALAT1_A549_NGG_0082	44	3.333e-05
balanced	MALAT1_A549_NGG_0082	45	6.667e-05
balanced	MALAT1_A549_NGG_0082	46	0.0001
balanced	MALAT1_A549_NGG_0082	47	6.667e-05
balanced	MALAT1_A549_NGG_0082	48	0.00053333
balanced	MALAT1_A549_NGG_0082	49	0.00056667
balanced	MALAT1_A549_NGG_0082	50	0.00053333
balanced	MALAT1_A549_NGG_0082	51	0.00056667
balanced	MALAT1_A549_NGG_0082	52	0.00073333
balanced	MALAT1_A549_NGG_0082	53	0.0007
balanced	MALAT1_A549_NGG_0082	54	0.00113333
balanced	MALAT1_A549_NGG_0082	55	0.00163333
balanced	MALAT1_A549_NGG_0082	56	0.00143333
balanced	MALAT1_A549_NGG_0082	57	0.00173333
balanced	MALAT1_A549_NGG_0082	58	0.00193333
balanced	MALAT1_A549_NGG_0082	59	0.002
balanced	MALAT1_A549_NGG_0082	60	0.00226667
balanced	MALAT1_A549_NGG_0082	61	0.00276667
balanced	MALAT1_A549_NGG_0082	62	0.00283333
balanced	MALAT1_A549_NGG_0082	63	0.00353333
balanced	MALAT1_A549_NGG_0082	64	0.00423333
balanced	MALAT1_A549_NGG_0082	65	0.00556667
balanced	MALAT1_A549_NGG_0082	66	0.0057
balanced	MALAT1_A549_NGG_0082	67	0.00736667
balanced	MALAT1_A549_NGG_0082	68	0.00816667
balanced	MALAT1_A549_NGG_0082	69	0.01056667
balanced	MALAT1_A549_NGG_0082	70	0.01083333
balanced	MALAT1_A549_NGG_0082	71	0.01276667
balanced	MALAT1_A549_NGG_0082	72	0.01473333
balanced	MALAT1_A549_NGG_0082	73	0.02003333
balanced	MALAT1_A549_NGG_0082	74	0.0253
balanced	MALAT1_A549_NGG_0082	75	0.03433333
balanced	MALAT1_A549_NGG_0082	76	0.06043333
balanced	MALAT1_A549_NGG_0082	77	0.1075
balanced	MALAT1_A549_NGG_0082	78	0.1421
balanced	MALAT1_A549_NGG_0082	79	0.10463333
balanced	MALAT1_A549_NGG_0082	80	0.0756
balanced	MALAT1_A549_NGG_0082	81	0.05693333
balanced	MALAT1_A549_NGG_0082	82	0.0486
balanced	MALAT1_A549_NGG_0082	83	0.0465
balanced	MALAT1_A549_NGG_0082	84	0.04293333
balanced	MALAT1_A549_NGG_0082	85	0.0723
balanced	MALAT1_A549_NGG_0082	86	0.05766667
balanced	MALAT1_A549_NGG_0083	1	0.0
balanced	MALAT1_A549_NGG_0083	2	0.0
balanced	MALAT1_A549_NGG_0083	3	0.0
balanced	MALAT1_A549_NGG_0083	4	0.0
balanced	MALAT1_A549_NGG_0083	5	0.0
balanced	MALAT1_A549_NGG_0083	6	0.0
balanced	MALAT1_A549_NGG_0083	7	0.0
balanced	MALAT1_A549_NGG_0083	8	0.0
balanced	MALAT1_A549_NGG_0083	9	0.0
balanced	MALAT1_A549_NGG_0083	10	0.0
balanced	MALAT1_A549_NGG_0083	11	0.0
balanced	MALAT1_A549_NGG_0083	12	0.0
balanced	MALAT1_A549_NGG_0083	13	0.0
balanced	MALAT1_A549_NGG_0083	14	0.0
balanced	MALAT1_A549_NGG_0083	15	0.0
balanced	MALAT1_A549_NGG_0083	16	0.0
balanced	MALAT1_A549_NGG_0083	17	0.0
balanced	MALAT1_A549_NGG_0083	18	0.0
balanced	MALAT1_A549_NGG_0083	19	3.333e-05
balanced	MALAT1_A549_NGG_0083	20	0.0
balanced	MALAT1_A549_NGG_0083	21	0.0
balanced	MALAT1_A549_NGG_0083	22	0.0
balanced	MALAT1_A549_NGG_0083	23	3.333e-05
balanced	MALAT1_A549_NGG_0083	24	0.0
balanced	MALAT1_A549_NGG_0083	25	0.00013333
balanced	MALAT1_A549_NGG_0083	26	3.333e-05
balanced	MALAT1_A549_NGG_0083	27	6.667e-05
balanced	MALAT1_A549_NGG_0083	28	6.667e-05
balanced	MALAT1_A549_NGG_0083	29	3.333e-05
balanced	MALAT1_A549_NGG_0083	30	0.00016667
balanced	MALAT1_A549_NGG_0083	31	0.00013333
balanced	MALAT1_A549_NGG_0083	32	0.00013333
balanced	MALAT1_A549_NGG_0083	33	0.0002
balanced	MALAT1_A549_NGG_0083	34	0.0002
balanced	MALAT1_A549_NGG_0083	35	0.00043333
balanced	MALAT1_A549_NGG_0083	36	0.00033333
balanced	MALAT1_A549_NGG_0083	37	0.00033333
balanced	MALAT1_A549_NGG_0083	38	0.00086667
balanced	MALAT1_A549_NGG_0083	39	0.00106667
balanced	MALAT1_A549_NGG_0083	40	0.00156667
balanced	MALAT1_A549_NGG_0083	41	0.00156667
balanced	MALAT1_A549_NGG_0083	42	0.0025
balanced	MALAT1_A549_NGG_0083	43	0.00526667
balanced	MALAT1_A549_NGG_0083	44	0.0074
balanced	MALAT1_A549_NGG_0083	45	0.00793333
balanced	MALAT1_A549_NGG_0083	46	0.00836667
balanced	MALAT1_A549_NGG_0083	47	0.0091
balanced	MALAT1_A549_NGG_0083	48	0.00973333
balanced	MALAT1_A549_NGG_0083	49	0.01003333
balanced	MALAT1_A549_NGG_0083	50	0.01233333
balanced	MALAT1_A549_NGG_0083	51	0.0154
balanced	MALAT1_A549_NGG_0083	52	0.01433333
balanced	MALAT1_A549_NGG_0083	53	0.01486667
balanced	MALAT1_A549_NGG_0083	54	0.01516667
balanced	MALAT1_A549_NGG_0083	55	0.01613333
balanced	MALAT1_A549_NGG_0083	56	0.01566667
balanced	MALAT1_A549_NGG_0083	57	0.01616667
balanced	MALAT1_A549_NGG_0083	58	0.01783333
balanced	MALAT1_A549_NGG_0083	59	0.0183
balanced	MALAT1_A549_NGG_0083	60	0.02183333
balanced	MALAT1_A549_NGG_0083	61	0.02456667
balanced	MALAT1_A549_NGG_0083	62	0.03023333
balanced	MALAT1_A549_NGG_0083	63	0.03323333
balanced	MALAT1_A549_NGG_0083	64	0.02976667
balanced	MALAT1_A549_NGG_0083	65	0.0312
balanced	MALAT1_A549_NGG_0083	66	0.0294
balanced	MALAT1_A549_NGG_0083	67	0.0314
balanced	MALAT1_A549_NGG_0083	68	0.0402
balanced	MALAT1_A549_NGG_0083	69	0.0454
balanced	MALAT1_A549_NGG_0083	70	0.0509
balanced	MALAT1_A549_NGG_0083	71	0.049
balanced	MALAT1_A549_NGG_0083	72	0.05123333
balanced	MALAT1_A549_NGG_0083	73	0.05583333
balanced	MALAT1_A549_NGG_0083	74	0.07416667
balanced	MALAT1_A549_NGG_0083	75	0.06213333
balanced	MALAT1_A549_NGG_0083	76	0.04336667
balanced	MALAT1_A549_NGG_0083	77	0.02813333
balanced	MALAT1_A549_NGG_0083	78	0.0133
balanced	MALAT1_A549_NGG_0083	79	0.00883333
balanced	MALAT1_A549_NGG_0083	80	0.00536667
balanced	MALAT1_A549_NGG_0083	81	0.0048
balanced	MALAT1_A549_NGG_0083	82	0.0041
balanced	MALAT1_A549_NGG_0083	83	0.004
balanced	MALAT1_A549_NGG_0083	84	0.00333333
balanced	MALAT1_A549_NGG_0083	85	0.00033333
balanced	MALAT1_A549_NGG_0083	86	0.0
balanced	MALAT1_A549_NGG_0084	1	0.0
balanced	MALAT1_A549_NGG_0084	2	0.0
balanced	MALAT1_A549_NGG_0084	3	0.0
balanced	MALAT1_A549_NGG_0084	4	0.0
balanced	MALAT1_A549_NGG_0084	5	0.0
balanced	MALAT1_A549_NGG_0084	6	0.0
balanced	MALAT1_A549_NGG_0084	7	0.0
balanced	MALAT1_A549_NGG_0084	8	0.0
balanced	MALAT1_A549_NGG_0084	9	0.0
balanced	MALAT1_A549_NGG_0084	10	0.0
balanced	MALAT1_A549_NGG_0084	11	0.0
balanced	MALAT1_A549_NGG_0084	12	0.0
balanced	MALAT1_A549_NGG_0084	13	0.0
balanced	MALAT1_A549_NGG_0084	14	0.0
balanced	MALAT1_A549_NGG_0084	15	0.0
balanced	MALAT1_A549_NGG_0084	16	0.0
balanced	MALAT1_A549_NGG_0084	17	0.0
balanced	MALAT1_A549_NGG_0084	18	0.0
balanced	MALAT1_A549_NGG_0084	19	0.0
balanced	MALAT1_A549_NGG_0084	20	0.0
balanced	MALAT1_A549_NGG_0084	21	0.0
balanced	MALAT1_A549_NGG_0084	22	0.0
balanced	MALAT1_A549_NGG_0084	23	0.0
balanced	MALAT1_A549_NGG_0084	24	0.0
balanced	MALAT1_A549_NGG_0084	25	0.0
balanced	MALAT1_A549_NGG_0084	26	0.0
balanced	MALAT1_A549_NGG_0084	27	0.0
balanced	MALAT1_A549_NGG_0084	28	0.0
balanced	MALAT1_A549_NGG_0084	29	0.0
balanced	MALAT1_A549_NGG_0084	30	0.0
balanced	MALAT1_A549_NGG_0084	31	0.0
balanced	MALAT1_A549_NGG_0084	32	0.0
balanced	MALAT1_A549_NGG_0084	33	0.0
balanced	MALAT1_A549_NGG_0084	34	0.0
balanced	MALAT1_A549_NGG_0084	35	0.0
balanced	MALAT1_A549_NGG_0084	36	3.333e-05
balanced	MALAT1_A549_NGG_0084	37	0.0
balanced	MALAT1_A549_NGG_0084	38	0.0
balanced	MALAT1_A549_NGG_0084	39	0.0
balanced	MALAT1_A549_NGG_0084	40	0.0
balanced	MALAT1_A549_NGG_0084	41	0.0
balanced	MALAT1_A549_NGG_0084	42	6.667e-05
balanced	MALAT1_A549_NGG_0084	43	3.333e-05
balanced	MALAT1_A549_NGG_0084	44	0.0001
balanced	MALAT1_A549_NGG_0084	45	0.00013333
balanced	MALAT1_A549_NGG_0084	46	0.00026667
balanced	MALAT1_A549_NGG_0084	47	0.00036667
balanced	MALAT1_A549_NGG_0084	48	0.0006
balanced	MALAT1_A549_NGG_0084	49	0.00086667
balanced	MALAT1_A549_NGG_0084	50	0.0007
balanced	MALAT1_A549_NGG_0084	51	0.00063333
balanced	MALAT1_A549_NGG_0084	52	0.00076667
balanced	MALAT1_A549_NGG_0084	53	0.00123333
balanced	MALAT1_A549_NGG_0084	54	0.00183333
balanced	MALAT1_A549_NGG_0084	55	0.0017
balanced	MALAT1_A549_NGG_0084	56	0.00176667
balanced	MALAT1_A549_NGG_0084	57	0.0019
balanced	MALAT1_A549_NGG_0084	58	0.0017
balanced	MALAT1_A549_NGG_0084	59	0.00246667
balanced	MALAT1_A549_NGG_0084	60	0.00256667
balanced	MALAT1_A549_NGG_0084	61	0.0032
balanced	MALAT1_A549_NGG_0084	62	0.0036
balanced	MALAT1_A549_NGG_0084	63	0.00526667
balanced	MALAT1_A549_NGG_0084	64	0.0055
balanced	MALAT1_A549_NGG_0084	65	0.00633333
balanced	MALAT1_A549_NGG_0084	66	0.00793333
balanced	MALAT1_A549_NGG_0084	67	0.00896667
balanced	MALAT1_A549_NGG_0084	68	0.01153333
balanced	MALAT1_A549_NGG_0084	69	0.01163333
balanced	MALAT1_A549_NGG_0084	70	0.01346667
balanced	MALAT1_A549_NGG_0084	71	0.01603333
balanced	MALAT1_A549_NGG_0084	72	0.0198
balanced	MALAT1_A549_NGG_0084	73	0.02553333
balanced	MALAT1_A549_NGG_0084	74	0.0321
balanced	MALAT1_A549_NGG_0084	75	0.03896667
balanced	MALAT1_A549_NGG_0084	76	0.05716667
balanced	MALAT1_A549_NGG_0084	77	0.09453333
balanced	MALAT1_A549_NGG_0084	78	0.1052
balanced	MALAT1_A549_NGG_0084	79	0.0914
balanced	MALAT1_A549_NGG_0084	80	0.0718
balanced	MALAT1_A549_NGG_0084	81	0.05003333
balanced	MALAT1_A549_NGG_0084	82	0.03886667
balanced	MALAT1_A549_NGG_0084	83	0.03846667
balanced	MALAT1_A549_NGG_0084	84	0.0434
balanced	MALAT1_A549_NGG_0084	85	0.06083333
balanced	MALAT1_A549_NGG_0084	86	0.1187
balanced	MALAT1_A549_NGG_0085	1	0.0
balanced	MALAT1_A549_NGG_0085	2	6.667e-05
balanced	MALAT1_A549_NGG_0085	3	0.00033333
balanced	MALAT1_A549_NGG_0085	4	0.0009
balanced	MALAT1_A549_NGG_0085	5	0.00213333
balanced	MALAT1_A549_NGG_0085	6	0.00273333
balanced	MALAT1_A549_NGG_0085	7	0.00603333
balanced	MALAT1_A549_NGG_0085	8	0.00823333
balanced	MALAT1_A549_NGG_0085	9	0.01143333
balanced	MALAT1_A549_NGG_0085	10	0.0142
balanced	MALAT1_A549_NGG_0085	11	0.01656667
balanced	MALAT1_A549_NGG_0085	12	0.01736667
balanced	MALAT1_A549_NGG_0085	13	0.01876667
balanced	MALAT1_A549_NGG_0085	14	0.01803333
balanced	MALAT1_A549_NGG_0085	15	0.0179
balanced	MALAT1_A549_NGG_0085	16	0.01903333
balanced	MALAT1_A549_NGG_0085	17	0.0188
balanced	MALAT1_A549_NGG_0085	18	0.01863333
balanced	MALAT1_A549_NGG_0085	19	0.01866667
balanced	MALAT1_A549_NGG_0085	20	0.01943333
balanced	MALAT1_A549_NGG_0085	21	0.02236667
balanced	MALAT1_A549_NGG_0085	22	0.02233333
balanced	MALAT1_A549_NGG_0085	23	0.02483333
balanced	MALAT1_A549_NGG_0085	24	0.02663333
balanced	MALAT1_A549_NGG_0085	25	0.02926667
balanced	MALAT1_A549_NGG_0085	26	0.03283333
balanced	MALAT1_A549_NGG_0085	27	0.03553333
balanced	MALAT1_A549_NGG_0085	28	0.0393
balanced	MALAT1_A549_NGG_0085	29	0.0412
balanced	MALAT1_A549_NGG_0085	30	0.03936667
balanced	MALAT1_A549_NGG_0085	31	0.0418
balanced	MALAT1_A549_NGG_0085	32	0.04323333
balanced	MALAT1_A549_NGG_0085	33	0.04583333
balanced	MALAT1_A549_NGG_0085	34	0.05356667
balanced	MALAT1_A549_NGG_0085	35	0.04953333
balanced	MALAT1_A549_NGG_0085	36	0.0513
balanced	MALAT1_A549_NGG_0085	37	0.0338
balanced	MALAT1_A549_NGG_0085	38	0.0209
balanced	MALAT1_A549_NGG_0085	39	0.01906667
balanced	MALAT1_A549_NGG_0085	40	0.018
balanced	MALAT1_A549_NGG_0085	41	0.02796667
balanced	MALAT1_A549_NGG_0085	42	0.0171
balanced	MALAT1_A549_NGG_0085	43	0.00953333
balanced	MALAT1_A549_NGG_0085	44	0.00693333
balanced	MALAT1_A549_NGG_0085	45	0.00376667
balanced	MALAT1_A549_NGG_0085	46	0.0031
balanced	MALAT1_A549_NGG_0085	47	0.0029
balanced	MALAT1_A549_NGG_0085	48	0.00163333
balanced	MALAT1_A549_NGG_0085	49	0.00143333
balanced	MALAT1_A549_NGG_0085	50	0.0009
balanced	MALAT1_A549_NGG_0085	51	0.0012
balanced	MALAT1_A549_NGG_0085	52	0.0008
balanced	MALAT1_A549_NGG_0085	53	0.0005
balanced	MALAT1_A549_NGG_0085	54	0.00036667
balanced	MALAT1_A549_NGG_0085	55	0.0002
balanced	MALAT1_A549_NGG_0085	56	0.00026667
balanced	MALAT1_A549_NGG_0085	57	0.00033333
balanced	MALAT1_A549_NGG_0085	58	0.0001
balanced	MALAT1_A549_NGG_0085	59	0.00043333
balanced	MALAT1_A549_NGG_0085	60	3.333e-05
balanced	MALAT1_A549_NGG_0085	61	0.0001
balanced	MALAT1_A549_NGG_0085	62	0.0001
balanced	MALAT1_A549_NGG_0085	63	6.667e-05
balanced	MALAT1_A549_NGG_0085	64	6.667e-05
balanced	MALAT1_A549_NGG_0085	65	6.667e-05
balanced	MALAT1_A549_NGG_0085	66	3.333e-05
balanced	MALAT1_A549_NGG_0085	67	3.333e-05
balanced	MALAT1_A549_NGG_0085	68	3.333e-05
balanced	MALAT1_A549_NGG_0085	69	0.0
balanced	MALAT1_A549_NGG_0085	70	0.0
balanced	MALAT1_A549_NGG_0085	71	3.333e-05
balanced	MALAT1_A549_NGG_0085	72	0.0
balanced	MALAT1_A549_NGG_0085	73	0.0
balanced	MALAT1_A549_NGG_0085	74	0.0
balanced	MALAT1_A549_NGG_0085	75	0.0
balanced	MALAT1_A549_NGG_0085	76	0.0
balanced	MALAT1_A549_NGG_0085	77	0.0
balanced	MALAT1_A549_NGG_0085	78	0.0
balanced	MALAT1_A549_NGG_0085	79	0.0
balanced	MALAT1_A549_NGG_0085	80	0.0
balanced	MALAT1_A549_NGG_0085	81	0.0
balanced	MALAT1_A549_NGG_0085	82	0.0
balanced	MALAT1_A549_NGG_0085	83	0.0
balanced	MALAT1_A549_NGG_0085	84	0.0
balanced	MALAT1_A549_NGG_0085	85	0.0
balanced	MALAT1_A549_NGG_0085	86	0.0
balanced	MALAT1_A549_NGG_0086	1	0.0
balanced	MALAT1_A549_NGG_0086	2	0.0
balanced	MALAT1_A549_NGG_0086	3	3.333e-05
balanced	MALAT1_A549_NGG_0086	4	0.00016667
balanced	MALAT1_A549_NGG_0086	5	0.00043333
balanced	MALAT1_A549_NGG_0086	6	0.0012
balanced	MALAT1_A549_NGG_0086	7	0.00113333
balanced	MALAT1_A549_NGG_0086	8	0.00193333
balanced	MALAT1_A549_NGG_0086	9	0.00336667
balanced	MALAT1_A549_NGG_0086	10	0.00593333
balanced	MALAT1_A549_NGG_0086	11	0.00653333
balanced	MALAT1_A549_NGG_0086	12	0.00936667
balanced	MALAT1_A549_NGG_0086	13	0.0092
balanced	MALAT1_A549_NGG_0086	14	0.01083333
balanced	MALAT1_A549_NGG_0086	15	0.01116667
balanced	MALAT1_A549_NGG_0086	16	0.01133333
balanced	MALAT1_A549_NGG_0086	17	0.0128
balanced	MALAT1_A549_NGG_0086	18	0.0133
balanced	MALAT1_A549_NGG_0086	19	0.01323333
balanced	MALAT1_A549_NGG_0086	20	0.01466667
balanced	MALAT1_A549_NGG_0086	21	0.0143
balanced	MALAT1_A549_NGG_0086	22	0.01703333
balanced	MALAT1_A549_NGG_0086	23	0.0161
balanced	MALAT1_A549_NGG_0086	24	0.01773333
balanced	MALAT1_A549_NGG_0086	25	0.01973333
balanced	MALAT1_A549_NGG_0086	26	0.0235
balanced	MALAT1_A549_NGG_0086	27	0.0272
balanced	MALAT1_A549_NGG_0086	28	0.0303
balanced	MALAT1_A549_NGG_0086	29	0.03356667
balanced	MALAT1_A549_NGG_0086	30	0.03586667
balanced	MALAT1_A549_NGG_0086	31	0.03936667
balanced	MALAT1_A549_NGG_0086	32	0.04386667
balanced	MALAT1_A549_NGG_0086	33	0.04583333
balanced	MALAT1_A549_NGG_0086	34	0.05376667
balanced	MALAT1_A549_NGG_0086	35	0.05943333
balanced	MALAT1_A549_NGG_0086	36	0.06346667
balanced	MALAT1_A549_NGG_0086	37	0.06983333
balanced	MALAT1_A549_NGG_0086	38	0.0438
balanced	MALAT1_A549_NGG_0086	39	0.03033333
balanced	MALAT1_A549_NGG_0086	40	0.0274
balanced	MALAT1_A549_NGG_0086	41	0.03063333
balanced	MALAT1_A549_NGG_0086	42	0.039
balanced	MALAT1_A549_NGG_0086	43	0.02353333
balanced	MALAT1_A549_NGG_0086	44	0.01483333
balanced	MALAT1_A549_NGG_0086	45	0.00993333
balanced	MALAT1_A549_NGG_0086	46	0.00826667
balanced	MALAT1_A549_NGG_0086	47	0.00713333
balanced	MALAT1_A549_NGG_0086	48	0.00596667
balanced	MALAT1_A549_NGG_0086	49	0.004
balanced	MALAT1_A549_NGG_0086	50	0.0026
balanced	MALAT1_A549_NGG_0086	51	0.00296667
balanced	MALAT1_A549_NGG_0086	52	0.00246667
balanced	MALAT1_A549_NGG_0086	53	0.00176667
balanced	MALAT1_A549_NGG_0086	54	0.00133333
balanced	MALAT1_A549_NGG_0086	55	0.00123333
balanced	MALAT1_A549_NGG_0086	56	0.00113333
balanced	MALAT1_A549_NGG_0086	57	0.0006
balanced	MALAT1_A549_NGG_0086	58	0.001
balanced	MALAT1_A549_NGG_0086	59	0.00046667
balanced	MALAT1_A549_NGG_0086	60	0.00033333
balanced	MALAT1_A549_NGG_0086	61	0.0004
balanced	MALAT1_A549_NGG_0086	62	0.00023333
balanced	MALAT1_A549_NGG_0086	63	0.0003
balanced	MALAT1_A549_NGG_0086	64	0.0002
balanced	MALAT1_A549_NGG_0086	65	0.0002
balanced	MALAT1_A549_NGG_0086	66	0.0001
balanced	MALAT1_A549_NGG_0086	67	3.333e-05
balanced	MALAT1_A549_NGG_0086	68	3.333e-05
balanced	MALAT1_A549_NGG_0086	69	6.667e-05
balanced	MALAT1_A549_NGG_0086	70	3.333e-05
balanced	MALAT1_A549_NGG_0086	71	0.0001
balanced	MALAT1_A549_NGG_0086	72	0.0
balanced	MALAT1_A549_NGG_0086	73	0.0
balanced	MALAT1_A549_NGG_0086	74	0.0
balanced	MALAT1_A549_NGG_0086	75	3.333e-05
balanced	MALAT1_A549_NGG_0086	76	0.0
balanced	MALAT1_A549_NGG_0086	77	0.0
balanced	MALAT1_A549_NGG_0086	78	0.0
balanced	MALAT1_A549_NGG_0086	79	0.0
balanced	MALAT1_A549_NGG_0086	80	0.0
balanced	MALAT1_A549_NGG_0086	81	0.0
balanced	MALAT1_A549_NGG_0086	82	0.0
balanced	MALAT1_A549_NGG_0086	83	0.0
balanced	MALAT1_A549_NGG_0086	84	0.0
balanced	MALAT1_A549_NGG_0086	85	0.0
balanced	MALAT1_A549_NGG_0086	86	0.0
efficacy_focused	MALAT1_A549_NGG_0001	1	0.0
efficacy_focused	MALAT1_A549_NGG_0001	2	0.0
efficacy_focused	MALAT1_A549_NGG_0001	3	0.0
efficacy_focused	MALAT1_A549_NGG_0001	4	0.0
efficacy_focused	MALAT1_A549_NGG_0001	5	0.0
efficacy_focused	MALAT1_A549_NGG_0001	6	0.0
efficacy_focused	MALAT1_A549_NGG_0001	7	0.0
efficacy_focused	MALAT1_A549_NGG_0001	8	3.333e-05
efficacy_focused	MALAT1_A549_NGG_0001	9	0.0
efficacy_focused	MALAT1_A549_NGG_0001	10	0.0
efficacy_focused	MALAT1_A549_NGG_0001	11	0.0
efficacy_focused	MALAT1_A549_NGG_0001	12	0.0
efficacy_focused	MALAT1_A549_NGG_0001	13	0.0
efficacy_focused	MALAT1_A549_NGG_0001	14	0.0
efficacy_focused	MALAT1_A549_NGG_0001	15	0.0
efficacy_focused	MALAT1_A549_NGG_0001	16	3.333e-05
efficacy_focused	MALAT1_A549_NGG_0001	17	3.333e-05
efficacy_focused	MALAT1_A549_NGG_0001	18	3.333e-05
efficacy_focused	MALAT1_A549_NGG_0001	19	0.0
efficacy_focused	MALAT1_A549_NGG_0001	20	0.0
efficacy_focused	MALAT1_A549_NGG_0001	21	3.333e-05
efficacy_focused	MALAT1_A549_NGG_0001	22	0.00016667
efficacy_focused	MALAT1_A549_NGG_0001	23	0.0
efficacy_focused	MALAT1_A549_NGG_0001	24	0.00013333
efficacy_focused	MALAT1_A549_NGG_0001	25	0.00023333
efficacy_focused	MALAT1_A549_NGG_0001	26	0.00013333
efficacy_focused	MALAT1_A549_NGG_0001	27	0.0004
efficacy_focused	MALAT1_A549_NGG_0001	28	0.0005
efficacy_focused	MALAT1_A549_NGG_0001	29	0.0008
efficacy_focused	MALAT1_A549_NGG_0001	30	0.0008
efficacy_focused	MALAT1_A549_NGG_0001	31	0.0016
efficacy_focused	MALAT1_A549_NGG_0001	32	0.0018
efficacy_focused	MALAT1_A549_NGG_0001	33	0.00276667
efficacy_focused	MALAT1_A549_NGG_0001	34	0.00266667
efficacy_focused	MALAT1_A549_NGG_0001	35	0.0037
efficacy_focused	MALAT1_A549_NGG_0001	36	0.00653333
efficacy_focused	MALAT1_A549_NGG_0001	37	0.00803333
efficacy_focused	MALAT1_A549_NGG_0001	38	0.0133
efficacy_focused	MALAT1_A549_NGG_0001	39	0.01076667
efficacy_focused	MALAT1_A549_NGG_0001	40	0.01253333
efficacy_focused	MALAT1_A549_NGG_0001	41	0.01823333
efficacy_focused	MALAT1_A549_NGG_0001	42	0.03126667
efficacy_focused	MALAT1_A549_NGG_0001	43	0.06423333
efficacy_focused	MALAT1_A549_NGG_0001	44	0.0595
efficacy_focused	MALAT1_A549_NGG_0001	45	0.05696667
efficacy_focused	MALAT1_A549_NGG_0001	46	0.05176667
efficacy_focused	MALAT1_A549_NGG_0001	47	0.04946667
efficacy_focused	MALAT1_A549_NGG_0001	48	0.0465
efficacy_focused	MALAT1_A549_NGG_0001	49	0.04613333
efficacy_focused	MALAT1_A549_NGG_0001	50	0.04466667
efficacy_focused	MALAT1_A549_NGG_0001	51	0.04606667
efficacy_focused	MALAT1_A549_NGG_0001	52	0.04396667
efficacy_focused	MALAT1_A549_NGG_0001	53	0.04053333
efficacy_focused	MALAT1_A549_NGG_0001	54	0.03743333
efficacy_focused	MALAT1_A549_NGG_0001	55	0.03783333
efficacy_focused	MALAT1_A549_NGG_0001	56	0.03573333
efficacy_focused	MALAT1_A549_NGG_0001	57	0.0334
efficacy_focused	MALAT1_A549_NGG_0001	58	0.0318
efficacy_focused	MALAT1_A549_NGG_0001	59	0.03023333
efficacy_focused	MALAT1_A549_NGG_0001	60	0.0271
efficacy_focused	MALAT1_A549_NGG_0001	61	0.02176667
efficacy_focused	MALAT1_A549_NGG_0001	62	0.01823333
efficacy_focused	MALAT1_A549_NGG_0001	63	0.01313333
efficacy_focused	MALAT1_A549_NGG_0001	64	0.0106
efficacy_focused	MALAT1_A549_NGG_0001	65	0.00796667
efficacy_focused	MALAT1_A549_NGG_0001	66	0.0062
efficacy_focused	MALAT1_A549_NGG_0001	67	0.0052
efficacy_focused	MALAT1_A549_NGG_0001	68	0.00383333
efficacy_focused	MALAT1_A549_NGG_0001	69	0.00293333
efficacy_focused	MALAT1_A549_NGG_0001	70	0.0024
efficacy_focused	MALAT1_A549_NGG_0001	71	0.00206667
efficacy_focused	MALAT1_A549_NGG_0001	72	0.00166667
efficacy_focused	MALAT1_A549_NGG_0001	73	0.0011
efficacy_focused	MALAT1_A549_NGG_0001	74	0.00106667
efficacy_focused	MALAT1_A549_NGG_0001	75	0.0007
efficacy_focused	MALAT1_A549_NGG_0001	76	0.00046667
efficacy_focused	MALAT1_A549_NGG_0001	77	0.0003
efficacy_focused	MALAT1_A549_NGG_0001	78	0.00013333
efficacy_focused	MALAT1_A549_NGG_0001	79	0.0001
efficacy_focused	MALAT1_A549_NGG_0001	80	0.0001
efficacy_focused	MALAT1_A549_NGG_0001	81	0.0001
efficacy_focused	MALAT1_A549_NGG_0001	82	3.333e-05
efficacy_focused	MALAT1_A549_NGG_0001	83	0.0
efficacy_focused	MALAT1_A549_NGG_0001	84	0.0
efficacy_focused	MALAT1_A549_NGG_0001	85	0.0
efficacy_focused	MALAT1_A549_NGG_0001	86	3.333e-05
efficacy_focused	MALAT1_A549_NGG_0002	1	0.0
efficacy_focused	MALAT1_A549_NGG_0002	2	0.0
efficacy_focused	MALAT1_A549_NGG_0002	3	0.0
efficacy_focused	MALAT1_A549_NGG_0002	4	0.0
efficacy_focused	MALAT1_A549_NGG_0002	5	0.0
efficacy_focused	MALAT1_A549_NGG_0002	6	0.0
efficacy_focused	MALAT1_A549_NGG_0002	7	0.0
efficacy_focused	MALAT1_A549_NGG_0002	8	0.0
efficacy_focused	MALAT1_A549_NGG_0002	9	0.0
efficacy_focused	MALAT1_A549_NGG_0002	10	0.0
efficacy_focused	MALAT1_A549_NGG_0002	11	3.333e-05
efficacy_focused	MALAT1_A549_NGG_0002	12	0.0
efficacy_focused	MALAT1_A549_NGG_0002	13	0.0
efficacy_focused	MALAT1_A549_NGG_0002	14	0.0
efficacy_focused	MALAT1_A549_NGG_0002	15	0.0
efficacy_focused	MALAT1_A549_NGG_0002	16	0.0
efficacy_focused	MALAT1_A549_NGG_0002	17	0.0
efficacy_focused	MALAT1_A549_NGG_0002	18	0.0
efficacy_focused	MALAT1_A549_NGG_0002	19	0.0
efficacy_focused	MALAT1_A549_NGG_0002	20	0.0
efficacy_focused	MALAT1_A549_NGG_0002	21	0.0
efficacy_focused	MALAT1_A549_NGG_0002	22	0.0
efficacy_focused	MALAT1_A549_NGG_0002	23	3.333e-05
efficacy_focused	MALAT1_A549_NGG_0002	24	0.0
efficacy_focused	MALAT1_A549_NGG_0002	25	6.667e-05
efficacy_focused	MALAT1_A549_NGG_0002	26	0.0
efficacy_focused	MALAT1_A549_NGG_0002	27	3.333e-05
efficacy_focused	MALAT1_A549_NGG_0002	28	0.0001
efficacy_focused	MALAT1_A549_NGG_0002	29	0.00016667
efficacy_focused	MALAT1_A549_NGG_0002	30	0.00016667
efficacy_focused	MALAT1_A549_NGG_0002	31	0.0001
efficacy_focused	MALAT1_A549_NGG_0002	32	0.0003
efficacy_focused	MALAT1_A549_NGG_0002	33	0.0004
efficacy_focused	MALAT1_A549_NGG_0002	34	0.00046667
efficacy_focused	MALAT1_A549_NGG_0002	35	0.00113333
efficacy_focused	MALAT1_A549_NGG_0002	36	0.00126667
efficacy_focused	MALAT1_A549_NGG_0002	37	0.00183333
efficacy_focused	MALAT1_A549_NGG_0002	38	0.00366667
efficacy_focused	MALAT1_A549_NGG_0002	39	0.00583333
efficacy_focused	MALAT1_A549_NGG_0002	40	0.00546667
efficacy_focused	MALAT1_A549_NGG_0002	41	0.00676667
efficacy_focused	MALAT1_A549_NGG_0002	42	0.0102
efficacy_focused	MALAT1_A549_NGG_0002	43	0.0173
efficacy_focused	MALAT1_A549_NGG_0002	44	0.02646667
efficacy_focused	MALAT1_A549_NGG_0002	45	0.03033333
efficacy_focused	MALAT1_A549_NGG_0002	46	0.03353333
efficacy_focused	MALAT1_A549_NGG_0002	47	0.03636667
efficacy_focused	MALAT1_A549_NGG_0002	48	0.0358
efficacy_focused	MALAT1_A549_NGG_0002	49	0.03573333
efficacy_focused	MALAT1_A549_NGG_0002	50	0.03696667
efficacy_focused	MALAT1_A549_NGG_0002	51	0.03843333
efficacy_focused	MALAT1_A549_NGG_0002	52	0.0396
efficacy_focused	MALAT1_A549_NGG_0002	53	0.03916667
efficacy_focused	MALAT1_A549_NGG_0002	54	0.04176667
efficacy_focused	MALAT1_A549_NGG_0002	55	0.04153333
efficacy_focused	MALAT1_A549_NGG_0002	56	0.04113333
efficacy_focused	MALAT1_A549_NGG_0002	57	0.0447
efficacy_focused	MALAT1_A549_NGG_0002	58	0.04373333
efficacy_focused	MALAT1_A549_NGG_0002	59	0.0423
efficacy_focused	MALAT1_A549_NGG_0002	60	0.04336667
efficacy_focused	MALAT1_A549_NGG_0002	61	0.04043333
efficacy_focused	MALAT1_A549_NGG_0002	62	0.04086667
efficacy_focused	MALAT1_A549_NGG_0002	63	0.0351
efficacy_focused	MALAT1_A549_NGG_0002	64	0.03223333
efficacy_focused	MALAT1_A549_NGG_0002	65	0.0274
efficacy_focused	MALAT1_A549_NGG_0002	66	0.02253333
efficacy_focused	MALAT1_A549_NGG_0002	67	0.01813333
efficacy_focused	MALAT1_A549_NGG_0002	68	0.0151
efficacy_focused	MALAT1_A549_NGG_0002	69	0.01213333
efficacy_focused	MALAT1_A549_NGG_0002	70	0.00903333
efficacy_focused	MALAT1_A549_NGG_0002	71	0.00796667
efficacy_focused	MALAT1_A549_NGG_0002	72	0.00646667
efficacy_focused	MALAT1_A549_NGG_0002	73	0.00566667
efficacy_focused	MALAT1_A549_NGG_0002	74	0.0047
efficacy_focused	MALAT1_A549_NGG_0002	75	0.0044
efficacy_focused	MALAT1_A549_NGG_0002	76	0.00353333
efficacy_focused	MALAT1_A549_NGG_0002	77	0.00196667
efficacy_focused	MALAT1_A549_NGG_0002	78	0.00196667
efficacy_focused	MALAT1_A549_NGG_0002	79	0.0014
efficacy_focused	MALAT1_A549_NGG_0002	80	0.001
efficacy_focused	MALAT1_A549_NGG_0002	81	0.00056667
efficacy_focused	MALAT1_A549_NGG_0002	82	0.00043333
efficacy_focused	MALAT1_A549_NGG_0002	83	0.0005
efficacy_focused	MALAT1_A549_NGG_0002	84	0.00013333
efficacy_focused	MALAT1_A549_NGG_0002	85	6.667e-05
efficacy_focused	MALAT1_A549_NGG_0002	86	0.0
efficacy_focused	MALAT1_A549_NGG_0003	1	0.0
efficacy_focused	MALAT1_A549_NGG_0003	2	0.0
efficacy_focused	MALAT1_A549_NGG_0003	3	0.0
efficacy_focused	MALAT1_A549_NGG_0003	4	0.0
efficacy_focused	MALAT1_A549_NGG_0003	5	0.0
efficacy_focused	MALAT1_A549_NGG_0003	6	0.0
efficacy_focused	MALAT1_A549_NGG_0003	7	0.0
efficacy_focused	MALAT1_A549_NGG_0003	8	0.0
efficacy_focused	MALAT1_A549_NGG_0003	9	0.0
efficacy_focused	MALAT1_A549_NGG_0003	10	0.0
efficacy_focused	MALAT1_A549_NGG_0003	11	0.0
efficacy_focused	MALAT1_A549_NGG_0003	12	0.0
efficacy_focused	MALAT1_A549_NGG_0003	13	3.333e-05
efficacy_focused	MALAT1_A549_NGG_0003	14	0.0
efficacy_focused	MALAT1_A549_NGG_0003	15	0.0
efficacy_focused	MALAT1_A549_NGG_0003	16	0.0
efficacy_focused	MALAT1_A549_NGG_0003	17	0.0
efficacy_focused	MALAT1_A549_NGG_0003	18	0.0
efficacy_focused	MALAT1_A549_NGG_0003	19	0.0
efficacy_focused	MALAT1_A549_NGG_0003	20	0.0
efficacy_focused	MALAT1_A549_NGG_0003	21	3.333e-05
efficacy_focused	MALAT1_A549_NGG_0003	22	0.0
efficacy_focused	MALAT1_A549_NGG_0003	23	0.0
efficacy_focused	MALAT1_A549_NGG_0003	24	0.0
efficacy_focused	MALAT1_A549_NGG_0003	25	0.0
efficacy_focused	MALAT1_A549_NGG_0003	26	3.333e-05
efficacy_focused	MALAT1_A549_NGG_0003	27	0.0
efficacy_focused	MALAT1_A549_NGG_0003	28	0.0
efficacy_focused	MALAT1_A549_NGG_0003	29	0.0001
efficacy_focused	MALAT1_A549_NGG_0003	30	0.0001
efficacy_focused	MALAT1_A549_NGG_0003	31	0.0001
efficacy_focused	MALAT1_A549_NGG_0003	32	6.667e-05
efficacy_focused	MALAT1_A549_NGG_0003	33	0.00023333
efficacy_focused	MALAT1_A549_NGG_0003	34	0.00026667
efficacy_focused	MALAT1_A549_NGG_0003	35	0.0005
efficacy_focused	MALAT1_A549_NGG_0003	36	0.00076667
efficacy_focused	MALAT1_A549_NGG_0003	37	0.0013
efficacy_focused	MALAT1_A549_NGG_0003	38	0.00216667
efficacy_focused	MALAT1_A549_NGG_0003	39	0.00303333
efficacy_focused	MALAT1_A549_NGG_0003	40	0.0041
efficacy_focused	MALAT1_A549_NGG_0003	41	0.00436667
efficacy_focused	MALAT1_A549_NGG_0003	42	0.0049
efficacy_focused	MALAT1_A549_NGG_0003	43	0.00876667
efficacy_focused	MALAT1_A549_NGG_0003	44	0.01596667
efficacy_focused	MALAT1_A549_NGG_0003	45	0.0215
efficacy_focused	MALAT1_A549_NGG_0003	46	0.02526667
efficacy_focused	MALAT1_A549_NGG_0003	47	0.02843333
efficacy_focused	MALAT1_A549_NGG_0003	48	0.0294
efficacy_focused	MALAT1_A549_NGG_0003	49	0.02986667
efficacy_focused	MALAT1_A549_NGG_0003	50	0.02896667
efficacy_focused	MALAT1_A549_NGG_0003	51	0.03453333
efficacy_focused	MALAT1_A549_NGG_0003	52	0.0343
efficacy_focused	MALAT1_A549_NGG_0003	53	0.03556667
efficacy_focused	MALAT1_A549_NGG_0003	54	0.03693333
efficacy_focused	MALAT1_A549_NGG_0003	55	0.03936667
efficacy_focused	MALAT1_A549_NGG_0003	56	0.03873333
efficacy_focused	MALAT1_A549_NGG_0003	57	0.04023333
efficacy_focused	MALAT1_A549_NGG_0003	58	0.04206667
efficacy_focused	MALAT1_A549_NGG_0003	59	0.04556667
efficacy_focused	MALAT1_A549_NGG_0003	60	0.04683333
efficacy_focused	MALAT1_A549_NGG_0003	61	0.04676667
efficacy_focused	MALAT1_A549_NGG_0003	62	0.04676667
efficacy_focused	MALAT1_A549_NGG_0003	63	0.04423333
efficacy_focused	MALAT1_A549_NGG_0003	64	0.0403
efficacy_focused	MALAT1_A549_NGG_0003	65	0.0365
efficacy_focused	MALAT1_A549_NGG_0003	66	0.03296667
efficacy_focused	MALAT1_A549_NGG_0003	67	0.02543333
efficacy_focused	MALAT1_A549_NGG_0003	68	0.02293333
efficacy_focused	MALAT1_A549_NGG_0003	69	0.01726667
efficacy_focused	MALAT1_A549_NGG_0003	70	0.0153
efficacy_focused	MALAT1_A549_NGG_0003	71	0.01233333
efficacy_focused	MALAT1_A549_NGG_0003	72	0.0103
efficacy_focused	MALAT1_A549_NGG_0003	73	0.00833333
efficacy_focused	MALAT1_A549_NGG_0003	74	0.00756667
efficacy_focused	MALAT1_A549_NGG_0003	75	0.00666667
efficacy_focused	MALAT1_A549_NGG_0003	76	0.00543333
efficacy_focused	MALAT1_A549_NGG_0003	77	0.00396667
efficacy_focused	MALAT1_A549_NGG_0003	78	0.00366667
efficacy_focused	MALAT1_A549_NGG_0003	79	0.00236667
efficacy_focused	MALAT1_A549_NGG_0003	80	0.0023
efficacy_focused	MALAT1_A549_NGG_0003	81	0.0014
efficacy_focused	MALAT1_A549_NGG_0003	82	0.0011
efficacy_focused	MALAT1_A549_NGG_0003	83	0.0008
efficacy_focused	MALAT1_A549_NGG_0003	84	0.0004
efficacy_focused	MALAT1_A549_NGG_0003	85	0.00043333
efficacy_focused	MALAT1_A549_NGG_0003	86	6.667e-05
efficacy_focused	MALAT1_A549_NGG_0004	1	0.0
efficacy_focused	MALAT1_A549_NGG_0004	2	0.0
efficacy_focused	MALAT1_A549_NGG_0004	3	0.0
efficacy_focused	MALAT1_A549_NGG_0004	4	0.0
efficacy_focused	MALAT1_A549_NGG_0004	5	0.0
efficacy_focused	MALAT1_A549_NGG_0004	6	0.0
efficacy_focused	MALAT1_A549_NGG_0004	7	0.0
efficacy_focused	MALAT1_A549_NGG_0004	8	0.0
efficacy_focused	MALAT1_A549_NGG_0004	9	0.0
efficacy_focused	MALAT1_A549_NGG_0004	10	0.0
efficacy_focused	MALAT1_A549_NGG_0004	11	0.0
efficacy_focused	MALAT1_A549_NGG_0004	12	0.0
efficacy_focused	MALAT1_A549_NGG_0004	13	0.0
efficacy_focused	MALAT1_A549_NGG_0004	14	3.333e-05
efficacy_focused	MALAT1_A549_NGG_0004	15	0.0
efficacy_focused	MALAT1_A549_NGG_0004	16	0.0
efficacy_focused	MALAT1_A549_NGG_0004	17	0.0
efficacy_focused	MALAT1_A549_NGG_0004	18	0.0
efficacy_focused	MALAT1_A549_NGG_0004	19	0.0
efficacy_focused	MALAT1_A549_NGG_0004	20	0.0
efficacy_focused	MALAT1_A549_NGG_0004	21	0.0
efficacy_focused	MALAT1_A549_NGG_0004	22	3.333e-05
efficacy_focused	MALAT1_A549_NGG_0004	23	0.0
efficacy_focused	MALAT1_A549_NGG_0004	24	0.0
efficacy_focused	MALAT1_A549_NGG_0004	25	0.0
efficacy_focused	MALAT1_A549_NGG_0004	26	0.0
efficacy_focused	MALAT1_A549_NGG_0004	27	0.0
efficacy_focused	MALAT1_A549_NGG_0004	28	0.0
efficacy_focused	MALAT1_A549_NGG_0004	29	3.333e-05
efficacy_focused	MALAT1_A549_NGG_0004	30	3.333e-05
efficacy_focused	MALAT1_A549_NGG_0004	31	0.0
efficacy_focused	MALAT1_A549_NGG_0004	32	3.333e-05
efficacy_focused	MALAT1_A549_NGG_0004	33	3.333e-05
efficacy_focused	MALAT1_A549_NGG_0004	34	0.0002
efficacy_focused	MALAT1_A549_NGG_0004	35	0.00013333
efficacy_focused	MALAT1_A549_NGG_0004	36	0.00056667
efficacy_focused	MALAT1_A549_NGG_0004	37	0.0008
efficacy_focused	MALAT1_A549_NGG_0004	38	0.00093333
efficacy_focused	MALAT1_A549_NGG_0004	39	0.002
efficacy_focused	MALAT1_A549_NGG_0004	40	0.00293333
efficacy_focused	MALAT1_A549_NGG_0004	41	0.0028
efficacy_focused	MALAT1_A549_NGG_0004	42	0.00416667
efficacy_focused	MALAT1_A549_NGG_0004	43	0.0061
efficacy_focused	MALAT1_A549_NGG_0004	44	0.009
efficacy_focused	MALAT1_A549_NGG_0004	45	0.01496667
efficacy_focused	MALAT1_A549_NGG_0004	46	0.01793333
efficacy_focused	MALAT1_A549_NGG_0004	47	0.02163333
efficacy_focused	MALAT1_A549_NGG_0004	48	0.02346667
efficacy_focused	MALAT1_A549_NGG_0004	49	0.0248
efficacy_focused	MALAT1_A549_NGG_0004	50	0.02646667
efficacy_focused	MALAT1_A549_NGG_0004	51	0.02863333
efficacy_focused	MALAT1_A549_NGG_0004	52	0.0278
efficacy_focused	MALAT1_A549_NGG_0004	53	0.03123333
efficacy_focused	MALAT1_A549_NGG_0004	54	0.0333
efficacy_focused	MALAT1_A549_NGG_0004	55	0.036
efficacy_focused	MALAT1_A549_NGG_0004	56	0.03893333
efficacy_focused	MALAT1_A549_NGG_0004	57	0.03683333
efficacy_focused	MALAT1_A549_NGG_0004	58	0.03986667
efficacy_focused	MALAT1_A549_NGG_0004	59	0.04323333
efficacy_focused	MALAT1_A549_NGG_0004	60	0.04653333
efficacy_focused	MALAT1_A549_NGG_0004	61	0.0471
efficacy_focused	MALAT1_A549_NGG_0004	62	0.04893333
efficacy_focused	MALAT1_A549_NGG_0004	63	0.04973333
efficacy_focused	MALAT1_A549_NGG_0004	64	0.0463
efficacy_focused	MALAT1_A549_NGG_0004	65	0.04283333
efficacy_focused	MALAT1_A549_NGG_0004	66	0.03833333
efficacy_focused	MALAT1_A549_NGG_0004	67	0.0353
efficacy_focused	MALAT1_A549_NGG_0004	68	0.0276
efficacy_focused	MALAT1_A549_NGG_0004	69	0.02516667
efficacy_focused	MALAT1_A549_NGG_0004	70	0.0214
efficacy_focused	MALAT1_A549_NGG_0004	71	0.0156
efficacy_focused	MALAT1_A549_NGG_0004	72	0.01343333
efficacy_focused	MALAT1_A549_NGG_0004	73	0.01253333
efficacy_focused	MALAT1_A549_NGG_0004	74	0.01036667
efficacy_focused	MALAT1_A549_NGG_0004	75	0.0088
efficacy_focused	MALAT1_A549_NGG_0004	76	0.0074
efficacy_focused	MALAT1_A549_NGG_0004	77	0.00666667
efficacy_focused	MALAT1_A549_NGG_0004	78	0.0058
efficacy_focused	MALAT1_A549_NGG_0004	79	0.0047
efficacy_focused	MALAT1_A549_NGG_0004	80	0.00293333
efficacy_focused	MALAT1_A549_NGG_0004	81	0.0031
efficacy_focused	MALAT1_A549_NGG_0004	82	0.0019
efficacy_focused	MALAT1_A549_NGG_0004	83	0.00093333
efficacy_focused	MALAT1_A549_NGG_0004	84	0.00083333
efficacy_focused	MALAT1_A549_NGG_0004	85	0.0007
efficacy_focused	MALAT1_A549_NGG_0004	86	0.00013333
efficacy_focused	MALAT1_A549_NGG_0005	1	0.0
efficacy_focused	MALAT1_A549_NGG_0005	2	0.0
efficacy_focused	MALAT1_A549_NGG_0005	3	0.0
efficacy_focused	MALAT1_A549_NGG_0005	4	0.0
efficacy_focused	MALAT1_A549_NGG_0005	5	0.0
efficacy_focused	MALAT1_A549_NGG_0005	6	0.0
efficacy_focused	MALAT1_A549_NGG_0005	7	0.0
efficacy_focused	MALAT1_A549_NGG_0005	8	0.0
efficacy_focused	MALAT1_A549_NGG_0005	9	0.0
efficacy_focused	MALAT1_A549_NGG_0005	10	0.0
efficacy_focused	MALAT1_A549_NGG_0005	11	0.0
efficacy_focused	MALAT1_A549_NGG_0005	12	0.0
efficacy_focused	MALAT1_A549_NGG_0005	13	0.0
efficacy_focused	MALAT1_A549_NGG_0005	14	0.0
efficacy_focused	MALAT1_A549_NGG_0005	15	0.0
efficacy_focused	MALAT1_A549_NGG_0005	16	3.333e-05
efficacy_focused	MALAT1_A549_NGG_0005	17	0.0
efficacy_focused	MALAT1_A549_NGG_0005	18	0.0
efficacy_focused	MALAT1_A549_NGG_0005	19	0.0
efficacy_focused	MALAT1_A549_NGG_0005	20	0.0
efficacy_focused	MALAT1_A549_NGG_0005	21	0.0
efficacy_focused	MALAT1_A549_NGG_0005	22	0.0
efficacy_focused	MALAT1_A549_NGG_0005	23	0.0
efficacy_focused	MALAT1_A549_NGG_0005	24	0.0
efficacy_focused	MALAT1_A549_NGG_0005	25	0.0
efficacy_focused	MALAT1_A549_NGG_0005	26	0.0
efficacy_focused	MALAT1_A549_NGG_0005	27	0.0
efficacy_focused	MALAT1_A549_NGG_0005	28	0.0
efficacy_focused	MALAT1_A549_NGG_0005	29	0.0
efficacy_focused	MALAT1_A549_NGG_0005	30	3.333e-05
efficacy_focused	MALAT1_A549_NGG_0005	31	3.333e-05
efficacy_focused	MALAT1_A549_NGG_0005	32	3.333e-05
efficacy_focused	MALAT1_A549_NGG_0005	33	0.00013333
efficacy_focused	MALAT1_A549_NGG_0005	34	6.667e-05
efficacy_focused	MALAT1_A549_NGG_0005	35	0.00016667
efficacy_focused	MALAT1_A549_NGG_0005	36	0.00026667
efficacy_focused	MALAT1_A549_NGG_0005	37	0.00046667
efficacy_focused	MALAT1_A549_NGG_0005	38	0.00096667
efficacy_focused	MALAT1_A549_NGG_0005	39	0.00183333
efficacy_focused	MALAT1_A549_NGG_0005	40	0.00266667
efficacy_focused	MALAT1_A549_NGG_0005	41	0.0035
efficacy_focused	MALAT1_A549_NGG_0005	42	0.0038
efficacy_focused	MALAT1_A549_NGG_0005	43	0.00523333
efficacy_focused	MALAT1_A549_NGG_0005	44	0.00953333
efficacy_focused	MALAT1_A549_NGG_0005	45	0.01363333
efficacy_focused	MALAT1_A549_NGG_0005	46	0.0206
efficacy_focused	MALAT1_A549_NGG_0005	47	0.02353333
efficacy_focused	MALAT1_A549_NGG_0005	48	0.024
efficacy_focused	MALAT1_A549_NGG_0005	49	0.0272
efficacy_focused	MALAT1_A549_NGG_0005	50	0.0301
efficacy_focused	MALAT1_A549_NGG_0005	51	0.02916667
efficacy_focused	MALAT1_A549_NGG_0005	52	0.0328
efficacy_focused	MALAT1_A549_NGG_0005	53	0.03446667
efficacy_focused	MALAT1_A549_NGG_0005	54	0.03723333
efficacy_focused	MALAT1_A549_NGG_0005	55	0.042
efficacy_focused	MALAT1_A549_NGG_0005	56	0.04206667
efficacy_focused	MALAT1_A549_NGG_0005	57	0.04506667
efficacy_focused	MALAT1_A549_NGG_0005	58	0.04966667
efficacy_focused	MALAT1_A549_NGG_0005	59	0.0505
efficacy_focused	MALAT1_A549_NGG_0005	60	0.04966667
efficacy_focused	MALAT1_A549_NGG_0005	61	0.05113333
efficacy_focused	MALAT1_A549_NGG_0005	62	0.05003333
efficacy_focused	MALAT1_A549_NGG_0005	63	0.0503
efficacy_focused	MALAT1_A549_NGG_0005	64	0.0481
efficacy_focused	MALAT1_A549_NGG_0005	65	0.0412
efficacy_focused	MALAT1_A549_NGG_0005	66	0.0359
efficacy_focused	MALAT1_A549_NGG_0005	67	0.0293
efficacy_focused	MALAT1_A549_NGG_0005	68	0.0252
efficacy_focused	MALAT1_A549_NGG_0005	69	0.02
efficacy_focused	MALAT1_A549_NGG_0005	70	0.01393333
efficacy_focused	MALAT1_A549_NGG_0005	71	0.01263333
efficacy_focused	MALAT1_A549_NGG_0005	72	0.01023333
efficacy_focused	MALAT1_A549_NGG_0005	73	0.0081
efficacy_focused	MALAT1_A549_NGG_0005	74	0.00596667
efficacy_focused	MALAT1_A549_NGG_0005	75	0.0051
efficacy_focused	MALAT1_A549_NGG_0005	76	0.00356667
efficacy_focused	MALAT1_A549_NGG_0005	77	0.00283333
efficacy_focused	MALAT1_A549_NGG_0005	78	0.00223333
efficacy_focused	MALAT1_A549_NGG_0005	79	0.00096667
efficacy_focused	MALAT1_A549_NGG_0005	80	0.00096667
efficacy_focused	MALAT1_A549_NGG_0005	81	0.00073333
efficacy_focused	MALAT1_A549_NGG_0005	82	0.00066667
efficacy_focused	MALAT1_A549_NGG_0005	83	0.00026667
efficacy_focused	MALAT1_A549_NGG_0005	84	0.00013333
efficacy_focused	MALAT1_A549_NGG_0005	85	3.333e-05
efficacy_focused	MALAT1_A549_NGG_0005	86	0.0
efficacy_focused	MALAT1_A549_NGG_0006	1	0.0
efficacy_focused	MALAT1_A549_NGG_0006	2	0.0
efficacy_focused	MALAT1_A549_NGG_0006	3	0.0
efficacy_focused	MALAT1_A549_NGG_0006	4	0.0
efficacy_focused	MALAT1_A549_NGG_0006	5	0.0
efficacy_focused	MALAT1_A549_NGG_0006	6	0.0
efficacy_focused	MALAT1_A549_NGG_0006	7	0.0
efficacy_focused	MALAT1_A549_NGG_0006	8	0.0
efficacy_focused	MALAT1_A549_NGG_0006	9	0.0
efficacy_focused	MALAT1_A549_NGG_0006	10	0.0
efficacy_focused	MALAT1_A549_NGG_0006	11	0.0
efficacy_focused	MALAT1_A549_NGG_0006	12	0.0
efficacy_focused	MALAT1_A549_NGG_0006	13	0.0
efficacy_focused	MALAT1_A549_NGG_0006	14	0.0
efficacy_focused	MALAT1_A549_NGG_0006	15	0.0
efficacy_focused	MALAT1_A549_NGG_0006	16	0.0
efficacy_focused	MALAT1_A549_NGG_0006	17	0.0
efficacy_focused	MALAT1_A549_NGG_0006	18	0.0
efficacy_focused	MALAT1_A549_NGG_0006	19	0.0
efficacy_focused	MALAT1_A549_NGG_0006	20	0.0
efficacy_focused	MALAT1_A549_NGG_0006	21	0.0
efficacy_focused	MALAT1_A549_NGG_0006	22	0.0
efficacy_focused	MALAT1_A549_NGG_0006	23	0.0
efficacy_focused	MALAT1_A549_NGG_0006	24	0.0
efficacy_focused	MALAT1_A549_NGG_0006	25	0.0
efficacy_focused	MALAT1_A549_NGG_0006	26	0.0
efficacy_focused	MALAT1_A549_NGG_0006	27	0.0
efficacy_focused	MALAT1_A549_NGG_0006	28	0.0
efficacy_focused	MALAT1_A549_NGG_0006	29	0.0
efficacy_focused	MALAT1_A549_NGG_0006	30	0.0
efficacy_focused	MALAT1_A549_NGG_0006	31	0.0
efficacy_focused	MALAT1_A549_NGG_0006	32	0.0
efficacy_focused	MALAT1_A549_NGG_0006	33	0.0
efficacy_focused	MALAT1_A549_NGG_0006	34	0.0
efficacy_focused	MALAT1_A549_NGG_0006	35	0.0
efficacy_focused	MALAT1_A549_NGG_0006	36	0.0
efficacy_focused	MALAT1_A549_NGG_0006	37	0.0
efficacy_focused	MALAT1_A549_NGG_0006	38	0.0
efficacy_focused	MALAT1_A549_NGG_0006	39	0.0
efficacy_focused	MALAT1_A549_NGG_0006	40	0.0
efficacy_focused	MALAT1_A549_NGG_0006	41	0.0
efficacy_focused	MALAT1_A549_NGG_0006	42	0.0
efficacy_focused	MALAT1_A549_NGG_0006	43	0.0
efficacy_focused	MALAT1_A549_NGG_0006	44	0.0
efficacy_focused	MALAT1_A549_NGG_0006	45	6.667e-05
efficacy_focused	MALAT1_A549_NGG_0006	46	6.667e-05
efficacy_focused	MALAT1_A549_NGG_0006	47	3.333e-05
efficacy_focused	MALAT1_A549_NGG_0006	48	3.333e-05
efficacy_focused	MALAT1_A549_NGG_0006	49	0.0001
efficacy_focused	MALAT1_A549_NGG_0006	50	0.00026667
efficacy_focused	MALAT1_A549_NGG_0006	51	0.00013333
efficacy_focused	MALAT1_A549_NGG_0006	52	0.00046667
efficacy_focused	MALAT1_A549_NGG_0006	53	0.0006
efficacy_focused	MALAT1_A549_NGG_0006	54	0.00116667
efficacy_focused	MALAT1_A549_NGG_0006	55	0.00106667
efficacy_focused	MALAT1_A549_NGG_0006	56	0.0015
efficacy_focused	MALAT1_A549_NGG_0006	57	0.0034
efficacy_focused	MALAT1_A549_NGG_0006	58	0.0048
efficacy_focused	MALAT1_A549_NGG_0006	59	0.0062
efficacy_focused	MALAT1_A549_NGG_0006	60	0.00806667
efficacy_focused	MALAT1_A549_NGG_0006	61	0.01
efficacy_focused	MALAT1_A549_NGG_0006	62	0.01336667
efficacy_focused	MALAT1_A549_NGG_0006	63	0.01483333
efficacy_focused	MALAT1_A549_NGG_0006	64	0.01843333
efficacy_focused	MALAT1_A549_NGG_0006	65	0.02343333
efficacy_focused	MALAT1_A549_NGG_0006	66	0.0298
efficacy_focused	MALAT1_A549_NGG_0006	67	0.03303333
efficacy_focused	MALAT1_A549_NGG_0006	68	0.0401
efficacy_focused	MALAT1_A549_NGG_0006	69	0.04373333
efficacy_focused	MALAT1_A549_NGG_0006	70	0.04973333
efficacy_focused	MALAT1_A549_NGG_0006	71	0.05566667
efficacy_focused	MALAT1_A549_NGG_0006	72	0.06253333
efficacy_focused	MALAT1_A549_NGG_0006	73	0.06143333
efficacy_focused	MALAT1_A549_NGG_0006	74	0.0589
efficacy_focused	MALAT1_A549_NGG_0006	75	0.05706667
efficacy_focused	MALAT1_A549_NGG_0006	76	0.05033333
efficacy_focused	MALAT1_A549_NGG_0006	77	0.04736667
efficacy_focused	MALAT1_A549_NGG_0006	78	0.04343333
efficacy_focused	MALAT1_A549_NGG_0006	79	0.039
efficacy_focused	MALAT1_A549_NGG_0006	80	0.03673333
efficacy_focused	MALAT1_A549_NGG_0006	81	0.03576667
efficacy_focused	MALAT1_A549_NGG_0006	82	0.0338
efficacy_focused	MALAT1_A549_NGG_0006	83	0.034
efficacy_focused	MALAT1_A549_NGG_0006	84	0.03113333
efficacy_focused	MALAT1_A549_NGG_0006	85	0.02923333
efficacy_focused	MALAT1_A549_NGG_0006	86	0.01916667
efficacy_focused	MALAT1_A549_NGG_0007	1	0.0
efficacy_focused	MALAT1_A549_NGG_0007	2	0.0
efficacy_focused	MALAT1_A549_NGG_0007	3	0.0
efficacy_focused	MALAT1_A549_NGG_0007	4	0.0
efficacy_focused	MALAT1_A549_NGG_0007	5	0.0
efficacy_focused	MALAT1_A549_NGG_0007	6	0.0
efficacy_focused	MALAT1_A549_NGG_0007	7	0.0
efficacy_focused	MALAT1_A549_NGG_0007	8	0.0
efficacy_focused	MALAT1_A549_NGG_0007	9	0.0
efficacy_focused	MALAT1_A549_NGG_0007	10	0.0
efficacy_focused	MALAT1_A549_NGG_0007	11	0.0
efficacy_focused	MALAT1_A549_NGG_0007	12	0.0
efficacy_focused	MALAT1_A549_NGG_0007	13	0.0
efficacy_focused	MALAT1_A549_NGG_0007	14	0.0
efficacy_focused	MALAT1_A549_NGG_0007	15	0.0
efficacy_focused	MALAT1_A549_NGG_0007	16	0.0
efficacy_focused	MALAT1_A549_NGG_0007	17	0.0
efficacy_focused	MALAT1_A549_NGG_0007	18	0.0
efficacy_focused	MALAT1_A549_NGG_0007	19	0.0
efficacy_focused	MALAT1_A549_NGG_0007	20	0.0
efficacy_focused	MALAT1_A549_NGG_0007	21	0.0
efficacy_focused	MALAT1_A549_NGG_0007	22	0.0
efficacy_focused	MALAT1_A549_NGG_0007	23	0.0
efficacy_focused	MALAT1_A549_NGG_0007	24	0.0
efficacy_focused	MALAT1_A549_NGG_0007	25	0.0
efficacy_focused	MALAT1_A549_NGG_0007	26	0.0
efficacy_focused	MALAT1_A549_NGG_0007	27	0.0
efficacy_focused	MALAT1_A549_NGG_0007	28	3.333e-05
efficacy_focused	MALAT1_A549_NGG_0007	29	0.0001
efficacy_focused	MALAT1_A549_NGG_0007	30	6.667e-05
efficacy_focused	MALAT1_A549_NGG_0007	31	0.0001
efficacy_focused	MALAT1_A549_NGG_0007	32	0.00023333
efficacy_focused	MALAT1_A549_NGG_0007	33	0.00026667
efficacy_focused	MALAT1_A549_NGG_0007	34	0.00043333
efficacy_focused	MALAT1_A549_NGG_0007	35	0.00086667
efficacy_focused	MALAT1_A549_NGG_0007	36	0.00103333
efficacy_focused	MALAT1_A549_NGG_0007	37	0.00113333
efficacy_focused	MALAT1_A549_NGG_0007	38	0.00223333
efficacy_focused	MALAT1_A549_NGG_0007	39	0.0031
efficacy_focused	MALAT1_A549_NGG_0007	40	0.00323333
efficacy_focused	MALAT1_A549_NGG_0007	41	0.00396667
efficacy_focused	MALAT1_A549_NGG_0007	42	0.00696667
efficacy_focused	MALAT1_A549_NGG_0007	43	0.01253333
efficacy_focused	MALAT1_A549_NGG_0007	44	0.01686667
efficacy_focused	MALAT1_A549_NGG_0007	45	0.02103333
efficacy_focused	MALAT1_A549_NGG_0007	46	0.02543333
efficacy_focused	MALAT1_A549_NGG_0007	47	0.0265
efficacy_focused	MALAT1_A549_NGG_0007	48	0.02906667
efficacy_focused	MALAT1_A549_NGG_0007	49	0.03423333
efficacy_focused	MALAT1_A549_NGG_0007	50	0.03586667
efficacy_focused	MALAT1_A549_NGG_0007	51	0.03643333
efficacy_focused	MALAT1_A549_NGG_0007	52	0.04036667
efficacy_focused	MALAT1_A549_NGG_0007	53	0.04206667
efficacy_focused	MALAT1_A549_NGG_0007	54	0.04286667
efficacy_focused	MALAT1_A549_NGG_0007	55	0.04826667
efficacy_focused	MALAT1_A549_NGG_0007	56	0.04736667
efficacy_focused	MALAT1_A549_NGG_0007	57	0.04916667
efficacy_focused	MALAT1_A549_NGG_0007	58	0.04973333
efficacy_focused	MALAT1_A549_NGG_0007	59	0.04763333
efficacy_focused	MALAT1_A549_NGG_0007	60	0.04656667
efficacy_focused	MALAT1_A549_NGG_0007	61	0.04686667
efficacy_focused	MALAT1_A549_NGG_0007	62	0.04506667
efficacy_focused	MALAT1_A549_NGG_0007	63	0.0426
efficacy_focused	MALAT1_A549_NGG_0007	64	0.03756667
efficacy_focused	MALAT1_A549_NGG_0007	65	0.03246667
efficacy_focused	MALAT1_A549_NGG_0007	66	0.02703333
efficacy_focused	MALAT1_A549_NGG_0007	67	0.0225
efficacy_focused	MALAT1_A549_NGG_0007	68	0.01743333
efficacy_focused	MALAT1_A549_NGG_0007	69	0.01443333
efficacy_focused	MALAT1_A549_NGG_0007	70	0.00993333
efficacy_focused	MALAT1_A549_NGG_0007	71	0.0074
efficacy_focused	MALAT1_A549_NGG_0007	72	0.00543333
efficacy_focused	MALAT1_A549_NGG_0007	73	0.00396667
efficacy_focused	MALAT1_A549_NGG_0007	74	0.00326667
efficacy_focused	MALAT1_A549_NGG_0007	75	0.003
efficacy_focused	MALAT1_A549_NGG_0007	76	0.00206667
efficacy_focused	MALAT1_A549_NGG_0007	77	0.00136667
efficacy_focused	MALAT1_A549_NGG_0007	78	0.0007
efficacy_focused	MALAT1_A549_NGG_0007	79	0.0007
efficacy_focused	MALAT1_A549_NGG_0007	80	0.0002
efficacy_focused	MALAT1_A549_NGG_0007	81	0.00016667
efficacy_focused	MALAT1_A549_NGG_0007	82	3.333e-05
efficacy_focused	MALAT1_A549_NGG_0007	83	3.333e-05
efficacy_focused	MALAT1_A549_NGG_0007	84	0.0
efficacy_focused	MALAT1_A549_NGG_0007	85	0.0
efficacy_focused	MALAT1_A549_NGG_0007	86	0.0
efficacy_focused	MALAT1_A549_NGG_0008	1	0.0
efficacy_focused	MALAT1_A549_NGG_0008	2	0.0
efficacy_focused	MALAT1_A549_NGG_0008	3	0.0
efficacy_focused	MALAT1_A549_NGG_0008	4	0.0
efficacy_focused	MALAT1_A549_NGG_0008	5	0.0
efficacy_focused	MALAT1_A549_NGG_0008	6	0.0
efficacy_focused	MALAT1_A549_NGG_0008	7	0.0
efficacy_focused	MALAT1_A549_NGG_0008	8	0.0
efficacy_focused	MALAT1_A549_NGG_0008	9	0.0
efficacy_focused	MALAT1_A549_NGG_0008	10	0.0
efficacy_focused	MALAT1_A549_NGG_0008	11	0.0
efficacy_focused	MALAT1_A549_NGG_0008	12	0.0
efficacy_focused	MALAT1_A549_NGG_0008	13	0.0
efficacy_focused	MALAT1_A549_NGG_0008	14	0.0
efficacy_focused	MALAT1_A549_NGG_0008	15	0.0
efficacy_focused	MALAT1_A549_NGG_0008	16	0.0
efficacy_focused	MALAT1_A549_NGG_0008	17	0.0
efficacy_focused	MALAT1_A549_NGG_0008	18	0.0
efficacy_focused	MALAT1_A549_NGG_0008	19	0.0
efficacy_focused	MALAT1_A549_NGG_0008	20	0.0
efficacy_focused	MALAT1_A549_NGG_0008	21	0.0
efficacy_focused	MALAT1_A549_NGG_0008	22	0.0
efficacy_focused	MALAT1_A549_NGG_0008	23	0.0
efficacy_focused	MALAT1_A549_NGG_0008	24	0.0
efficacy_focused	MALAT1_A549_NGG_0008	25	0.0
efficacy_focused	MALAT1_A549_NGG_0008	26	0.0
efficacy_focused	MALAT1_A549_NGG_0008	27	0.0
efficacy_focused	MALAT1_A549_NGG_0008	28	0.0
efficacy_focused	MALAT1_A549_NGG_0008	29	0.0
efficacy_focused	MALAT1_A549_NGG_0008	30	0.0
efficacy_focused	MALAT1_A549_NGG_0008	31	0.0
efficacy_focused	MALAT1_A549_NGG_0008	32	0.0
efficacy_focused	MALAT1_A549_NGG_0008	33	0.0
efficacy_focused	MALAT1_A549_NGG_0008	34	0.0
efficacy_focused	MALAT1_A549_NGG_0008	35	0.0
efficacy_focused	MALAT1_A549_NGG_0008	36	0.0
efficacy_focused	MALAT1_A549_NGG_0008	37	0.0
efficacy_focused	MALAT1_A549_NGG_0008	38	0.0
efficacy_focused	MALAT1_A549_NGG_0008	39	0.0
efficacy_focused	MALAT1_A549_NGG_0008	40	6.667e-05
efficacy_focused	MALAT1_A549_NGG_0008	41	0.0
efficacy_focused	MALAT1_A549_NGG_0008	42	0.0
efficacy_focused	MALAT1_A549_NGG_0008	43	0.00013333
efficacy_focused	MALAT1_A549_NGG_0008	44	0.0
efficacy_focused	MALAT1_A549_NGG_0008	45	0.00016667
efficacy_focused	MALAT1_A549_NGG_0008	46	0.00013333
efficacy_focused	MALAT1_A549_NGG_0008	47	0.00026667
efficacy_focused	MALAT1_A549_NGG_0008	48	0.00046667
efficacy_focused	MALAT1_A549_NGG_0008	49	0.00086667
efficacy_focused	MALAT1_A549_NGG_0008	50	0.0011
efficacy_focused	MALAT1_A549_NGG_0008	51	0.00183333
efficacy_focused	MALAT1_A549_NGG_0008	52	0.00193333
efficacy_focused	MALAT1_A549_NGG_0008	53	0.00286667
efficacy_focused	MALAT1_A549_NGG_0008	54	0.00343333
efficacy_focused	MALAT1_A549_NGG_0008	55	0.00486667
efficacy_focused	MALAT1_A549_NGG_0008	56	0.00606667
efficacy_focused	MALAT1_A549_NGG_0008	57	0.00933333
efficacy_focused	MALAT1_A549_NGG_0008	58	0.01293333
efficacy_focused	MALAT1_A549_NGG_0008	59	0.01623333
efficacy_focused	MALAT1_A549_NGG_0008	60	0.01903333
efficacy_focused	MALAT1_A549_NGG_0008	61	0.02193333
efficacy_focused	MALAT1_A549_NGG_0008	62	0.02403333
efficacy_focused	MALAT1_A549_NGG_0008	63	0.03146667
efficacy_focused	MALAT1_A549_NGG_0008	64	0.03523333
efficacy_focused	MALAT1_A549_NGG_0008	65	0.04333333
efficacy_focused	MALAT1_A549_NGG_0008	66	0.0478
efficacy_focused	MALAT1_A549_NGG_0008	67	0.05383333
efficacy_focused	MALAT1_A549_NGG_0008	68	0.0611
efficacy_focused	MALAT1_A549_NGG_0008	69	0.06656667
efficacy_focused	MALAT1_A549_NGG_0008	70	0.06423333
efficacy_focused	MALAT1_A549_NGG_0008	71	0.06223333
efficacy_focused	MALAT1_A549_NGG_0008	72	0.05606667
efficacy_focused	MALAT1_A549_NGG_0008	73	0.05106667
efficacy_focused	MALAT1_A549_NGG_0008	74	0.04496667
efficacy_focused	MALAT1_A549_NGG_0008	75	0.04026667
efficacy_focused	MALAT1_A549_NGG_0008	76	0.0368
efficacy_focused	MALAT1_A549_NGG_0008	77	0.03296667
efficacy_focused	MALAT1_A549_NGG_0008	78	0.02963333
efficacy_focused	MALAT1_A549_NGG_0008	79	0.02543333
efficacy_focused	MALAT1_A549_NGG_0008	80	0.02403333
efficacy_focused	MALAT1_A549_NGG_0008	81	0.0207
efficacy_focused	MALAT1_A549_NGG_0008	82	0.01676667
efficacy_focused	MALAT1_A549_NGG_0008	83	0.0112
efficacy_focused	MALAT1_A549_NGG_0008	84	0.00826667
efficacy_focused	MALAT1_A549_NGG_0008	85	0.0057
efficacy_focused	MALAT1_A549_NGG_0008	86	0.00263333
efficacy_focused	MALAT1_A549_NGG_0009	1	0.0
efficacy_focused	MALAT1_A549_NGG_0009	2	0.0
efficacy_focused	MALAT1_A549_NGG_0009	3	0.0
efficacy_focused	MALAT1_A549_NGG_0009	4	0.0
efficacy_focused	MALAT1_A549_NGG_0009	5	0.0
efficacy_focused	MALAT1_A549_NGG_0009	6	0.0
efficacy_focused	MALAT1_A549_NGG_0009	7	0.0
efficacy_focused	MALAT1_A549_NGG_0009	8	0.0
efficacy_focused	MALAT1_A549_NGG_0009	9	0.0
efficacy_focused	MALAT1_A549_NGG_0009	10	0.0
efficacy_focused	MALAT1_A549_NGG_0009	11	0.0
efficacy_focused	MALAT1_A549_NGG_0009	12	0.0
efficacy_focused	MALAT1_A549_NGG_0009	13	0.0
efficacy_focused	MALAT1_A549_NGG_0009	14	0.0
efficacy_focused	MALAT1_A549_NGG_0009	15	0.0
efficacy_focused	MALAT1_A549_NGG_0009	16	0.0
efficacy_focused	MALAT1_A549_NGG_0009	17	0.0
efficacy_focused	MALAT1_A549_NGG_0009	18	0.0
efficacy_focused	MALAT1_A549_NGG_0009	19	0.0
efficacy_focused	MALAT1_A549_NGG_0009	20	0.0
efficacy_focused	MALAT1_A549_NGG_0009	21	0.0
efficacy_focused	MALAT1_A549_NGG_0009	22	0.0
efficacy_focused	MALAT1_A549_NGG_0009	23	0.0
efficacy_focused	MALAT1_A549_NGG_0009	24	0.0
efficacy_focused	MALAT1_A549_NGG_0009	25	0.0
efficacy_focused	MALAT1_A549_NGG_0009	26	0.0
efficacy_focused	MALAT1_A549_NGG_0009	27	0.0
efficacy_focused	MALAT1_A549_NGG_0009	28	0.0
efficacy_focused	MALAT1_A549_NGG_0009	29	0.0
efficacy_focused	MALAT1_A549_NGG_0009	30	0.0
efficacy_focused	MALAT1_A549_NGG_0009	31	0.0
efficacy_focused	MALAT1_A549_NGG_0009	32	0.0
efficacy_focused	MALAT1_A549_NGG_0009	33	0.0
efficacy_focused	MALAT1_A549_NGG_0009	34	0.0
efficacy_focused	MALAT1_A549_NGG_0009	35	0.0
efficacy_focused	MALAT1_A549_NGG_0009	36	0.0
efficacy_focused	MALAT1_A549_NGG_0009	37	0.0
efficacy_focused	MALAT1_A549_NGG_0009	38	3.333e-05
efficacy_focused	MALAT1_A549_NGG_0009	39	0.0
efficacy_focused	MALAT1_A549_NGG_0009	40	3.333e-05
efficacy_focused	MALAT1_A549_NGG_0009	41	0.0
efficacy_focused	MALAT1_A549_NGG_0009	42	3.333e-05
efficacy_focused	MALAT1_A549_NGG_0009	43	0.0
efficacy_focused	MALAT1_A549_NGG_0009	44	6.667e-05
efficacy_focused	MALAT1_A549_NGG_0009	45	6.667e-05
efficacy_focused	MALAT1_A549_NGG_0009	46	0.00013333
efficacy_focused	MALAT1_A549_NGG_0009	47	0.0002
efficacy_focused	MALAT1_A549_NGG_0009	48	0.00023333
efficacy_focused	MALAT1_A549_NGG_0009	49	0.00013333
efficacy_focused	MALAT1_A549_NGG_0009	50	0.00043333
efficacy_focused	MALAT1_A549_NGG_0009	51	0.00073333
efficacy_focused	MALAT1_A549_NGG_0009	52	0.001
efficacy_focused	MALAT1_A549_NGG_0009	53	0.00166667
efficacy_focused	MALAT1_A549_NGG_0009	54	0.002
efficacy_focused	MALAT1_A549_NGG_0009	55	0.00236667
efficacy_focused	MALAT1_A549_NGG_0009	56	0.0038
efficacy_focused	MALAT1_A549_NGG_0009	57	0.00586667
efficacy_focused	MALAT1_A549_NGG_0009	58	0.0084
efficacy_focused	MALAT1_A549_NGG_0009	59	0.00973333
efficacy_focused	MALAT1_A549_NGG_0009	60	0.0139
efficacy_focused	MALAT1_A549_NGG_0009	61	0.01816667
efficacy_focused	MALAT1_A549_NGG_0009	62	0.01966667
efficacy_focused	MALAT1_A549_NGG_0009	63	0.02386667
efficacy_focused	MALAT1_A549_NGG_0009	64	0.03106667
efficacy_focused	MALAT1_A549_NGG_0009	65	0.03483333
efficacy_focused	MALAT1_A549_NGG_0009	66	0.04133333
efficacy_focused	MALAT1_A549_NGG_0009	67	0.04803333
efficacy_focused	MALAT1_A549_NGG_0009	68	0.0547
efficacy_focused	MALAT1_A549_NGG_0009	69	0.0599
efficacy_focused	MALAT1_A549_NGG_0009	70	0.06196667
efficacy_focused	MALAT1_A549_NGG_0009	71	0.06086667
efficacy_focused	MALAT1_A549_NGG_0009	72	0.06166667
efficacy_focused	MALAT1_A549_NGG_0009	73	0.0589
efficacy_focused	MALAT1_A549_NGG_0009	74	0.05266667
efficacy_focused	MALAT1_A549_NGG_0009	75	0.04966667
efficacy_focused	MALAT1_A549_NGG_0009	76	0.0439
efficacy_focused	MALAT1_A549_NGG_0009	77	0.03756667
efficacy_focused	MALAT1_A549_NGG_0009	78	0.0346
efficacy_focused	MALAT1_A549_NGG_0009	79	0.03173333
efficacy_focused	MALAT1_A549_NGG_0009	80	0.02916667
efficacy_focused	MALAT1_A549_NGG_0009	81	0.02676667
efficacy_focused	MALAT1_A549_NGG_0009	82	0.02273333
efficacy_focused	MALAT1_A549_NGG_0009	83	0.0189
efficacy_focused	MALAT1_A549_NGG_0009	84	0.01306667
efficacy_focused	MALAT1_A549_NGG_0009	85	0.0093
efficacy_focused	MALAT1_A549_NGG_0009	86	0.00413333
efficacy_focused	MALAT1_A549_NGG_0010	1	0.0
efficacy_focused	MALAT1_A549_NGG_0010	2	0.0
efficacy_focused	MALAT1_A549_NGG_0010	3	0.0
efficacy_focused	MALAT1_A549_NGG_0010	4	0.0
efficacy_focused	MALAT1_A549_NGG_0010	5	0.0
efficacy_focused	MALAT1_A549_NGG_0010	6	0.0
efficacy_focused	MALAT1_A549_NGG_0010	7	0.0
efficacy_focused	MALAT1_A549_NGG_0010	8	0.0
efficacy_focused	MALAT1_A549_NGG_0010	9	0.0
efficacy_focused	MALAT1_A549_NGG_0010	10	0.0
efficacy_focused	MALAT1_A549_NGG_0010	11	0.0
efficacy_focused	MALAT1_A549_NGG_0010	12	0.0
efficacy_focused	MALAT1_A549_NGG_0010	13	0.0
efficacy_focused	MALAT1_A549_NGG_0010	14	0.0
efficacy_focused	MALAT1_A549_NGG_0010	15	0.0
efficacy_focused	MALAT1_A549_NGG_0010	16	0.0
efficacy_focused	MALAT1_A549_NGG_0010	17	0.0
efficacy_focused	MALAT1_A549_NGG_0010	18	0.0
efficacy_focused	MALAT1_A549_NGG_0010	19	0.0
efficacy_focused	MALAT1_A549_NGG_0010	20	0.0
efficacy_focused	MALAT1_A549_NGG_0010	21	0.0
efficacy_focused	MALAT1_A549_NGG_0010	22	0.0
efficacy_focused	MALAT1_A549_NGG_0010	23	0.0
efficacy_focused	MALAT1_A549_NGG_0010	24	0.0
efficacy_focused	MALAT1_A549_NGG_0010	25	0.0
efficacy_focused	MALAT1_A549_NGG_0010	26	0.0
efficacy_focused	MALAT1_A549_NGG_0010	27	0.0
efficacy_focused	MALAT1_A549_NGG_0010	28	0.0
efficacy_focused	MALAT1_A549_NGG_0010	29	3.333e-05
efficacy_focused	MALAT1_A549_NGG_0010	30	3.333e-05
efficacy_focused	MALAT1_A549_NGG_0010	31	0.00013333
efficacy_focused	MALAT1_A549_NGG_0010	32	6.667e-05
efficacy_focused	MALAT1_A549_NGG_0010	33	0.0
efficacy_focused	MALAT1_A549_NGG_0010	34	0.0001
efficacy_focused	MALAT1_A549_NGG_0010	35	0.00013333
efficacy_focused	MALAT1_A549_NGG_0010	36	0.00023333
efficacy_focused	MALAT1_A549_NGG_0010	37	0.0003
efficacy_focused	MALAT1_A549_NGG_0010	38	0.00053333
efficacy_focused	MALAT1_A549_NGG_0010	39	0.0005
efficacy_focused	MALAT1_A549_NGG_0010	40	0.00083333
efficacy_focused	MALAT1_A549_NGG_0010	41	0.00116667
efficacy_focused	MALAT1_A549_NGG_0010	42	0.00186667
efficacy_focused	MALAT1_A549_NGG_0010	43	0.0038
efficacy_focused	MALAT1_A549_NGG_0010	44	0.00563333
efficacy_focused	MALAT1_A549_NGG_0010	45	0.00773333
efficacy_focused	MALAT1_A549_NGG_0010	46	0.00983333
efficacy_focused	MALAT1_A549_NGG_0010	47	0.01173333
efficacy_focused	MALAT1_A549_NGG_0010	48	0.01406667
efficacy_focused	MALAT1_A549_NGG_0010	49	0.01553333
efficacy_focused	MALAT1_A549_NGG_0010	50	0.0206
efficacy_focused	MALAT1_A549_NGG_0010	51	0.0219
efficacy_focused	MALAT1_A549_NGG_0010	52	0.02546667
efficacy_focused	MALAT1_A549_NGG_0010	53	0.0293
efficacy_focused	MALAT1_A549_NGG_0010	54	0.0321
efficacy_focused	MALAT1_A549_NGG_0010	55	0.03546667
efficacy_focused	MALAT1_A549_NGG_0010	56	0.04203333
efficacy_focused	MALAT1_A549_NGG_0010	57	0.04473333
efficacy_focused	MALAT1_A549_NGG_0010	58	0.04626667
efficacy_focused	MALAT1_A549_NGG_0010	59	0.05086667
efficacy_focused	MALAT1_A549_NGG_0010	60	0.0536
efficacy_focused	MALAT1_A549_NGG_0010	61	0.0541
efficacy_focused	MALAT1_A549_NGG_0010	62	0.055
efficacy_focused	MALAT1_A549_NGG_0010	63	0.0575
efficacy_focused	MALAT1_A549_NGG_0010	64	0.05636667
efficacy_focused	MALAT1_A549_NGG_0010	65	0.04993333
efficacy_focused	MALAT1_A549_NGG_0010	66	0.04806667
efficacy_focused	MALAT1_A549_NGG_0010	67	0.04306667
efficacy_focused	MALAT1_A549_NGG_0010	68	0.03586667
efficacy_focused	MALAT1_A549_NGG_0010	69	0.03023333
efficacy_focused	MALAT1_A549_NGG_0010	70	0.0227
efficacy_focused	MALAT1_A549_NGG_0010	71	0.017
efficacy_focused	MALAT1_A549_NGG_0010	72	0.0134
efficacy_focused	MALAT1_A549_NGG_0010	73	0.01036667
efficacy_focused	MALAT1_A549_NGG_0010	74	0.00826667
efficacy_focused	MALAT1_A549_NGG_0010	75	0.00686667
efficacy_focused	MALAT1_A549_NGG_0010	76	0.00566667
efficacy_focused	MALAT1_A549_NGG_0010	77	0.00333333
efficacy_focused	MALAT1_A549_NGG_0010	78	0.00283333
efficacy_focused	MALAT1_A549_NGG_0010	79	0.0013
efficacy_focused	MALAT1_A549_NGG_0010	80	0.00093333
efficacy_focused	MALAT1_A549_NGG_0010	81	0.00033333
efficacy_focused	MALAT1_A549_NGG_0010	82	0.00013333
efficacy_focused	MALAT1_A549_NGG_0010	83	3.333e-05
efficacy_focused	MALAT1_A549_NGG_0010	84	0.0001
efficacy_focused	MALAT1_A549_NGG_0010	85	0.0
efficacy_focused	MALAT1_A549_NGG_0010	86	0.0
efficacy_focused	MALAT1_A549_NGG_0011	1	0.0
efficacy_focused	MALAT1_A549_NGG_0011	2	0.0
efficacy_focused	MALAT1_A549_NGG_0011	3	0.0
efficacy_focused	MALAT1_A549_NGG_0011	4	0.0
efficacy_focused	MALAT1_A549_NGG_0011	5	0.0
efficacy_focused	MALAT1_A549_NGG_0011	6	0.0
efficacy_focused	MALAT1_A549_NGG_0011	7	0.0
efficacy_focused	MALAT1_A549_NGG_0011	8	0.0
efficacy_focused	MALAT1_A549_NGG_0011	9	0.0
efficacy_focused	MALAT1_A549_NGG_0011	10	0.0
efficacy_focused	MALAT1_A549_NGG_0011	11	0.0
efficacy_focused	MALAT1_A549_NGG_0011	12	0.0
efficacy_focused	MALAT1_A549_NGG_0011	13	0.0
efficacy_focused	MALAT1_A549_NGG_0011	14	0.0
efficacy_focused	MALAT1_A549_NGG_0011	15	0.0
efficacy_focused	MALAT1_A549_NGG_0011	16	0.0
efficacy_focused	MALAT1_A549_NGG_0011	17	0.0
efficacy_focused	MALAT1_A549_NGG_0011	18	0.0
efficacy_focused	MALAT1_A549_NGG_0011	19	0.0
efficacy_focused	MALAT1_A549_NGG_0011	20	0.0
efficacy_focused	MALAT1_A549_NGG_0011	21	0.0
efficacy_focused	MALAT1_A549_NGG_0011	22	0.0
efficacy_focused	MALAT1_A549_NGG_0011	23	0.0
efficacy_focused	MALAT1_A549_NGG_0011	24	0.0
efficacy_focused	MALAT1_A549_NGG_0011	25	0.0
efficacy_focused	MALAT1_A549_NGG_0011	26	0.0
efficacy_focused	MALAT1_A549_NGG_0011	27	0.0
efficacy_focused	MALAT1_A549_NGG_0011	28	0.0
efficacy_focused	MALAT1_A549_NGG_0011	29	0.0
efficacy_focused	MALAT1_A549_NGG_0011	30	0.0
efficacy_focused	MALAT1_A549_NGG_0011	31	0.0
efficacy_focused	MALAT1_A549_NGG_0011	32	0.0
efficacy_focused	MALAT1_A549_NGG_0011	33	0.0
efficacy_focused	MALAT1_A549_NGG_0011	34	0.0
efficacy_focused	MALAT1_A549_NGG_0011	35	0.0
efficacy_focused	MALAT1_A549_NGG_0011	36	0.0
efficacy_focused	MALAT1_A549_NGG_0011	37	0.0
efficacy_focused	MALAT1_A549_NGG_0011	38	0.0
efficacy_focused	MALAT1_A549_NGG_0011	39	0.0
efficacy_focused	MALAT1_A549_NGG_0011	40	0.0
efficacy_focused	MALAT1_A549_NGG_0011	41	0.0
efficacy_focused	MALAT1_A549_NGG_0011	42	0.0
efficacy_focused	MALAT1_A549_NGG_0011	43	0.0
efficacy_focused	MALAT1_A549_NGG_0011	44	0.0
efficacy_focused	MALAT1_A549_NGG_0011	45	3.333e-05
efficacy_focused	MALAT1_A549_NGG_0011	46	0.0
efficacy_focused	MALAT1_A549_NGG_0011	47	0.0
efficacy_focused	MALAT1_A549_NGG_0011	48	0.0
efficacy_focused	MALAT1_A549_NGG_0011	49	6.667e-05
efficacy_focused	MALAT1_A549_NGG_0011	50	6.667e-05
efficacy_focused	MALAT1_A549_NGG_0011	51	0.00016667
efficacy_focused	MALAT1_A549_NGG_0011	52	0.00026667
efficacy_focused	MALAT1_A549_NGG_0011	53	0.0001
efficacy_focused	MALAT1_A549_NGG_0011	54	0.00036667
efficacy_focused	MALAT1_A549_NGG_0011	55	0.00066667
efficacy_focused	MALAT1_A549_NGG_0011	56	0.00116667
efficacy_focused	MALAT1_A549_NGG_0011	57	0.00136667
efficacy_focused	MALAT1_A549_NGG_0011	58	0.00273333
efficacy_focused	MALAT1_A549_NGG_0011	59	0.00393333
efficacy_focused	MALAT1_A549_NGG_0011	60	0.0045
efficacy_focused	MALAT1_A549_NGG_0011	61	0.00643333
efficacy_focused	MALAT1_A549_NGG_0011	62	0.0095
efficacy_focused	MALAT1_A549_NGG_0011	63	0.0109
efficacy_focused	MALAT1_A549_NGG_0011	64	0.0147
efficacy_focused	MALAT1_A549_NGG_0011	65	0.019
efficacy_focused	MALAT1_A549_NGG_0011	66	0.0206
efficacy_focused	MALAT1_A549_NGG_0011	67	0.0281
efficacy_focused	MALAT1_A549_NGG_0011	68	0.03206667
efficacy_focused	MALAT1_A549_NGG_0011	69	0.0407
efficacy_focused	MALAT1_A549_NGG_0011	70	0.04456667
efficacy_focused	MALAT1_A549_NGG_0011	71	0.05306667
efficacy_focused	MALAT1_A549_NGG_0011	72	0.06153333
efficacy_focused	MALAT1_A549_NGG_0011	73	0.06286667
efficacy_focused	MALAT1_A549_NGG_0011	74	0.06436667
efficacy_focused	MALAT1_A549_NGG_0011	75	0.0621
efficacy_focused	MALAT1_A549_NGG_0011	76	0.05726667
efficacy_focused	MALAT1_A549_NGG_0011	77	0.05583333
efficacy_focused	MALAT1_A549_NGG_0011	78	0.0474
efficacy_focused	MALAT1_A549_NGG_0011	79	0.04556667
efficacy_focused	MALAT1_A549_NGG_0011	80	0.041
efficacy_focused	MALAT1_A549_NGG_0011	81	0.04263333
efficacy_focused	MALAT1_A549_NGG_0011	82	0.0412
efficacy_focused	MALAT1_A549_NGG_0011	83	0.03806667
efficacy_focused	MALAT1_A549_NGG_0011	84	0.03633333
efficacy_focused	MALAT1_A549_NGG_0011	85	0.0289
efficacy_focused	MALAT1_A549_NGG_0011	86	0.01986667
efficacy_focused	MALAT1_A549_NGG_0012	1	0.0
efficacy_focused	MALAT1_A549_NGG_0012	2	0.0
efficacy_focused	MALAT1_A549_NGG_0012	3	0.0
efficacy_focused	MALAT1_A549_NGG_0012	4	0.0
efficacy_focused	MALAT1_A549_NGG_0012	5	0.0
efficacy_focused	MALAT1_A549_NGG_0012	6	0.0
efficacy_focused	MALAT1_A549_NGG_0012	7	0.0
efficacy_focused	MALAT1_A549_NGG_0012	8	0.0
efficacy_focused	MALAT1_A549_NGG_0012	9	0.0
efficacy_focused	MALAT1_A549_NGG_0012	10	0.0
efficacy_focused	MALAT1_A549_NGG_0012	11	0.0
efficacy_focused	MALAT1_A549_NGG_0012	12	0.0
efficacy_focused	MALAT1_A549_NGG_0012	13	0.0
efficacy_focused	MALAT1_A549_NGG_0012	14	0.0
efficacy_focused	MALAT1_A549_NGG_0012	15	0.0
efficacy_focused	MALAT1_A549_NGG_0012	16	0.0
efficacy_focused	MALAT1_A549_NGG_0012	17	0.0
efficacy_focused	MALAT1_A549_NGG_0012	18	0.0
efficacy_focused	MALAT1_A549_NGG_0012	19	0.0
efficacy_focused	MALAT1_A549_NGG_0012	20	0.0
efficacy_focused	MALAT1_A549_NGG_0012	21	0.0
efficacy_focused	MALAT1_A549_NGG_0012	22	0.0
efficacy_focused	MALAT1_A549_NGG_0012	23	0.0
efficacy_focused	MALAT1_A549_NGG_0012	24	0.0
efficacy_focused	MALAT1_A549_NGG_0012	25	0.0
efficacy_focused	MALAT1_A549_NGG_0012	26	0.0
efficacy_focused	MALAT1_A549_NGG_0012	27	0.0
efficacy_focused	MALAT1_A549_NGG_0012	28	0.0
efficacy_focused	MALAT1_A549_NGG_0012	29	0.0
efficacy_focused	MALAT1_A549_NGG_0012	30	0.0
efficacy_focused	MALAT1_A549_NGG_0012	31	0.0
efficacy_focused	MALAT1_A549_NGG_0012	32	0.0
efficacy_focused	MALAT1_A549_NGG_0012	33	0.0
efficacy_focused	MALAT1_A549_NGG_0012	34	0.0
efficacy_focused	MALAT1_A549_NGG_0012	35	0.0
efficacy_focused	MALAT1_A549_NGG_0012	36	0.0
efficacy_focused	MALAT1_A549_NGG_0012	37	0.0
efficacy_focused	MALAT1_A549_NGG_0012	38	0.0
efficacy_focused	MALAT1_A549_NGG_0012	39	0.0
efficacy_focused	MALAT1_A549_NGG_0012	40	0.0
efficacy_focused	MALAT1_A549_NGG_0012	41	0.0
efficacy_focused	MALAT1_A549_NGG_0012	42	0.0
efficacy_focused	MALAT1_A549_NGG_0012	43	0.0
efficacy_focused	MALAT1_A549_NGG_0012	44	0.0
efficacy_focused	MALAT1_A549_NGG_0012	45	0.0
efficacy_focused	MALAT1_A549_NGG_0012	46	0.0
efficacy_focused	MALAT1_A549_NGG_0012	47	0.0
efficacy_focused	MALAT1_A549_NGG_0012	48	0.0
efficacy_focused	MALAT1_A549_NGG_0012	49	0.0
efficacy_focused	MALAT1_A549_NGG_0012	50	0.0
efficacy_focused	MALAT1_A549_NGG_0012	51	3.333e-05
efficacy_focused	MALAT1_A549_NGG_0012	52	6.667e-05
efficacy_focused	MALAT1_A549_NGG_0012	53	6.667e-05
efficacy_focused	MALAT1_A549_NGG_0012	54	0.00013333
efficacy_focused	MALAT1_A549_NGG_0012	55	0.00033333
efficacy_focused	MALAT1_A549_NGG_0012	56	0.00046667
efficacy_focused	MALAT1_A549_NGG_0012	57	0.0004
efficacy_focused	MALAT1_A549_NGG_0012	58	0.00126667
efficacy_focused	MALAT1_A549_NGG_0012	59	0.00146667
efficacy_focused	MALAT1_A549_NGG_0012	60	0.00256667
efficacy_focused	MALAT1_A549_NGG_0012	61	0.00316667
efficacy_focused	MALAT1_A549_NGG_0012	62	0.00523333
efficacy_focused	MALAT1_A549_NGG_0012	63	0.0072
efficacy_focused	MALAT1_A549_NGG_0012	64	0.00926667
efficacy_focused	MALAT1_A549_NGG_0012	65	0.01426667
efficacy_focused	MALAT1_A549_NGG_0012	66	0.01446667
efficacy_focused	MALAT1_A549_NGG_0012	67	0.01873333
efficacy_focused	MALAT1_A549_NGG_0012	68	0.02393333
efficacy_focused	MALAT1_A549_NGG_0012	69	0.02966667
efficacy_focused	MALAT1_A549_NGG_0012	70	0.03846667
efficacy_focused	MALAT1_A549_NGG_0012	71	0.04623333
efficacy_focused	MALAT1_A549_NGG_0012	72	0.05436667
efficacy_focused	MALAT1_A549_NGG_0012	73	0.06283333
efficacy_focused	MALAT1_A549_NGG_0012	74	0.06583333
efficacy_focused	MALAT1_A549_NGG_0012	75	0.0675
efficacy_focused	MALAT1_A549_NGG_0012	76	0.06386667
efficacy_focused	MALAT1_A549_NGG_0012	77	0.0601
efficacy_focused	MALAT1_A549_NGG_0012	78	0.05436667
efficacy_focused	MALAT1_A549_NGG_0012	79	0.0485
efficacy_focused	MALAT1_A549_NGG_0012	80	0.04716667
efficacy_focused	MALAT1_A549_NGG_0012	81	0.04553333
efficacy_focused	MALAT1_A549_NGG_0012	82	0.0474
efficacy_focused	MALAT1_A549_NGG_0012	83	0.04736667
efficacy_focused	MALAT1_A549_NGG_0012	84	0.04623333
efficacy_focused	MALAT1_A549_NGG_0012	85	0.0398
efficacy_focused	MALAT1_A549_NGG_0012	86	0.0317
efficacy_focused	MALAT1_A549_NGG_0013	1	0.0
efficacy_focused	MALAT1_A549_NGG_0013	2	0.0
efficacy_focused	MALAT1_A549_NGG_0013	3	0.0
efficacy_focused	MALAT1_A549_NGG_0013	4	0.0
efficacy_focused	MALAT1_A549_NGG_0013	5	0.0
efficacy_focused	MALAT1_A549_NGG_0013	6	0.0
efficacy_focused	MALAT1_A549_NGG_0013	7	0.0
efficacy_focused	MALAT1_A549_NGG_0013	8	0.0
efficacy_focused	MALAT1_A549_NGG_0013	9	0.0
efficacy_focused	MALAT1_A549_NGG_0013	10	0.0
efficacy_focused	MALAT1_A549_NGG_0013	11	0.0
efficacy_focused	MALAT1_A549_NGG_0013	12	0.0
efficacy_focused	MALAT1_A549_NGG_0013	13	0.0
efficacy_focused	MALAT1_A549_NGG_0013	14	0.0
efficacy_focused	MALAT1_A549_NGG_0013	15	0.0
efficacy_focused	MALAT1_A549_NGG_0013	16	0.0
efficacy_focused	MALAT1_A549_NGG_0013	17	0.0
efficacy_focused	MALAT1_A549_NGG_0013	18	0.0
efficacy_focused	MALAT1_A549_NGG_0013	19	0.0
efficacy_focused	MALAT1_A549_NGG_0013	20	0.0
efficacy_focused	MALAT1_A549_NGG_0013	21	0.0
efficacy_focused	MALAT1_A549_NGG_0013	22	0.0
efficacy_focused	MALAT1_A549_NGG_0013	23	0.0
efficacy_focused	MALAT1_A549_NGG_0013	24	0.0
efficacy_focused	MALAT1_A549_NGG_0013	25	0.0
efficacy_focused	MALAT1_A549_NGG_0013	26	0.0
efficacy_focused	MALAT1_A549_NGG_0013	27	0.0
efficacy_focused	MALAT1_A549_NGG_0013	28	0.0
efficacy_focused	MALAT1_A549_NGG_0013	29	0.0
efficacy_focused	MALAT1_A549_NGG_0013	30	0.0
efficacy_focused	MALAT1_A549_NGG_0013	31	0.0
efficacy_focused	MALAT1_A549_NGG_0013	32	0.0
efficacy_focused	MALAT1_A549_NGG_0013	33	0.0
efficacy_focused	MALAT1_A549_NGG_0013	34	0.0
efficacy_focused	MALAT1_A549_NGG_0013	35	0.0
efficacy_focused	MALAT1_A549_NGG_0013	36	0.0
efficacy_focused	MALAT1_A549_NGG_0013	37	0.0
efficacy_focused	MALAT1_A549_NGG_0013	38	0.0
efficacy_focused	MALAT1_A549_NGG_0013	39	0.0
efficacy_focused	MALAT1_A549_NGG_0013	40	0.0
efficacy_focused	MALAT1_A549_NGG_0013	41	0.0
efficacy_focused	MALAT1_A549_NGG_0013	42	0.0
efficacy_focused	MALAT1_A549_NGG_0013	43	0.0
efficacy_focused	MALAT1_A549_NGG_0013	44	0.0
efficacy_focused	MALAT1_A549_NGG_0013	45	3.333e-05
efficacy_focused	MALAT1_A549_NGG_0013	46	0.0
efficacy_focused	MALAT1_A549_NGG_0013	47	3.333e-05
efficacy_focused	MALAT1_A549_NGG_0013	48	6.667e-05
efficacy_focused	MALAT1_A549_NGG_0013	49	0.0001
efficacy_focused	MALAT1_A549_NGG_0013	50	6.667e-05
efficacy_focused	MALAT1_A549_NGG_0013	51	0.0001
efficacy_focused	MALAT1_A549_NGG_0013	52	0.00036667
efficacy_focused	MALAT1_A549_NGG_0013	53	0.00046667
efficacy_focused	MALAT1_A549_NGG_0013	54	0.00053333
efficacy_focused	MALAT1_A549_NGG_0013	55	0.00133333
efficacy_focused	MALAT1_A549_NGG_0013	56	0.00153333
efficacy_focused	MALAT1_A549_NGG_0013	57	0.00266667
efficacy_focused	MALAT1_A549_NGG_0013	58	0.0041
efficacy_focused	MALAT1_A549_NGG_0013	59	0.00586667
efficacy_focused	MALAT1_A549_NGG_0013	60	0.00783333
efficacy_focused	MALAT1_A549_NGG_0013	61	0.0104
efficacy_focused	MALAT1_A549_NGG_0013	62	0.0129
efficacy_focused	MALAT1_A549_NGG_0013	63	0.0167
efficacy_focused	MALAT1_A549_NGG_0013	64	0.0202
efficacy_focused	MALAT1_A549_NGG_0013	65	0.0256
efficacy_focused	MALAT1_A549_NGG_0013	66	0.0309
efficacy_focused	MALAT1_A549_NGG_0013	67	0.0376
efficacy_focused	MALAT1_A549_NGG_0013	68	0.04583333
efficacy_focused	MALAT1_A549_NGG_0013	69	0.0506
efficacy_focused	MALAT1_A549_NGG_0013	70	0.0596
efficacy_focused	MALAT1_A549_NGG_0013	71	0.06633333
efficacy_focused	MALAT1_A549_NGG_0013	72	0.06453333
efficacy_focused	MALAT1_A549_NGG_0013	73	0.0656
efficacy_focused	MALAT1_A549_NGG_0013	74	0.0622
efficacy_focused	MALAT1_A549_NGG_0013	75	0.0599
efficacy_focused	MALAT1_A549_NGG_0013	76	0.05306667
efficacy_focused	MALAT1_A549_NGG_0013	77	0.0473
efficacy_focused	MALAT1_A549_NGG_0013	78	0.04416667
efficacy_focused	MALAT1_A549_NGG_0013	79	0.04096667
efficacy_focused	MALAT1_A549_NGG_0013	80	0.0371
efficacy_focused	MALAT1_A549_NGG_0013	81	0.03336667
efficacy_focused	MALAT1_A549_NGG_0013	82	0.02956667
efficacy_focused	MALAT1_A549_NGG_0013	83	0.02386667
efficacy_focused	MALAT1_A549_NGG_0013	84	0.01783333
efficacy_focused	MALAT1_A549_NGG_0013	85	0.0123
efficacy_focused	MALAT1_A549_NGG_0013	86	0.00646667
efficacy_focused	MALAT1_A549_NGG_0014	1	0.0
efficacy_focused	MALAT1_A549_NGG_0014	2	0.0
efficacy_focused	MALAT1_A549_NGG_0014	3	0.0
efficacy_focused	MALAT1_A549_NGG_0014	4	0.0
efficacy_focused	MALAT1_A549_NGG_0014	5	0.0
efficacy_focused	MALAT1_A549_NGG_0014	6	0.0
efficacy_focused	MALAT1_A549_NGG_0014	7	0.0
efficacy_focused	MALAT1_A549_NGG_0014	8	0.0
efficacy_focused	MALAT1_A549_NGG_0014	9	0.0
efficacy_focused	MALAT1_A549_NGG_0014	10	0.0
efficacy_focused	MALAT1_A549_NGG_0014	11	0.0
efficacy_focused	MALAT1_A549_NGG_0014	12	0.0
efficacy_focused	MALAT1_A549_NGG_0014	13	0.0
efficacy_focused	MALAT1_A549_NGG_0014	14	0.0
efficacy_focused	MALAT1_A549_NGG_0014	15	0.0
efficacy_focused	MALAT1_A549_NGG_0014	16	0.0
efficacy_focused	MALAT1_A549_NGG_0014	17	0.0
efficacy_focused	MALAT1_A549_NGG_0014	18	0.0
efficacy_focused	MALAT1_A549_NGG_0014	19	0.0
efficacy_focused	MALAT1_A549_NGG_0014	20	0.0
efficacy_focused	MALAT1_A549_NGG_0014	21	0.0
efficacy_focused	MALAT1_A549_NGG_0014	22	0.0
efficacy_focused	MALAT1_A549_NGG_0014	23	0.0
efficacy_focused	MALAT1_A549_NGG_0014	24	0.0
efficacy_focused	MALAT1_A549_NGG_0014	25	0.0
efficacy_focused	MALAT1_A549_NGG_0014	26	0.0
efficacy_focused	MALAT1_A549_NGG_0014	27	0.0
efficacy_focused	MALAT1_A549_NGG_0014	28	0.0
efficacy_focused	MALAT1_A549_NGG_0014	29	0.0
efficacy_focused	MALAT1_A549_NGG_0014	30	0.0
efficacy_focused	MALAT1_A549_NGG_0014	31	0.0
efficacy_focused	MALAT1_A549_NGG_0014	32	0.0
efficacy_focused	MALAT1_A549_NGG_0014	33	0.0
efficacy_focused	MALAT1_A549_NGG_0014	34	0.0
efficacy_focused	MALAT1_A549_NGG_0014	35	0.0
efficacy_focused	MALAT1_A549_NGG_0014	36	0.0
efficacy_focused	MALAT1_A549_NGG_0014	37	0.0
efficacy_focused	MALAT1_A549_NGG_0014	38	0.0
efficacy_focused	MALAT1_A549_NGG_0014	39	0.0
efficacy_focused	MALAT1_A549_NGG_0014	40	0.0
efficacy_focused	MALAT1_A549_NGG_0014	41	0.0
efficacy_focused	MALAT1_A549_NGG_0014	42	0.0
efficacy_focused	MALAT1_A549_NGG_0014	43	0.0
efficacy_focused	MALAT1_A549_NGG_0014	44	0.0
efficacy_focused	MALAT1_A549_NGG_0014	45	0.0
efficacy_focused	MALAT1_A549_NGG_0014	46	0.0
efficacy_focused	MALAT1_A549_NGG_0014	47	0.0
efficacy_focused	MALAT1_A549_NGG_0014	48	0.0
efficacy_focused	MALAT1_A549_NGG_0014	49	0.0001
efficacy_focused	MALAT1_A549_NGG_0014	50	3.333e-05
efficacy_focused	MALAT1_A549_NGG_0014	51	0.00023333
efficacy_focused	MALAT1_A549_NGG_0014	52	0.0002
efficacy_focused	MALAT1_A549_NGG_0014	53	0.00013333
efficacy_focused	MALAT1_A549_NGG_0014	54	0.00036667
efficacy_focused	MALAT1_A549_NGG_0014	55	0.00043333
efficacy_focused	MALAT1_A549_NGG_0014	56	0.00063333
efficacy_focused	MALAT1_A549_NGG_0014	57	0.00123333
efficacy_focused	MALAT1_A549_NGG_0014	58	0.00193333
efficacy_focused	MALAT1_A549_NGG_0014	59	0.00303333
efficacy_focused	MALAT1_A549_NGG_0014	60	0.0047
efficacy_focused	MALAT1_A549_NGG_0014	61	0.00703333
efficacy_focused	MALAT1_A549_NGG_0014	62	0.00853333
efficacy_focused	MALAT1_A549_NGG_0014	63	0.01016667
efficacy_focused	MALAT1_A549_NGG_0014	64	0.014
efficacy_focused	MALAT1_A549_NGG_0014	65	0.0178
efficacy_focused	MALAT1_A549_NGG_0014	66	0.0227
efficacy_focused	MALAT1_A549_NGG_0014	67	0.02783333
efficacy_focused	MALAT1_A549_NGG_0014	68	0.03353333
efficacy_focused	MALAT1_A549_NGG_0014	69	0.04266667
efficacy_focused	MALAT1_A549_NGG_0014	70	0.04906667
efficacy_focused	MALAT1_A549_NGG_0014	71	0.0578
efficacy_focused	MALAT1_A549_NGG_0014	72	0.0634
efficacy_focused	MALAT1_A549_NGG_0014	73	0.0637
efficacy_focused	MALAT1_A549_NGG_0014	74	0.0673
efficacy_focused	MALAT1_A549_NGG_0014	75	0.06363333
efficacy_focused	MALAT1_A549_NGG_0014	76	0.05876667
efficacy_focused	MALAT1_A549_NGG_0014	77	0.05336667
efficacy_focused	MALAT1_A549_NGG_0014	78	0.05126667
efficacy_focused	MALAT1_A549_NGG_0014	79	0.0468
efficacy_focused	MALAT1_A549_NGG_0014	80	0.04523333
efficacy_focused	MALAT1_A549_NGG_0014	81	0.0412
efficacy_focused	MALAT1_A549_NGG_0014	82	0.0382
efficacy_focused	MALAT1_A549_NGG_0014	83	0.036
efficacy_focused	MALAT1_A549_NGG_0014	84	0.03116667
efficacy_focused	MALAT1_A549_NGG_0014	85	0.0225
efficacy_focused	MALAT1_A549_NGG_0014	86	0.0133
efficacy_focused	MALAT1_A549_NGG_0015	1	0.0
efficacy_focused	MALAT1_A549_NGG_0015	2	0.0
efficacy_focused	MALAT1_A549_NGG_0015	3	0.0
efficacy_focused	MALAT1_A549_NGG_0015	4	0.0
efficacy_focused	MALAT1_A549_NGG_0015	5	0.0
efficacy_focused	MALAT1_A549_NGG_0015	6	6.667e-05
efficacy_focused	MALAT1_A549_NGG_0015	7	0.00023333
efficacy_focused	MALAT1_A549_NGG_0015	8	0.0005
efficacy_focused	MALAT1_A549_NGG_0015	9	0.00083333
efficacy_focused	MALAT1_A549_NGG_0015	10	0.001
efficacy_focused	MALAT1_A549_NGG_0015	11	0.00163333
efficacy_focused	MALAT1_A549_NGG_0015	12	0.0018
efficacy_focused	MALAT1_A549_NGG_0015	13	0.00263333
efficacy_focused	MALAT1_A549_NGG_0015	14	0.00216667
efficacy_focused	MALAT1_A549_NGG_0015	15	0.00273333
efficacy_focused	MALAT1_A549_NGG_0015	16	0.0028
efficacy_focused	MALAT1_A549_NGG_0015	17	0.00316667
efficacy_focused	MALAT1_A549_NGG_0015	18	0.0031
efficacy_focused	MALAT1_A549_NGG_0015	19	0.00356667
efficacy_focused	MALAT1_A549_NGG_0015	20	0.0068
efficacy_focused	MALAT1_A549_NGG_0015	21	0.01133333
efficacy_focused	MALAT1_A549_NGG_0015	22	0.01446667
efficacy_focused	MALAT1_A549_NGG_0015	23	0.01906667
efficacy_focused	MALAT1_A549_NGG_0015	24	0.02456667
efficacy_focused	MALAT1_A549_NGG_0015	25	0.02516667
efficacy_focused	MALAT1_A549_NGG_0015	26	0.02793333
efficacy_focused	MALAT1_A549_NGG_0015	27	0.02626667
efficacy_focused	MALAT1_A549_NGG_0015	28	0.02683333
efficacy_focused	MALAT1_A549_NGG_0015	29	0.0276
efficacy_focused	MALAT1_A549_NGG_0015	30	0.03176667
efficacy_focused	MALAT1_A549_NGG_0015	31	0.03443333
efficacy_focused	MALAT1_A549_NGG_0015	32	0.0348
efficacy_focused	MALAT1_A549_NGG_0015	33	0.03783333
efficacy_focused	MALAT1_A549_NGG_0015	34	0.03836667
efficacy_focused	MALAT1_A549_NGG_0015	35	0.0419
efficacy_focused	MALAT1_A549_NGG_0015	36	0.0395
efficacy_focused	MALAT1_A549_NGG_0015	37	0.0494
efficacy_focused	MALAT1_A549_NGG_0015	38	0.05463333
efficacy_focused	MALAT1_A549_NGG_0015	39	0.06636667
efficacy_focused	MALAT1_A549_NGG_0015	40	0.11963333
efficacy_focused	MALAT1_A549_NGG_0015	41	0.0539
efficacy_focused	MALAT1_A549_NGG_0015	42	0.03963333
efficacy_focused	MALAT1_A549_NGG_0015	43	0.02916667
efficacy_focused	MALAT1_A549_NGG_0015	44	0.0208
efficacy_focused	MALAT1_A549_NGG_0015	45	0.01686667
efficacy_focused	MALAT1_A549_NGG_0015	46	0.02346667
efficacy_focused	MALAT1_A549_NGG_0015	47	0.01313333
efficacy_focused	MALAT1_A549_NGG_0015	48	0.0071
efficacy_focused	MALAT1_A549_NGG_0015	49	0.00476667
efficacy_focused	MALAT1_A549_NGG_0015	50	0.00216667
efficacy_focused	MALAT1_A549_NGG_0015	51	0.0018
efficacy_focused	MALAT1_A549_NGG_0015	52	0.0006
efficacy_focused	MALAT1_A549_NGG_0015	53	0.0005
efficacy_focused	MALAT1_A549_NGG_0015	54	0.0004
efficacy_focused	MALAT1_A549_NGG_0015	55	0.00036667
efficacy_focused	MALAT1_A549_NGG_0015	56	0.0001
efficacy_focused	MALAT1_A549_NGG_0015	57	6.667e-05
efficacy_focused	MALAT1_A549_NGG_0015	58	6.667e-05
efficacy_focused	MALAT1_A549_NGG_0015	59	6.667e-05
efficacy_focused	MALAT1_A549_NGG_0015	60	0.0
efficacy_focused	MALAT1_A549_NGG_0015	61	0.0001
efficacy_focused	MALAT1_A549_NGG_0015	62	3.333e-05
efficacy_focused	MALAT1_A549_NGG_0015	63	0.0
efficacy_focused	MALAT1_A549_NGG_0015	64	0.0
efficacy_focused	MALAT1_A549_NGG_0015	65	0.0
efficacy_focused	MALAT1_A549_NGG_0015	66	0.0
efficacy_focused	MALAT1_A549_NGG_0015	67	0.0
efficacy_focused	MALAT1_A549_NGG_0015	68	0.0
efficacy_focused	MALAT1_A549_NGG_0015	69	0.0
efficacy_focused	MALAT1_A549_NGG_0015	70	0.0
efficacy_focused	MALAT1_A549_NGG_0015	71	0.0
efficacy_focused	MALAT1_A549_NGG_0015	72	0.0
efficacy_focused	MALAT1_A549_NGG_0015	73	0.0
efficacy_focused	MALAT1_A549_NGG_0015	74	0.0
efficacy_focused	MALAT1_A549_NGG_0015	75	0.0
efficacy_focused	MALAT1_A549_NGG_0015	76	0.0
efficacy_focused	MALAT1_A549_NGG_0015	77	0.0
efficacy_focused	MALAT1_A549_NGG_0015	78	0.0
efficacy_focused	MALAT1_A549_NGG_0015	79	0.0
efficacy_focused	MALAT1_A549_NGG_0015	80	0.0
efficacy_focused	MALAT1_A549_NGG_0015	81	0.0
efficacy_focused	MALAT1_A549_NGG_0015	82	0.0
efficacy_focused	MALAT1_A549_NGG_0015	83	0.0
efficacy_focused	MALAT1_A549_NGG_0015	84	0.0
efficacy_focused	MALAT1_A549_NGG_0015	85	0.0
efficacy_focused	MALAT1_A549_NGG_0015	86	0.0
efficacy_focused	MALAT1_A549_NGG_0016	1	0.0
efficacy_focused	MALAT1_A549_NGG_0016	2	0.0
efficacy_focused	MALAT1_A549_NGG_0016	3	0.0
efficacy_focused	MALAT1_A549_NGG_0016	4	0.0
efficacy_focused	MALAT1_A549_NGG_0016	5	0.0
efficacy_focused	MALAT1_A549_NGG_0016	6	0.0
efficacy_focused	MALAT1_A549_NGG_0016	7	0.0
efficacy_focused	MALAT1_A549_NGG_0016	8	0.0
efficacy_focused	MALAT1_A549_NGG_0016	9	0.0
efficacy_focused	MALAT1_A549_NGG_0016	10	0.0
efficacy_focused	MALAT1_A549_NGG_0016	11	0.0
efficacy_focused	MALAT1_A549_NGG_0016	12	0.0
efficacy_focused	MALAT1_A549_NGG_0016	13	0.0
efficacy_focused	MALAT1_A549_NGG_0016	14	0.0
efficacy_focused	MALAT1_A549_NGG_0016	15	0.0
efficacy_focused	MALAT1_A549_NGG_0016	16	0.0
efficacy_focused	MALAT1_A549_NGG_0016	17	0.0
efficacy_focused	MALAT1_A549_NGG_0016	18	0.0
efficacy_focused	MALAT1_A549_NGG_0016	19	0.0
efficacy_focused	MALAT1_A549_NGG_0016	20	0.0
efficacy_focused	MALAT1_A549_NGG_0016	21	0.0
efficacy_focused	MALAT1_A549_NGG_0016	22	0.0
efficacy_focused	MALAT1_A549_NGG_0016	23	0.0
efficacy_focused	MALAT1_A549_NGG_0016	24	0.0
efficacy_focused	MALAT1_A549_NGG_0016	25	0.0
efficacy_focused	MALAT1_A549_NGG_0016	26	0.0
efficacy_focused	MALAT1_A549_NGG_0016	27	0.0
efficacy_focused	MALAT1_A549_NGG_0016	28	0.0
efficacy_focused	MALAT1_A549_NGG_0016	29	0.0
efficacy_focused	MALAT1_A549_NGG_0016	30	0.0
efficacy_focused	MALAT1_A549_NGG_0016	31	0.0
efficacy_focused	MALAT1_A549_NGG_0016	32	0.0
efficacy_focused	MALAT1_A549_NGG_0016	33	0.0
efficacy_focused	MALAT1_A549_NGG_0016	34	3.333e-05
efficacy_focused	MALAT1_A549_NGG_0016	35	3.333e-05
efficacy_focused	MALAT1_A549_NGG_0016	36	0.00013333
efficacy_focused	MALAT1_A549_NGG_0016	37	0.0001
efficacy_focused	MALAT1_A549_NGG_0016	38	0.00033333
efficacy_focused	MALAT1_A549_NGG_0016	39	0.00053333
efficacy_focused	MALAT1_A549_NGG_0016	40	0.00046667
efficacy_focused	MALAT1_A549_NGG_0016	41	0.00106667
efficacy_focused	MALAT1_A549_NGG_0016	42	0.00133333
efficacy_focused	MALAT1_A549_NGG_0016	43	0.00223333
efficacy_focused	MALAT1_A549_NGG_0016	44	0.00383333
efficacy_focused	MALAT1_A549_NGG_0016	45	0.00583333
efficacy_focused	MALAT1_A549_NGG_0016	46	0.0082
efficacy_focused	MALAT1_A549_NGG_0016	47	0.01103333
efficacy_focused	MALAT1_A549_NGG_0016	48	0.0145
efficacy_focused	MALAT1_A549_NGG_0016	49	0.01833333
efficacy_focused	MALAT1_A549_NGG_0016	50	0.0212
efficacy_focused	MALAT1_A549_NGG_0016	51	0.02763333
efficacy_focused	MALAT1_A549_NGG_0016	52	0.0302
efficacy_focused	MALAT1_A549_NGG_0016	53	0.03546667
efficacy_focused	MALAT1_A549_NGG_0016	54	0.0411
efficacy_focused	MALAT1_A549_NGG_0016	55	0.04836667
efficacy_focused	MALAT1_A549_NGG_0016	56	0.05626667
efficacy_focused	MALAT1_A549_NGG_0016	57	0.05956667
efficacy_focused	MALAT1_A549_NGG_0016	58	0.0635
efficacy_focused	MALAT1_A549_NGG_0016	59	0.065
efficacy_focused	MALAT1_A549_NGG_0016	60	0.0635
efficacy_focused	MALAT1_A549_NGG_0016	61	0.0604
efficacy_focused	MALAT1_A549_NGG_0016	62	0.06226667
efficacy_focused	MALAT1_A549_NGG_0016	63	0.0556
efficacy_focused	MALAT1_A549_NGG_0016	64	0.0531
efficacy_focused	MALAT1_A549_NGG_0016	65	0.04653333
efficacy_focused	MALAT1_A549_NGG_0016	66	0.03843333
efficacy_focused	MALAT1_A549_NGG_0016	67	0.03076667
efficacy_focused	MALAT1_A549_NGG_0016	68	0.02476667
efficacy_focused	MALAT1_A549_NGG_0016	69	0.01533333
efficacy_focused	MALAT1_A549_NGG_0016	70	0.01163333
efficacy_focused	MALAT1_A549_NGG_0016	71	0.00836667
efficacy_focused	MALAT1_A549_NGG_0016	72	0.00463333
efficacy_focused	MALAT1_A549_NGG_0016	73	0.0031
efficacy_focused	MALAT1_A549_NGG_0016	74	0.0024
efficacy_focused	MALAT1_A549_NGG_0016	75	0.0014
efficacy_focused	MALAT1_A549_NGG_0016	76	0.0009
efficacy_focused	MALAT1_A549_NGG_0016	77	0.00036667
efficacy_focused	MALAT1_A549_NGG_0016	78	0.0001
efficacy_focused	MALAT1_A549_NGG_0016	79	6.667e-05
efficacy_focused	MALAT1_A549_NGG_0016	80	3.333e-05
efficacy_focused	MALAT1_A549_NGG_0016	81	0.0
efficacy_focused	MALAT1_A549_NGG_0016	82	0.0
efficacy_focused	MALAT1_A549_NGG_0016	83	0.0
efficacy_focused	MALAT1_A549_NGG_0016	84	0.0
efficacy_focused	MALAT1_A549_NGG_0016	85	0.0
efficacy_focused	MALAT1_A549_NGG_0016	86	0.0
efficacy_focused	MALAT1_A549_NGG_0017	1	0.0
efficacy_focused	MALAT1_A549_NGG_0017	2	0.0
efficacy_focused	MALAT1_A549_NGG_0017	3	0.0
efficacy_focused	MALAT1_A549_NGG_0017	4	0.0
efficacy_focused	MALAT1_A549_NGG_0017	5	0.0
efficacy_focused	MALAT1_A549_NGG_0017	6	0.0
efficacy_focused	MALAT1_A549_NGG_0017	7	0.0
efficacy_focused	MALAT1_A549_NGG_0017	8	0.0
efficacy_focused	MALAT1_A549_NGG_0017	9	0.0
efficacy_focused	MALAT1_A549_NGG_0017	10	0.0
efficacy_focused	MALAT1_A549_NGG_0017	11	0.0
efficacy_focused	MALAT1_A549_NGG_0017	12	0.0
efficacy_focused	MALAT1_A549_NGG_0017	13	0.0
efficacy_focused	MALAT1_A549_NGG_0017	14	0.0
efficacy_focused	MALAT1_A549_NGG_0017	15	0.0
efficacy_focused	MALAT1_A549_NGG_0017	16	0.0
efficacy_focused	MALAT1_A549_NGG_0017	17	0.0
efficacy_focused	MALAT1_A549_NGG_0017	18	0.0
efficacy_focused	MALAT1_A549_NGG_0017	19	0.0
efficacy_focused	MALAT1_A549_NGG_0017	20	0.0
efficacy_focused	MALAT1_A549_NGG_0017	21	0.0
efficacy_focused	MALAT1_A549_NGG_0017	22	0.0
efficacy_focused	MALAT1_A549_NGG_0017	23	0.0
efficacy_focused	MALAT1_A549_NGG_0017	24	0.0
efficacy_focused	MALAT1_A549_NGG_0017	25	0.0
efficacy_focused	MALAT1_A549_NGG_0017	26	0.0
efficacy_focused	MALAT1_A549_NGG_0017	27	0.0
efficacy_focused	MALAT1_A549_NGG_0017	28	3.333e-05
efficacy_focused	MALAT1_A549_NGG_0017	29	6.667e-05
efficacy_focused	MALAT1_A549_NGG_0017	30	3.333e-05
efficacy_focused	MALAT1_A549_NGG_0017	31	0.0002
efficacy_focused	MALAT1_A549_NGG_0017	32	0.00043333
efficacy_focused	MALAT1_A549_NGG_0017	33	0.00043333
efficacy_focused	MALAT1_A549_NGG_0017	34	0.00083333
efficacy_focused	MALAT1_A549_NGG_0017	35	0.0009
efficacy_focused	MALAT1_A549_NGG_0017	36	0.0012
efficacy_focused	MALAT1_A549_NGG_0017	37	0.0018
efficacy_focused	MALAT1_A549_NGG_0017	38	0.00313333
efficacy_focused	MALAT1_A549_NGG_0017	39	0.0041
efficacy_focused	MALAT1_A549_NGG_0017	40	0.0052
efficacy_focused	MALAT1_A549_NGG_0017	41	0.0088
efficacy_focused	MALAT1_A549_NGG_0017	42	0.01573333
efficacy_focused	MALAT1_A549_NGG_0017	43	0.02646667
efficacy_focused	MALAT1_A549_NGG_0017	44	0.03493333
efficacy_focused	MALAT1_A549_NGG_0017	45	0.03856667
efficacy_focused	MALAT1_A549_NGG_0017	46	0.04606667
efficacy_focused	MALAT1_A549_NGG_0017	47	0.0478
efficacy_focused	MALAT1_A549_NGG_0017	48	0.05096667
efficacy_focused	MALAT1_A549_NGG_0017	49	0.053
efficacy_focused	MALAT1_A549_NGG_0017	50	0.05766667
efficacy_focused	MALAT1_A549_NGG_0017	51	0.0589
efficacy_focused	MALAT1_A549_NGG_0017	52	0.06136667
efficacy_focused	MALAT1_A549_NGG_0017	53	0.0622
efficacy_focused	MALAT1_A549_NGG_0017	54	0.05843333
efficacy_focused	MALAT1_A549_NGG_0017	55	0.05516667
efficacy_focused	MALAT1_A549_NGG_0017	56	0.05273333
efficacy_focused	MALAT1_A549_NGG_0017	57	0.04576667
efficacy_focused	MALAT1_A549_NGG_0017	58	0.04076667
efficacy_focused	MALAT1_A549_NGG_0017	59	0.03563333
efficacy_focused	MALAT1_A549_NGG_0017	60	0.03026667
efficacy_focused	MALAT1_A549_NGG_0017	61	0.02633333
efficacy_focused	MALAT1_A549_NGG_0017	62	0.0209
efficacy_focused	MALAT1_A549_NGG_0017	63	0.0158
efficacy_focused	MALAT1_A549_NGG_0017	64	0.0124
efficacy_focused	MALAT1_A549_NGG_0017	65	0.0083
efficacy_focused	MALAT1_A549_NGG_0017	66	0.00606667
efficacy_focused	MALAT1_A549_NGG_0017	67	0.00456667
efficacy_focused	MALAT1_A549_NGG_0017	68	0.00223333
efficacy_focused	MALAT1_A549_NGG_0017	69	0.0013
efficacy_focused	MALAT1_A549_NGG_0017	70	0.00123333
efficacy_focused	MALAT1_A549_NGG_0017	71	0.00076667
efficacy_focused	MALAT1_A549_NGG_0017	72	0.00023333
efficacy_focused	MALAT1_A549_NGG_0017	73	0.0001
efficacy_focused	MALAT1_A549_NGG_0017	74	6.667e-05
efficacy_focused	MALAT1_A549_NGG_0017	75	6.667e-05
efficacy_focused	MALAT1_A549_NGG_0017	76	3.333e-05
efficacy_focused	MALAT1_A549_NGG_0017	77	0.0
efficacy_focused	MALAT1_A549_NGG_0017	78	0.0
efficacy_focused	MALAT1_A549_NGG_0017	79	0.0
efficacy_focused	MALAT1_A549_NGG_0017	80	0.0
efficacy_focused	MALAT1_A549_NGG_0017	81	0.0
efficacy_focused	MALAT1_A549_NGG_0017	82	0.0
efficacy_focused	MALAT1_A549_NGG_0017	83	0.0
efficacy_focused	MALAT1_A549_NGG_0017	84	0.0
efficacy_focused	MALAT1_A549_NGG_0017	85	0.0
efficacy_focused	MALAT1_A549_NGG_0017	86	0.0
efficacy_focused	MALAT1_A549_NGG_0018	1	0.0
efficacy_focused	MALAT1_A549_NGG_0018	2	0.0
efficacy_focused	MALAT1_A549_NGG_0018	3	0.0
efficacy_focused	MALAT1_A549_NGG_0018	4	0.0
efficacy_focused	MALAT1_A549_NGG_0018	5	0.0
efficacy_focused	MALAT1_A549_NGG_0018	6	0.0
efficacy_focused	MALAT1_A549_NGG_0018	7	0.0
efficacy_focused	MALAT1_A549_NGG_0018	8	0.0
efficacy_focused	MALAT1_A549_NGG_0018	9	0.0
efficacy_focused	MALAT1_A549_NGG_0018	10	0.0
efficacy_focused	MALAT1_A549_NGG_0018	11	0.0
efficacy_focused	MALAT1_A549_NGG_0018	12	0.0
efficacy_focused	MALAT1_A549_NGG_0018	13	0.0
efficacy_focused	MALAT1_A549_NGG_0018	14	0.0
efficacy_focused	MALAT1_A549_NGG_0018	15	0.0
efficacy_focused	MALAT1_A549_NGG_0018	16	0.0
efficacy_focused	MALAT1_A549_NGG_0018	17	0.0
efficacy_focused	MALAT1_A549_NGG_0018	18	0.0
efficacy_focused	MALAT1_A549_NGG_0018	19	0.0
efficacy_focused	MALAT1_A549_NGG_0018	20	0.0
efficacy_focused	MALAT1_A549_NGG_0018	21	0.0
efficacy_focused	MALAT1_A549_NGG_0018	22	0.0
efficacy_focused	MALAT1_A549_NGG_0018	23	0.0
efficacy_focused	MALAT1_A549_NGG_0018	24	0.0
efficacy_focused	MALAT1_A549_NGG_0018	25	0.0
efficacy_focused	MALAT1_A549_NGG_0018	26	0.0
efficacy_focused	MALAT1_A549_NGG_0018	27	0.0
efficacy_focused	MALAT1_A549_NGG_0018	28	0.0
efficacy_focused	MALAT1_A549_NGG_0018	29	0.0
efficacy_focused	MALAT1_A549_NGG_0018	30	0.0
efficacy_focused	MALAT1_A549_NGG_0018	31	0.0
efficacy_focused	MALAT1_A549_NGG_0018	32	0.0
efficacy_focused	MALAT1_A549_NGG_0018	33	0.0
efficacy_focused	MALAT1_A549_NGG_0018	34	0.0
efficacy_focused	MALAT1_A549_NGG_0018	35	0.0
efficacy_focused	MALAT1_A549_NGG_0018	36	0.0
efficacy_focused	MALAT1_A549_NGG_0018	37	0.0
efficacy_focused	MALAT1_A549_NGG_0018	38	0.0
efficacy_focused	MALAT1_A549_NGG_0018	39	0.0
efficacy_focused	MALAT1_A549_NGG_0018	40	0.0
efficacy_focused	MALAT1_A549_NGG_0018	41	0.0
efficacy_focused	MALAT1_A549_NGG_0018	42	0.0
efficacy_focused	MALAT1_A549_NGG_0018	43	0.0
efficacy_focused	MALAT1_A549_NGG_0018	44	0.0
efficacy_focused	MALAT1_A549_NGG_0018	45	0.0
efficacy_focused	MALAT1_A549_NGG_0018	46	0.0001
efficacy_focused	MALAT1_A549_NGG_0018	47	0.0001
efficacy_focused	MALAT1_A549_NGG_0018	48	0.00016667
efficacy_focused	MALAT1_A549_NGG_0018	49	0.0002
efficacy_focused	MALAT1_A549_NGG_0018	50	0.00033333
efficacy_focused	MALAT1_A549_NGG_0018	51	0.0007
efficacy_focused	MALAT1_A549_NGG_0018	52	0.00093333
efficacy_focused	MALAT1_A549_NGG_0018	53	0.00123333
efficacy_focused	MALAT1_A549_NGG_0018	54	0.0029
efficacy_focused	MALAT1_A549_NGG_0018	55	0.0046
efficacy_focused	MALAT1_A549_NGG_0018	56	0.00733333
efficacy_focused	MALAT1_A549_NGG_0018	57	0.01146667
efficacy_focused	MALAT1_A549_NGG_0018	58	0.0166
efficacy_focused	MALAT1_A549_NGG_0018	59	0.01983333
efficacy_focused	MALAT1_A549_NGG_0018	60	0.02863333
efficacy_focused	MALAT1_A549_NGG_0018	61	0.0316
efficacy_focused	MALAT1_A549_NGG_0018	62	0.03923333
efficacy_focused	MALAT1_A549_NGG_0018	63	0.0471
efficacy_focused	MALAT1_A549_NGG_0018	64	0.055
efficacy_focused	MALAT1_A549_NGG_0018	65	0.06693333
efficacy_focused	MALAT1_A549_NGG_0018	66	0.07246667
efficacy_focused	MALAT1_A549_NGG_0018	67	0.07903333
efficacy_focused	MALAT1_A549_NGG_0018	68	0.07603333
efficacy_focused	MALAT1_A549_NGG_0018	69	0.07476667
efficacy_focused	MALAT1_A549_NGG_0018	70	0.0694
efficacy_focused	MALAT1_A549_NGG_0018	71	0.06266667
efficacy_focused	MALAT1_A549_NGG_0018	72	0.05203333
efficacy_focused	MALAT1_A549_NGG_0018	73	0.04116667
efficacy_focused	MALAT1_A549_NGG_0018	74	0.03586667
efficacy_focused	MALAT1_A549_NGG_0018	75	0.02826667
efficacy_focused	MALAT1_A549_NGG_0018	76	0.021
efficacy_focused	MALAT1_A549_NGG_0018	77	0.0178
efficacy_focused	MALAT1_A549_NGG_0018	78	0.01273333
efficacy_focused	MALAT1_A549_NGG_0018	79	0.0091
efficacy_focused	MALAT1_A549_NGG_0018	80	0.00546667
efficacy_focused	MALAT1_A549_NGG_0018	81	0.00333333
efficacy_focused	MALAT1_A549_NGG_0018	82	0.00223333
efficacy_focused	MALAT1_A549_NGG_0018	83	0.00113333
efficacy_focused	MALAT1_A549_NGG_0018	84	0.00033333
efficacy_focused	MALAT1_A549_NGG_0018	85	0.00016667
efficacy_focused	MALAT1_A549_NGG_0018	86	0.0
efficacy_focused	MALAT1_A549_NGG_0019	1	0.0
efficacy_focused	MALAT1_A549_NGG_0019	2	0.0
efficacy_focused	MALAT1_A549_NGG_0019	3	0.0
efficacy_focused	MALAT1_A549_NGG_0019	4	0.0
efficacy_focused	MALAT1_A549_NGG_0019	5	0.0
efficacy_focused	MALAT1_A549_NGG_0019	6	0.0
efficacy_focused	MALAT1_A549_NGG_0019	7	0.0
efficacy_focused	MALAT1_A549_NGG_0019	8	0.0
efficacy_focused	MALAT1_A549_NGG_0019	9	0.0
efficacy_focused	MALAT1_A549_NGG_0019	10	0.0
efficacy_focused	MALAT1_A549_NGG_0019	11	0.0
efficacy_focused	MALAT1_A549_NGG_0019	12	0.0
efficacy_focused	MALAT1_A549_NGG_0019	13	0.0
efficacy_focused	MALAT1_A549_NGG_0019	14	0.0
efficacy_focused	MALAT1_A549_NGG_0019	15	0.0
efficacy_focused	MALAT1_A549_NGG_0019	16	0.0
efficacy_focused	MALAT1_A549_NGG_0019	17	0.0
efficacy_focused	MALAT1_A549_NGG_0019	18	0.0
efficacy_focused	MALAT1_A549_NGG_0019	19	0.0
efficacy_focused	MALAT1_A549_NGG_0019	20	0.0
efficacy_focused	MALAT1_A549_NGG_0019	21	0.0
efficacy_focused	MALAT1_A549_NGG_0019	22	0.0
efficacy_focused	MALAT1_A549_NGG_0019	23	0.0
efficacy_focused	MALAT1_A549_NGG_0019	24	0.0
efficacy_focused	MALAT1_A549_NGG_0019	25	0.0
efficacy_focused	MALAT1_A549_NGG_0019	26	0.0
efficacy_focused	MALAT1_A549_NGG_0019	27	0.0
efficacy_focused	MALAT1_A549_NGG_0019	28	0.0
efficacy_focused	MALAT1_A549_NGG_0019	29	0.0
efficacy_focused	MALAT1_A549_NGG_0019	30	0.0
efficacy_focused	MALAT1_A549_NGG_0019	31	0.0
efficacy_focused	MALAT1_A549_NGG_0019	32	0.0
efficacy_focused	MALAT1_A549_NGG_0019	33	0.0
efficacy_focused	MALAT1_A549_NGG_0019	34	0.0
efficacy_focused	MALAT1_A549_NGG_0019	35	0.0
efficacy_focused	MALAT1_A549_NGG_0019	36	0.0
efficacy_focused	MALAT1_A549_NGG_0019	37	0.0
efficacy_focused	MALAT1_A549_NGG_0019	38	0.0
efficacy_focused	MALAT1_A549_NGG_0019	39	0.0
efficacy_focused	MALAT1_A549_NGG_0019	40	0.0
efficacy_focused	MALAT1_A549_NGG_0019	41	0.0
efficacy_focused	MALAT1_A549_NGG_0019	42	0.0
efficacy_focused	MALAT1_A549_NGG_0019	43	3.333e-05
efficacy_focused	MALAT1_A549_NGG_0019	44	0.00013333
efficacy_focused	MALAT1_A549_NGG_0019	45	3.333e-05
efficacy_focused	MALAT1_A549_NGG_0019	46	0.00013333
efficacy_focused	MALAT1_A549_NGG_0019	47	0.0001
efficacy_focused	MALAT1_A549_NGG_0019	48	0.00013333
efficacy_focused	MALAT1_A549_NGG_0019	49	0.00036667
efficacy_focused	MALAT1_A549_NGG_0019	50	0.00073333
efficacy_focused	MALAT1_A549_NGG_0019	51	0.00103333
efficacy_focused	MALAT1_A549_NGG_0019	52	0.00216667
efficacy_focused	MALAT1_A549_NGG_0019	53	0.0023
efficacy_focused	MALAT1_A549_NGG_0019	54	0.00276667
efficacy_focused	MALAT1_A549_NGG_0019	55	0.0046
efficacy_focused	MALAT1_A549_NGG_0019	56	0.00783333
efficacy_focused	MALAT1_A549_NGG_0019	57	0.0123
efficacy_focused	MALAT1_A549_NGG_0019	58	0.01703333
efficacy_focused	MALAT1_A549_NGG_0019	59	0.02396667
efficacy_focused	MALAT1_A549_NGG_0019	60	0.02526667
efficacy_focused	MALAT1_A549_NGG_0019	61	0.03406667
efficacy_focused	MALAT1_A549_NGG_0019	62	0.04036667
efficacy_focused	MALAT1_A549_NGG_0019	63	0.04883333
efficacy_focused	MALAT1_A549_NGG_0019	64	0.05903333
efficacy_focused	MALAT1_A549_NGG_0019	65	0.06546667
efficacy_focused	MALAT1_A549_NGG_0019	66	0.07433333
efficacy_focused	MALAT1_A549_NGG_0019	67	0.07453333
efficacy_focused	MALAT1_A549_NGG_0019	68	0.0793
efficacy_focused	MALAT1_A549_NGG_0019	69	0.07196667
efficacy_focused	MALAT1_A549_NGG_0019	70	0.0693
efficacy_focused	MALAT1_A549_NGG_0019	71	0.06236667
efficacy_focused	MALAT1_A549_NGG_0019	72	0.04983333
efficacy_focused	MALAT1_A549_NGG_0019	73	0.0423
efficacy_focused	MALAT1_A549_NGG_0019	74	0.03396667
efficacy_focused	MALAT1_A549_NGG_0019	75	0.0269
efficacy_focused	MALAT1_A549_NGG_0019	76	0.0208
efficacy_focused	MALAT1_A549_NGG_0019	77	0.01546667
efficacy_focused	MALAT1_A549_NGG_0019	78	0.0103
efficacy_focused	MALAT1_A549_NGG_0019	79	0.00803333
efficacy_focused	MALAT1_A549_NGG_0019	80	0.00536667
efficacy_focused	MALAT1_A549_NGG_0019	81	0.0037
efficacy_focused	MALAT1_A549_NGG_0019	82	0.00143333
efficacy_focused	MALAT1_A549_NGG_0019	83	0.00083333
efficacy_focused	MALAT1_A549_NGG_0019	84	0.00036667
efficacy_focused	MALAT1_A549_NGG_0019	85	0.00016667
efficacy_focused	MALAT1_A549_NGG_0019	86	3.333e-05
efficacy_focused	MALAT1_A549_NGG_0020	1	0.0
efficacy_focused	MALAT1_A549_NGG_0020	2	0.0
efficacy_focused	MALAT1_A549_NGG_0020	3	0.0
efficacy_focused	MALAT1_A549_NGG_0020	4	0.0
efficacy_focused	MALAT1_A549_NGG_0020	5	0.0
efficacy_focused	MALAT1_A549_NGG_0020	6	0.0
efficacy_focused	MALAT1_A549_NGG_0020	7	0.0
efficacy_focused	MALAT1_A549_NGG_0020	8	0.0
efficacy_focused	MALAT1_A549_NGG_0020	9	0.0
efficacy_focused	MALAT1_A549_NGG_0020	10	0.0
efficacy_focused	MALAT1_A549_NGG_0020	11	0.0
efficacy_focused	MALAT1_A549_NGG_0020	12	0.0
efficacy_focused	MALAT1_A549_NGG_0020	13	0.0
efficacy_focused	MALAT1_A549_NGG_0020	14	0.0
efficacy_focused	MALAT1_A549_NGG_0020	15	0.0
efficacy_focused	MALAT1_A549_NGG_0020	16	0.0
efficacy_focused	MALAT1_A549_NGG_0020	17	0.0
efficacy_focused	MALAT1_A549_NGG_0020	18	0.0
efficacy_focused	MALAT1_A549_NGG_0020	19	0.0
efficacy_focused	MALAT1_A549_NGG_0020	20	0.0
efficacy_focused	MALAT1_A549_NGG_0020	21	0.0
efficacy_focused	MALAT1_A549_NGG_0020	22	0.0
efficacy_focused	MALAT1_A549_NGG_0020	23	0.0
efficacy_focused	MALAT1_A549_NGG_0020	24	0.0
efficacy_focused	MALAT1_A549_NGG_0020	25	0.0
efficacy_focused	MALAT1_A549_NGG_0020	26	0.0
efficacy_focused	MALAT1_A549_NGG_0020	27	0.0
efficacy_focused	MALAT1_A549_NGG_0020	28	0.0
efficacy_focused	MALAT1_A549_NGG_0020	29	0.0
efficacy_focused	MALAT1_A549_NGG_0020	30	0.0
efficacy_focused	MALAT1_A549_NGG_0020	31	0.0
efficacy_focused	MALAT1_A549_NGG_0020	32	0.0
efficacy_focused	MALAT1_A549_NGG_0020	33	0.0
efficacy_focused	MALAT1_A549_NGG_0020	34	0.0
efficacy_focused	MALAT1_A549_NGG_0020	35	0.0
efficacy_focused	MALAT1_A549_NGG_0020	36	0.0
efficacy_focused	MALAT1_A549_NGG_0020	37	0.0
efficacy_focused	MALAT1_A549_NGG_0020	38	0.0
efficacy_focused	MALAT1_A549_NGG_0020	39	0.0
efficacy_focused	MALAT1_A549_NGG_0020	40	0.0
efficacy_focused	MALAT1_A549_NGG_0020	41	0.0
efficacy_focused	MALAT1_A549_NGG_0020	42	0.0
efficacy_focused	MALAT1_A549_NGG_0020	43	0.0
efficacy_focused	MALAT1_A549_NGG_0020	44	0.0
efficacy_focused	MALAT1_A549_NGG_0020	45	0.0
efficacy_focused	MALAT1_A549_NGG_0020	46	0.0
efficacy_focused	MALAT1_A549_NGG_0020	47	0.0
efficacy_focused	MALAT1_A549_NGG_0020	48	0.0
efficacy_focused	MALAT1_A549_NGG_0020	49	0.0
efficacy_focused	MALAT1_A549_NGG_0020	50	0.0
efficacy_focused	MALAT1_A549_NGG_0020	51	0.0
efficacy_focused	MALAT1_A549_NGG_0020	52	0.0
efficacy_focused	MALAT1_A549_NGG_0020	53	0.0
efficacy_focused	MALAT1_A549_NGG_0020	54	0.0
efficacy_focused	MALAT1_A549_NGG_0020	55	0.0
efficacy_focused	MALAT1_A549_NGG_0020	56	3.333e-05
efficacy_focused	MALAT1_A549_NGG_0020	57	3.333e-05
efficacy_focused	MALAT1_A549_NGG_0020	58	0.00013333
efficacy_focused	MALAT1_A549_NGG_0020	59	0.00023333
efficacy_focused	MALAT1_A549_NGG_0020	60	0.0002
efficacy_focused	MALAT1_A549_NGG_0020	61	0.00026667
efficacy_focused	MALAT1_A549_NGG_0020	62	0.0003
efficacy_focused	MALAT1_A549_NGG_0020	63	0.00056667
efficacy_focused	MALAT1_A549_NGG_0020	64	0.0004
efficacy_focused	MALAT1_A549_NGG_0020	65	0.00113333
efficacy_focused	MALAT1_A549_NGG_0020	66	0.0013
efficacy_focused	MALAT1_A549_NGG_0020	67	0.00186667
efficacy_focused	MALAT1_A549_NGG_0020	68	0.0027
efficacy_focused	MALAT1_A549_NGG_0020	69	0.0031
efficacy_focused	MALAT1_A549_NGG_0020	70	0.0037
efficacy_focused	MALAT1_A549_NGG_0020	71	0.00516667
efficacy_focused	MALAT1_A549_NGG_0020	72	0.00673333
efficacy_focused	MALAT1_A549_NGG_0020	73	0.00816667
efficacy_focused	MALAT1_A549_NGG_0020	74	0.0094
efficacy_focused	MALAT1_A549_NGG_0020	75	0.0127
efficacy_focused	MALAT1_A549_NGG_0020	76	0.01563333
efficacy_focused	MALAT1_A549_NGG_0020	77	0.02033333
efficacy_focused	MALAT1_A549_NGG_0020	78	0.02693333
efficacy_focused	MALAT1_A549_NGG_0020	79	0.03706667
efficacy_focused	MALAT1_A549_NGG_0020	80	0.0468
efficacy_focused	MALAT1_A549_NGG_0020	81	0.05426667
efficacy_focused	MALAT1_A549_NGG_0020	82	0.06836667
efficacy_focused	MALAT1_A549_NGG_0020	83	0.09163333
efficacy_focused	MALAT1_A549_NGG_0020	84	0.13243333
efficacy_focused	MALAT1_A549_NGG_0020	85	0.21736667
efficacy_focused	MALAT1_A549_NGG_0020	86	0.23103333
efficacy_focused	MALAT1_A549_NGG_0021	1	0.0
efficacy_focused	MALAT1_A549_NGG_0021	2	0.0
efficacy_focused	MALAT1_A549_NGG_0021	3	0.0
efficacy_focused	MALAT1_A549_NGG_0021	4	0.0
efficacy_focused	MALAT1_A549_NGG_0021	5	0.0
efficacy_focused	MALAT1_A549_NGG_0021	6	0.0
efficacy_focused	MALAT1_A549_NGG_0021	7	0.0
efficacy_focused	MALAT1_A549_NGG_0021	8	0.0
efficacy_focused	MALAT1_A549_NGG_0021	9	0.0
efficacy_focused	MALAT1_A549_NGG_0021	10	0.0
efficacy_focused	MALAT1_A549_NGG_0021	11	0.0
efficacy_focused	MALAT1_A549_NGG_0021	12	0.0
efficacy_focused	MALAT1_A549_NGG_0021	13	0.0
efficacy_focused	MALAT1_A549_NGG_0021	14	0.0
efficacy_focused	MALAT1_A549_NGG_0021	15	0.0
efficacy_focused	MALAT1_A549_NGG_0021	16	0.0
efficacy_focused	MALAT1_A549_NGG_0021	17	0.0
efficacy_focused	MALAT1_A549_NGG_0021	18	0.0
efficacy_focused	MALAT1_A549_NGG_0021	19	0.0
efficacy_focused	MALAT1_A549_NGG_0021	20	0.0
efficacy_focused	MALAT1_A549_NGG_0021	21	0.0
efficacy_focused	MALAT1_A549_NGG_0021	22	0.0
efficacy_focused	MALAT1_A549_NGG_0021	23	0.0
efficacy_focused	MALAT1_A549_NGG_0021	24	0.0
efficacy_focused	MALAT1_A549_NGG_0021	25	0.0
efficacy_focused	MALAT1_A549_NGG_0021	26	0.0
efficacy_focused	MALAT1_A549_NGG_0021	27	0.0
efficacy_focused	MALAT1_A549_NGG_0021	28	0.0
efficacy_focused	MALAT1_A549_NGG_0021	29	0.0
efficacy_focused	MALAT1_A549_NGG_0021	30	0.0
efficacy_focused	MALAT1_A549_NGG_0021	31	0.0
efficacy_focused	MALAT1_A549_NGG_0021	32	0.0
efficacy_focused	MALAT1_A549_NGG_0021	33	0.0
efficacy_focused	MALAT1_A549_NGG_0021	34	6.667e-05
efficacy_focused	MALAT1_A549_NGG_0021	35	3.333e-05
efficacy_focused	MALAT1_A549_NGG_0021	36	0.0
efficacy_focused	MALAT1_A549_NGG_0021	37	3.333e-05
efficacy_focused	MALAT1_A549_NGG_0021	38	0.00033333
efficacy_focused	MALAT1_A549_NGG_0021	39	0.00053333
efficacy_focused	MALAT1_A549_NGG_0021	40	0.0005
efficacy_focused	MALAT1_A549_NGG_0021	41	0.00106667
efficacy_focused	MALAT1_A549_NGG_0021	42	0.0024
efficacy_focused	MALAT1_A549_NGG_0021	43	0.00453333
efficacy_focused	MALAT1_A549_NGG_0021	44	0.0073
efficacy_focused	MALAT1_A549_NGG_0021	45	0.01186667
efficacy_focused	MALAT1_A549_NGG_0021	46	0.0148
efficacy_focused	MALAT1_A549_NGG_0021	47	0.01893333
efficacy_focused	MALAT1_A549_NGG_0021	48	0.02333333
efficacy_focused	MALAT1_A549_NGG_0021	49	0.02916667
efficacy_focused	MALAT1_A549_NGG_0021	50	0.03623333
efficacy_focused	MALAT1_A549_NGG_0021	51	0.0413
efficacy_focused	MALAT1_A549_NGG_0021	52	0.0491
efficacy_focused	MALAT1_A549_NGG_0021	53	0.0547
efficacy_focused	MALAT1_A549_NGG_0021	54	0.06583333
efficacy_focused	MALAT1_A549_NGG_0021	55	0.064
efficacy_focused	MALAT1_A549_NGG_0021	56	0.06896667
efficacy_focused	MALAT1_A549_NGG_0021	57	0.07093333
efficacy_focused	MALAT1_A549_NGG_0021	58	0.0656
efficacy_focused	MALAT1_A549_NGG_0021	59	0.0621
efficacy_focused	MALAT1_A549_NGG_0021	60	0.0568
efficacy_focused	MALAT1_A549_NGG_0021	61	0.05023333
efficacy_focused	MALAT1_A549_NGG_0021	62	0.04473333
efficacy_focused	MALAT1_A549_NGG_0021	63	0.03906667
efficacy_focused	MALAT1_A549_NGG_0021	64	0.03203333
efficacy_focused	MALAT1_A549_NGG_0021	65	0.02686667
efficacy_focused	MALAT1_A549_NGG_0021	66	0.02033333
efficacy_focused	MALAT1_A549_NGG_0021	67	0.01446667
efficacy_focused	MALAT1_A549_NGG_0021	68	0.00876667
efficacy_focused	MALAT1_A549_NGG_0021	69	0.00626667
efficacy_focused	MALAT1_A549_NGG_0021	70	0.00263333
efficacy_focused	MALAT1_A549_NGG_0021	71	0.00206667
efficacy_focused	MALAT1_A549_NGG_0021	72	0.0012
efficacy_focused	MALAT1_A549_NGG_0021	73	0.00043333
efficacy_focused	MALAT1_A549_NGG_0021	74	0.00033333
efficacy_focused	MALAT1_A549_NGG_0021	75	3.333e-05
efficacy_focused	MALAT1_A549_NGG_0021	76	0.0
efficacy_focused	MALAT1_A549_NGG_0021	77	6.667e-05
efficacy_focused	MALAT1_A549_NGG_0021	78	0.0
efficacy_focused	MALAT1_A549_NGG_0021	79	0.0
efficacy_focused	MALAT1_A549_NGG_0021	80	0.0
efficacy_focused	MALAT1_A549_NGG_0021	81	0.0
efficacy_focused	MALAT1_A549_NGG_0021	82	0.0
efficacy_focused	MALAT1_A549_NGG_0021	83	0.0
efficacy_focused	MALAT1_A549_NGG_0021	84	0.0
efficacy_focused	MALAT1_A549_NGG_0021	85	0.0
efficacy_focused	MALAT1_A549_NGG_0021	86	0.0
efficacy_focused	MALAT1_A549_NGG_0022	1	0.0
efficacy_focused	MALAT1_A549_NGG_0022	2	0.0
efficacy_focused	MALAT1_A549_NGG_0022	3	0.0
efficacy_focused	MALAT1_A549_NGG_0022	4	0.0
efficacy_focused	MALAT1_A549_NGG_0022	5	0.0
efficacy_focused	MALAT1_A549_NGG_0022	6	0.0
efficacy_focused	MALAT1_A549_NGG_0022	7	0.0
efficacy_focused	MALAT1_A549_NGG_0022	8	0.0
efficacy_focused	MALAT1_A549_NGG_0022	9	0.0
efficacy_focused	MALAT1_A549_NGG_0022	10	0.0
efficacy_focused	MALAT1_A549_NGG_0022	11	0.0
efficacy_focused	MALAT1_A549_NGG_0022	12	0.0
efficacy_focused	MALAT1_A549_NGG_0022	13	0.0
efficacy_focused	MALAT1_A549_NGG_0022	14	0.0
efficacy_focused	MALAT1_A549_NGG_0022	15	0.0
efficacy_focused	MALAT1_A549_NGG_0022	16	0.0
efficacy_focused	MALAT1_A549_NGG_0022	17	0.0
efficacy_focused	MALAT1_A549_NGG_0022	18	0.0
efficacy_focused	MALAT1_A549_NGG_0022	19	0.0
efficacy_focused	MALAT1_A549_NGG_0022	20	0.0
efficacy_focused	MALAT1_A549_NGG_0022	21	0.0
efficacy_focused	MALAT1_A549_NGG_0022	22	0.0
efficacy_focused	MALAT1_A549_NGG_0022	23	0.0
efficacy_focused	MALAT1_A549_NGG_0022	24	0.0
efficacy_focused	MALAT1_A549_NGG_0022	25	0.0
efficacy_focused	MALAT1_A549_NGG_0022	26	0.0
efficacy_focused	MALAT1_A549_NGG_0022	27	0.0
efficacy_focused	MALAT1_A549_NGG_0022	28	0.0
efficacy_focused	MALAT1_A549_NGG_0022	29	0.0
efficacy_focused	MALAT1_A549_NGG_0022	30	3.333e-05
efficacy_focused	MALAT1_A549_NGG_0022	31	6.667e-05
efficacy_focused	MALAT1_A549_NGG_0022	32	0.0
efficacy_focused	MALAT1_A549_NGG_0022	33	0.0001
efficacy_focused	MALAT1_A549_NGG_0022	34	6.667e-05
efficacy_focused	MALAT1_A549_NGG_0022	35	3.333e-05
efficacy_focused	MALAT1_A549_NGG_0022	36	6.667e-05
efficacy_focused	MALAT1_A549_NGG_0022	37	0.0002
efficacy_focused	MALAT1_A549_NGG_0022	38	0.00063333
efficacy_focused	MALAT1_A549_NGG_0022	39	0.0013
efficacy_focused	MALAT1_A549_NGG_0022	40	0.0016
efficacy_focused	MALAT1_A549_NGG_0022	41	0.00246667
efficacy_focused	MALAT1_A549_NGG_0022	42	0.00553333
efficacy_focused	MALAT1_A549_NGG_0022	43	0.00986667
efficacy_focused	MALAT1_A549_NGG_0022	44	0.01596667
efficacy_focused	MALAT1_A549_NGG_0022	45	0.0197
efficacy_focused	MALAT1_A549_NGG_0022	46	0.02293333
efficacy_focused	MALAT1_A549_NGG_0022	47	0.0299
efficacy_focused	MALAT1_A549_NGG_0022	48	0.03803333
efficacy_focused	MALAT1_A549_NGG_0022	49	0.04586667
efficacy_focused	MALAT1_A549_NGG_0022	50	0.0541
efficacy_focused	MALAT1_A549_NGG_0022	51	0.05743333
efficacy_focused	MALAT1_A549_NGG_0022	52	0.06443333
efficacy_focused	MALAT1_A549_NGG_0022	53	0.06986667
efficacy_focused	MALAT1_A549_NGG_0022	54	0.07236667
efficacy_focused	MALAT1_A549_NGG_0022	55	0.06866667
efficacy_focused	MALAT1_A549_NGG_0022	56	0.0652
efficacy_focused	MALAT1_A549_NGG_0022	57	0.0605
efficacy_focused	MALAT1_A549_NGG_0022	58	0.05246667
efficacy_focused	MALAT1_A549_NGG_0022	59	0.04896667
efficacy_focused	MALAT1_A549_NGG_0022	60	0.0429
efficacy_focused	MALAT1_A549_NGG_0022	61	0.0356
efficacy_focused	MALAT1_A549_NGG_0022	62	0.02796667
efficacy_focused	MALAT1_A549_NGG_0022	63	0.02363333
efficacy_focused	MALAT1_A549_NGG_0022	64	0.01996667
efficacy_focused	MALAT1_A549_NGG_0022	65	0.0142
efficacy_focused	MALAT1_A549_NGG_0022	66	0.01073333
efficacy_focused	MALAT1_A549_NGG_0022	67	0.00726667
efficacy_focused	MALAT1_A549_NGG_0022	68	0.00433333
efficacy_focused	MALAT1_A549_NGG_0022	69	0.00243333
efficacy_focused	MALAT1_A549_NGG_0022	70	0.00136667
efficacy_focused	MALAT1_A549_NGG_0022	71	0.00063333
efficacy_focused	MALAT1_A549_NGG_0022	72	0.00026667
efficacy_focused	MALAT1_A549_NGG_0022	73	0.0002
efficacy_focused	MALAT1_A549_NGG_0022	74	3.333e-05
efficacy_focused	MALAT1_A549_NGG_0022	75	0.0
efficacy_focused	MALAT1_A549_NGG_0022	76	0.0
efficacy_focused	MALAT1_A549_NGG_0022	77	0.0001
efficacy_focused	MALAT1_A549_NGG_0022	78	0.0
efficacy_focused	MALAT1_A549_NGG_0022	79	0.0
efficacy_focused	MALAT1_A549_NGG_0022	80	0.0
efficacy_focused	MALAT1_A549_NGG_0022	81	0.0
efficacy_focused	MALAT1_A549_NGG_0022	82	0.0
efficacy_focused	MALAT1_A549_NGG_0022	83	0.0
efficacy_focused	MALAT1_A549_NGG_0022	84	0.0
efficacy_focused	MALAT1_A549_NGG_0022	85	0.0
efficacy_focused	MALAT1_A549_NGG_0022	86	0.0
efficacy_focused	MALAT1_A549_NGG_0023	1	0.0
efficacy_focused	MALAT1_A549_NGG_0023	2	0.0
efficacy_focused	MALAT1_A549_NGG_0023	3	0.0
efficacy_focused	MALAT1_A549_NGG_0023	4	0.0
efficacy_focused	MALAT1_A549_NGG_0023	5	0.0
efficacy_focused	MALAT1_A549_NGG_0023	6	0.0
efficacy_focused	MALAT1_A549_NGG_0023	7	0.0
efficacy_focused	MALAT1_A549_NGG_0023	8	0.0
efficacy_focused	MALAT1_A549_NGG_0023	9	0.0
efficacy_focused	MALAT1_A549_NGG_0023	10	0.0
efficacy_focused	MALAT1_A549_NGG_0023	11	0.0
efficacy_focused	MALAT1_A549_NGG_0023	12	0.0
efficacy_focused	MALAT1_A549_NGG_0023	13	0.0
efficacy_focused	MALAT1_A549_NGG_0023	14	0.0
efficacy_focused	MALAT1_A549_NGG_0023	15	0.0
efficacy_focused	MALAT1_A549_NGG_0023	16	0.0
efficacy_focused	MALAT1_A549_NGG_0023	17	0.0
efficacy_focused	MALAT1_A549_NGG_0023	18	0.0
efficacy_focused	MALAT1_A549_NGG_0023	19	0.0
efficacy_focused	MALAT1_A549_NGG_0023	20	0.0
efficacy_focused	MALAT1_A549_NGG_0023	21	0.0
efficacy_focused	MALAT1_A549_NGG_0023	22	0.0
efficacy_focused	MALAT1_A549_NGG_0023	23	0.0
efficacy_focused	MALAT1_A549_NGG_0023	24	0.0
efficacy_focused	MALAT1_A549_NGG_0023	25	0.0
efficacy_focused	MALAT1_A549_NGG_0023	26	0.0
efficacy_focused	MALAT1_A549_NGG_0023	27	0.0
efficacy_focused	MALAT1_A549_NGG_0023	28	0.0
efficacy_focused	MALAT1_A549_NGG_0023	29	0.0
efficacy_focused	MALAT1_A549_NGG_0023	30	0.0
efficacy_focused	MALAT1_A549_NGG_0023	31	0.0
efficacy_focused	MALAT1_A549_NGG_0023	32	3.333e-05
efficacy_focused	MALAT1_A549_NGG_0023	33	3.333e-05
efficacy_focused	MALAT1_A549_NGG_0023	34	3.333e-05
efficacy_focused	MALAT1_A549_NGG_0023	35	6.667e-05
efficacy_focused	MALAT1_A549_NGG_0023	36	0.0003
efficacy_focused	MALAT1_A549_NGG_0023	37	0.00046667
efficacy_focused	MALAT1_A549_NGG_0023	38	0.00076667
efficacy_focused	MALAT1_A549_NGG_0023	39	0.0013
efficacy_focused	MALAT1_A549_NGG_0023	40	0.0015
efficacy_focused	MALAT1_A549_NGG_0023	41	0.00403333
efficacy_focused	MALAT1_A549_NGG_0023	42	0.0076
efficacy_focused	MALAT1_A549_NGG_0023	43	0.01366667
efficacy_focused	MALAT1_A549_NGG_0023	44	0.01886667
efficacy_focused	MALAT1_A549_NGG_0023	45	0.02486667
efficacy_focused	MALAT1_A549_NGG_0023	46	0.03196667
efficacy_focused	MALAT1_A549_NGG_0023	47	0.03763333
efficacy_focused	MALAT1_A549_NGG_0023	48	0.04246667
efficacy_focused	MALAT1_A549_NGG_0023	49	0.052
efficacy_focused	MALAT1_A549_NGG_0023	50	0.05916667
efficacy_focused	MALAT1_A549_NGG_0023	51	0.0671
efficacy_focused	MALAT1_A549_NGG_0023	52	0.0693
efficacy_focused	MALAT1_A549_NGG_0023	53	0.07566667
efficacy_focused	MALAT1_A549_NGG_0023	54	0.0715
efficacy_focused	MALAT1_A549_NGG_0023	55	0.06613333
efficacy_focused	MALAT1_A549_NGG_0023	56	0.06166667
efficacy_focused	MALAT1_A549_NGG_0023	57	0.05613333
efficacy_focused	MALAT1_A549_NGG_0023	58	0.04713333
efficacy_focused	MALAT1_A549_NGG_0023	59	0.04033333
efficacy_focused	MALAT1_A549_NGG_0023	60	0.03436667
efficacy_focused	MALAT1_A549_NGG_0023	61	0.02946667
efficacy_focused	MALAT1_A549_NGG_0023	62	0.02376667
efficacy_focused	MALAT1_A549_NGG_0023	63	0.01913333
efficacy_focused	MALAT1_A549_NGG_0023	64	0.01366667
efficacy_focused	MALAT1_A549_NGG_0023	65	0.01033333
efficacy_focused	MALAT1_A549_NGG_0023	66	0.00753333
efficacy_focused	MALAT1_A549_NGG_0023	67	0.00423333
efficacy_focused	MALAT1_A549_NGG_0023	68	0.0026
efficacy_focused	MALAT1_A549_NGG_0023	69	0.00166667
efficacy_focused	MALAT1_A549_NGG_0023	70	0.0009
efficacy_focused	MALAT1_A549_NGG_0023	71	0.0002
efficacy_focused	MALAT1_A549_NGG_0023	72	0.00013333
efficacy_focused	MALAT1_A549_NGG_0023	73	0.00016667
efficacy_focused	MALAT1_A549_NGG_0023	74	3.333e-05
efficacy_focused	MALAT1_A549_NGG_0023	75	3.333e-05
efficacy_focused	MALAT1_A549_NGG_0023	76	3.333e-05
efficacy_focused	MALAT1_A549_NGG_0023	77	0.0
efficacy_focused	MALAT1_A549_NGG_0023	78	0.0
efficacy_focused	MALAT1_A549_NGG_0023	79	0.0
efficacy_focused	MALAT1_A549_NGG_0023	80	0.0
efficacy_focused	MALAT1_A549_NGG_0023	81	0.0
efficacy_focused	MALAT1_A549_NGG_0023	82	0.0
efficacy_focused	MALAT1_A549_NGG_0023	83	0.0
efficacy_focused	MALAT1_A549_NGG_0023	84	0.0
efficacy_focused	MALAT1_A549_NGG_0023	85	0.0
efficacy_focused	MALAT1_A549_NGG_0023	86	0.0
efficacy_focused	MALAT1_A549_NGG_0024	1	0.0
efficacy_focused	MALAT1_A549_NGG_0024	2	0.0
efficacy_focused	MALAT1_A549_NGG_0024	3	0.0
efficacy_focused	MALAT1_A549_NGG_0024	4	0.0
efficacy_focused	MALAT1_A549_NGG_0024	5	0.0
efficacy_focused	MALAT1_A549_NGG_0024	6	0.0
efficacy_focused	MALAT1_A549_NGG_0024	7	0.0
efficacy_focused	MALAT1_A549_NGG_0024	8	0.0
efficacy_focused	MALAT1_A549_NGG_0024	9	0.0
efficacy_focused	MALAT1_A549_NGG_0024	10	0.0
efficacy_focused	MALAT1_A549_NGG_0024	11	0.0
efficacy_focused	MALAT1_A549_NGG_0024	12	0.0
efficacy_focused	MALAT1_A549_NGG_0024	13	0.0
efficacy_focused	MALAT1_A549_NGG_0024	14	0.0
efficacy_focused	MALAT1_A549_NGG_0024	15	0.0
efficacy_focused	MALAT1_A549_NGG_0024	16	0.0
efficacy_focused	MALAT1_A549_NGG_0024	17	0.0
efficacy_focused	MALAT1_A549_NGG_0024	18	0.0
efficacy_focused	MALAT1_A549_NGG_0024	19	0.0
efficacy_focused	MALAT1_A549_NGG_0024	20	0.0
efficacy_focused	MALAT1_A549_NGG_0024	21	0.0
efficacy_focused	MALAT1_A549_NGG_0024	22	0.0
efficacy_focused	MALAT1_A549_NGG_0024	23	0.0
efficacy_focused	MALAT1_A549_NGG_0024	24	0.0
efficacy_focused	MALAT1_A549_NGG_0024	25	0.0
efficacy_focused	MALAT1_A549_NGG_0024	26	0.0
efficacy_focused	MALAT1_A549_NGG_0024	27	3.333e-05
efficacy_focused	MALAT1_A549_NGG_0024	28	0.0
efficacy_focused	MALAT1_A549_NGG_0024	29	0.0
efficacy_focused	MALAT1_A549_NGG_0024	30	0.0
efficacy_focused	MALAT1_A549_NGG_0024	31	0.0
efficacy_focused	MALAT1_A549_NGG_0024	32	0.00016667
efficacy_focused	MALAT1_A549_NGG_0024	33	0.00013333
efficacy_focused	MALAT1_A549_NGG_0024	34	0.00023333
efficacy_focused	MALAT1_A549_NGG_0024	35	0.00043333
efficacy_focused	MALAT1_A549_NGG_0024	36	0.0008
efficacy_focused	MALAT1_A549_NGG_0024	37	0.00166667
efficacy_focused	MALAT1_A549_NGG_0024	38	0.00336667
efficacy_focused	MALAT1_A549_NGG_0024	39	0.0037
efficacy_focused	MALAT1_A549_NGG_0024	40	0.00626667
efficacy_focused	MALAT1_A549_NGG_0024	41	0.01306667
efficacy_focused	MALAT1_A549_NGG_0024	42	0.02176667
efficacy_focused	MALAT1_A549_NGG_0024	43	0.04053333
efficacy_focused	MALAT1_A549_NGG_0024	44	0.0485
efficacy_focused	MALAT1_A549_NGG_0024	45	0.0535
efficacy_focused	MALAT1_A549_NGG_0024	46	0.05753333
efficacy_focused	MALAT1_A549_NGG_0024	47	0.06153333
efficacy_focused	MALAT1_A549_NGG_0024	48	0.07273333
efficacy_focused	MALAT1_A549_NGG_0024	49	0.0754
efficacy_focused	MALAT1_A549_NGG_0024	50	0.0793
efficacy_focused	MALAT1_A549_NGG_0024	51	0.07893333
efficacy_focused	MALAT1_A549_NGG_0024	52	0.06943333
efficacy_focused	MALAT1_A549_NGG_0024	53	0.0624
efficacy_focused	MALAT1_A549_NGG_0024	54	0.05166667
efficacy_focused	MALAT1_A549_NGG_0024	55	0.04303333
efficacy_focused	MALAT1_A549_NGG_0024	56	0.0373
efficacy_focused	MALAT1_A549_NGG_0024	57	0.02843333
efficacy_focused	MALAT1_A549_NGG_0024	58	0.0222
efficacy_focused	MALAT1_A549_NGG_0024	59	0.0184
efficacy_focused	MALAT1_A549_NGG_0024	60	0.01423333
efficacy_focused	MALAT1_A549_NGG_0024	61	0.01026667
efficacy_focused	MALAT1_A549_NGG_0024	62	0.00786667
efficacy_focused	MALAT1_A549_NGG_0024	63	0.0058
efficacy_focused	MALAT1_A549_NGG_0024	64	0.00363333
efficacy_focused	MALAT1_A549_NGG_0024	65	0.00263333
efficacy_focused	MALAT1_A549_NGG_0024	66	0.00133333
efficacy_focused	MALAT1_A549_NGG_0024	67	0.00086667
efficacy_focused	MALAT1_A549_NGG_0024	68	0.00036667
efficacy_focused	MALAT1_A549_NGG_0024	69	0.00033333
efficacy_focused	MALAT1_A549_NGG_0024	70	6.667e-05
efficacy_focused	MALAT1_A549_NGG_0024	71	6.667e-05
efficacy_focused	MALAT1_A549_NGG_0024	72	6.667e-05
efficacy_focused	MALAT1_A549_NGG_0024	73	0.0
efficacy_focused	MALAT1_A549_NGG_0024	74	0.0
efficacy_focused	MALAT1_A549_NGG_0024	75	0.0
efficacy_focused	MALAT1_A549_NGG_0024	76	0.0
efficacy_focused	MALAT1_A549_NGG_0024	77	0.0
efficacy_focused	MALAT1_A549_NGG_0024	78	0.0
efficacy_focused	MALAT1_A549_NGG_0024	79	0.0
efficacy_focused	MALAT1_A549_NGG_0024	80	0.0
efficacy_focused	MALAT1_A549_NGG_0024	81	0.0
efficacy_focused	MALAT1_A549_NGG_0024	82	0.0
efficacy_focused	MALAT1_A549_NGG_0024	83	0.0
efficacy_focused	MALAT1_A549_NGG_0024	84	0.0
efficacy_focused	MALAT1_A549_NGG_0024	85	0.0
efficacy_focused	MALAT1_A549_NGG_0024	86	0.0
efficacy_focused	MALAT1_A549_NGG_0025	1	0.0
efficacy_focused	MALAT1_A549_NGG_0025	2	0.0
efficacy_focused	MALAT1_A549_NGG_0025	3	0.0
efficacy_focused	MALAT1_A549_NGG_0025	4	0.0
efficacy_focused	MALAT1_A549_NGG_0025	5	0.0
efficacy_focused	MALAT1_A549_NGG_0025	6	0.0
efficacy_focused	MALAT1_A549_NGG_0025	7	0.0
efficacy_focused	MALAT1_A549_NGG_0025	8	0.0
efficacy_focused	MALAT1_A549_NGG_0025	9	0.0
efficacy_focused	MALAT1_A549_NGG_0025	10	0.0
efficacy_focused	MALAT1_A549_NGG_0025	11	0.0
efficacy_focused	MALAT1_A549_NGG_0025	12	0.0
efficacy_focused	MALAT1_A549_NGG_0025	13	0.0
efficacy_focused	MALAT1_A549_NGG_0025	14	0.0
efficacy_focused	MALAT1_A549_NGG_0025	15	0.0
efficacy_focused	MALAT1_A549_NGG_0025	16	0.0
efficacy_focused	MALAT1_A549_NGG_0025	17	0.0
efficacy_focused	MALAT1_A549_NGG_0025	18	0.0
efficacy_focused	MALAT1_A549_NGG_0025	19	0.0
efficacy_focused	MALAT1_A549_NGG_0025	20	0.0
efficacy_focused	MALAT1_A549_NGG_0025	21	0.0
efficacy_focused	MALAT1_A549_NGG_0025	22	0.0
efficacy_focused	MALAT1_A549_NGG_0025	23	0.0
efficacy_focused	MALAT1_A549_NGG_0025	24	0.0
efficacy_focused	MALAT1_A549_NGG_0025	25	0.0
efficacy_focused	MALAT1_A549_NGG_0025	26	0.0
efficacy_focused	MALAT1_A549_NGG_0025	27	0.0
efficacy_focused	MALAT1_A549_NGG_0025	28	0.0
efficacy_focused	MALAT1_A549_NGG_0025	29	0.0
efficacy_focused	MALAT1_A549_NGG_0025	30	0.0
efficacy_focused	MALAT1_A549_NGG_0025	31	0.0
efficacy_focused	MALAT1_A549_NGG_0025	32	0.0
efficacy_focused	MALAT1_A549_NGG_0025	33	0.0
efficacy_focused	MALAT1_A549_NGG_0025	34	0.0
efficacy_focused	MALAT1_A549_NGG_0025	35	0.0
efficacy_focused	MALAT1_A549_NGG_0025	36	0.0
efficacy_focused	MALAT1_A549_NGG_0025	37	0.0
efficacy_focused	MALAT1_A549_NGG_0025	38	0.0
efficacy_focused	MALAT1_A549_NGG_0025	39	0.0
efficacy_focused	MALAT1_A549_NGG_0025	40	0.0
efficacy_focused	MALAT1_A549_NGG_0025	41	0.0
efficacy_focused	MALAT1_A549_NGG_0025	42	0.0
efficacy_focused	MALAT1_A549_NGG_0025	43	0.0
efficacy_focused	MALAT1_A549_NGG_0025	44	0.0
efficacy_focused	MALAT1_A549_NGG_0025	45	0.0
efficacy_focused	MALAT1_A549_NGG_0025	46	0.0
efficacy_focused	MALAT1_A549_NGG_0025	47	0.0
efficacy_focused	MALAT1_A549_NGG_0025	48	0.0
efficacy_focused	MALAT1_A549_NGG_0025	49	0.0
efficacy_focused	MALAT1_A549_NGG_0025	50	0.0
efficacy_focused	MALAT1_A549_NGG_0025	51	0.0
efficacy_focused	MALAT1_A549_NGG_0025	52	0.0
efficacy_focused	MALAT1_A549_NGG_0025	53	0.0
efficacy_focused	MALAT1_A549_NGG_0025	54	0.0
efficacy_focused	MALAT1_A549_NGG_0025	55	0.0
efficacy_focused	MALAT1_A549_NGG_0025	56	0.0
efficacy_focused	MALAT1_A549_NGG_0025	57	3.333e-05
efficacy_focused	MALAT1_A549_NGG_0025	58	0.0
efficacy_focused	MALAT1_A549_NGG_0025	59	3.333e-05
efficacy_focused	MALAT1_A549_NGG_0025	60	3.333e-05
efficacy_focused	MALAT1_A549_NGG_0025	61	6.667e-05
efficacy_focused	MALAT1_A549_NGG_0025	62	0.0002
efficacy_focused	MALAT1_A549_NGG_0025	63	0.0003
efficacy_focused	MALAT1_A549_NGG_0025	64	0.00033333
efficacy_focused	MALAT1_A549_NGG_0025	65	0.00066667
efficacy_focused	MALAT1_A549_NGG_0025	66	0.00093333
efficacy_focused	MALAT1_A549_NGG_0025	67	0.00136667
efficacy_focused	MALAT1_A549_NGG_0025	68	0.00193333
efficacy_focused	MALAT1_A549_NGG_0025	69	0.00186667
efficacy_focused	MALAT1_A549_NGG_0025	70	0.003
efficacy_focused	MALAT1_A549_NGG_0025	71	0.00406667
efficacy_focused	MALAT1_A549_NGG_0025	72	0.0056
efficacy_focused	MALAT1_A549_NGG_0025	73	0.0071
efficacy_focused	MALAT1_A549_NGG_0025	74	0.00886667
efficacy_focused	MALAT1_A549_NGG_0025	75	0.01186667
efficacy_focused	MALAT1_A549_NGG_0025	76	0.0158
efficacy_focused	MALAT1_A549_NGG_0025	77	0.0209
efficacy_focused	MALAT1_A549_NGG_0025	78	0.02663333
efficacy_focused	MALAT1_A549_NGG_0025	79	0.0309
efficacy_focused	MALAT1_A549_NGG_0025	80	0.03853333
efficacy_focused	MALAT1_A549_NGG_0025	81	0.05136667
efficacy_focused	MALAT1_A549_NGG_0025	82	0.07743333
efficacy_focused	MALAT1_A549_NGG_0025	83	0.1266
efficacy_focused	MALAT1_A549_NGG_0025	84	0.19366667
efficacy_focused	MALAT1_A549_NGG_0025	85	0.2009
efficacy_focused	MALAT1_A549_NGG_0025	86	0.169
efficacy_focused	MALAT1_A549_NGG_0026	1	0.0
efficacy_focused	MALAT1_A549_NGG_0026	2	0.0
efficacy_focused	MALAT1_A549_NGG_0026	3	0.0
efficacy_focused	MALAT1_A549_NGG_0026	4	0.0
efficacy_focused	MALAT1_A549_NGG_0026	5	0.0
efficacy_focused	MALAT1_A549_NGG_0026	6	0.0
efficacy_focused	MALAT1_A549_NGG_0026	7	0.0
efficacy_focused	MALAT1_A549_NGG_0026	8	0.0
efficacy_focused	MALAT1_A549_NGG_0026	9	0.0
efficacy_focused	MALAT1_A549_NGG_0026	10	0.0
efficacy_focused	MALAT1_A549_NGG_0026	11	0.0
efficacy_focused	MALAT1_A549_NGG_0026	12	0.0
efficacy_focused	MALAT1_A549_NGG_0026	13	0.0
efficacy_focused	MALAT1_A549_NGG_0026	14	0.0
efficacy_focused	MALAT1_A549_NGG_0026	15	0.0
efficacy_focused	MALAT1_A549_NGG_0026	16	0.0
efficacy_focused	MALAT1_A549_NGG_0026	17	0.0
efficacy_focused	MALAT1_A549_NGG_0026	18	0.0
efficacy_focused	MALAT1_A549_NGG_0026	19	0.0
efficacy_focused	MALAT1_A549_NGG_0026	20	0.0
efficacy_focused	MALAT1_A549_NGG_0026	21	0.0
efficacy_focused	MALAT1_A549_NGG_0026	22	0.0
efficacy_focused	MALAT1_A549_NGG_0026	23	0.0
efficacy_focused	MALAT1_A549_NGG_0026	24	0.0
efficacy_focused	MALAT1_A549_NGG_0026	25	0.0
efficacy_focused	MALAT1_A549_NGG_0026	26	0.0
efficacy_focused	MALAT1_A549_NGG_0026	27	0.0
efficacy_focused	MALAT1_A549_NGG_0026	28	0.0
efficacy_focused	MALAT1_A549_NGG_0026	29	0.0
efficacy_focused	MALAT1_A549_NGG_0026	30	0.0
efficacy_focused	MALAT1_A549_NGG_0026	31	0.0
efficacy_focused	MALAT1_A549_NGG_0026	32	0.0
efficacy_focused	MALAT1_A549_NGG_0026	33	0.0
efficacy_focused	MALAT1_A549_NGG_0026	34	0.0
efficacy_focused	MALAT1_A549_NGG_0026	35	0.0
efficacy_focused	MALAT1_A549_NGG_0026	36	0.0
efficacy_focused	MALAT1_A549_NGG_0026	37	0.0
efficacy_focused	MALAT1_A549_NGG_0026	38	0.0
efficacy_focused	MALAT1_A549_NGG_0026	39	0.0
efficacy_focused	MALAT1_A549_NGG_0026	40	0.0
efficacy_focused	MALAT1_A549_NGG_0026	41	0.0
efficacy_focused	MALAT1_A549_NGG_0026	42	0.0
efficacy_focused	MALAT1_A549_NGG_0026	43	0.0
efficacy_focused	MALAT1_A549_NGG_0026	44	0.0
efficacy_focused	MALAT1_A549_NGG_0026	45	0.0
efficacy_focused	MALAT1_A549_NGG_0026	46	0.0
efficacy_focused	MALAT1_A549_NGG_0026	47	0.0
efficacy_focused	MALAT1_A549_NGG_0026	48	0.0
efficacy_focused	MALAT1_A549_NGG_0026	49	0.0
efficacy_focused	MALAT1_A549_NGG_0026	50	0.0
efficacy_focused	MALAT1_A549_NGG_0026	51	0.0
efficacy_focused	MALAT1_A549_NGG_0026	52	3.333e-05
efficacy_focused	MALAT1_A549_NGG_0026	53	0.0
efficacy_focused	MALAT1_A549_NGG_0026	54	6.667e-05
efficacy_focused	MALAT1_A549_NGG_0026	55	0.0001
efficacy_focused	MALAT1_A549_NGG_0026	56	0.0002
efficacy_focused	MALAT1_A549_NGG_0026	57	0.00016667
efficacy_focused	MALAT1_A549_NGG_0026	58	0.00043333
efficacy_focused	MALAT1_A549_NGG_0026	59	0.0005
efficacy_focused	MALAT1_A549_NGG_0026	60	0.00066667
efficacy_focused	MALAT1_A549_NGG_0026	61	0.001
efficacy_focused	MALAT1_A549_NGG_0026	62	0.00143333
efficacy_focused	MALAT1_A549_NGG_0026	63	0.00186667
efficacy_focused	MALAT1_A549_NGG_0026	64	0.00286667
efficacy_focused	MALAT1_A549_NGG_0026	65	0.00306667
efficacy_focused	MALAT1_A549_NGG_0026	66	0.0044
efficacy_focused	MALAT1_A549_NGG_0026	67	0.00516667
efficacy_focused	MALAT1_A549_NGG_0026	68	0.00713333
efficacy_focused	MALAT1_A549_NGG_0026	69	0.00833333
efficacy_focused	MALAT1_A549_NGG_0026	70	0.01156667
efficacy_focused	MALAT1_A549_NGG_0026	71	0.01326667
efficacy_focused	MALAT1_A549_NGG_0026	72	0.01566667
efficacy_focused	MALAT1_A549_NGG_0026	73	0.0194
efficacy_focused	MALAT1_A549_NGG_0026	74	0.02236667
efficacy_focused	MALAT1_A549_NGG_0026	75	0.0274
efficacy_focused	MALAT1_A549_NGG_0026	76	0.0333
efficacy_focused	MALAT1_A549_NGG_0026	77	0.0409
efficacy_focused	MALAT1_A549_NGG_0026	78	0.0498
efficacy_focused	MALAT1_A549_NGG_0026	79	0.0633
efficacy_focused	MALAT1_A549_NGG_0026	80	0.07756667
efficacy_focused	MALAT1_A549_NGG_0026	81	0.0956
efficacy_focused	MALAT1_A549_NGG_0026	82	0.121
efficacy_focused	MALAT1_A549_NGG_0026	83	0.14546667
efficacy_focused	MALAT1_A549_NGG_0026	84	0.12086667
efficacy_focused	MALAT1_A549_NGG_0026	85	0.07473333
efficacy_focused	MALAT1_A549_NGG_0026	86	0.03036667
efficacy_focused	MALAT1_A549_NGG_0027	1	0.0
efficacy_focused	MALAT1_A549_NGG_0027	2	0.0
efficacy_focused	MALAT1_A549_NGG_0027	3	0.0
efficacy_focused	MALAT1_A549_NGG_0027	4	0.0
efficacy_focused	MALAT1_A549_NGG_0027	5	0.0
efficacy_focused	MALAT1_A549_NGG_0027	6	0.0
efficacy_focused	MALAT1_A549_NGG_0027	7	0.0
efficacy_focused	MALAT1_A549_NGG_0027	8	0.0
efficacy_focused	MALAT1_A549_NGG_0027	9	0.0
efficacy_focused	MALAT1_A549_NGG_0027	10	0.0
efficacy_focused	MALAT1_A549_NGG_0027	11	0.0
efficacy_focused	MALAT1_A549_NGG_0027	12	0.0
efficacy_focused	MALAT1_A549_NGG_0027	13	0.0
efficacy_focused	MALAT1_A549_NGG_0027	14	0.0
efficacy_focused	MALAT1_A549_NGG_0027	15	0.0
efficacy_focused	MALAT1_A549_NGG_0027	16	0.0
efficacy_focused	MALAT1_A549_NGG_0027	17	0.0
efficacy_focused	MALAT1_A549_NGG_0027	18	0.0
efficacy_focused	MALAT1_A549_NGG_0027	19	0.0
efficacy_focused	MALAT1_A549_NGG_0027	20	0.0
efficacy_focused	MALAT1_A549_NGG_0027	21	0.0
efficacy_focused	MALAT1_A549_NGG_0027	22	0.0
efficacy_focused	MALAT1_A549_NGG_0027	23	0.0
efficacy_focused	MALAT1_A549_NGG_0027	24	0.0
efficacy_focused	MALAT1_A549_NGG_0027	25	0.0
efficacy_focused	MALAT1_A549_NGG_0027	26	0.0
efficacy_focused	MALAT1_A549_NGG_0027	27	0.0
efficacy_focused	MALAT1_A549_NGG_0027	28	0.0
efficacy_focused	MALAT1_A549_NGG_0027	29	0.0
efficacy_focused	MALAT1_A549_NGG_0027	30	0.0
efficacy_focused	MALAT1_A549_NGG_0027	31	0.0
efficacy_focused	MALAT1_A549_NGG_0027	32	3.333e-05
efficacy_focused	MALAT1_A549_NGG_0027	33	3.333e-05
efficacy_focused	MALAT1_A549_NGG_0027	34	6.667e-05
efficacy_focused	MALAT1_A549_NGG_0027	35	0.0002
efficacy_focused	MALAT1_A549_NGG_0027	36	0.00016667
efficacy_focused	MALAT1_A549_NGG_0027	37	0.0002
efficacy_focused	MALAT1_A549_NGG_0027	38	0.00023333
efficacy_focused	MALAT1_A549_NGG_0027	39	0.0004
efficacy_focused	MALAT1_A549_NGG_0027	40	0.00033333
efficacy_focused	MALAT1_A549_NGG_0027	41	0.00056667
efficacy_focused	MALAT1_A549_NGG_0027	42	0.00153333
efficacy_focused	MALAT1_A549_NGG_0027	43	0.0018
efficacy_focused	MALAT1_A549_NGG_0027	44	0.00236667
efficacy_focused	MALAT1_A549_NGG_0027	45	0.0048
efficacy_focused	MALAT1_A549_NGG_0027	46	0.00573333
efficacy_focused	MALAT1_A549_NGG_0027	47	0.00793333
efficacy_focused	MALAT1_A549_NGG_0027	48	0.013
efficacy_focused	MALAT1_A549_NGG_0027	49	0.018
efficacy_focused	MALAT1_A549_NGG_0027	50	0.0237
efficacy_focused	MALAT1_A549_NGG_0027	51	0.02643333
efficacy_focused	MALAT1_A549_NGG_0027	52	0.027
efficacy_focused	MALAT1_A549_NGG_0027	53	0.02766667
efficacy_focused	MALAT1_A549_NGG_0027	54	0.0294
efficacy_focused	MALAT1_A549_NGG_0027	55	0.02753333
efficacy_focused	MALAT1_A549_NGG_0027	56	0.02903333
efficacy_focused	MALAT1_A549_NGG_0027	57	0.03216667
efficacy_focused	MALAT1_A549_NGG_0027	58	0.03466667
efficacy_focused	MALAT1_A549_NGG_0027	59	0.03533333
efficacy_focused	MALAT1_A549_NGG_0027	60	0.03603333
efficacy_focused	MALAT1_A549_NGG_0027	61	0.03753333
efficacy_focused	MALAT1_A549_NGG_0027	62	0.0368
efficacy_focused	MALAT1_A549_NGG_0027	63	0.03773333
efficacy_focused	MALAT1_A549_NGG_0027	64	0.04046667
efficacy_focused	MALAT1_A549_NGG_0027	65	0.04226667
efficacy_focused	MALAT1_A549_NGG_0027	66	0.04176667
efficacy_focused	MALAT1_A549_NGG_0027	67	0.03846667
efficacy_focused	MALAT1_A549_NGG_0027	68	0.03666667
efficacy_focused	MALAT1_A549_NGG_0027	69	0.03543333
efficacy_focused	MALAT1_A549_NGG_0027	70	0.0309
efficacy_focused	MALAT1_A549_NGG_0027	71	0.02823333
efficacy_focused	MALAT1_A549_NGG_0027	72	0.02826667
efficacy_focused	MALAT1_A549_NGG_0027	73	0.03956667
efficacy_focused	MALAT1_A549_NGG_0027	74	0.03783333
efficacy_focused	MALAT1_A549_NGG_0027	75	0.0429
efficacy_focused	MALAT1_A549_NGG_0027	76	0.02676667
efficacy_focused	MALAT1_A549_NGG_0027	77	0.01643333
efficacy_focused	MALAT1_A549_NGG_0027	78	0.01063333
efficacy_focused	MALAT1_A549_NGG_0027	79	0.0035
efficacy_focused	MALAT1_A549_NGG_0027	80	0.00113333
efficacy_focused	MALAT1_A549_NGG_0027	81	0.0002
efficacy_focused	MALAT1_A549_NGG_0027	82	0.00013333
efficacy_focused	MALAT1_A549_NGG_0027	83	0.0
efficacy_focused	MALAT1_A549_NGG_0027	84	0.0
efficacy_focused	MALAT1_A549_NGG_0027	85	0.0
efficacy_focused	MALAT1_A549_NGG_0027	86	0.0
efficacy_focused	MALAT1_A549_NGG_0028	1	0.0
efficacy_focused	MALAT1_A549_NGG_0028	2	0.0
efficacy_focused	MALAT1_A549_NGG_0028	3	0.0
efficacy_focused	MALAT1_A549_NGG_0028	4	0.0
efficacy_focused	MALAT1_A549_NGG_0028	5	0.0
efficacy_focused	MALAT1_A549_NGG_0028	6	0.0
efficacy_focused	MALAT1_A549_NGG_0028	7	0.0
efficacy_focused	MALAT1_A549_NGG_0028	8	0.0
efficacy_focused	MALAT1_A549_NGG_0028	9	0.0
efficacy_focused	MALAT1_A549_NGG_0028	10	0.0
efficacy_focused	MALAT1_A549_NGG_0028	11	0.0
efficacy_focused	MALAT1_A549_NGG_0028	12	0.0
efficacy_focused	MALAT1_A549_NGG_0028	13	0.0
efficacy_focused	MALAT1_A549_NGG_0028	14	3.333e-05
efficacy_focused	MALAT1_A549_NGG_0028	15	6.667e-05
efficacy_focused	MALAT1_A549_NGG_0028	16	0.0
efficacy_focused	MALAT1_A549_NGG_0028	17	0.0
efficacy_focused	MALAT1_A549_NGG_0028	18	0.0
efficacy_focused	MALAT1_A549_NGG_0028	19	0.0001
efficacy_focused	MALAT1_A549_NGG_0028	20	0.0002
efficacy_focused	MALAT1_A549_NGG_0028	21	0.0001
efficacy_focused	MALAT1_A549_NGG_0028	22	6.667e-05
efficacy_focused	MALAT1_A549_NGG_0028	23	0.00036667
efficacy_focused	MALAT1_A549_NGG_0028	24	0.00036667
efficacy_focused	MALAT1_A549_NGG_0028	25	0.0006
efficacy_focused	MALAT1_A549_NGG_0028	26	0.00086667
efficacy_focused	MALAT1_A549_NGG_0028	27	0.0015
efficacy_focused	MALAT1_A549_NGG_0028	28	0.00166667
efficacy_focused	MALAT1_A549_NGG_0028	29	0.00176667
efficacy_focused	MALAT1_A549_NGG_0028	30	0.00326667
efficacy_focused	MALAT1_A549_NGG_0028	31	0.00293333
efficacy_focused	MALAT1_A549_NGG_0028	32	0.00443333
efficacy_focused	MALAT1_A549_NGG_0028	33	0.0061
efficacy_focused	MALAT1_A549_NGG_0028	34	0.0073
efficacy_focused	MALAT1_A549_NGG_0028	35	0.00833333
efficacy_focused	MALAT1_A549_NGG_0028	36	0.0106
efficacy_focused	MALAT1_A549_NGG_0028	37	0.0116
efficacy_focused	MALAT1_A549_NGG_0028	38	0.01486667
efficacy_focused	MALAT1_A549_NGG_0028	39	0.01933333
efficacy_focused	MALAT1_A549_NGG_0028	40	0.0252
efficacy_focused	MALAT1_A549_NGG_0028	41	0.0354
efficacy_focused	MALAT1_A549_NGG_0028	42	0.04793333
efficacy_focused	MALAT1_A549_NGG_0028	43	0.0629
efficacy_focused	MALAT1_A549_NGG_0028	44	0.06746667
efficacy_focused	MALAT1_A549_NGG_0028	45	0.0654
efficacy_focused	MALAT1_A549_NGG_0028	46	0.06326667
efficacy_focused	MALAT1_A549_NGG_0028	47	0.0718
efficacy_focused	MALAT1_A549_NGG_0028	48	0.0545
efficacy_focused	MALAT1_A549_NGG_0028	49	0.04316667
efficacy_focused	MALAT1_A549_NGG_0028	50	0.03603333
efficacy_focused	MALAT1_A549_NGG_0028	51	0.02936667
efficacy_focused	MALAT1_A549_NGG_0028	52	0.0272
efficacy_focused	MALAT1_A549_NGG_0028	53	0.02436667
efficacy_focused	MALAT1_A549_NGG_0028	54	0.02416667
efficacy_focused	MALAT1_A549_NGG_0028	55	0.0222
efficacy_focused	MALAT1_A549_NGG_0028	56	0.02
efficacy_focused	MALAT1_A549_NGG_0028	57	0.01996667
efficacy_focused	MALAT1_A549_NGG_0028	58	0.0176
efficacy_focused	MALAT1_A549_NGG_0028	59	0.01843333
efficacy_focused	MALAT1_A549_NGG_0028	60	0.01593333
efficacy_focused	MALAT1_A549_NGG_0028	61	0.01463333
efficacy_focused	MALAT1_A549_NGG_0028	62	0.01426667
efficacy_focused	MALAT1_A549_NGG_0028	63	0.01213333
efficacy_focused	MALAT1_A549_NGG_0028	64	0.00993333
efficacy_focused	MALAT1_A549_NGG_0028	65	0.0077
efficacy_focused	MALAT1_A549_NGG_0028	66	0.00953333
efficacy_focused	MALAT1_A549_NGG_0028	67	0.00843333
efficacy_focused	MALAT1_A549_NGG_0028	68	0.00643333
efficacy_focused	MALAT1_A549_NGG_0028	69	0.00586667
efficacy_focused	MALAT1_A549_NGG_0028	70	0.00483333
efficacy_focused	MALAT1_A549_NGG_0028	71	0.00446667
efficacy_focused	MALAT1_A549_NGG_0028	72	0.00576667
efficacy_focused	MALAT1_A549_NGG_0028	73	0.0038
efficacy_focused	MALAT1_A549_NGG_0028	74	0.00203333
efficacy_focused	MALAT1_A549_NGG_0028	75	0.00093333
efficacy_focused	MALAT1_A549_NGG_0028	76	0.0003
efficacy_focused	MALAT1_A549_NGG_0028	77	0.00016667
efficacy_focused	MALAT1_A549_NGG_0028	78	0.0
efficacy_focused	MALAT1_A549_NGG_0028	79	0.0
efficacy_focused	MALAT1_A549_NGG_0028	80	0.0
efficacy_focused	MALAT1_A549_NGG_0028	81	0.0
efficacy_focused	MALAT1_A549_NGG_0028	82	0.0
efficacy_focused	MALAT1_A549_NGG_0028	83	0.0
efficacy_focused	MALAT1_A549_NGG_0028	84	0.0
efficacy_focused	MALAT1_A549_NGG_0028	85	0.0
efficacy_focused	MALAT1_A549_NGG_0028	86	0.0
efficacy_focused	MALAT1_A549_NGG_0029	1	0.0
efficacy_focused	MALAT1_A549_NGG_0029	2	0.0
efficacy_focused	MALAT1_A549_NGG_0029	3	0.0
efficacy_focused	MALAT1_A549_NGG_0029	4	0.0
efficacy_focused	MALAT1_A549_NGG_0029	5	0.0
efficacy_focused	MALAT1_A549_NGG_0029	6	0.0
efficacy_focused	MALAT1_A549_NGG_0029	7	0.0
efficacy_focused	MALAT1_A549_NGG_0029	8	0.0
efficacy_focused	MALAT1_A549_NGG_0029	9	0.0
efficacy_focused	MALAT1_A549_NGG_0029	10	0.0
efficacy_focused	MALAT1_A549_NGG_0029	11	0.0
efficacy_focused	MALAT1_A549_NGG_0029	12	0.0
efficacy_focused	MALAT1_A549_NGG_0029	13	0.0
efficacy_focused	MALAT1_A549_NGG_0029	14	0.0
efficacy_focused	MALAT1_A549_NGG_0029	15	0.0
efficacy_focused	MALAT1_A549_NGG_0029	16	0.0
efficacy_focused	MALAT1_A549_NGG_0029	17	0.0
efficacy_focused	MALAT1_A549_NGG_0029	18	0.0
efficacy_focused	MALAT1_A549_NGG_0029	19	0.0
efficacy_focused	MALAT1_A549_NGG_0029	20	0.0
efficacy_focused	MALAT1_A549_NGG_0029	21	0.0
efficacy_focused	MALAT1_A549_NGG_0029	22	0.0
efficacy_focused	MALAT1_A549_NGG_0029	23	0.0
efficacy_focused	MALAT1_A549_NGG_0029	24	0.0
efficacy_focused	MALAT1_A549_NGG_0029	25	0.0
efficacy_focused	MALAT1_A549_NGG_0029	26	0.0
efficacy_focused	MALAT1_A549_NGG_0029	27	0.0
efficacy_focused	MALAT1_A549_NGG_0029	28	0.0
efficacy_focused	MALAT1_A549_NGG_0029	29	0.0
efficacy_focused	MALAT1_A549_NGG_0029	30	0.0
efficacy_focused	MALAT1_A549_NGG_0029	31	0.0
efficacy_focused	MALAT1_A549_NGG_0029	32	0.0
efficacy_focused	MALAT1_A549_NGG_0029	33	0.0
efficacy_focused	MALAT1_A549_NGG_0029	34	0.0
efficacy_focused	MALAT1_A549_NGG_0029	35	0.0
efficacy_focused	MALAT1_A549_NGG_0029	36	0.0
efficacy_focused	MALAT1_A549_NGG_0029	37	0.0
efficacy_focused	MALAT1_A549_NGG_0029	38	0.0
efficacy_focused	MALAT1_A549_NGG_0029	39	0.0
efficacy_focused	MALAT1_A549_NGG_0029	40	0.0
efficacy_focused	MALAT1_A549_NGG_0029	41	0.0
efficacy_focused	MALAT1_A549_NGG_0029	42	0.0
efficacy_focused	MALAT1_A549_NGG_0029	43	0.0
efficacy_focused	MALAT1_A549_NGG_0029	44	0.0
efficacy_focused	MALAT1_A549_NGG_0029	45	0.0
efficacy_focused	MALAT1_A549_NGG_0029	46	3.333e-05
efficacy_focused	MALAT1_A549_NGG_0029	47	3.333e-05
efficacy_focused	MALAT1_A549_NGG_0029	48	0.0
efficacy_focused	MALAT1_A549_NGG_0029	49	0.00013333
efficacy_focused	MALAT1_A549_NGG_0029	50	0.00016667
efficacy_focused	MALAT1_A549_NGG_0029	51	0.00033333
efficacy_focused	MALAT1_A549_NGG_0029	52	0.00043333
efficacy_focused	MALAT1_A549_NGG_0029	53	0.00116667
efficacy_focused	MALAT1_A549_NGG_0029	54	0.0016
efficacy_focused	MALAT1_A549_NGG_0029	55	0.00296667
efficacy_focused	MALAT1_A549_NGG_0029	56	0.00293333
efficacy_focused	MALAT1_A549_NGG_0029	57	0.00363333
efficacy_focused	MALAT1_A549_NGG_0029	58	0.00553333
efficacy_focused	MALAT1_A549_NGG_0029	59	0.00623333
efficacy_focused	MALAT1_A549_NGG_0029	60	0.00853333
efficacy_focused	MALAT1_A549_NGG_0029	61	0.00963333
efficacy_focused	MALAT1_A549_NGG_0029	62	0.01243333
efficacy_focused	MALAT1_A549_NGG_0029	63	0.0142
efficacy_focused	MALAT1_A549_NGG_0029	64	0.016
efficacy_focused	MALAT1_A549_NGG_0029	65	0.0189
efficacy_focused	MALAT1_A549_NGG_0029	66	0.02233333
efficacy_focused	MALAT1_A549_NGG_0029	67	0.02776667
efficacy_focused	MALAT1_A549_NGG_0029	68	0.0311
efficacy_focused	MALAT1_A549_NGG_0029	69	0.03376667
efficacy_focused	MALAT1_A549_NGG_0029	70	0.03763333
efficacy_focused	MALAT1_A549_NGG_0029	71	0.04046667
efficacy_focused	MALAT1_A549_NGG_0029	72	0.0412
efficacy_focused	MALAT1_A549_NGG_0029	73	0.0431
efficacy_focused	MALAT1_A549_NGG_0029	74	0.04426667
efficacy_focused	MALAT1_A549_NGG_0029	75	0.05223333
efficacy_focused	MALAT1_A549_NGG_0029	76	0.0678
efficacy_focused	MALAT1_A549_NGG_0029	77	0.0836
efficacy_focused	MALAT1_A549_NGG_0029	78	0.10186667
efficacy_focused	MALAT1_A549_NGG_0029	79	0.0897
efficacy_focused	MALAT1_A549_NGG_0029	80	0.07473333
efficacy_focused	MALAT1_A549_NGG_0029	81	0.04866667
efficacy_focused	MALAT1_A549_NGG_0029	82	0.0306
efficacy_focused	MALAT1_A549_NGG_0029	83	0.0161
efficacy_focused	MALAT1_A549_NGG_0029	84	0.0056
efficacy_focused	MALAT1_A549_NGG_0029	85	0.00203333
efficacy_focused	MALAT1_A549_NGG_0029	86	0.00053333
efficacy_focused	MALAT1_A549_NGG_0030	1	0.0
efficacy_focused	MALAT1_A549_NGG_0030	2	0.0
efficacy_focused	MALAT1_A549_NGG_0030	3	0.0
efficacy_focused	MALAT1_A549_NGG_0030	4	0.0
efficacy_focused	MALAT1_A549_NGG_0030	5	0.0
efficacy_focused	MALAT1_A549_NGG_0030	6	0.0
efficacy_focused	MALAT1_A549_NGG_0030	7	0.0
efficacy_focused	MALAT1_A549_NGG_0030	8	0.0
efficacy_focused	MALAT1_A549_NGG_0030	9	0.0
efficacy_focused	MALAT1_A549_NGG_0030	10	0.0
efficacy_focused	MALAT1_A549_NGG_0030	11	0.0
efficacy_focused	MALAT1_A549_NGG_0030	12	0.0
efficacy_focused	MALAT1_A549_NGG_0030	13	0.0
efficacy_focused	MALAT1_A549_NGG_0030	14	0.0
efficacy_focused	MALAT1_A549_NGG_0030	15	0.0
efficacy_focused	MALAT1_A549_NGG_0030	16	0.0
efficacy_focused	MALAT1_A549_NGG_0030	17	0.0
efficacy_focused	MALAT1_A549_NGG_0030	18	0.0
efficacy_focused	MALAT1_A549_NGG_0030	19	0.0
efficacy_focused	MALAT1_A549_NGG_0030	20	0.0
efficacy_focused	MALAT1_A549_NGG_0030	21	0.0
efficacy_focused	MALAT1_A549_NGG_0030	22	0.0
efficacy_focused	MALAT1_A549_NGG_0030	23	0.0
efficacy_focused	MALAT1_A549_NGG_0030	24	0.0
efficacy_focused	MALAT1_A549_NGG_0030	25	0.0
efficacy_focused	MALAT1_A549_NGG_0030	26	0.0
efficacy_focused	MALAT1_A549_NGG_0030	27	0.0
efficacy_focused	MALAT1_A549_NGG_0030	28	0.0
efficacy_focused	MALAT1_A549_NGG_0030	29	0.0
efficacy_focused	MALAT1_A549_NGG_0030	30	0.0
efficacy_focused	MALAT1_A549_NGG_0030	31	0.0
efficacy_focused	MALAT1_A549_NGG_0030	32	0.0
efficacy_focused	MALAT1_A549_NGG_0030	33	3.333e-05
efficacy_focused	MALAT1_A549_NGG_0030	34	3.333e-05
efficacy_focused	MALAT1_A549_NGG_0030	35	3.333e-05
efficacy_focused	MALAT1_A549_NGG_0030	36	0.00016667
efficacy_focused	MALAT1_A549_NGG_0030	37	0.00036667
efficacy_focused	MALAT1_A549_NGG_0030	38	0.00076667
efficacy_focused	MALAT1_A549_NGG_0030	39	0.0012
efficacy_focused	MALAT1_A549_NGG_0030	40	0.00146667
efficacy_focused	MALAT1_A549_NGG_0030	41	0.007
efficacy_focused	MALAT1_A549_NGG_0030	42	0.01056667
efficacy_focused	MALAT1_A549_NGG_0030	43	0.01713333
efficacy_focused	MALAT1_A549_NGG_0030	44	0.02466667
efficacy_focused	MALAT1_A549_NGG_0030	45	0.03146667
efficacy_focused	MALAT1_A549_NGG_0030	46	0.0349
efficacy_focused	MALAT1_A549_NGG_0030	47	0.04826667
efficacy_focused	MALAT1_A549_NGG_0030	48	0.0606
efficacy_focused	MALAT1_A549_NGG_0030	49	0.06306667
efficacy_focused	MALAT1_A549_NGG_0030	50	0.07143333
efficacy_focused	MALAT1_A549_NGG_0030	51	0.07353333
efficacy_focused	MALAT1_A549_NGG_0030	52	0.075
efficacy_focused	MALAT1_A549_NGG_0030	53	0.06893333
efficacy_focused	MALAT1_A549_NGG_0030	54	0.06266667
efficacy_focused	MALAT1_A549_NGG_0030	55	0.06016667
efficacy_focused	MALAT1_A549_NGG_0030	56	0.0518
efficacy_focused	MALAT1_A549_NGG_0030	57	0.04656667
efficacy_focused	MALAT1_A549_NGG_0030	58	0.0388
efficacy_focused	MALAT1_A549_NGG_0030	59	0.03293333
efficacy_focused	MALAT1_A549_NGG_0030	60	0.02706667
efficacy_focused	MALAT1_A549_NGG_0030	61	0.02453333
efficacy_focused	MALAT1_A549_NGG_0030	62	0.01913333
efficacy_focused	MALAT1_A549_NGG_0030	63	0.01403333
efficacy_focused	MALAT1_A549_NGG_0030	64	0.01036667
efficacy_focused	MALAT1_A549_NGG_0030	65	0.0078
efficacy_focused	MALAT1_A549_NGG_0030	66	0.00613333
efficacy_focused	MALAT1_A549_NGG_0030	67	0.00333333
efficacy_focused	MALAT1_A549_NGG_0030	68	0.00243333
efficacy_focused	MALAT1_A549_NGG_0030	69	0.00073333
efficacy_focused	MALAT1_A549_NGG_0030	70	0.00043333
efficacy_focused	MALAT1_A549_NGG_0030	71	0.00026667
efficacy_focused	MALAT1_A549_NGG_0030	72	0.0001
efficacy_focused	MALAT1_A549_NGG_0030	73	0.0
efficacy_focused	MALAT1_A549_NGG_0030	74	3.333e-05
efficacy_focused	MALAT1_A549_NGG_0030	75	3.333e-05
efficacy_focused	MALAT1_A549_NGG_0030	76	0.0
efficacy_focused	MALAT1_A549_NGG_0030	77	0.0
efficacy_focused	MALAT1_A549_NGG_0030	78	0.0
efficacy_focused	MALAT1_A549_NGG_0030	79	0.0
efficacy_focused	MALAT1_A549_NGG_0030	80	0.0
efficacy_focused	MALAT1_A549_NGG_0030	81	0.0
efficacy_focused	MALAT1_A549_NGG_0030	82	0.0
efficacy_focused	MALAT1_A549_NGG_0030	83	0.0
efficacy_focused	MALAT1_A549_NGG_0030	84	0.0
efficacy_focused	MALAT1_A549_NGG_0030	85	0.0
efficacy_focused	MALAT1_A549_NGG_0030	86	0.0
efficacy_focused	MALAT1_A549_NGG_0031	1	0.0
efficacy_focused	MALAT1_A549_NGG_0031	2	0.0
efficacy_focused	MALAT1_A549_NGG_0031	3	0.0
efficacy_focused	MALAT1_A549_NGG_0031	4	0.0
efficacy_focused	MALAT1_A549_NGG_0031	5	0.0
efficacy_focused	MALAT1_A549_NGG_0031	6	0.0
efficacy_focused	MALAT1_A549_NGG_0031	7	0.0
efficacy_focused	MALAT1_A549_NGG_0031	8	0.0
efficacy_focused	MALAT1_A549_NGG_0031	9	0.0
efficacy_focused	MALAT1_A549_NGG_0031	10	0.0
efficacy_focused	MALAT1_A549_NGG_0031	11	0.0
efficacy_focused	MALAT1_A549_NGG_0031	12	0.0
efficacy_focused	MALAT1_A549_NGG_0031	13	0.0
efficacy_focused	MALAT1_A549_NGG_0031	14	0.0
efficacy_focused	MALAT1_A549_NGG_0031	15	0.0
efficacy_focused	MALAT1_A549_NGG_0031	16	0.0
efficacy_focused	MALAT1_A549_NGG_0031	17	0.0
efficacy_focused	MALAT1_A549_NGG_0031	18	0.0
efficacy_focused	MALAT1_A549_NGG_0031	19	0.0
efficacy_focused	MALAT1_A549_NGG_0031	20	0.0
efficacy_focused	MALAT1_A549_NGG_0031	21	0.0
efficacy_focused	MALAT1_A549_NGG_0031	22	0.0
efficacy_focused	MALAT1_A549_NGG_0031	23	0.0
efficacy_focused	MALAT1_A549_NGG_0031	24	0.0
efficacy_focused	MALAT1_A549_NGG_0031	25	0.0
efficacy_focused	MALAT1_A549_NGG_0031	26	0.0
efficacy_focused	MALAT1_A549_NGG_0031	27	0.0
efficacy_focused	MALAT1_A549_NGG_0031	28	0.0
efficacy_focused	MALAT1_A549_NGG_0031	29	0.0
efficacy_focused	MALAT1_A549_NGG_0031	30	0.0
efficacy_focused	MALAT1_A549_NGG_0031	31	0.0
efficacy_focused	MALAT1_A549_NGG_0031	32	0.0
efficacy_focused	MALAT1_A549_NGG_0031	33	0.0
efficacy_focused	MALAT1_A549_NGG_0031	34	0.0
efficacy_focused	MALAT1_A549_NGG_0031	35	0.0
efficacy_focused	MALAT1_A549_NGG_0031	36	0.0
efficacy_focused	MALAT1_A549_NGG_0031	37	0.0
efficacy_focused	MALAT1_A549_NGG_0031	38	0.0
efficacy_focused	MALAT1_A549_NGG_0031	39	0.0
efficacy_focused	MALAT1_A549_NGG_0031	40	0.0
efficacy_focused	MALAT1_A549_NGG_0031	41	0.0
efficacy_focused	MALAT1_A549_NGG_0031	42	0.0
efficacy_focused	MALAT1_A549_NGG_0031	43	0.0
efficacy_focused	MALAT1_A549_NGG_0031	44	0.0
efficacy_focused	MALAT1_A549_NGG_0031	45	0.0
efficacy_focused	MALAT1_A549_NGG_0031	46	0.0
efficacy_focused	MALAT1_A549_NGG_0031	47	0.0
efficacy_focused	MALAT1_A549_NGG_0031	48	0.0
efficacy_focused	MALAT1_A549_NGG_0031	49	0.0
efficacy_focused	MALAT1_A549_NGG_0031	50	0.0
efficacy_focused	MALAT1_A549_NGG_0031	51	0.00013333
efficacy_focused	MALAT1_A549_NGG_0031	52	3.333e-05
efficacy_focused	MALAT1_A549_NGG_0031	53	0.00043333
efficacy_focused	MALAT1_A549_NGG_0031	54	0.00046667
efficacy_focused	MALAT1_A549_NGG_0031	55	0.0007
efficacy_focused	MALAT1_A549_NGG_0031	56	0.001
efficacy_focused	MALAT1_A549_NGG_0031	57	0.00143333
efficacy_focused	MALAT1_A549_NGG_0031	58	0.00186667
efficacy_focused	MALAT1_A549_NGG_0031	59	0.0026
efficacy_focused	MALAT1_A549_NGG_0031	60	0.0039
efficacy_focused	MALAT1_A549_NGG_0031	61	0.0057
efficacy_focused	MALAT1_A549_NGG_0031	62	0.0063
efficacy_focused	MALAT1_A549_NGG_0031	63	0.00736667
efficacy_focused	MALAT1_A549_NGG_0031	64	0.00883333
efficacy_focused	MALAT1_A549_NGG_0031	65	0.0102
efficacy_focused	MALAT1_A549_NGG_0031	66	0.01143333
efficacy_focused	MALAT1_A549_NGG_0031	67	0.01343333
efficacy_focused	MALAT1_A549_NGG_0031	68	0.01713333
efficacy_focused	MALAT1_A549_NGG_0031	69	0.02073333
efficacy_focused	MALAT1_A549_NGG_0031	70	0.026
efficacy_focused	MALAT1_A549_NGG_0031	71	0.0294
efficacy_focused	MALAT1_A549_NGG_0031	72	0.03333333
efficacy_focused	MALAT1_A549_NGG_0031	73	0.0324
efficacy_focused	MALAT1_A549_NGG_0031	74	0.0357
efficacy_focused	MALAT1_A549_NGG_0031	75	0.0384
efficacy_focused	MALAT1_A549_NGG_0031	76	0.04893333
efficacy_focused	MALAT1_A549_NGG_0031	77	0.06013333
efficacy_focused	MALAT1_A549_NGG_0031	78	0.08383333
efficacy_focused	MALAT1_A549_NGG_0031	79	0.10583333
efficacy_focused	MALAT1_A549_NGG_0031	80	0.11483333
efficacy_focused	MALAT1_A549_NGG_0031	81	0.11203333
efficacy_focused	MALAT1_A549_NGG_0031	82	0.08026667
efficacy_focused	MALAT1_A549_NGG_0031	83	0.04996667
efficacy_focused	MALAT1_A549_NGG_0031	84	0.02466667
efficacy_focused	MALAT1_A549_NGG_0031	85	0.00893333
efficacy_focused	MALAT1_A549_NGG_0031	86	0.00163333
efficacy_focused	MALAT1_A549_NGG_0032	1	0.0
efficacy_focused	MALAT1_A549_NGG_0032	2	0.0
efficacy_focused	MALAT1_A549_NGG_0032	3	0.0
efficacy_focused	MALAT1_A549_NGG_0032	4	0.0
efficacy_focused	MALAT1_A549_NGG_0032	5	0.0
efficacy_focused	MALAT1_A549_NGG_0032	6	0.0
efficacy_focused	MALAT1_A549_NGG_0032	7	0.0
efficacy_focused	MALAT1_A549_NGG_0032	8	0.0
efficacy_focused	MALAT1_A549_NGG_0032	9	0.0
efficacy_focused	MALAT1_A549_NGG_0032	10	0.0
efficacy_focused	MALAT1_A549_NGG_0032	11	0.0
efficacy_focused	MALAT1_A549_NGG_0032	12	0.0
efficacy_focused	MALAT1_A549_NGG_0032	13	0.0
efficacy_focused	MALAT1_A549_NGG_0032	14	0.0
efficacy_focused	MALAT1_A549_NGG_0032	15	0.0
efficacy_focused	MALAT1_A549_NGG_0032	16	0.0
efficacy_focused	MALAT1_A549_NGG_0032	17	0.0
efficacy_focused	MALAT1_A549_NGG_0032	18	0.0
efficacy_focused	MALAT1_A549_NGG_0032	19	0.0
efficacy_focused	MALAT1_A549_NGG_0032	20	0.0
efficacy_focused	MALAT1_A549_NGG_0032	21	0.0
efficacy_focused	MALAT1_A549_NGG_0032	22	0.0
efficacy_focused	MALAT1_A549_NGG_0032	23	0.0
efficacy_focused	MALAT1_A549_NGG_0032	24	0.0
efficacy_focused	MALAT1_A549_NGG_0032	25	0.0
efficacy_focused	MALAT1_A549_NGG_0032	26	0.0
efficacy_focused	MALAT1_A549_NGG_0032	27	0.0
efficacy_focused	MALAT1_A549_NGG_0032	28	0.0
efficacy_focused	MALAT1_A549_NGG_0032	29	0.0
efficacy_focused	MALAT1_A549_NGG_0032	30	0.0
efficacy_focused	MALAT1_A549_NGG_0032	31	0.0
efficacy_focused	MALAT1_A549_NGG_0032	32	0.0
efficacy_focused	MALAT1_A549_NGG_0032	33	0.0
efficacy_focused	MALAT1_A549_NGG_0032	34	0.0
efficacy_focused	MALAT1_A549_NGG_0032	35	0.0
efficacy_focused	MALAT1_A549_NGG_0032	36	0.0
efficacy_focused	MALAT1_A549_NGG_0032	37	0.0
efficacy_focused	MALAT1_A549_NGG_0032	38	0.0
efficacy_focused	MALAT1_A549_NGG_0032	39	0.0
efficacy_focused	MALAT1_A549_NGG_0032	40	0.0
efficacy_focused	MALAT1_A549_NGG_0032	41	0.0
efficacy_focused	MALAT1_A549_NGG_0032	42	0.0
efficacy_focused	MALAT1_A549_NGG_0032	43	0.0
efficacy_focused	MALAT1_A549_NGG_0032	44	0.0
efficacy_focused	MALAT1_A549_NGG_0032	45	0.0
efficacy_focused	MALAT1_A549_NGG_0032	46	0.0
efficacy_focused	MALAT1_A549_NGG_0032	47	0.0
efficacy_focused	MALAT1_A549_NGG_0032	48	0.0
efficacy_focused	MALAT1_A549_NGG_0032	49	0.0
efficacy_focused	MALAT1_A549_NGG_0032	50	0.0
efficacy_focused	MALAT1_A549_NGG_0032	51	0.0
efficacy_focused	MALAT1_A549_NGG_0032	52	3.333e-05
efficacy_focused	MALAT1_A549_NGG_0032	53	3.333e-05
efficacy_focused	MALAT1_A549_NGG_0032	54	0.0
efficacy_focused	MALAT1_A549_NGG_0032	55	3.333e-05
efficacy_focused	MALAT1_A549_NGG_0032	56	0.00033333
efficacy_focused	MALAT1_A549_NGG_0032	57	0.00036667
efficacy_focused	MALAT1_A549_NGG_0032	58	0.00046667
efficacy_focused	MALAT1_A549_NGG_0032	59	0.0006
efficacy_focused	MALAT1_A549_NGG_0032	60	0.0007
efficacy_focused	MALAT1_A549_NGG_0032	61	0.0013
efficacy_focused	MALAT1_A549_NGG_0032	62	0.0021
efficacy_focused	MALAT1_A549_NGG_0032	63	0.00256667
efficacy_focused	MALAT1_A549_NGG_0032	64	0.00253333
efficacy_focused	MALAT1_A549_NGG_0032	65	0.00396667
efficacy_focused	MALAT1_A549_NGG_0032	66	0.0045
efficacy_focused	MALAT1_A549_NGG_0032	67	0.00686667
efficacy_focused	MALAT1_A549_NGG_0032	68	0.0068
efficacy_focused	MALAT1_A549_NGG_0032	69	0.0078
efficacy_focused	MALAT1_A549_NGG_0032	70	0.00956667
efficacy_focused	MALAT1_A549_NGG_0032	71	0.01106667
efficacy_focused	MALAT1_A549_NGG_0032	72	0.01643333
efficacy_focused	MALAT1_A549_NGG_0032	73	0.01833333
efficacy_focused	MALAT1_A549_NGG_0032	74	0.0239
efficacy_focused	MALAT1_A549_NGG_0032	75	0.0255
efficacy_focused	MALAT1_A549_NGG_0032	76	0.0287
efficacy_focused	MALAT1_A549_NGG_0032	77	0.03143333
efficacy_focused	MALAT1_A549_NGG_0032	78	0.03953333
efficacy_focused	MALAT1_A549_NGG_0032	79	0.05033333
efficacy_focused	MALAT1_A549_NGG_0032	80	0.07373333
efficacy_focused	MALAT1_A549_NGG_0032	81	0.11483333
efficacy_focused	MALAT1_A549_NGG_0032	82	0.14293333
efficacy_focused	MALAT1_A549_NGG_0032	83	0.1397
efficacy_focused	MALAT1_A549_NGG_0032	84	0.11733333
efficacy_focused	MALAT1_A549_NGG_0032	85	0.08106667
efficacy_focused	MALAT1_A549_NGG_0032	86	0.0346
efficacy_focused	MALAT1_A549_NGG_0033	1	0.0
efficacy_focused	MALAT1_A549_NGG_0033	2	0.0
efficacy_focused	MALAT1_A549_NGG_0033	3	0.0
efficacy_focused	MALAT1_A549_NGG_0033	4	0.0
efficacy_focused	MALAT1_A549_NGG_0033	5	0.0
efficacy_focused	MALAT1_A549_NGG_0033	6	0.0
efficacy_focused	MALAT1_A549_NGG_0033	7	0.0
efficacy_focused	MALAT1_A549_NGG_0033	8	0.0
efficacy_focused	MALAT1_A549_NGG_0033	9	0.0
efficacy_focused	MALAT1_A549_NGG_0033	10	0.0
efficacy_focused	MALAT1_A549_NGG_0033	11	0.0
efficacy_focused	MALAT1_A549_NGG_0033	12	0.0
efficacy_focused	MALAT1_A549_NGG_0033	13	0.0
efficacy_focused	MALAT1_A549_NGG_0033	14	0.0
efficacy_focused	MALAT1_A549_NGG_0033	15	0.0
efficacy_focused	MALAT1_A549_NGG_0033	16	0.0
efficacy_focused	MALAT1_A549_NGG_0033	17	0.0
efficacy_focused	MALAT1_A549_NGG_0033	18	0.0
efficacy_focused	MALAT1_A549_NGG_0033	19	0.0
efficacy_focused	MALAT1_A549_NGG_0033	20	0.0
efficacy_focused	MALAT1_A549_NGG_0033	21	0.0
efficacy_focused	MALAT1_A549_NGG_0033	22	0.0
efficacy_focused	MALAT1_A549_NGG_0033	23	0.0
efficacy_focused	MALAT1_A549_NGG_0033	24	0.0
efficacy_focused	MALAT1_A549_NGG_0033	25	0.0
efficacy_focused	MALAT1_A549_NGG_0033	26	0.0
efficacy_focused	MALAT1_A549_NGG_0033	27	0.0
efficacy_focused	MALAT1_A549_NGG_0033	28	0.0
efficacy_focused	MALAT1_A549_NGG_0033	29	0.0
efficacy_focused	MALAT1_A549_NGG_0033	30	0.0
efficacy_focused	MALAT1_A549_NGG_0033	31	0.0
efficacy_focused	MALAT1_A549_NGG_0033	32	0.0
efficacy_focused	MALAT1_A549_NGG_0033	33	0.0
efficacy_focused	MALAT1_A549_NGG_0033	34	0.0
efficacy_focused	MALAT1_A549_NGG_0033	35	0.0
efficacy_focused	MALAT1_A549_NGG_0033	36	0.0
efficacy_focused	MALAT1_A549_NGG_0033	37	0.0
efficacy_focused	MALAT1_A549_NGG_0033	38	0.0
efficacy_focused	MALAT1_A549_NGG_0033	39	0.0
efficacy_focused	MALAT1_A549_NGG_0033	40	0.0
efficacy_focused	MALAT1_A549_NGG_0033	41	0.0
efficacy_focused	MALAT1_A549_NGG_0033	42	0.0
efficacy_focused	MALAT1_A549_NGG_0033	43	0.0
efficacy_focused	MALAT1_A549_NGG_0033	44	0.0
efficacy_focused	MALAT1_A549_NGG_0033	45	0.0
efficacy_focused	MALAT1_A549_NGG_0033	46	0.0
efficacy_focused	MALAT1_A549_NGG_0033	47	0.0
efficacy_focused	MALAT1_A549_NGG_0033	48	0.0
efficacy_focused	MALAT1_A549_NGG_0033	49	3.333e-05
efficacy_focused	MALAT1_A549_NGG_0033	50	0.0001
efficacy_focused	MALAT1_A549_NGG_0033	51	0.00013333
efficacy_focused	MALAT1_A549_NGG_0033	52	0.00043333
efficacy_focused	MALAT1_A549_NGG_0033	53	0.00053333
efficacy_focused	MALAT1_A549_NGG_0033	54	0.00063333
efficacy_focused	MALAT1_A549_NGG_0033	55	0.00096667
efficacy_focused	MALAT1_A549_NGG_0033	56	0.0017
efficacy_focused	MALAT1_A549_NGG_0033	57	0.0016
efficacy_focused	MALAT1_A549_NGG_0033	58	0.0026
efficacy_focused	MALAT1_A549_NGG_0033	59	0.00303333
efficacy_focused	MALAT1_A549_NGG_0033	60	0.00443333
efficacy_focused	MALAT1_A549_NGG_0033	61	0.00556667
efficacy_focused	MALAT1_A549_NGG_0033	62	0.007
efficacy_focused	MALAT1_A549_NGG_0033	63	0.00846667
efficacy_focused	MALAT1_A549_NGG_0033	64	0.0089
efficacy_focused	MALAT1_A549_NGG_0033	65	0.00946667
efficacy_focused	MALAT1_A549_NGG_0033	66	0.01233333
efficacy_focused	MALAT1_A549_NGG_0033	67	0.01376667
efficacy_focused	MALAT1_A549_NGG_0033	68	0.01683333
efficacy_focused	MALAT1_A549_NGG_0033	69	0.02083333
efficacy_focused	MALAT1_A549_NGG_0033	70	0.025
efficacy_focused	MALAT1_A549_NGG_0033	71	0.02623333
efficacy_focused	MALAT1_A549_NGG_0033	72	0.03266667
efficacy_focused	MALAT1_A549_NGG_0033	73	0.0345
efficacy_focused	MALAT1_A549_NGG_0033	74	0.0346
efficacy_focused	MALAT1_A549_NGG_0033	75	0.03523333
efficacy_focused	MALAT1_A549_NGG_0033	76	0.0453
efficacy_focused	MALAT1_A549_NGG_0033	77	0.0578
efficacy_focused	MALAT1_A549_NGG_0033	78	0.08296667
efficacy_focused	MALAT1_A549_NGG_0033	79	0.10886667
efficacy_focused	MALAT1_A549_NGG_0033	80	0.11616667
efficacy_focused	MALAT1_A549_NGG_0033	81	0.1066
efficacy_focused	MALAT1_A549_NGG_0033	82	0.0829
efficacy_focused	MALAT1_A549_NGG_0033	83	0.0512
efficacy_focused	MALAT1_A549_NGG_0033	84	0.02866667
efficacy_focused	MALAT1_A549_NGG_0033	85	0.0096
efficacy_focused	MALAT1_A549_NGG_0033	86	0.00233333
efficacy_focused	MALAT1_A549_NGG_0034	1	0.0
efficacy_focused	MALAT1_A549_NGG_0034	2	0.0
efficacy_focused	MALAT1_A549_NGG_0034	3	0.0
efficacy_focused	MALAT1_A549_NGG_0034	4	0.0
efficacy_focused	MALAT1_A549_NGG_0034	5	0.0
efficacy_focused	MALAT1_A549_NGG_0034	6	0.0
efficacy_focused	MALAT1_A549_NGG_0034	7	0.0
efficacy_focused	MALAT1_A549_NGG_0034	8	0.0
efficacy_focused	MALAT1_A549_NGG_0034	9	0.0
efficacy_focused	MALAT1_A549_NGG_0034	10	0.0
efficacy_focused	MALAT1_A549_NGG_0034	11	0.0
efficacy_focused	MALAT1_A549_NGG_0034	12	3.333e-05
efficacy_focused	MALAT1_A549_NGG_0034	13	0.0
efficacy_focused	MALAT1_A549_NGG_0034	14	3.333e-05
efficacy_focused	MALAT1_A549_NGG_0034	15	0.00013333
efficacy_focused	MALAT1_A549_NGG_0034	16	0.0001
efficacy_focused	MALAT1_A549_NGG_0034	17	0.00013333
efficacy_focused	MALAT1_A549_NGG_0034	18	0.00026667
efficacy_focused	MALAT1_A549_NGG_0034	19	0.00033333
efficacy_focused	MALAT1_A549_NGG_0034	20	0.00033333
efficacy_focused	MALAT1_A549_NGG_0034	21	0.00066667
efficacy_focused	MALAT1_A549_NGG_0034	22	0.00113333
efficacy_focused	MALAT1_A549_NGG_0034	23	0.00313333
efficacy_focused	MALAT1_A549_NGG_0034	24	0.00513333
efficacy_focused	MALAT1_A549_NGG_0034	25	0.0097
efficacy_focused	MALAT1_A549_NGG_0034	26	0.01256667
efficacy_focused	MALAT1_A549_NGG_0034	27	0.018
efficacy_focused	MALAT1_A549_NGG_0034	28	0.02233333
efficacy_focused	MALAT1_A549_NGG_0034	29	0.02826667
efficacy_focused	MALAT1_A549_NGG_0034	30	0.03336667
efficacy_focused	MALAT1_A549_NGG_0034	31	0.0401
efficacy_focused	MALAT1_A549_NGG_0034	32	0.0474
efficacy_focused	MALAT1_A549_NGG_0034	33	0.0556
efficacy_focused	MALAT1_A549_NGG_0034	34	0.06426667
efficacy_focused	MALAT1_A549_NGG_0034	35	0.06903333
efficacy_focused	MALAT1_A549_NGG_0034	36	0.0881
efficacy_focused	MALAT1_A549_NGG_0034	37	0.08896667
efficacy_focused	MALAT1_A549_NGG_0034	38	0.09486667
efficacy_focused	MALAT1_A549_NGG_0034	39	0.13796667
efficacy_focused	MALAT1_A549_NGG_0034	40	0.07163333
efficacy_focused	MALAT1_A549_NGG_0034	41	0.0461
efficacy_focused	MALAT1_A549_NGG_0034	42	0.0294
efficacy_focused	MALAT1_A549_NGG_0034	43	0.0138
efficacy_focused	MALAT1_A549_NGG_0034	44	0.00726667
efficacy_focused	MALAT1_A549_NGG_0034	45	0.00473333
efficacy_focused	MALAT1_A549_NGG_0034	46	0.0019
efficacy_focused	MALAT1_A549_NGG_0034	47	0.00146667
efficacy_focused	MALAT1_A549_NGG_0034	48	0.00076667
efficacy_focused	MALAT1_A549_NGG_0034	49	0.00046667
efficacy_focused	MALAT1_A549_NGG_0034	50	0.00036667
efficacy_focused	MALAT1_A549_NGG_0034	51	6.667e-05
efficacy_focused	MALAT1_A549_NGG_0034	52	6.667e-05
efficacy_focused	MALAT1_A549_NGG_0034	53	0.0
efficacy_focused	MALAT1_A549_NGG_0034	54	0.0
efficacy_focused	MALAT1_A549_NGG_0034	55	0.0
efficacy_focused	MALAT1_A549_NGG_0034	56	0.0
efficacy_focused	MALAT1_A549_NGG_0034	57	0.0
efficacy_focused	MALAT1_A549_NGG_0034	58	0.0
efficacy_focused	MALAT1_A549_NGG_0034	59	0.0
efficacy_focused	MALAT1_A549_NGG_0034	60	0.0
efficacy_focused	MALAT1_A549_NGG_0034	61	0.0
efficacy_focused	MALAT1_A549_NGG_0034	62	0.0
efficacy_focused	MALAT1_A549_NGG_0034	63	0.0
efficacy_focused	MALAT1_A549_NGG_0034	64	0.0
efficacy_focused	MALAT1_A549_NGG_0034	65	0.0
efficacy_focused	MALAT1_A549_NGG_0034	66	0.0
efficacy_focused	MALAT1_A549_NGG_0034	67	0.0
efficacy_focused	MALAT1_A549_NGG_0034	68	0.0
efficacy_focused	MALAT1_A549_NGG_0034	69	0.0
efficacy_focused	MALAT1_A549_NGG_0034	70	0.0
efficacy_focused	MALAT1_A549_NGG_0034	71	0.0
efficacy_focused	MALAT1_A549_NGG_0034	72	0.0
efficacy_focused	MALAT1_A549_NGG_0034	73	0.0
efficacy_focused	MALAT1_A549_NGG_0034	74	0.0
efficacy_focused	MALAT1_A549_NGG_0034	75	0.0
efficacy_focused	MALAT1_A549_NGG_0034	76	0.0
efficacy_focused	MALAT1_A549_NGG_0034	77	0.0
efficacy_focused	MALAT1_A549_NGG_0034	78	0.0
efficacy_focused	MALAT1_A549_NGG_0034	79	0.0
efficacy_focused	MALAT1_A549_NGG_0034	80	0.0
efficacy_focused	MALAT1_A549_NGG_0034	81	0.0
efficacy_focused	MALAT1_A549_NGG_0034	82	0.0
efficacy_focused	MALAT1_A549_NGG_0034	83	0.0
efficacy_focused	MALAT1_A549_NGG_0034	84	0.0
efficacy_focused	MALAT1_A549_NGG_0034	85	0.0
efficacy_focused	MALAT1_A549_NGG_0034	86	0.0
efficacy_focused	MALAT1_A549_NGG_0035	1	0.0
efficacy_focused	MALAT1_A549_NGG_0035	2	0.0
efficacy_focused	MALAT1_A549_NGG_0035	3	0.0
efficacy_focused	MALAT1_A549_NGG_0035	4	0.0
efficacy_focused	MALAT1_A549_NGG_0035	5	0.0
efficacy_focused	MALAT1_A549_NGG_0035	6	0.0
efficacy_focused	MALAT1_A549_NGG_0035	7	0.0
efficacy_focused	MALAT1_A549_NGG_0035	8	0.0
efficacy_focused	MALAT1_A549_NGG_0035	9	0.0
efficacy_focused	MALAT1_A549_NGG_0035	10	0.0
efficacy_focused	MALAT1_A549_NGG_0035	11	0.0
efficacy_focused	MALAT1_A549_NGG_0035	12	0.0
efficacy_focused	MALAT1_A549_NGG_0035	13	0.0
efficacy_focused	MALAT1_A549_NGG_0035	14	0.0
efficacy_focused	MALAT1_A549_NGG_0035	15	0.0
efficacy_focused	MALAT1_A549_NGG_0035	16	0.0
efficacy_focused	MALAT1_A549_NGG_0035	17	0.0
efficacy_focused	MALAT1_A549_NGG_0035	18	0.0
efficacy_focused	MALAT1_A549_NGG_0035	19	0.0
efficacy_focused	MALAT1_A549_NGG_0035	20	0.0
efficacy_focused	MALAT1_A549_NGG_0035	21	0.0
efficacy_focused	MALAT1_A549_NGG_0035	22	0.0
efficacy_focused	MALAT1_A549_NGG_0035	23	0.0
efficacy_focused	MALAT1_A549_NGG_0035	24	0.0
efficacy_focused	MALAT1_A549_NGG_0035	25	0.0
efficacy_focused	MALAT1_A549_NGG_0035	26	0.0
efficacy_focused	MALAT1_A549_NGG_0035	27	0.0
efficacy_focused	MALAT1_A549_NGG_0035	28	0.0
efficacy_focused	MALAT1_A549_NGG_0035	29	0.0
efficacy_focused	MALAT1_A549_NGG_0035	30	0.0
efficacy_focused	MALAT1_A549_NGG_0035	31	0.0
efficacy_focused	MALAT1_A549_NGG_0035	32	0.0
efficacy_focused	MALAT1_A549_NGG_0035	33	0.0
efficacy_focused	MALAT1_A549_NGG_0035	34	0.0
efficacy_focused	MALAT1_A549_NGG_0035	35	0.0
efficacy_focused	MALAT1_A549_NGG_0035	36	0.0
efficacy_focused	MALAT1_A549_NGG_0035	37	0.0
efficacy_focused	MALAT1_A549_NGG_0035	38	0.0
efficacy_focused	MALAT1_A549_NGG_0035	39	0.0
efficacy_focused	MALAT1_A549_NGG_0035	40	0.0
efficacy_focused	MALAT1_A549_NGG_0035	41	0.0
efficacy_focused	MALAT1_A549_NGG_0035	42	0.0
efficacy_focused	MALAT1_A549_NGG_0035	43	0.0
efficacy_focused	MALAT1_A549_NGG_0035	44	0.0
efficacy_focused	MALAT1_A549_NGG_0035	45	0.0
efficacy_focused	MALAT1_A549_NGG_0035	46	0.00226667
efficacy_focused	MALAT1_A549_NGG_0035	47	0.00496667
efficacy_focused	MALAT1_A549_NGG_0035	48	0.00953333
efficacy_focused	MALAT1_A549_NGG_0035	49	0.01113333
efficacy_focused	MALAT1_A549_NGG_0035	50	0.01163333
efficacy_focused	MALAT1_A549_NGG_0035	51	0.01296667
efficacy_focused	MALAT1_A549_NGG_0035	52	0.01476667
efficacy_focused	MALAT1_A549_NGG_0035	53	0.01596667
efficacy_focused	MALAT1_A549_NGG_0035	54	0.01653333
efficacy_focused	MALAT1_A549_NGG_0035	55	0.01826667
efficacy_focused	MALAT1_A549_NGG_0035	56	0.0205
efficacy_focused	MALAT1_A549_NGG_0035	57	0.0212
efficacy_focused	MALAT1_A549_NGG_0035	58	0.02156667
efficacy_focused	MALAT1_A549_NGG_0035	59	0.02283333
efficacy_focused	MALAT1_A549_NGG_0035	60	0.02416667
efficacy_focused	MALAT1_A549_NGG_0035	61	0.0257
efficacy_focused	MALAT1_A549_NGG_0035	62	0.0249
efficacy_focused	MALAT1_A549_NGG_0035	63	0.02876667
efficacy_focused	MALAT1_A549_NGG_0035	64	0.0318
efficacy_focused	MALAT1_A549_NGG_0035	65	0.03786667
efficacy_focused	MALAT1_A549_NGG_0035	66	0.03746667
efficacy_focused	MALAT1_A549_NGG_0035	67	0.03986667
efficacy_focused	MALAT1_A549_NGG_0035	68	0.04113333
efficacy_focused	MALAT1_A549_NGG_0035	69	0.0399
efficacy_focused	MALAT1_A549_NGG_0035	70	0.0365
efficacy_focused	MALAT1_A549_NGG_0035	71	0.0328
efficacy_focused	MALAT1_A549_NGG_0035	72	0.03253333
efficacy_focused	MALAT1_A549_NGG_0035	73	0.04126667
efficacy_focused	MALAT1_A549_NGG_0035	74	0.05616667
efficacy_focused	MALAT1_A549_NGG_0035	75	0.05916667
efficacy_focused	MALAT1_A549_NGG_0035	76	0.06606667
efficacy_focused	MALAT1_A549_NGG_0035	77	0.06013333
efficacy_focused	MALAT1_A549_NGG_0035	78	0.034
efficacy_focused	MALAT1_A549_NGG_0035	79	0.02346667
efficacy_focused	MALAT1_A549_NGG_0035	80	0.01443333
efficacy_focused	MALAT1_A549_NGG_0035	81	0.00516667
efficacy_focused	MALAT1_A549_NGG_0035	82	0.00173333
efficacy_focused	MALAT1_A549_NGG_0035	83	0.00076667
efficacy_focused	MALAT1_A549_NGG_0035	84	0.0001
efficacy_focused	MALAT1_A549_NGG_0035	85	0.0
efficacy_focused	MALAT1_A549_NGG_0035	86	0.0
efficacy_focused	MALAT1_A549_NGG_0036	1	0.0
efficacy_focused	MALAT1_A549_NGG_0036	2	0.0
efficacy_focused	MALAT1_A549_NGG_0036	3	0.0
efficacy_focused	MALAT1_A549_NGG_0036	4	0.0
efficacy_focused	MALAT1_A549_NGG_0036	5	0.0
efficacy_focused	MALAT1_A549_NGG_0036	6	0.0
efficacy_focused	MALAT1_A549_NGG_0036	7	0.0
efficacy_focused	MALAT1_A549_NGG_0036	8	0.0
efficacy_focused	MALAT1_A549_NGG_0036	9	0.0
efficacy_focused	MALAT1_A549_NGG_0036	10	0.0
efficacy_focused	MALAT1_A549_NGG_0036	11	0.0
efficacy_focused	MALAT1_A549_NGG_0036	12	0.0
efficacy_focused	MALAT1_A549_NGG_0036	13	0.0
efficacy_focused	MALAT1_A549_NGG_0036	14	0.0
efficacy_focused	MALAT1_A549_NGG_0036	15	0.0
efficacy_focused	MALAT1_A549_NGG_0036	16	0.0
efficacy_focused	MALAT1_A549_NGG_0036	17	0.0
efficacy_focused	MALAT1_A549_NGG_0036	18	0.0
efficacy_focused	MALAT1_A549_NGG_0036	19	0.0
efficacy_focused	MALAT1_A549_NGG_0036	20	3.333e-05
efficacy_focused	MALAT1_A549_NGG_0036	21	0.0
efficacy_focused	MALAT1_A549_NGG_0036	22	0.0
efficacy_focused	MALAT1_A549_NGG_0036	23	6.667e-05
efficacy_focused	MALAT1_A549_NGG_0036	24	6.667e-05
efficacy_focused	MALAT1_A549_NGG_0036	25	0.0001
efficacy_focused	MALAT1_A549_NGG_0036	26	0.00023333
efficacy_focused	MALAT1_A549_NGG_0036	27	0.0001
efficacy_focused	MALAT1_A549_NGG_0036	28	0.0005
efficacy_focused	MALAT1_A549_NGG_0036	29	0.0009
efficacy_focused	MALAT1_A549_NGG_0036	30	0.0017
efficacy_focused	MALAT1_A549_NGG_0036	31	0.00223333
efficacy_focused	MALAT1_A549_NGG_0036	32	0.0028
efficacy_focused	MALAT1_A549_NGG_0036	33	0.00493333
efficacy_focused	MALAT1_A549_NGG_0036	34	0.00673333
efficacy_focused	MALAT1_A549_NGG_0036	35	0.0099
efficacy_focused	MALAT1_A549_NGG_0036	36	0.01323333
efficacy_focused	MALAT1_A549_NGG_0036	37	0.0212
efficacy_focused	MALAT1_A549_NGG_0036	38	0.02756667
efficacy_focused	MALAT1_A549_NGG_0036	39	0.0372
efficacy_focused	MALAT1_A549_NGG_0036	40	0.05876667
efficacy_focused	MALAT1_A549_NGG_0036	41	0.10123333
efficacy_focused	MALAT1_A549_NGG_0036	42	0.10873333
efficacy_focused	MALAT1_A549_NGG_0036	43	0.09873333
efficacy_focused	MALAT1_A549_NGG_0036	44	0.08436667
efficacy_focused	MALAT1_A549_NGG_0036	45	0.06606667
efficacy_focused	MALAT1_A549_NGG_0036	46	0.04946667
efficacy_focused	MALAT1_A549_NGG_0036	47	0.03666667
efficacy_focused	MALAT1_A549_NGG_0036	48	0.02786667
efficacy_focused	MALAT1_A549_NGG_0036	49	0.0241
efficacy_focused	MALAT1_A549_NGG_0036	50	0.0224
efficacy_focused	MALAT1_A549_NGG_0036	51	0.021
efficacy_focused	MALAT1_A549_NGG_0036	52	0.01823333
efficacy_focused	MALAT1_A549_NGG_0036	53	0.01603333
efficacy_focused	MALAT1_A549_NGG_0036	54	0.01456667
efficacy_focused	MALAT1_A549_NGG_0036	55	0.01293333
efficacy_focused	MALAT1_A549_NGG_0036	56	0.01296667
efficacy_focused	MALAT1_A549_NGG_0036	57	0.0118
efficacy_focused	MALAT1_A549_NGG_0036	58	0.0136
efficacy_focused	MALAT1_A549_NGG_0036	59	0.01116667
efficacy_focused	MALAT1_A549_NGG_0036	60	0.00913333
efficacy_focused	MALAT1_A549_NGG_0036	61	0.00776667
efficacy_focused	MALAT1_A549_NGG_0036	62	0.00653333
efficacy_focused	MALAT1_A549_NGG_0036	63	0.00536667
efficacy_focused	MALAT1_A549_NGG_0036	64	0.00416667
efficacy_focused	MALAT1_A549_NGG_0036	65	0.0035
efficacy_focused	MALAT1_A549_NGG_0036	66	0.00573333
efficacy_focused	MALAT1_A549_NGG_0036	67	0.0065
efficacy_focused	MALAT1_A549_NGG_0036	68	0.00476667
efficacy_focused	MALAT1_A549_NGG_0036	69	0.0028
efficacy_focused	MALAT1_A549_NGG_0036	70	0.0017
efficacy_focused	MALAT1_A549_NGG_0036	71	0.0011
efficacy_focused	MALAT1_A549_NGG_0036	72	0.00053333
efficacy_focused	MALAT1_A549_NGG_0036	73	0.00016667
efficacy_focused	MALAT1_A549_NGG_0036	74	3.333e-05
efficacy_focused	MALAT1_A549_NGG_0036	75	0.0
efficacy_focused	MALAT1_A549_NGG_0036	76	0.0
efficacy_focused	MALAT1_A549_NGG_0036	77	0.0
efficacy_focused	MALAT1_A549_NGG_0036	78	0.0
efficacy_focused	MALAT1_A549_NGG_0036	79	0.0
efficacy_focused	MALAT1_A549_NGG_0036	80	0.0
efficacy_focused	MALAT1_A549_NGG_0036	81	0.0
efficacy_focused	MALAT1_A549_NGG_0036	82	0.0
efficacy_focused	MALAT1_A549_NGG_0036	83	0.0
efficacy_focused	MALAT1_A549_NGG_0036	84	0.0
efficacy_focused	MALAT1_A549_NGG_0036	85	0.0
efficacy_focused	MALAT1_A549_NGG_0036	86	0.0
efficacy_focused	MALAT1_A549_NGG_0037	1	0.0
efficacy_focused	MALAT1_A549_NGG_0037	2	0.0
efficacy_focused	MALAT1_A549_NGG_0037	3	0.0
efficacy_focused	MALAT1_A549_NGG_0037	4	0.0
efficacy_focused	MALAT1_A549_NGG_0037	5	0.0
efficacy_focused	MALAT1_A549_NGG_0037	6	0.0
efficacy_focused	MALAT1_A549_NGG_0037	7	0.0
efficacy_focused	MALAT1_A549_NGG_0037	8	0.0
efficacy_focused	MALAT1_A549_NGG_0037	9	0.0
efficacy_focused	MALAT1_A549_NGG_0037	10	0.0
efficacy_focused	MALAT1_A549_NGG_0037	11	0.0
efficacy_focused	MALAT1_A549_NGG_0037	12	0.0
efficacy_focused	MALAT1_A549_NGG_0037	13	0.0
efficacy_focused	MALAT1_A549_NGG_0037	14	0.0
efficacy_focused	MALAT1_A549_NGG_0037	15	0.0
efficacy_focused	MALAT1_A549_NGG_0037	16	0.0
efficacy_focused	MALAT1_A549_NGG_0037	17	0.0
efficacy_focused	MALAT1_A549_NGG_0037	18	0.0
efficacy_focused	MALAT1_A549_NGG_0037	19	0.0
efficacy_focused	MALAT1_A549_NGG_0037	20	0.0
efficacy_focused	MALAT1_A549_NGG_0037	21	0.0
efficacy_focused	MALAT1_A549_NGG_0037	22	0.0
efficacy_focused	MALAT1_A549_NGG_0037	23	0.0
efficacy_focused	MALAT1_A549_NGG_0037	24	0.0
efficacy_focused	MALAT1_A549_NGG_0037	25	0.0
efficacy_focused	MALAT1_A549_NGG_0037	26	0.0
efficacy_focused	MALAT1_A549_NGG_0037	27	0.0
efficacy_focused	MALAT1_A549_NGG_0037	28	0.0
efficacy_focused	MALAT1_A549_NGG_0037	29	0.0
efficacy_focused	MALAT1_A549_NGG_0037	30	0.0
efficacy_focused	MALAT1_A549_NGG_0037	31	0.0
efficacy_focused	MALAT1_A549_NGG_0037	32	0.0
efficacy_focused	MALAT1_A549_NGG_0037	33	3.333e-05
efficacy_focused	MALAT1_A549_NGG_0037	34	3.333e-05
efficacy_focused	MALAT1_A549_NGG_0037	35	0.00013333
efficacy_focused	MALAT1_A549_NGG_0037	36	6.667e-05
efficacy_focused	MALAT1_A549_NGG_0037	37	0.00043333
efficacy_focused	MALAT1_A549_NGG_0037	38	0.00093333
efficacy_focused	MALAT1_A549_NGG_0037	39	0.0026
efficacy_focused	MALAT1_A549_NGG_0037	40	0.0045
efficacy_focused	MALAT1_A549_NGG_0037	41	0.00823333
efficacy_focused	MALAT1_A549_NGG_0037	42	0.01653333
efficacy_focused	MALAT1_A549_NGG_0037	43	0.03043333
efficacy_focused	MALAT1_A549_NGG_0037	44	0.05043333
efficacy_focused	MALAT1_A549_NGG_0037	45	0.06123333
efficacy_focused	MALAT1_A549_NGG_0037	46	0.0631
efficacy_focused	MALAT1_A549_NGG_0037	47	0.06336667
efficacy_focused	MALAT1_A549_NGG_0037	48	0.05676667
efficacy_focused	MALAT1_A549_NGG_0037	49	0.05123333
efficacy_focused	MALAT1_A549_NGG_0037	50	0.0418
efficacy_focused	MALAT1_A549_NGG_0037	51	0.0373
efficacy_focused	MALAT1_A549_NGG_0037	52	0.0318
efficacy_focused	MALAT1_A549_NGG_0037	53	0.02986667
efficacy_focused	MALAT1_A549_NGG_0037	54	0.0284
efficacy_focused	MALAT1_A549_NGG_0037	55	0.02966667
efficacy_focused	MALAT1_A549_NGG_0037	56	0.02866667
efficacy_focused	MALAT1_A549_NGG_0037	57	0.0254
efficacy_focused	MALAT1_A549_NGG_0037	58	0.02716667
efficacy_focused	MALAT1_A549_NGG_0037	59	0.02706667
efficacy_focused	MALAT1_A549_NGG_0037	60	0.02846667
efficacy_focused	MALAT1_A549_NGG_0037	61	0.0294
efficacy_focused	MALAT1_A549_NGG_0037	62	0.0266
efficacy_focused	MALAT1_A549_NGG_0037	63	0.02513333
efficacy_focused	MALAT1_A549_NGG_0037	64	0.0212
efficacy_focused	MALAT1_A549_NGG_0037	65	0.01853333
efficacy_focused	MALAT1_A549_NGG_0037	66	0.01763333
efficacy_focused	MALAT1_A549_NGG_0037	67	0.01393333
efficacy_focused	MALAT1_A549_NGG_0037	68	0.01336667
efficacy_focused	MALAT1_A549_NGG_0037	69	0.01356667
efficacy_focused	MALAT1_A549_NGG_0037	70	0.0177
efficacy_focused	MALAT1_A549_NGG_0037	71	0.01876667
efficacy_focused	MALAT1_A549_NGG_0037	72	0.0148
efficacy_focused	MALAT1_A549_NGG_0037	73	0.0102
efficacy_focused	MALAT1_A549_NGG_0037	74	0.0064
efficacy_focused	MALAT1_A549_NGG_0037	75	0.0041
efficacy_focused	MALAT1_A549_NGG_0037	76	0.00196667
efficacy_focused	MALAT1_A549_NGG_0037	77	0.0007
efficacy_focused	MALAT1_A549_NGG_0037	78	0.00026667
efficacy_focused	MALAT1_A549_NGG_0037	79	6.667e-05
efficacy_focused	MALAT1_A549_NGG_0037	80	0.0
efficacy_focused	MALAT1_A549_NGG_0037	81	0.0
efficacy_focused	MALAT1_A549_NGG_0037	82	0.0
efficacy_focused	MALAT1_A549_NGG_0037	83	0.0
efficacy_focused	MALAT1_A549_NGG_0037	84	0.0
efficacy_focused	MALAT1_A549_NGG_0037	85	0.0
efficacy_focused	MALAT1_A549_NGG_0037	86	0.0
efficacy_focused	MALAT1_A549_NGG_0038	1	0.0
efficacy_focused	MALAT1_A549_NGG_0038	2	0.0
efficacy_focused	MALAT1_A549_NGG_0038	3	0.0
efficacy_focused	MALAT1_A549_NGG_0038	4	0.0
efficacy_focused	MALAT1_A549_NGG_0038	5	0.0
efficacy_focused	MALAT1_A549_NGG_0038	6	0.0
efficacy_focused	MALAT1_A549_NGG_0038	7	0.0
efficacy_focused	MALAT1_A549_NGG_0038	8	0.0
efficacy_focused	MALAT1_A549_NGG_0038	9	0.0
efficacy_focused	MALAT1_A549_NGG_0038	10	0.0
efficacy_focused	MALAT1_A549_NGG_0038	11	0.0
efficacy_focused	MALAT1_A549_NGG_0038	12	0.0
efficacy_focused	MALAT1_A549_NGG_0038	13	0.0
efficacy_focused	MALAT1_A549_NGG_0038	14	0.0
efficacy_focused	MALAT1_A549_NGG_0038	15	0.0
efficacy_focused	MALAT1_A549_NGG_0038	16	0.0
efficacy_focused	MALAT1_A549_NGG_0038	17	0.0
efficacy_focused	MALAT1_A549_NGG_0038	18	0.0
efficacy_focused	MALAT1_A549_NGG_0038	19	0.0
efficacy_focused	MALAT1_A549_NGG_0038	20	0.0
efficacy_focused	MALAT1_A549_NGG_0038	21	0.0
efficacy_focused	MALAT1_A549_NGG_0038	22	0.0
efficacy_focused	MALAT1_A549_NGG_0038	23	0.0
efficacy_focused	MALAT1_A549_NGG_0038	24	0.0
efficacy_focused	MALAT1_A549_NGG_0038	25	0.0
efficacy_focused	MALAT1_A549_NGG_0038	26	0.0
efficacy_focused	MALAT1_A549_NGG_0038	27	0.0
efficacy_focused	MALAT1_A549_NGG_0038	28	0.0
efficacy_focused	MALAT1_A549_NGG_0038	29	0.0
efficacy_focused	MALAT1_A549_NGG_0038	30	0.0
efficacy_focused	MALAT1_A549_NGG_0038	31	0.0
efficacy_focused	MALAT1_A549_NGG_0038	32	0.0
efficacy_focused	MALAT1_A549_NGG_0038	33	3.333e-05
efficacy_focused	MALAT1_A549_NGG_0038	34	0.0
efficacy_focused	MALAT1_A549_NGG_0038	35	3.333e-05
efficacy_focused	MALAT1_A549_NGG_0038	36	3.333e-05
efficacy_focused	MALAT1_A549_NGG_0038	37	0.00016667
efficacy_focused	MALAT1_A549_NGG_0038	38	0.0006
efficacy_focused	MALAT1_A549_NGG_0038	39	0.0008
efficacy_focused	MALAT1_A549_NGG_0038	40	0.00183333
efficacy_focused	MALAT1_A549_NGG_0038	41	0.0046
efficacy_focused	MALAT1_A549_NGG_0038	42	0.00973333
efficacy_focused	MALAT1_A549_NGG_0038	43	0.01903333
efficacy_focused	MALAT1_A549_NGG_0038	44	0.0378
efficacy_focused	MALAT1_A549_NGG_0038	45	0.05616667
efficacy_focused	MALAT1_A549_NGG_0038	46	0.05663333
efficacy_focused	MALAT1_A549_NGG_0038	47	0.05473333
efficacy_focused	MALAT1_A549_NGG_0038	48	0.0532
efficacy_focused	MALAT1_A549_NGG_0038	49	0.05073333
efficacy_focused	MALAT1_A549_NGG_0038	50	0.04493333
efficacy_focused	MALAT1_A549_NGG_0038	51	0.03666667
efficacy_focused	MALAT1_A549_NGG_0038	52	0.03423333
efficacy_focused	MALAT1_A549_NGG_0038	53	0.03203333
efficacy_focused	MALAT1_A549_NGG_0038	54	0.02906667
efficacy_focused	MALAT1_A549_NGG_0038	55	0.0284
efficacy_focused	MALAT1_A549_NGG_0038	56	0.02753333
efficacy_focused	MALAT1_A549_NGG_0038	57	0.0279
efficacy_focused	MALAT1_A549_NGG_0038	58	0.02786667
efficacy_focused	MALAT1_A549_NGG_0038	59	0.0277
efficacy_focused	MALAT1_A549_NGG_0038	60	0.0281
efficacy_focused	MALAT1_A549_NGG_0038	61	0.02993333
efficacy_focused	MALAT1_A549_NGG_0038	62	0.02976667
efficacy_focused	MALAT1_A549_NGG_0038	63	0.0294
efficacy_focused	MALAT1_A549_NGG_0038	64	0.0275
efficacy_focused	MALAT1_A549_NGG_0038	65	0.0258
efficacy_focused	MALAT1_A549_NGG_0038	66	0.0197
efficacy_focused	MALAT1_A549_NGG_0038	67	0.01703333
efficacy_focused	MALAT1_A549_NGG_0038	68	0.01616667
efficacy_focused	MALAT1_A549_NGG_0038	69	0.015
efficacy_focused	MALAT1_A549_NGG_0038	70	0.0182
efficacy_focused	MALAT1_A549_NGG_0038	71	0.0202
efficacy_focused	MALAT1_A549_NGG_0038	72	0.02226667
efficacy_focused	MALAT1_A549_NGG_0038	73	0.0147
efficacy_focused	MALAT1_A549_NGG_0038	74	0.01066667
efficacy_focused	MALAT1_A549_NGG_0038	75	0.00673333
efficacy_focused	MALAT1_A549_NGG_0038	76	0.00366667
efficacy_focused	MALAT1_A549_NGG_0038	77	0.00153333
efficacy_focused	MALAT1_A549_NGG_0038	78	0.00086667
efficacy_focused	MALAT1_A549_NGG_0038	79	0.00026667
efficacy_focused	MALAT1_A549_NGG_0038	80	3.333e-05
efficacy_focused	MALAT1_A549_NGG_0038	81	0.0
efficacy_focused	MALAT1_A549_NGG_0038	82	0.0
efficacy_focused	MALAT1_A549_NGG_0038	83	0.0
efficacy_focused	MALAT1_A549_NGG_0038	84	0.0
efficacy_focused	MALAT1_A549_NGG_0038	85	0.0
efficacy_focused	MALAT1_A549_NGG_0038	86	0.0
efficacy_focused	MALAT1_A549_NGG_0039	1	0.0
efficacy_focused	MALAT1_A549_NGG_0039	2	0.0
efficacy_focused	MALAT1_A549_NGG_0039	3	0.0
efficacy_focused	MALAT1_A549_NGG_0039	4	0.0
efficacy_focused	MALAT1_A549_NGG_0039	5	0.0
efficacy_focused	MALAT1_A549_NGG_0039	6	0.0
efficacy_focused	MALAT1_A549_NGG_0039	7	0.0
efficacy_focused	MALAT1_A549_NGG_0039	8	0.0
efficacy_focused	MALAT1_A549_NGG_0039	9	0.0
efficacy_focused	MALAT1_A549_NGG_0039	10	0.0
efficacy_focused	MALAT1_A549_NGG_0039	11	0.0
efficacy_focused	MALAT1_A549_NGG_0039	12	0.0
efficacy_focused	MALAT1_A549_NGG_0039	13	0.0
efficacy_focused	MALAT1_A549_NGG_0039	14	0.0
efficacy_focused	MALAT1_A549_NGG_0039	15	0.0
efficacy_focused	MALAT1_A549_NGG_0039	16	0.0
efficacy_focused	MALAT1_A549_NGG_0039	17	0.0
efficacy_focused	MALAT1_A549_NGG_0039	18	0.0
efficacy_focused	MALAT1_A549_NGG_0039	19	0.0
efficacy_focused	MALAT1_A549_NGG_0039	20	0.0
efficacy_focused	MALAT1_A549_NGG_0039	21	0.0
efficacy_focused	MALAT1_A549_NGG_0039	22	0.0
efficacy_focused	MALAT1_A549_NGG_0039	23	0.0
efficacy_focused	MALAT1_A549_NGG_0039	24	0.0
efficacy_focused	MALAT1_A549_NGG_0039	25	0.0
efficacy_focused	MALAT1_A549_NGG_0039	26	0.0
efficacy_focused	MALAT1_A549_NGG_0039	27	0.0
efficacy_focused	MALAT1_A549_NGG_0039	28	0.0
efficacy_focused	MALAT1_A549_NGG_0039	29	0.0
efficacy_focused	MALAT1_A549_NGG_0039	30	6.667e-05
efficacy_focused	MALAT1_A549_NGG_0039	31	6.667e-05
efficacy_focused	MALAT1_A549_NGG_0039	32	0.0001
efficacy_focused	MALAT1_A549_NGG_0039	33	0.00033333
efficacy_focused	MALAT1_A549_NGG_0039	34	0.0005
efficacy_focused	MALAT1_A549_NGG_0039	35	0.00093333
efficacy_focused	MALAT1_A549_NGG_0039	36	0.0019
efficacy_focused	MALAT1_A549_NGG_0039	37	0.00383333
efficacy_focused	MALAT1_A549_NGG_0039	38	0.00596667
efficacy_focused	MALAT1_A549_NGG_0039	39	0.00953333
efficacy_focused	MALAT1_A549_NGG_0039	40	0.0155
efficacy_focused	MALAT1_A549_NGG_0039	41	0.02936667
efficacy_focused	MALAT1_A549_NGG_0039	42	0.05476667
efficacy_focused	MALAT1_A549_NGG_0039	43	0.0759
efficacy_focused	MALAT1_A549_NGG_0039	44	0.07243333
efficacy_focused	MALAT1_A549_NGG_0039	45	0.0711
efficacy_focused	MALAT1_A549_NGG_0039	46	0.07123333
efficacy_focused	MALAT1_A549_NGG_0039	47	0.05973333
efficacy_focused	MALAT1_A549_NGG_0039	48	0.04966667
efficacy_focused	MALAT1_A549_NGG_0039	49	0.04143333
efficacy_focused	MALAT1_A549_NGG_0039	50	0.03423333
efficacy_focused	MALAT1_A549_NGG_0039	51	0.03263333
efficacy_focused	MALAT1_A549_NGG_0039	52	0.02916667
efficacy_focused	MALAT1_A549_NGG_0039	53	0.02686667
efficacy_focused	MALAT1_A549_NGG_0039	54	0.02556667
efficacy_focused	MALAT1_A549_NGG_0039	55	0.02236667
efficacy_focused	MALAT1_A549_NGG_0039	56	0.02356667
efficacy_focused	MALAT1_A549_NGG_0039	57	0.02323333
efficacy_focused	MALAT1_A549_NGG_0039	58	0.02276667
efficacy_focused	MALAT1_A549_NGG_0039	59	0.02216667
efficacy_focused	MALAT1_A549_NGG_0039	60	0.0198
efficacy_focused	MALAT1_A549_NGG_0039	61	0.02106667
efficacy_focused	MALAT1_A549_NGG_0039	62	0.0189
efficacy_focused	MALAT1_A549_NGG_0039	63	0.01536667
efficacy_focused	MALAT1_A549_NGG_0039	64	0.01236667
efficacy_focused	MALAT1_A549_NGG_0039	65	0.01086667
efficacy_focused	MALAT1_A549_NGG_0039	66	0.0088
efficacy_focused	MALAT1_A549_NGG_0039	67	0.0105
efficacy_focused	MALAT1_A549_NGG_0039	68	0.01123333
efficacy_focused	MALAT1_A549_NGG_0039	69	0.01226667
efficacy_focused	MALAT1_A549_NGG_0039	70	0.01086667
efficacy_focused	MALAT1_A549_NGG_0039	71	0.0074
efficacy_focused	MALAT1_A549_NGG_0039	72	0.00576667
efficacy_focused	MALAT1_A549_NGG_0039	73	0.00393333
efficacy_focused	MALAT1_A549_NGG_0039	74	0.00216667
efficacy_focused	MALAT1_A549_NGG_0039	75	0.00106667
efficacy_focused	MALAT1_A549_NGG_0039	76	0.00053333
efficacy_focused	MALAT1_A549_NGG_0039	77	0.00013333
efficacy_focused	MALAT1_A549_NGG_0039	78	3.333e-05
efficacy_focused	MALAT1_A549_NGG_0039	79	0.0
efficacy_focused	MALAT1_A549_NGG_0039	80	0.0
efficacy_focused	MALAT1_A549_NGG_0039	81	0.0
efficacy_focused	MALAT1_A549_NGG_0039	82	0.0
efficacy_focused	MALAT1_A549_NGG_0039	83	0.0
efficacy_focused	MALAT1_A549_NGG_0039	84	0.0
efficacy_focused	MALAT1_A549_NGG_0039	85	0.0
efficacy_focused	MALAT1_A549_NGG_0039	86	0.0
efficacy_focused	MALAT1_A549_NGG_0040	1	0.0
efficacy_focused	MALAT1_A549_NGG_0040	2	0.0
efficacy_focused	MALAT1_A549_NGG_0040	3	0.0
efficacy_focused	MALAT1_A549_NGG_0040	4	0.0
efficacy_focused	MALAT1_A549_NGG_0040	5	0.0
efficacy_focused	MALAT1_A549_NGG_0040	6	3.333e-05
efficacy_focused	MALAT1_A549_NGG_0040	7	3.333e-05
efficacy_focused	MALAT1_A549_NGG_0040	8	0.00026667
efficacy_focused	MALAT1_A549_NGG_0040	9	0.00066667
efficacy_focused	MALAT1_A549_NGG_0040	10	0.00116667
efficacy_focused	MALAT1_A549_NGG_0040	11	0.00163333
efficacy_focused	MALAT1_A549_NGG_0040	12	0.0024
efficacy_focused	MALAT1_A549_NGG_0040	13	0.00263333
efficacy_focused	MALAT1_A549_NGG_0040	14	0.0035
efficacy_focused	MALAT1_A549_NGG_0040	15	0.00356667
efficacy_focused	MALAT1_A549_NGG_0040	16	0.0048
efficacy_focused	MALAT1_A549_NGG_0040	17	0.00696667
efficacy_focused	MALAT1_A549_NGG_0040	18	0.0087
efficacy_focused	MALAT1_A549_NGG_0040	19	0.01746667
efficacy_focused	MALAT1_A549_NGG_0040	20	0.03386667
efficacy_focused	MALAT1_A549_NGG_0040	21	0.06663333
efficacy_focused	MALAT1_A549_NGG_0040	22	0.0825
efficacy_focused	MALAT1_A549_NGG_0040	23	0.08646667
efficacy_focused	MALAT1_A549_NGG_0040	24	0.07343333
efficacy_focused	MALAT1_A549_NGG_0040	25	0.0706
efficacy_focused	MALAT1_A549_NGG_0040	26	0.07676667
efficacy_focused	MALAT1_A549_NGG_0040	27	0.08596667
efficacy_focused	MALAT1_A549_NGG_0040	28	0.0894
efficacy_focused	MALAT1_A549_NGG_0040	29	0.07033333
efficacy_focused	MALAT1_A549_NGG_0040	30	0.05503333
efficacy_focused	MALAT1_A549_NGG_0040	31	0.04263333
efficacy_focused	MALAT1_A549_NGG_0040	32	0.0319
efficacy_focused	MALAT1_A549_NGG_0040	33	0.02353333
efficacy_focused	MALAT1_A549_NGG_0040	34	0.01993333
efficacy_focused	MALAT1_A549_NGG_0040	35	0.01263333
efficacy_focused	MALAT1_A549_NGG_0040	36	0.00973333
efficacy_focused	MALAT1_A549_NGG_0040	37	0.00763333
efficacy_focused	MALAT1_A549_NGG_0040	38	0.0043
efficacy_focused	MALAT1_A549_NGG_0040	39	0.00136667
efficacy_focused	MALAT1_A549_NGG_0040	40	0.00083333
efficacy_focused	MALAT1_A549_NGG_0040	41	0.00033333
efficacy_focused	MALAT1_A549_NGG_0040	42	6.667e-05
efficacy_focused	MALAT1_A549_NGG_0040	43	0.0001
efficacy_focused	MALAT1_A549_NGG_0040	44	3.333e-05
efficacy_focused	MALAT1_A549_NGG_0040	45	0.0001
efficacy_focused	MALAT1_A549_NGG_0040	46	3.333e-05
efficacy_focused	MALAT1_A549_NGG_0040	47	0.0
efficacy_focused	MALAT1_A549_NGG_0040	48	0.0
efficacy_focused	MALAT1_A549_NGG_0040	49	0.0
efficacy_focused	MALAT1_A549_NGG_0040	50	0.0
efficacy_focused	MALAT1_A549_NGG_0040	51	0.0
efficacy_focused	MALAT1_A549_NGG_0040	52	0.0
efficacy_focused	MALAT1_A549_NGG_0040	53	0.0
efficacy_focused	MALAT1_A549_NGG_0040	54	0.0
efficacy_focused	MALAT1_A549_NGG_0040	55	0.0
efficacy_focused	MALAT1_A549_NGG_0040	56	0.0
efficacy_focused	MALAT1_A549_NGG_0040	57	0.0
efficacy_focused	MALAT1_A549_NGG_0040	58	0.0
efficacy_focused	MALAT1_A549_NGG_0040	59	0.0
efficacy_focused	MALAT1_A549_NGG_0040	60	0.0
efficacy_focused	MALAT1_A549_NGG_0040	61	0.0
efficacy_focused	MALAT1_A549_NGG_0040	62	0.0
efficacy_focused	MALAT1_A549_NGG_0040	63	0.0
efficacy_focused	MALAT1_A549_NGG_0040	64	0.0
efficacy_focused	MALAT1_A549_NGG_0040	65	0.0
efficacy_focused	MALAT1_A549_NGG_0040	66	0.0
efficacy_focused	MALAT1_A549_NGG_0040	67	0.0
efficacy_focused	MALAT1_A549_NGG_0040	68	0.0
efficacy_focused	MALAT1_A549_NGG_0040	69	0.0
efficacy_focused	MALAT1_A549_NGG_0040	70	0.0
efficacy_focused	MALAT1_A549_NGG_0040	71	0.0
efficacy_focused	MALAT1_A549_NGG_0040	72	0.0
efficacy_focused	MALAT1_A549_NGG_0040	73	0.0
efficacy_focused	MALAT1_A549_NGG_0040	74	0.0
efficacy_focused	MALAT1_A549_NGG_0040	75	0.0
efficacy_focused	MALAT1_A549_NGG_0040	76	0.0
efficacy_focused	MALAT1_A549_NGG_0040	77	0.0
efficacy_focused	MALAT1_A549_NGG_0040	78	0.0
efficacy_focused	MALAT1_A549_NGG_0040	79	0.0
efficacy_focused	MALAT1_A549_NGG_0040	80	0.0
efficacy_focused	MALAT1_A549_NGG_0040	81	0.0
efficacy_focused	MALAT1_A549_NGG_0040	82	0.0
efficacy_focused	MALAT1_A549_NGG_0040	83	0.0
efficacy_focused	MALAT1_A549_NGG_0040	84	0.0
efficacy_focused	MALAT1_A549_NGG_0040	85	0.0
efficacy_focused	MALAT1_A549_NGG_0040	86	0.0
efficacy_focused	MALAT1_A549_NGG_0041	1	0.0
efficacy_focused	MALAT1_A549_NGG_0041	2	0.0
efficacy_focused	MALAT1_A549_NGG_0041	3	0.0
efficacy_focused	MALAT1_A549_NGG_0041	4	0.0
efficacy_focused	MALAT1_A549_NGG_0041	5	0.0
efficacy_focused	MALAT1_A549_NGG_0041	6	3.333e-05
efficacy_focused	MALAT1_A549_NGG_0041	7	0.0001
efficacy_focused	MALAT1_A549_NGG_0041	8	0.00033333
efficacy_focused	MALAT1_A549_NGG_0041	9	0.00073333
efficacy_focused	MALAT1_A549_NGG_0041	10	0.00176667
efficacy_focused	MALAT1_A549_NGG_0041	11	0.0021
efficacy_focused	MALAT1_A549_NGG_0041	12	0.003
efficacy_focused	MALAT1_A549_NGG_0041	13	0.00346667
efficacy_focused	MALAT1_A549_NGG_0041	14	0.00436667
efficacy_focused	MALAT1_A549_NGG_0041	15	0.00483333
efficacy_focused	MALAT1_A549_NGG_0041	16	0.0065
efficacy_focused	MALAT1_A549_NGG_0041	17	0.00846667
efficacy_focused	MALAT1_A549_NGG_0041	18	0.0124
efficacy_focused	MALAT1_A549_NGG_0041	19	0.0191
efficacy_focused	MALAT1_A549_NGG_0041	20	0.0438
efficacy_focused	MALAT1_A549_NGG_0041	21	0.0796
efficacy_focused	MALAT1_A549_NGG_0041	22	0.09066667
efficacy_focused	MALAT1_A549_NGG_0041	23	0.08786667
efficacy_focused	MALAT1_A549_NGG_0041	24	0.06973333
efficacy_focused	MALAT1_A549_NGG_0041	25	0.07013333
efficacy_focused	MALAT1_A549_NGG_0041	26	0.08506667
efficacy_focused	MALAT1_A549_NGG_0041	27	0.08753333
efficacy_focused	MALAT1_A549_NGG_0041	28	0.08503333
efficacy_focused	MALAT1_A549_NGG_0041	29	0.0606
efficacy_focused	MALAT1_A549_NGG_0041	30	0.04853333
efficacy_focused	MALAT1_A549_NGG_0041	31	0.03433333
efficacy_focused	MALAT1_A549_NGG_0041	32	0.0264
efficacy_focused	MALAT1_A549_NGG_0041	33	0.01903333
efficacy_focused	MALAT1_A549_NGG_0041	34	0.01496667
efficacy_focused	MALAT1_A549_NGG_0041	35	0.01093333
efficacy_focused	MALAT1_A549_NGG_0041	36	0.00786667
efficacy_focused	MALAT1_A549_NGG_0041	37	0.00553333
efficacy_focused	MALAT1_A549_NGG_0041	38	0.00286667
efficacy_focused	MALAT1_A549_NGG_0041	39	0.00123333
efficacy_focused	MALAT1_A549_NGG_0041	40	0.00033333
efficacy_focused	MALAT1_A549_NGG_0041	41	0.0003
efficacy_focused	MALAT1_A549_NGG_0041	42	0.00016667
efficacy_focused	MALAT1_A549_NGG_0041	43	6.667e-05
efficacy_focused	MALAT1_A549_NGG_0041	44	3.333e-05
efficacy_focused	MALAT1_A549_NGG_0041	45	0.00013333
efficacy_focused	MALAT1_A549_NGG_0041	46	0.0
efficacy_focused	MALAT1_A549_NGG_0041	47	3.333e-05
efficacy_focused	MALAT1_A549_NGG_0041	48	0.0
efficacy_focused	MALAT1_A549_NGG_0041	49	0.0
efficacy_focused	MALAT1_A549_NGG_0041	50	0.0
efficacy_focused	MALAT1_A549_NGG_0041	51	0.0
efficacy_focused	MALAT1_A549_NGG_0041	52	0.0
efficacy_focused	MALAT1_A549_NGG_0041	53	0.0
efficacy_focused	MALAT1_A549_NGG_0041	54	0.0
efficacy_focused	MALAT1_A549_NGG_0041	55	0.0
efficacy_focused	MALAT1_A549_NGG_0041	56	0.0
efficacy_focused	MALAT1_A549_NGG_0041	57	0.0
efficacy_focused	MALAT1_A549_NGG_0041	58	0.0
efficacy_focused	MALAT1_A549_NGG_0041	59	0.0
efficacy_focused	MALAT1_A549_NGG_0041	60	0.0
efficacy_focused	MALAT1_A549_NGG_0041	61	0.0
efficacy_focused	MALAT1_A549_NGG_0041	62	0.0
efficacy_focused	MALAT1_A549_NGG_0041	63	0.0
efficacy_focused	MALAT1_A549_NGG_0041	64	0.0
efficacy_focused	MALAT1_A549_NGG_0041	65	0.0
efficacy_focused	MALAT1_A549_NGG_0041	66	0.0
efficacy_focused	MALAT1_A549_NGG_0041	67	0.0
efficacy_focused	MALAT1_A549_NGG_0041	68	0.0
efficacy_focused	MALAT1_A549_NGG_0041	69	0.0
efficacy_focused	MALAT1_A549_NGG_0041	70	0.0
efficacy_focused	MALAT1_A549_NGG_0041	71	0.0
efficacy_focused	MALAT1_A549_NGG_0041	72	0.0
efficacy_focused	MALAT1_A549_NGG_0041	73	0.0
efficacy_focused	MALAT1_A549_NGG_0041	74	0.0
efficacy_focused	MALAT1_A549_NGG_0041	75	0.0
efficacy_focused	MALAT1_A549_NGG_0041	76	0.0
efficacy_focused	MALAT1_A549_NGG_0041	77	0.0
efficacy_focused	MALAT1_A549_NGG_0041	78	0.0
efficacy_focused	MALAT1_A549_NGG_0041	79	0.0
efficacy_focused	MALAT1_A549_NGG_0041	80	0.0
efficacy_focused	MALAT1_A549_NGG_0041	81	0.0
efficacy_focused	MALAT1_A549_NGG_0041	82	0.0
efficacy_focused	MALAT1_A549_NGG_0041	83	0.0
efficacy_focused	MALAT1_A549_NGG_0041	84	0.0
efficacy_focused	MALAT1_A549_NGG_0041	85	0.0
efficacy_focused	MALAT1_A549_NGG_0041	86	0.0
efficacy_focused	MALAT1_A549_NGG_0042	1	0.0
efficacy_focused	MALAT1_A549_NGG_0042	2	0.0
efficacy_focused	MALAT1_A549_NGG_0042	3	3.333e-05
efficacy_focused	MALAT1_A549_NGG_0042	4	3.333e-05
efficacy_focused	MALAT1_A549_NGG_0042	5	0.00036667
efficacy_focused	MALAT1_A549_NGG_0042	6	0.0016
efficacy_focused	MALAT1_A549_NGG_0042	7	0.0029
efficacy_focused	MALAT1_A549_NGG_0042	8	0.0065
efficacy_focused	MALAT1_A549_NGG_0042	9	0.0101
efficacy_focused	MALAT1_A549_NGG_0042	10	0.013
efficacy_focused	MALAT1_A549_NGG_0042	11	0.0153
efficacy_focused	MALAT1_A549_NGG_0042	12	0.0164
efficacy_focused	MALAT1_A549_NGG_0042	13	0.01766667
efficacy_focused	MALAT1_A549_NGG_0042	14	0.01863333
efficacy_focused	MALAT1_A549_NGG_0042	15	0.01736667
efficacy_focused	MALAT1_A549_NGG_0042	16	0.02123333
efficacy_focused	MALAT1_A549_NGG_0042	17	0.0301
efficacy_focused	MALAT1_A549_NGG_0042	18	0.05693333
efficacy_focused	MALAT1_A549_NGG_0042	19	0.09446667
efficacy_focused	MALAT1_A549_NGG_0042	20	0.1887
efficacy_focused	MALAT1_A549_NGG_0042	21	0.09843333
efficacy_focused	MALAT1_A549_NGG_0042	22	0.06023333
efficacy_focused	MALAT1_A549_NGG_0042	23	0.04396667
efficacy_focused	MALAT1_A549_NGG_0042	24	0.04816667
efficacy_focused	MALAT1_A549_NGG_0042	25	0.10433333
efficacy_focused	MALAT1_A549_NGG_0042	26	0.0509
efficacy_focused	MALAT1_A549_NGG_0042	27	0.0303
efficacy_focused	MALAT1_A549_NGG_0042	28	0.01773333
efficacy_focused	MALAT1_A549_NGG_0042	29	0.01153333
efficacy_focused	MALAT1_A549_NGG_0042	30	0.00783333
efficacy_focused	MALAT1_A549_NGG_0042	31	0.00523333
efficacy_focused	MALAT1_A549_NGG_0042	32	0.00346667
efficacy_focused	MALAT1_A549_NGG_0042	33	0.0024
efficacy_focused	MALAT1_A549_NGG_0042	34	0.0021
efficacy_focused	MALAT1_A549_NGG_0042	35	0.00086667
efficacy_focused	MALAT1_A549_NGG_0042	36	0.0008
efficacy_focused	MALAT1_A549_NGG_0042	37	0.0002
efficacy_focused	MALAT1_A549_NGG_0042	38	0.00013333
efficacy_focused	MALAT1_A549_NGG_0042	39	0.0
efficacy_focused	MALAT1_A549_NGG_0042	40	0.0
efficacy_focused	MALAT1_A549_NGG_0042	41	3.333e-05
efficacy_focused	MALAT1_A549_NGG_0042	42	0.0
efficacy_focused	MALAT1_A549_NGG_0042	43	0.0
efficacy_focused	MALAT1_A549_NGG_0042	44	0.0
efficacy_focused	MALAT1_A549_NGG_0042	45	0.0
efficacy_focused	MALAT1_A549_NGG_0042	46	0.0
efficacy_focused	MALAT1_A549_NGG_0042	47	0.0
efficacy_focused	MALAT1_A549_NGG_0042	48	0.0
efficacy_focused	MALAT1_A549_NGG_0042	49	0.0
efficacy_focused	MALAT1_A549_NGG_0042	50	0.0
efficacy_focused	MALAT1_A549_NGG_0042	51	0.0
efficacy_focused	MALAT1_A549_NGG_0042	52	0.0
efficacy_focused	MALAT1_A549_NGG_0042	53	0.0
efficacy_focused	MALAT1_A549_NGG_0042	54	0.0
efficacy_focused	MALAT1_A549_NGG_0042	55	0.0
efficacy_focused	MALAT1_A549_NGG_0042	56	0.0
efficacy_focused	MALAT1_A549_NGG_0042	57	0.0
efficacy_focused	MALAT1_A549_NGG_0042	58	0.0
efficacy_focused	MALAT1_A549_NGG_0042	59	0.0
efficacy_focused	MALAT1_A549_NGG_0042	60	0.0
efficacy_focused	MALAT1_A549_NGG_0042	61	0.0
efficacy_focused	MALAT1_A549_NGG_0042	62	0.0
efficacy_focused	MALAT1_A549_NGG_0042	63	0.0
efficacy_focused	MALAT1_A549_NGG_0042	64	0.0
efficacy_focused	MALAT1_A549_NGG_0042	65	0.0
efficacy_focused	MALAT1_A549_NGG_0042	66	0.0
efficacy_focused	MALAT1_A549_NGG_0042	67	0.0
efficacy_focused	MALAT1_A549_NGG_0042	68	0.0
efficacy_focused	MALAT1_A549_NGG_0042	69	0.0
efficacy_focused	MALAT1_A549_NGG_0042	70	0.0
efficacy_focused	MALAT1_A549_NGG_0042	71	0.0
efficacy_focused	MALAT1_A549_NGG_0042	72	0.0
efficacy_focused	MALAT1_A549_NGG_0042	73	0.0
efficacy_focused	MALAT1_A549_NGG_0042	74	0.0
efficacy_focused	MALAT1_A549_NGG_0042	75	0.0
efficacy_focused	MALAT1_A549_NGG_0042	76	0.0
efficacy_focused	MALAT1_A549_NGG_0042	77	0.0
efficacy_focused	MALAT1_A549_NGG_0042	78	0.0
efficacy_focused	MALAT1_A549_NGG_0042	79	0.0
efficacy_focused	MALAT1_A549_NGG_0042	80	0.0
efficacy_focused	MALAT1_A549_NGG_0042	81	0.0
efficacy_focused	MALAT1_A549_NGG_0042	82	0.0
efficacy_focused	MALAT1_A549_NGG_0042	83	0.0
efficacy_focused	MALAT1_A549_NGG_0042	84	0.0
efficacy_focused	MALAT1_A549_NGG_0042	85	0.0
efficacy_focused	MALAT1_A549_NGG_0042	86	0.0
efficacy_focused	MALAT1_A549_NGG_0043	1	0.0
efficacy_focused	MALAT1_A549_NGG_0043	2	0.0
efficacy_focused	MALAT1_A549_NGG_0043	3	0.0
efficacy_focused	MALAT1_A549_NGG_0043	4	0.0
efficacy_focused	MALAT1_A549_NGG_0043	5	3.333e-05
efficacy_focused	MALAT1_A549_NGG_0043	6	0.0001
efficacy_focused	MALAT1_A549_NGG_0043	7	0.00016667
efficacy_focused	MALAT1_A549_NGG_0043	8	0.0007
efficacy_focused	MALAT1_A549_NGG_0043	9	0.00176667
efficacy_focused	MALAT1_A549_NGG_0043	10	0.00216667
efficacy_focused	MALAT1_A549_NGG_0043	11	0.00323333
efficacy_focused	MALAT1_A549_NGG_0043	12	0.00516667
efficacy_focused	MALAT1_A549_NGG_0043	13	0.00626667
efficacy_focused	MALAT1_A549_NGG_0043	14	0.008
efficacy_focused	MALAT1_A549_NGG_0043	15	0.0083
efficacy_focused	MALAT1_A549_NGG_0043	16	0.00816667
efficacy_focused	MALAT1_A549_NGG_0043	17	0.01023333
efficacy_focused	MALAT1_A549_NGG_0043	18	0.0174
efficacy_focused	MALAT1_A549_NGG_0043	19	0.0318
efficacy_focused	MALAT1_A549_NGG_0043	20	0.06223333
efficacy_focused	MALAT1_A549_NGG_0043	21	0.10866667
efficacy_focused	MALAT1_A549_NGG_0043	22	0.09926667
efficacy_focused	MALAT1_A549_NGG_0043	23	0.07996667
efficacy_focused	MALAT1_A549_NGG_0043	24	0.06546667
efficacy_focused	MALAT1_A549_NGG_0043	25	0.07173333
efficacy_focused	MALAT1_A549_NGG_0043	26	0.0925
efficacy_focused	MALAT1_A549_NGG_0043	27	0.0823
efficacy_focused	MALAT1_A549_NGG_0043	28	0.06743333
efficacy_focused	MALAT1_A549_NGG_0043	29	0.0483
efficacy_focused	MALAT1_A549_NGG_0043	30	0.03543333
efficacy_focused	MALAT1_A549_NGG_0043	31	0.02423333
efficacy_focused	MALAT1_A549_NGG_0043	32	0.01873333
efficacy_focused	MALAT1_A549_NGG_0043	33	0.0132
efficacy_focused	MALAT1_A549_NGG_0043	34	0.01013333
efficacy_focused	MALAT1_A549_NGG_0043	35	0.00743333
efficacy_focused	MALAT1_A549_NGG_0043	36	0.0041
efficacy_focused	MALAT1_A549_NGG_0043	37	0.00333333
efficacy_focused	MALAT1_A549_NGG_0043	38	0.0013
efficacy_focused	MALAT1_A549_NGG_0043	39	0.00043333
efficacy_focused	MALAT1_A549_NGG_0043	40	0.00013333
efficacy_focused	MALAT1_A549_NGG_0043	41	0.0001
efficacy_focused	MALAT1_A549_NGG_0043	42	0.0
efficacy_focused	MALAT1_A549_NGG_0043	43	0.0
efficacy_focused	MALAT1_A549_NGG_0043	44	0.0
efficacy_focused	MALAT1_A549_NGG_0043	45	6.667e-05
efficacy_focused	MALAT1_A549_NGG_0043	46	0.0
efficacy_focused	MALAT1_A549_NGG_0043	47	0.0
efficacy_focused	MALAT1_A549_NGG_0043	48	0.0
efficacy_focused	MALAT1_A549_NGG_0043	49	0.0
efficacy_focused	MALAT1_A549_NGG_0043	50	0.0
efficacy_focused	MALAT1_A549_NGG_0043	51	0.0
efficacy_focused	MALAT1_A549_NGG_0043	52	0.0
efficacy_focused	MALAT1_A549_NGG_0043	53	0.0
efficacy_focused	MALAT1_A549_NGG_0043	54	0.0
efficacy_focused	MALAT1_A549_NGG_0043	55	0.0
efficacy_focused	MALAT1_A549_NGG_0043	56	0.0
efficacy_focused	MALAT1_A549_NGG_0043	57	0.0
efficacy_focused	MALAT1_A549_NGG_0043	58	0.0
efficacy_focused	MALAT1_A549_NGG_0043	59	0.0
efficacy_focused	MALAT1_A549_NGG_0043	60	0.0
efficacy_focused	MALAT1_A549_NGG_0043	61	0.0
efficacy_focused	MALAT1_A549_NGG_0043	62	0.0
efficacy_focused	MALAT1_A549_NGG_0043	63	0.0
efficacy_focused	MALAT1_A549_NGG_0043	64	0.0
efficacy_focused	MALAT1_A549_NGG_0043	65	0.0
efficacy_focused	MALAT1_A549_NGG_0043	66	0.0
efficacy_focused	MALAT1_A549_NGG_0043	67	0.0
efficacy_focused	MALAT1_A549_NGG_0043	68	0.0
efficacy_focused	MALAT1_A549_NGG_0043	69	0.0
efficacy_focused	MALAT1_A549_NGG_0043	70	0.0
efficacy_focused	MALAT1_A549_NGG_0043	71	0.0
efficacy_focused	MALAT1_A549_NGG_0043	72	0.0
efficacy_focused	MALAT1_A549_NGG_0043	73	0.0
efficacy_focused	MALAT1_A549_NGG_0043	74	0.0
efficacy_focused	MALAT1_A549_NGG_0043	75	0.0
efficacy_focused	MALAT1_A549_NGG_0043	76	0.0
efficacy_focused	MALAT1_A549_NGG_0043	77	0.0
efficacy_focused	MALAT1_A549_NGG_0043	78	0.0
efficacy_focused	MALAT1_A549_NGG_0043	79	0.0
efficacy_focused	MALAT1_A549_NGG_0043	80	0.0
efficacy_focused	MALAT1_A549_NGG_0043	81	0.0
efficacy_focused	MALAT1_A549_NGG_0043	82	0.0
efficacy_focused	MALAT1_A549_NGG_0043	83	0.0
efficacy_focused	MALAT1_A549_NGG_0043	84	0.0
efficacy_focused	MALAT1_A549_NGG_0043	85	0.0
efficacy_focused	MALAT1_A549_NGG_0043	86	0.0
efficacy_focused	MALAT1_A549_NGG_0044	1	0.0
efficacy_focused	MALAT1_A549_NGG_0044	2	0.0
efficacy_focused	MALAT1_A549_NGG_0044	3	0.0
efficacy_focused	MALAT1_A549_NGG_0044	4	0.0
efficacy_focused	MALAT1_A549_NGG_0044	5	0.0
efficacy_focused	MALAT1_A549_NGG_0044	6	0.0
efficacy_focused	MALAT1_A549_NGG_0044	7	0.0
efficacy_focused	MALAT1_A549_NGG_0044	8	0.0
efficacy_focused	MALAT1_A549_NGG_0044	9	6.667e-05
efficacy_focused	MALAT1_A549_NGG_0044	10	0.0
efficacy_focused	MALAT1_A549_NGG_0044	11	6.667e-05
efficacy_focused	MALAT1_A549_NGG_0044	12	6.667e-05
efficacy_focused	MALAT1_A549_NGG_0044	13	0.0001
efficacy_focused	MALAT1_A549_NGG_0044	14	0.00023333
efficacy_focused	MALAT1_A549_NGG_0044	15	0.00036667
efficacy_focused	MALAT1_A549_NGG_0044	16	0.0003
efficacy_focused	MALAT1_A549_NGG_0044	17	0.00053333
efficacy_focused	MALAT1_A549_NGG_0044	18	0.00053333
efficacy_focused	MALAT1_A549_NGG_0044	19	0.00163333
efficacy_focused	MALAT1_A549_NGG_0044	20	0.0023
efficacy_focused	MALAT1_A549_NGG_0044	21	0.00533333
efficacy_focused	MALAT1_A549_NGG_0044	22	0.0114
efficacy_focused	MALAT1_A549_NGG_0044	23	0.02116667
efficacy_focused	MALAT1_A549_NGG_0044	24	0.03896667
efficacy_focused	MALAT1_A549_NGG_0044	25	0.0406
efficacy_focused	MALAT1_A549_NGG_0044	26	0.04666667
efficacy_focused	MALAT1_A549_NGG_0044	27	0.05386667
efficacy_focused	MALAT1_A549_NGG_0044	28	0.05973333
efficacy_focused	MALAT1_A549_NGG_0044	29	0.08203333
efficacy_focused	MALAT1_A549_NGG_0044	30	0.08413333
efficacy_focused	MALAT1_A549_NGG_0044	31	0.08523333
efficacy_focused	MALAT1_A549_NGG_0044	32	0.08066667
efficacy_focused	MALAT1_A549_NGG_0044	33	0.07936667
efficacy_focused	MALAT1_A549_NGG_0044	34	0.06936667
efficacy_focused	MALAT1_A549_NGG_0044	35	0.0643
efficacy_focused	MALAT1_A549_NGG_0044	36	0.0488
efficacy_focused	MALAT1_A549_NGG_0044	37	0.04313333
efficacy_focused	MALAT1_A549_NGG_0044	38	0.03676667
efficacy_focused	MALAT1_A549_NGG_0044	39	0.01613333
efficacy_focused	MALAT1_A549_NGG_0044	40	0.01056667
efficacy_focused	MALAT1_A549_NGG_0044	41	0.0076
efficacy_focused	MALAT1_A549_NGG_0044	42	0.00406667
efficacy_focused	MALAT1_A549_NGG_0044	43	0.00166667
efficacy_focused	MALAT1_A549_NGG_0044	44	0.0009
efficacy_focused	MALAT1_A549_NGG_0044	45	0.00056667
efficacy_focused	MALAT1_A549_NGG_0044	46	0.00013333
efficacy_focused	MALAT1_A549_NGG_0044	47	0.00026667
efficacy_focused	MALAT1_A549_NGG_0044	48	0.0002
efficacy_focused	MALAT1_A549_NGG_0044	49	3.333e-05
efficacy_focused	MALAT1_A549_NGG_0044	50	6.667e-05
efficacy_focused	MALAT1_A549_NGG_0044	51	6.667e-05
efficacy_focused	MALAT1_A549_NGG_0044	52	0.0
efficacy_focused	MALAT1_A549_NGG_0044	53	0.0
efficacy_focused	MALAT1_A549_NGG_0044	54	0.0
efficacy_focused	MALAT1_A549_NGG_0044	55	0.0
efficacy_focused	MALAT1_A549_NGG_0044	56	0.0
efficacy_focused	MALAT1_A549_NGG_0044	57	0.0
efficacy_focused	MALAT1_A549_NGG_0044	58	0.0
efficacy_focused	MALAT1_A549_NGG_0044	59	0.0
efficacy_focused	MALAT1_A549_NGG_0044	60	0.0
efficacy_focused	MALAT1_A549_NGG_0044	61	0.0
efficacy_focused	MALAT1_A549_NGG_0044	62	0.0
efficacy_focused	MALAT1_A549_NGG_0044	63	0.0
efficacy_focused	MALAT1_A549_NGG_0044	64	0.0
efficacy_focused	MALAT1_A549_NGG_0044	65	0.0
efficacy_focused	MALAT1_A549_NGG_0044	66	0.0
efficacy_focused	MALAT1_A549_NGG_0044	67	0.0
efficacy_focused	MALAT1_A549_NGG_0044	68	0.0
efficacy_focused	MALAT1_A549_NGG_0044	69	0.0
efficacy_focused	MALAT1_A549_NGG_0044	70	0.0
efficacy_focused	MALAT1_A549_NGG_0044	71	0.0
efficacy_focused	MALAT1_A549_NGG_0044	72	0.0
efficacy_focused	MALAT1_A549_NGG_0044	73	0.0
efficacy_focused	MALAT1_A549_NGG_0044	74	0.0
efficacy_focused	MALAT1_A549_NGG_0044	75	0.0
efficacy_focused	MALAT1_A549_NGG_0044	76	0.0
efficacy_focused	MALAT1_A549_NGG_0044	77	0.0
efficacy_focused	MALAT1_A549_NGG_0044	78	0.0
efficacy_focused	MALAT1_A549_NGG_0044	79	0.0
efficacy_focused	MALAT1_A549_NGG_0044	80	0.0
efficacy_focused	MALAT1_A549_NGG_0044	81	0.0
efficacy_focused	MALAT1_A549_NGG_0044	82	0.0
efficacy_focused	MALAT1_A549_NGG_0044	83	0.0
efficacy_focused	MALAT1_A549_NGG_0044	84	0.0
efficacy_focused	MALAT1_A549_NGG_0044	85	0.0
efficacy_focused	MALAT1_A549_NGG_0044	86	0.0
efficacy_focused	MALAT1_A549_NGG_0045	1	0.00486667
efficacy_focused	MALAT1_A549_NGG_0045	2	0.05783333
efficacy_focused	MALAT1_A549_NGG_0045	3	0.30206667
efficacy_focused	MALAT1_A549_NGG_0045	4	0.39213333
efficacy_focused	MALAT1_A549_NGG_0045	5	0.1471
efficacy_focused	MALAT1_A549_NGG_0045	6	0.0672
efficacy_focused	MALAT1_A549_NGG_0045	7	0.01966667
efficacy_focused	MALAT1_A549_NGG_0045	8	0.0062
efficacy_focused	MALAT1_A549_NGG_0045	9	0.0021
efficacy_focused	MALAT1_A549_NGG_0045	10	0.00056667
efficacy_focused	MALAT1_A549_NGG_0045	11	0.00016667
efficacy_focused	MALAT1_A549_NGG_0045	12	3.333e-05
efficacy_focused	MALAT1_A549_NGG_0045	13	3.333e-05
efficacy_focused	MALAT1_A549_NGG_0045	14	0.0
efficacy_focused	MALAT1_A549_NGG_0045	15	0.0
efficacy_focused	MALAT1_A549_NGG_0045	16	3.333e-05
efficacy_focused	MALAT1_A549_NGG_0045	17	0.0
efficacy_focused	MALAT1_A549_NGG_0045	18	0.0
efficacy_focused	MALAT1_A549_NGG_0045	19	0.0
efficacy_focused	MALAT1_A549_NGG_0045	20	0.0
efficacy_focused	MALAT1_A549_NGG_0045	21	0.0
efficacy_focused	MALAT1_A549_NGG_0045	22	0.0
efficacy_focused	MALAT1_A549_NGG_0045	23	0.0
efficacy_focused	MALAT1_A549_NGG_0045	24	0.0
efficacy_focused	MALAT1_A549_NGG_0045	25	0.0
efficacy_focused	MALAT1_A549_NGG_0045	26	0.0
efficacy_focused	MALAT1_A549_NGG_0045	27	0.0
efficacy_focused	MALAT1_A549_NGG_0045	28	0.0
efficacy_focused	MALAT1_A549_NGG_0045	29	0.0
efficacy_focused	MALAT1_A549_NGG_0045	30	0.0
efficacy_focused	MALAT1_A549_NGG_0045	31	0.0
efficacy_focused	MALAT1_A549_NGG_0045	32	0.0
efficacy_focused	MALAT1_A549_NGG_0045	33	0.0
efficacy_focused	MALAT1_A549_NGG_0045	34	0.0
efficacy_focused	MALAT1_A549_NGG_0045	35	0.0
efficacy_focused	MALAT1_A549_NGG_0045	36	0.0
efficacy_focused	MALAT1_A549_NGG_0045	37	0.0
efficacy_focused	MALAT1_A549_NGG_0045	38	0.0
efficacy_focused	MALAT1_A549_NGG_0045	39	0.0
efficacy_focused	MALAT1_A549_NGG_0045	40	0.0
efficacy_focused	MALAT1_A549_NGG_0045	41	0.0
efficacy_focused	MALAT1_A549_NGG_0045	42	0.0
efficacy_focused	MALAT1_A549_NGG_0045	43	0.0
efficacy_focused	MALAT1_A549_NGG_0045	44	0.0
efficacy_focused	MALAT1_A549_NGG_0045	45	0.0
efficacy_focused	MALAT1_A549_NGG_0045	46	0.0
efficacy_focused	MALAT1_A549_NGG_0045	47	0.0
efficacy_focused	MALAT1_A549_NGG_0045	48	0.0
efficacy_focused	MALAT1_A549_NGG_0045	49	0.0
efficacy_focused	MALAT1_A549_NGG_0045	50	0.0
efficacy_focused	MALAT1_A549_NGG_0045	51	0.0
efficacy_focused	MALAT1_A549_NGG_0045	52	0.0
efficacy_focused	MALAT1_A549_NGG_0045	53	0.0
efficacy_focused	MALAT1_A549_NGG_0045	54	0.0
efficacy_focused	MALAT1_A549_NGG_0045	55	0.0
efficacy_focused	MALAT1_A549_NGG_0045	56	0.0
efficacy_focused	MALAT1_A549_NGG_0045	57	0.0
efficacy_focused	MALAT1_A549_NGG_0045	58	0.0
efficacy_focused	MALAT1_A549_NGG_0045	59	0.0
efficacy_focused	MALAT1_A549_NGG_0045	60	0.0
efficacy_focused	MALAT1_A549_NGG_0045	61	0.0
efficacy_focused	MALAT1_A549_NGG_0045	62	0.0
efficacy_focused	MALAT1_A549_NGG_0045	63	0.0
efficacy_focused	MALAT1_A549_NGG_0045	64	0.0
efficacy_focused	MALAT1_A549_NGG_0045	65	0.0
efficacy_focused	MALAT1_A549_NGG_0045	66	0.0
efficacy_focused	MALAT1_A549_NGG_0045	67	0.0
efficacy_focused	MALAT1_A549_NGG_0045	68	0.0
efficacy_focused	MALAT1_A549_NGG_0045	69	0.0
efficacy_focused	MALAT1_A549_NGG_0045	70	0.0
efficacy_focused	MALAT1_A549_NGG_0045	71	0.0
efficacy_focused	MALAT1_A549_NGG_0045	72	0.0
efficacy_focused	MALAT1_A549_NGG_0045	73	0.0
efficacy_focused	MALAT1_A549_NGG_0045	74	0.0
efficacy_focused	MALAT1_A549_NGG_0045	75	0.0
efficacy_focused	MALAT1_A549_NGG_0045	76	0.0
efficacy_focused	MALAT1_A549_NGG_0045	77	0.0
efficacy_focused	MALAT1_A549_NGG_0045	78	0.0
efficacy_focused	MALAT1_A549_NGG_0045	79	0.0
efficacy_focused	MALAT1_A549_NGG_0045	80	0.0
efficacy_focused	MALAT1_A549_NGG_0045	81	0.0
efficacy_focused	MALAT1_A549_NGG_0045	82	0.0
efficacy_focused	MALAT1_A549_NGG_0045	83	0.0
efficacy_focused	MALAT1_A549_NGG_0045	84	0.0
efficacy_focused	MALAT1_A549_NGG_0045	85	0.0
efficacy_focused	MALAT1_A549_NGG_0045	86	0.0
efficacy_focused	MALAT1_A549_NGG_0046	1	0.78943333
efficacy_focused	MALAT1_A549_NGG_0046	2	0.1887
efficacy_focused	MALAT1_A549_NGG_0046	3	0.01916667
efficacy_focused	MALAT1_A549_NGG_0046	4	0.0024
efficacy_focused	MALAT1_A549_NGG_0046	5	0.0002
efficacy_focused	MALAT1_A549_NGG_0046	6	0.0001
efficacy_focused	MALAT1_A549_NGG_0046	7	0.0
efficacy_focused	MALAT1_A549_NGG_0046	8	0.0
efficacy_focused	MALAT1_A549_NGG_0046	9	0.0
efficacy_focused	MALAT1_A549_NGG_0046	10	0.0
efficacy_focused	MALAT1_A549_NGG_0046	11	0.0
efficacy_focused	MALAT1_A549_NGG_0046	12	0.0
efficacy_focused	MALAT1_A549_NGG_0046	13	0.0
efficacy_focused	MALAT1_A549_NGG_0046	14	0.0
efficacy_focused	MALAT1_A549_NGG_0046	15	0.0
efficacy_focused	MALAT1_A549_NGG_0046	16	0.0
efficacy_focused	MALAT1_A549_NGG_0046	17	0.0
efficacy_focused	MALAT1_A549_NGG_0046	18	0.0
efficacy_focused	MALAT1_A549_NGG_0046	19	0.0
efficacy_focused	MALAT1_A549_NGG_0046	20	0.0
efficacy_focused	MALAT1_A549_NGG_0046	21	0.0
efficacy_focused	MALAT1_A549_NGG_0046	22	0.0
efficacy_focused	MALAT1_A549_NGG_0046	23	0.0
efficacy_focused	MALAT1_A549_NGG_0046	24	0.0
efficacy_focused	MALAT1_A549_NGG_0046	25	0.0
efficacy_focused	MALAT1_A549_NGG_0046	26	0.0
efficacy_focused	MALAT1_A549_NGG_0046	27	0.0
efficacy_focused	MALAT1_A549_NGG_0046	28	0.0
efficacy_focused	MALAT1_A549_NGG_0046	29	0.0
efficacy_focused	MALAT1_A549_NGG_0046	30	0.0
efficacy_focused	MALAT1_A549_NGG_0046	31	0.0
efficacy_focused	MALAT1_A549_NGG_0046	32	0.0
efficacy_focused	MALAT1_A549_NGG_0046	33	0.0
efficacy_focused	MALAT1_A549_NGG_0046	34	0.0
efficacy_focused	MALAT1_A549_NGG_0046	35	0.0
efficacy_focused	MALAT1_A549_NGG_0046	36	0.0
efficacy_focused	MALAT1_A549_NGG_0046	37	0.0
efficacy_focused	MALAT1_A549_NGG_0046	38	0.0
efficacy_focused	MALAT1_A549_NGG_0046	39	0.0
efficacy_focused	MALAT1_A549_NGG_0046	40	0.0
efficacy_focused	MALAT1_A549_NGG_0046	41	0.0
efficacy_focused	MALAT1_A549_NGG_0046	42	0.0
efficacy_focused	MALAT1_A549_NGG_0046	43	0.0
efficacy_focused	MALAT1_A549_NGG_0046	44	0.0
efficacy_focused	MALAT1_A549_NGG_0046	45	0.0
efficacy_focused	MALAT1_A549_NGG_0046	46	0.0
efficacy_focused	MALAT1_A549_NGG_0046	47	0.0
efficacy_focused	MALAT1_A549_NGG_0046	48	0.0
efficacy_focused	MALAT1_A549_NGG_0046	49	0.0
efficacy_focused	MALAT1_A549_NGG_0046	50	0.0
efficacy_focused	MALAT1_A549_NGG_0046	51	0.0
efficacy_focused	MALAT1_A549_NGG_0046	52	0.0
efficacy_focused	MALAT1_A549_NGG_0046	53	0.0
efficacy_focused	MALAT1_A549_NGG_0046	54	0.0
efficacy_focused	MALAT1_A549_NGG_0046	55	0.0
efficacy_focused	MALAT1_A549_NGG_0046	56	0.0
efficacy_focused	MALAT1_A549_NGG_0046	57	0.0
efficacy_focused	MALAT1_A549_NGG_0046	58	0.0
efficacy_focused	MALAT1_A549_NGG_0046	59	0.0
efficacy_focused	MALAT1_A549_NGG_0046	60	0.0
efficacy_focused	MALAT1_A549_NGG_0046	61	0.0
efficacy_focused	MALAT1_A549_NGG_0046	62	0.0
efficacy_focused	MALAT1_A549_NGG_0046	63	0.0
efficacy_focused	MALAT1_A549_NGG_0046	64	0.0
efficacy_focused	MALAT1_A549_NGG_0046	65	0.0
efficacy_focused	MALAT1_A549_NGG_0046	66	0.0
efficacy_focused	MALAT1_A549_NGG_0046	67	0.0
efficacy_focused	MALAT1_A549_NGG_0046	68	0.0
efficacy_focused	MALAT1_A549_NGG_0046	69	0.0
efficacy_focused	MALAT1_A549_NGG_0046	70	0.0
efficacy_focused	MALAT1_A549_NGG_0046	71	0.0
efficacy_focused	MALAT1_A549_NGG_0046	72	0.0
efficacy_focused	MALAT1_A549_NGG_0046	73	0.0
efficacy_focused	MALAT1_A549_NGG_0046	74	0.0
efficacy_focused	MALAT1_A549_NGG_0046	75	0.0
efficacy_focused	MALAT1_A549_NGG_0046	76	0.0
efficacy_focused	MALAT1_A549_NGG_0046	77	0.0
efficacy_focused	MALAT1_A549_NGG_0046	78	0.0
efficacy_focused	MALAT1_A549_NGG_0046	79	0.0
efficacy_focused	MALAT1_A549_NGG_0046	80	0.0
efficacy_focused	MALAT1_A549_NGG_0046	81	0.0
efficacy_focused	MALAT1_A549_NGG_0046	82	0.0
efficacy_focused	MALAT1_A549_NGG_0046	83	0.0
efficacy_focused	MALAT1_A549_NGG_0046	84	0.0
efficacy_focused	MALAT1_A549_NGG_0046	85	0.0
efficacy_focused	MALAT1_A549_NGG_0046	86	0.0
efficacy_focused	MALAT1_A549_NGG_0047	1	0.1945
efficacy_focused	MALAT1_A549_NGG_0047	2	0.6389
efficacy_focused	MALAT1_A549_NGG_0047	3	0.12566667
efficacy_focused	MALAT1_A549_NGG_0047	4	0.03363333
efficacy_focused	MALAT1_A549_NGG_0047	5	0.0059
efficacy_focused	MALAT1_A549_NGG_0047	6	0.00126667
efficacy_focused	MALAT1_A549_NGG_0047	7	0.0001
efficacy_focused	MALAT1_A549_NGG_0047	8	3.333e-05
efficacy_focused	MALAT1_A549_NGG_0047	9	0.0
efficacy_focused	MALAT1_A549_NGG_0047	10	0.0
efficacy_focused	MALAT1_A549_NGG_0047	11	0.0
efficacy_focused	MALAT1_A549_NGG_0047	12	0.0
efficacy_focused	MALAT1_A549_NGG_0047	13	0.0
efficacy_focused	MALAT1_A549_NGG_0047	14	0.0
efficacy_focused	MALAT1_A549_NGG_0047	15	0.0
efficacy_focused	MALAT1_A549_NGG_0047	16	0.0
efficacy_focused	MALAT1_A549_NGG_0047	17	0.0
efficacy_focused	MALAT1_A549_NGG_0047	18	0.0
efficacy_focused	MALAT1_A549_NGG_0047	19	0.0
efficacy_focused	MALAT1_A549_NGG_0047	20	0.0
efficacy_focused	MALAT1_A549_NGG_0047	21	0.0
efficacy_focused	MALAT1_A549_NGG_0047	22	0.0
efficacy_focused	MALAT1_A549_NGG_0047	23	0.0
efficacy_focused	MALAT1_A549_NGG_0047	24	0.0
efficacy_focused	MALAT1_A549_NGG_0047	25	0.0
efficacy_focused	MALAT1_A549_NGG_0047	26	0.0
efficacy_focused	MALAT1_A549_NGG_0047	27	0.0
efficacy_focused	MALAT1_A549_NGG_0047	28	0.0
efficacy_focused	MALAT1_A549_NGG_0047	29	0.0
efficacy_focused	MALAT1_A549_NGG_0047	30	0.0
efficacy_focused	MALAT1_A549_NGG_0047	31	0.0
efficacy_focused	MALAT1_A549_NGG_0047	32	0.0
efficacy_focused	MALAT1_A549_NGG_0047	33	0.0
efficacy_focused	MALAT1_A549_NGG_0047	34	0.0
efficacy_focused	MALAT1_A549_NGG_0047	35	0.0
efficacy_focused	MALAT1_A549_NGG_0047	36	0.0
efficacy_focused	MALAT1_A549_NGG_0047	37	0.0
efficacy_focused	MALAT1_A549_NGG_0047	38	0.0
efficacy_focused	MALAT1_A549_NGG_0047	39	0.0
efficacy_focused	MALAT1_A549_NGG_0047	40	0.0
efficacy_focused	MALAT1_A549_NGG_0047	41	0.0
efficacy_focused	MALAT1_A549_NGG_0047	42	0.0
efficacy_focused	MALAT1_A549_NGG_0047	43	0.0
efficacy_focused	MALAT1_A549_NGG_0047	44	0.0
efficacy_focused	MALAT1_A549_NGG_0047	45	0.0
efficacy_focused	MALAT1_A549_NGG_0047	46	0.0
efficacy_focused	MALAT1_A549_NGG_0047	47	0.0
efficacy_focused	MALAT1_A549_NGG_0047	48	0.0
efficacy_focused	MALAT1_A549_NGG_0047	49	0.0
efficacy_focused	MALAT1_A549_NGG_0047	50	0.0
efficacy_focused	MALAT1_A549_NGG_0047	51	0.0
efficacy_focused	MALAT1_A549_NGG_0047	52	0.0
efficacy_focused	MALAT1_A549_NGG_0047	53	0.0
efficacy_focused	MALAT1_A549_NGG_0047	54	0.0
efficacy_focused	MALAT1_A549_NGG_0047	55	0.0
efficacy_focused	MALAT1_A549_NGG_0047	56	0.0
efficacy_focused	MALAT1_A549_NGG_0047	57	0.0
efficacy_focused	MALAT1_A549_NGG_0047	58	0.0
efficacy_focused	MALAT1_A549_NGG_0047	59	0.0
efficacy_focused	MALAT1_A549_NGG_0047	60	0.0
efficacy_focused	MALAT1_A549_NGG_0047	61	0.0
efficacy_focused	MALAT1_A549_NGG_0047	62	0.0
efficacy_focused	MALAT1_A549_NGG_0047	63	0.0
efficacy_focused	MALAT1_A549_NGG_0047	64	0.0
efficacy_focused	MALAT1_A549_NGG_0047	65	0.0
efficacy_focused	MALAT1_A549_NGG_0047	66	0.0
efficacy_focused	MALAT1_A549_NGG_0047	67	0.0
efficacy_focused	MALAT1_A549_NGG_0047	68	0.0
efficacy_focused	MALAT1_A549_NGG_0047	69	0.0
efficacy_focused	MALAT1_A549_NGG_0047	70	0.0
efficacy_focused	MALAT1_A549_NGG_0047	71	0.0
efficacy_focused	MALAT1_A549_NGG_0047	72	0.0
efficacy_focused	MALAT1_A549_NGG_0047	73	0.0
efficacy_focused	MALAT1_A549_NGG_0047	74	0.0
efficacy_focused	MALAT1_A549_NGG_0047	75	0.0
efficacy_focused	MALAT1_A549_NGG_0047	76	0.0
efficacy_focused	MALAT1_A549_NGG_0047	77	0.0
efficacy_focused	MALAT1_A549_NGG_0047	78	0.0
efficacy_focused	MALAT1_A549_NGG_0047	79	0.0
efficacy_focused	MALAT1_A549_NGG_0047	80	0.0
efficacy_focused	MALAT1_A549_NGG_0047	81	0.0
efficacy_focused	MALAT1_A549_NGG_0047	82	0.0
efficacy_focused	MALAT1_A549_NGG_0047	83	0.0
efficacy_focused	MALAT1_A549_NGG_0047	84	0.0
efficacy_focused	MALAT1_A549_NGG_0047	85	0.0
efficacy_focused	MALAT1_A549_NGG_0047	86	0.0
efficacy_focused	MALAT1_A549_NGG_0048	1	0.0093
efficacy_focused	MALAT1_A549_NGG_0048	2	0.09816667
efficacy_focused	MALAT1_A549_NGG_0048	3	0.43803333
efficacy_focused	MALAT1_A549_NGG_0048	4	0.2997
efficacy_focused	MALAT1_A549_NGG_0048	5	0.10106667
efficacy_focused	MALAT1_A549_NGG_0048	6	0.0381
efficacy_focused	MALAT1_A549_NGG_0048	7	0.0116
efficacy_focused	MALAT1_A549_NGG_0048	8	0.00286667
efficacy_focused	MALAT1_A549_NGG_0048	9	0.00086667
efficacy_focused	MALAT1_A549_NGG_0048	10	0.00023333
efficacy_focused	MALAT1_A549_NGG_0048	11	3.333e-05
efficacy_focused	MALAT1_A549_NGG_0048	12	3.333e-05
efficacy_focused	MALAT1_A549_NGG_0048	13	0.0
efficacy_focused	MALAT1_A549_NGG_0048	14	0.0
efficacy_focused	MALAT1_A549_NGG_0048	15	0.0
efficacy_focused	MALAT1_A549_NGG_0048	16	0.0
efficacy_focused	MALAT1_A549_NGG_0048	17	0.0
efficacy_focused	MALAT1_A549_NGG_0048	18	0.0
efficacy_focused	MALAT1_A549_NGG_0048	19	0.0
efficacy_focused	MALAT1_A549_NGG_0048	20	0.0
efficacy_focused	MALAT1_A549_NGG_0048	21	0.0
efficacy_focused	MALAT1_A549_NGG_0048	22	0.0
efficacy_focused	MALAT1_A549_NGG_0048	23	0.0
efficacy_focused	MALAT1_A549_NGG_0048	24	0.0
efficacy_focused	MALAT1_A549_NGG_0048	25	0.0
efficacy_focused	MALAT1_A549_NGG_0048	26	0.0
efficacy_focused	MALAT1_A549_NGG_0048	27	0.0
efficacy_focused	MALAT1_A549_NGG_0048	28	0.0
efficacy_focused	MALAT1_A549_NGG_0048	29	0.0
efficacy_focused	MALAT1_A549_NGG_0048	30	0.0
efficacy_focused	MALAT1_A549_NGG_0048	31	0.0
efficacy_focused	MALAT1_A549_NGG_0048	32	0.0
efficacy_focused	MALAT1_A549_NGG_0048	33	0.0
efficacy_focused	MALAT1_A549_NGG_0048	34	0.0
efficacy_focused	MALAT1_A549_NGG_0048	35	0.0
efficacy_focused	MALAT1_A549_NGG_0048	36	0.0
efficacy_focused	MALAT1_A549_NGG_0048	37	0.0
efficacy_focused	MALAT1_A549_NGG_0048	38	0.0
efficacy_focused	MALAT1_A549_NGG_0048	39	0.0
efficacy_focused	MALAT1_A549_NGG_0048	40	0.0
efficacy_focused	MALAT1_A549_NGG_0048	41	0.0
efficacy_focused	MALAT1_A549_NGG_0048	42	0.0
efficacy_focused	MALAT1_A549_NGG_0048	43	0.0
efficacy_focused	MALAT1_A549_NGG_0048	44	0.0
efficacy_focused	MALAT1_A549_NGG_0048	45	0.0
efficacy_focused	MALAT1_A549_NGG_0048	46	0.0
efficacy_focused	MALAT1_A549_NGG_0048	47	0.0
efficacy_focused	MALAT1_A549_NGG_0048	48	0.0
efficacy_focused	MALAT1_A549_NGG_0048	49	0.0
efficacy_focused	MALAT1_A549_NGG_0048	50	0.0
efficacy_focused	MALAT1_A549_NGG_0048	51	0.0
efficacy_focused	MALAT1_A549_NGG_0048	52	0.0
efficacy_focused	MALAT1_A549_NGG_0048	53	0.0
efficacy_focused	MALAT1_A549_NGG_0048	54	0.0
efficacy_focused	MALAT1_A549_NGG_0048	55	0.0
efficacy_focused	MALAT1_A549_NGG_0048	56	0.0
efficacy_focused	MALAT1_A549_NGG_0048	57	0.0
efficacy_focused	MALAT1_A549_NGG_0048	58	0.0
efficacy_focused	MALAT1_A549_NGG_0048	59	0.0
efficacy_focused	MALAT1_A549_NGG_0048	60	0.0
efficacy_focused	MALAT1_A549_NGG_0048	61	0.0
efficacy_focused	MALAT1_A549_NGG_0048	62	0.0
efficacy_focused	MALAT1_A549_NGG_0048	63	0.0
efficacy_focused	MALAT1_A549_NGG_0048	64	0.0
efficacy_focused	MALAT1_A549_NGG_0048	65	0.0
efficacy_focused	MALAT1_A549_NGG_0048	66	0.0
efficacy_focused	MALAT1_A549_NGG_0048	67	0.0
efficacy_focused	MALAT1_A549_NGG_0048	68	0.0
efficacy_focused	MALAT1_A549_NGG_0048	69	0.0
efficacy_focused	MALAT1_A549_NGG_0048	70	0.0
efficacy_focused	MALAT1_A549_NGG_0048	71	0.0
efficacy_focused	MALAT1_A549_NGG_0048	72	0.0
efficacy_focused	MALAT1_A549_NGG_0048	73	0.0
efficacy_focused	MALAT1_A549_NGG_0048	74	0.0
efficacy_focused	MALAT1_A549_NGG_0048	75	0.0
efficacy_focused	MALAT1_A549_NGG_0048	76	0.0
efficacy_focused	MALAT1_A549_NGG_0048	77	0.0
efficacy_focused	MALAT1_A549_NGG_0048	78	0.0
efficacy_focused	MALAT1_A549_NGG_0048	79	0.0
efficacy_focused	MALAT1_A549_NGG_0048	80	0.0
efficacy_focused	MALAT1_A549_NGG_0048	81	0.0
efficacy_focused	MALAT1_A549_NGG_0048	82	0.0
efficacy_focused	MALAT1_A549_NGG_0048	83	0.0
efficacy_focused	MALAT1_A549_NGG_0048	84	0.0
efficacy_focused	MALAT1_A549_NGG_0048	85	0.0
efficacy_focused	MALAT1_A549_NGG_0048	86	0.0
efficacy_focused	MALAT1_A549_NGG_0049	1	0.0
efficacy_focused	MALAT1_A549_NGG_0049	2	0.00056667
efficacy_focused	MALAT1_A549_NGG_0049	3	0.00756667
efficacy_focused	MALAT1_A549_NGG_0049	4	0.0195
efficacy_focused	MALAT1_A549_NGG_0049	5	0.0665
efficacy_focused	MALAT1_A549_NGG_0049	6	0.08353333
efficacy_focused	MALAT1_A549_NGG_0049	7	0.123
efficacy_focused	MALAT1_A549_NGG_0049	8	0.1006
efficacy_focused	MALAT1_A549_NGG_0049	9	0.07643333
efficacy_focused	MALAT1_A549_NGG_0049	10	0.06283333
efficacy_focused	MALAT1_A549_NGG_0049	11	0.05173333
efficacy_focused	MALAT1_A549_NGG_0049	12	0.04396667
efficacy_focused	MALAT1_A549_NGG_0049	13	0.0396
efficacy_focused	MALAT1_A549_NGG_0049	14	0.0348
efficacy_focused	MALAT1_A549_NGG_0049	15	0.03493333
efficacy_focused	MALAT1_A549_NGG_0049	16	0.08886667
efficacy_focused	MALAT1_A549_NGG_0049	17	0.04766667
efficacy_focused	MALAT1_A549_NGG_0049	18	0.03793333
efficacy_focused	MALAT1_A549_NGG_0049	19	0.0221
efficacy_focused	MALAT1_A549_NGG_0049	20	0.01343333
efficacy_focused	MALAT1_A549_NGG_0049	21	0.009
efficacy_focused	MALAT1_A549_NGG_0049	22	0.00696667
efficacy_focused	MALAT1_A549_NGG_0049	23	0.00516667
efficacy_focused	MALAT1_A549_NGG_0049	24	0.0042
efficacy_focused	MALAT1_A549_NGG_0049	25	0.00326667
efficacy_focused	MALAT1_A549_NGG_0049	26	0.00253333
efficacy_focused	MALAT1_A549_NGG_0049	27	0.00216667
efficacy_focused	MALAT1_A549_NGG_0049	28	0.00216667
efficacy_focused	MALAT1_A549_NGG_0049	29	0.0019
efficacy_focused	MALAT1_A549_NGG_0049	30	0.00143333
efficacy_focused	MALAT1_A549_NGG_0049	31	0.00143333
efficacy_focused	MALAT1_A549_NGG_0049	32	0.0014
efficacy_focused	MALAT1_A549_NGG_0049	33	0.00063333
efficacy_focused	MALAT1_A549_NGG_0049	34	0.00053333
efficacy_focused	MALAT1_A549_NGG_0049	35	0.00053333
efficacy_focused	MALAT1_A549_NGG_0049	36	0.0005
efficacy_focused	MALAT1_A549_NGG_0049	37	0.00023333
efficacy_focused	MALAT1_A549_NGG_0049	38	6.667e-05
efficacy_focused	MALAT1_A549_NGG_0049	39	0.0
efficacy_focused	MALAT1_A549_NGG_0049	40	6.667e-05
efficacy_focused	MALAT1_A549_NGG_0049	41	0.0001
efficacy_focused	MALAT1_A549_NGG_0049	42	3.333e-05
efficacy_focused	MALAT1_A549_NGG_0049	43	3.333e-05
efficacy_focused	MALAT1_A549_NGG_0049	44	0.0
efficacy_focused	MALAT1_A549_NGG_0049	45	0.0
efficacy_focused	MALAT1_A549_NGG_0049	46	3.333e-05
efficacy_focused	MALAT1_A549_NGG_0049	47	0.0
efficacy_focused	MALAT1_A549_NGG_0049	48	3.333e-05
efficacy_focused	MALAT1_A549_NGG_0049	49	0.0
efficacy_focused	MALAT1_A549_NGG_0049	50	0.0
efficacy_focused	MALAT1_A549_NGG_0049	51	0.0
efficacy_focused	MALAT1_A549_NGG_0049	52	0.0
efficacy_focused	MALAT1_A549_NGG_0049	53	0.0
efficacy_focused	MALAT1_A549_NGG_0049	54	0.0
efficacy_focused	MALAT1_A549_NGG_0049	55	0.0
efficacy_focused	MALAT1_A549_NGG_0049	56	0.0
efficacy_focused	MALAT1_A549_NGG_0049	57	0.0
efficacy_focused	MALAT1_A549_NGG_0049	58	0.0
efficacy_focused	MALAT1_A549_NGG_0049	59	0.0
efficacy_focused	MALAT1_A549_NGG_0049	60	0.0
efficacy_focused	MALAT1_A549_NGG_0049	61	0.0
efficacy_focused	MALAT1_A549_NGG_0049	62	0.0
efficacy_focused	MALAT1_A549_NGG_0049	63	0.0
efficacy_focused	MALAT1_A549_NGG_0049	64	0.0
efficacy_focused	MALAT1_A549_NGG_0049	65	0.0
efficacy_focused	MALAT1_A549_NGG_0049	66	0.0
efficacy_focused	MALAT1_A549_NGG_0049	67	0.0
efficacy_focused	MALAT1_A549_NGG_0049	68	0.0
efficacy_focused	MALAT1_A549_NGG_0049	69	0.0
efficacy_focused	MALAT1_A549_NGG_0049	70	0.0
efficacy_focused	MALAT1_A549_NGG_0049	71	0.0
efficacy_focused	MALAT1_A549_NGG_0049	72	0.0
efficacy_focused	MALAT1_A549_NGG_0049	73	0.0
efficacy_focused	MALAT1_A549_NGG_0049	74	0.0
efficacy_focused	MALAT1_A549_NGG_0049	75	0.0
efficacy_focused	MALAT1_A549_NGG_0049	76	0.0
efficacy_focused	MALAT1_A549_NGG_0049	77	0.0
efficacy_focused	MALAT1_A549_NGG_0049	78	0.0
efficacy_focused	MALAT1_A549_NGG_0049	79	0.0
efficacy_focused	MALAT1_A549_NGG_0049	80	0.0
efficacy_focused	MALAT1_A549_NGG_0049	81	0.0
efficacy_focused	MALAT1_A549_NGG_0049	82	0.0
efficacy_focused	MALAT1_A549_NGG_0049	83	0.0
efficacy_focused	MALAT1_A549_NGG_0049	84	0.0
efficacy_focused	MALAT1_A549_NGG_0049	85	0.0
efficacy_focused	MALAT1_A549_NGG_0049	86	0.0
efficacy_focused	MALAT1_A549_NGG_0050	1	0.0
efficacy_focused	MALAT1_A549_NGG_0050	2	0.0
efficacy_focused	MALAT1_A549_NGG_0050	3	0.0007
efficacy_focused	MALAT1_A549_NGG_0050	4	0.00193333
efficacy_focused	MALAT1_A549_NGG_0050	5	0.00443333
efficacy_focused	MALAT1_A549_NGG_0050	6	0.01366667
efficacy_focused	MALAT1_A549_NGG_0050	7	0.0309
efficacy_focused	MALAT1_A549_NGG_0050	8	0.05603333
efficacy_focused	MALAT1_A549_NGG_0050	9	0.0574
efficacy_focused	MALAT1_A549_NGG_0050	10	0.05793333
efficacy_focused	MALAT1_A549_NGG_0050	11	0.0559
efficacy_focused	MALAT1_A549_NGG_0050	12	0.05063333
efficacy_focused	MALAT1_A549_NGG_0050	13	0.0479
efficacy_focused	MALAT1_A549_NGG_0050	14	0.04666667
efficacy_focused	MALAT1_A549_NGG_0050	15	0.04716667
efficacy_focused	MALAT1_A549_NGG_0050	16	0.05996667
efficacy_focused	MALAT1_A549_NGG_0050	17	0.1592
efficacy_focused	MALAT1_A549_NGG_0050	18	0.07143333
efficacy_focused	MALAT1_A549_NGG_0050	19	0.07106667
efficacy_focused	MALAT1_A549_NGG_0050	20	0.037
efficacy_focused	MALAT1_A549_NGG_0050	21	0.02366667
efficacy_focused	MALAT1_A549_NGG_0050	22	0.01806667
efficacy_focused	MALAT1_A549_NGG_0050	23	0.01516667
efficacy_focused	MALAT1_A549_NGG_0050	24	0.01236667
efficacy_focused	MALAT1_A549_NGG_0050	25	0.0092
efficacy_focused	MALAT1_A549_NGG_0050	26	0.00773333
efficacy_focused	MALAT1_A549_NGG_0050	27	0.00666667
efficacy_focused	MALAT1_A549_NGG_0050	28	0.0058
efficacy_focused	MALAT1_A549_NGG_0050	29	0.00493333
efficacy_focused	MALAT1_A549_NGG_0050	30	0.00493333
efficacy_focused	MALAT1_A549_NGG_0050	31	0.0038
efficacy_focused	MALAT1_A549_NGG_0050	32	0.0039
efficacy_focused	MALAT1_A549_NGG_0050	33	0.00336667
efficacy_focused	MALAT1_A549_NGG_0050	34	0.0033
efficacy_focused	MALAT1_A549_NGG_0050	35	0.00203333
efficacy_focused	MALAT1_A549_NGG_0050	36	0.0013
efficacy_focused	MALAT1_A549_NGG_0050	37	0.00106667
efficacy_focused	MALAT1_A549_NGG_0050	38	0.00076667
efficacy_focused	MALAT1_A549_NGG_0050	39	0.00053333
efficacy_focused	MALAT1_A549_NGG_0050	40	0.0002
efficacy_focused	MALAT1_A549_NGG_0050	41	6.667e-05
efficacy_focused	MALAT1_A549_NGG_0050	42	0.00043333
efficacy_focused	MALAT1_A549_NGG_0050	43	0.0001
efficacy_focused	MALAT1_A549_NGG_0050	44	0.00013333
efficacy_focused	MALAT1_A549_NGG_0050	45	3.333e-05
efficacy_focused	MALAT1_A549_NGG_0050	46	0.0001
efficacy_focused	MALAT1_A549_NGG_0050	47	0.0001
efficacy_focused	MALAT1_A549_NGG_0050	48	6.667e-05
efficacy_focused	MALAT1_A549_NGG_0050	49	3.333e-05
efficacy_focused	MALAT1_A549_NGG_0050	50	0.0
efficacy_focused	MALAT1_A549_NGG_0050	51	0.0
efficacy_focused	MALAT1_A549_NGG_0050	52	6.667e-05
efficacy_focused	MALAT1_A549_NGG_0050	53	6.667e-05
efficacy_focused	MALAT1_A549_NGG_0050	54	3.333e-05
efficacy_focused	MALAT1_A549_NGG_0050	55	0.0
efficacy_focused	MALAT1_A549_NGG_0050	56	0.0
efficacy_focused	MALAT1_A549_NGG_0050	57	0.0
efficacy_focused	MALAT1_A549_NGG_0050	58	0.0
efficacy_focused	MALAT1_A549_NGG_0050	59	3.333e-05
efficacy_focused	MALAT1_A549_NGG_0050	60	0.0
efficacy_focused	MALAT1_A549_NGG_0050	61	0.0
efficacy_focused	MALAT1_A549_NGG_0050	62	0.0
efficacy_focused	MALAT1_A549_NGG_0050	63	0.0
efficacy_focused	MALAT1_A549_NGG_0050	64	0.0
efficacy_focused	MALAT1_A549_NGG_0050	65	0.0
efficacy_focused	MALAT1_A549_NGG_0050	66	0.0
efficacy_focused	MALAT1_A549_NGG_0050	67	0.0
efficacy_focused	MALAT1_A549_NGG_0050	68	0.0
efficacy_focused	MALAT1_A549_NGG_0050	69	0.0
efficacy_focused	MALAT1_A549_NGG_0050	70	0.0
efficacy_focused	MALAT1_A549_NGG_0050	71	0.0
efficacy_focused	MALAT1_A549_NGG_0050	72	0.0
efficacy_focused	MALAT1_A549_NGG_0050	73	0.0
efficacy_focused	MALAT1_A549_NGG_0050	74	0.0
efficacy_focused	MALAT1_A549_NGG_0050	75	0.0
efficacy_focused	MALAT1_A549_NGG_0050	76	0.0
efficacy_focused	MALAT1_A549_NGG_0050	77	0.0
efficacy_focused	MALAT1_A549_NGG_0050	78	0.0
efficacy_focused	MALAT1_A549_NGG_0050	79	0.0
efficacy_focused	MALAT1_A549_NGG_0050	80	0.0
efficacy_focused	MALAT1_A549_NGG_0050	81	0.0
efficacy_focused	MALAT1_A549_NGG_0050	82	0.0
efficacy_focused	MALAT1_A549_NGG_0050	83	0.0
efficacy_focused	MALAT1_A549_NGG_0050	84	0.0
efficacy_focused	MALAT1_A549_NGG_0050	85	0.0
efficacy_focused	MALAT1_A549_NGG_0050	86	0.0
efficacy_focused	MALAT1_A549_NGG_0051	1	0.0
efficacy_focused	MALAT1_A549_NGG_0051	2	0.0
efficacy_focused	MALAT1_A549_NGG_0051	3	0.0006
efficacy_focused	MALAT1_A549_NGG_0051	4	0.00223333
efficacy_focused	MALAT1_A549_NGG_0051	5	0.01486667
efficacy_focused	MALAT1_A549_NGG_0051	6	0.06026667
efficacy_focused	MALAT1_A549_NGG_0051	7	0.20626667
efficacy_focused	MALAT1_A549_NGG_0051	8	0.20486667
efficacy_focused	MALAT1_A549_NGG_0051	9	0.16983333
efficacy_focused	MALAT1_A549_NGG_0051	10	0.12063333
efficacy_focused	MALAT1_A549_NGG_0051	11	0.08416667
efficacy_focused	MALAT1_A549_NGG_0051	12	0.0543
efficacy_focused	MALAT1_A549_NGG_0051	13	0.03423333
efficacy_focused	MALAT1_A549_NGG_0051	14	0.0203
efficacy_focused	MALAT1_A549_NGG_0051	15	0.01183333
efficacy_focused	MALAT1_A549_NGG_0051	16	0.00683333
efficacy_focused	MALAT1_A549_NGG_0051	17	0.00343333
efficacy_focused	MALAT1_A549_NGG_0051	18	0.00183333
efficacy_focused	MALAT1_A549_NGG_0051	19	0.0012
efficacy_focused	MALAT1_A549_NGG_0051	20	0.0009
efficacy_focused	MALAT1_A549_NGG_0051	21	0.00063333
efficacy_focused	MALAT1_A549_NGG_0051	22	0.0002
efficacy_focused	MALAT1_A549_NGG_0051	23	0.00023333
efficacy_focused	MALAT1_A549_NGG_0051	24	0.00016667
efficacy_focused	MALAT1_A549_NGG_0051	25	0.0001
efficacy_focused	MALAT1_A549_NGG_0051	26	3.333e-05
efficacy_focused	MALAT1_A549_NGG_0051	27	3.333e-05
efficacy_focused	MALAT1_A549_NGG_0051	28	0.0
efficacy_focused	MALAT1_A549_NGG_0051	29	0.0
efficacy_focused	MALAT1_A549_NGG_0051	30	0.0
efficacy_focused	MALAT1_A549_NGG_0051	31	0.0
efficacy_focused	MALAT1_A549_NGG_0051	32	0.0
efficacy_focused	MALAT1_A549_NGG_0051	33	0.0
efficacy_focused	MALAT1_A549_NGG_0051	34	0.0
efficacy_focused	MALAT1_A549_NGG_0051	35	0.0
efficacy_focused	MALAT1_A549_NGG_0051	36	0.0
efficacy_focused	MALAT1_A549_NGG_0051	37	0.0
efficacy_focused	MALAT1_A549_NGG_0051	38	0.0
efficacy_focused	MALAT1_A549_NGG_0051	39	0.0
efficacy_focused	MALAT1_A549_NGG_0051	40	0.0
efficacy_focused	MALAT1_A549_NGG_0051	41	0.0
efficacy_focused	MALAT1_A549_NGG_0051	42	0.0
efficacy_focused	MALAT1_A549_NGG_0051	43	0.0
efficacy_focused	MALAT1_A549_NGG_0051	44	0.0
efficacy_focused	MALAT1_A549_NGG_0051	45	0.0
efficacy_focused	MALAT1_A549_NGG_0051	46	0.0
efficacy_focused	MALAT1_A549_NGG_0051	47	0.0
efficacy_focused	MALAT1_A549_NGG_0051	48	0.0
efficacy_focused	MALAT1_A549_NGG_0051	49	0.0
efficacy_focused	MALAT1_A549_NGG_0051	50	0.0
efficacy_focused	MALAT1_A549_NGG_0051	51	0.0
efficacy_focused	MALAT1_A549_NGG_0051	52	0.0
efficacy_focused	MALAT1_A549_NGG_0051	53	0.0
efficacy_focused	MALAT1_A549_NGG_0051	54	0.0
efficacy_focused	MALAT1_A549_NGG_0051	55	0.0
efficacy_focused	MALAT1_A549_NGG_0051	56	0.0
efficacy_focused	MALAT1_A549_NGG_0051	57	0.0
efficacy_focused	MALAT1_A549_NGG_0051	58	0.0
efficacy_focused	MALAT1_A549_NGG_0051	59	0.0
efficacy_focused	MALAT1_A549_NGG_0051	60	0.0
efficacy_focused	MALAT1_A549_NGG_0051	61	0.0
efficacy_focused	MALAT1_A549_NGG_0051	62	0.0
efficacy_focused	MALAT1_A549_NGG_0051	63	0.0
efficacy_focused	MALAT1_A549_NGG_0051	64	0.0
efficacy_focused	MALAT1_A549_NGG_0051	65	0.0
efficacy_focused	MALAT1_A549_NGG_0051	66	0.0
efficacy_focused	MALAT1_A549_NGG_0051	67	0.0
efficacy_focused	MALAT1_A549_NGG_0051	68	0.0
efficacy_focused	MALAT1_A549_NGG_0051	69	0.0
efficacy_focused	MALAT1_A549_NGG_0051	70	0.0
efficacy_focused	MALAT1_A549_NGG_0051	71	0.0
efficacy_focused	MALAT1_A549_NGG_0051	72	0.0
efficacy_focused	MALAT1_A549_NGG_0051	73	0.0
efficacy_focused	MALAT1_A549_NGG_0051	74	0.0
efficacy_focused	MALAT1_A549_NGG_0051	75	0.0
efficacy_focused	MALAT1_A549_NGG_0051	76	0.0
efficacy_focused	MALAT1_A549_NGG_0051	77	0.0
efficacy_focused	MALAT1_A549_NGG_0051	78	0.0
efficacy_focused	MALAT1_A549_NGG_0051	79	0.0
efficacy_focused	MALAT1_A549_NGG_0051	80	0.0
efficacy_focused	MALAT1_A549_NGG_0051	81	0.0
efficacy_focused	MALAT1_A549_NGG_0051	82	0.0
efficacy_focused	MALAT1_A549_NGG_0051	83	0.0
efficacy_focused	MALAT1_A549_NGG_0051	84	0.0
efficacy_focused	MALAT1_A549_NGG_0051	85	0.0
efficacy_focused	MALAT1_A549_NGG_0051	86	0.0
efficacy_focused	MALAT1_A549_NGG_0052	1	0.0001
efficacy_focused	MALAT1_A549_NGG_0052	2	0.00263333
efficacy_focused	MALAT1_A549_NGG_0052	3	0.02776667
efficacy_focused	MALAT1_A549_NGG_0052	4	0.08066667
efficacy_focused	MALAT1_A549_NGG_0052	5	0.24446667
efficacy_focused	MALAT1_A549_NGG_0052	6	0.35886667
efficacy_focused	MALAT1_A549_NGG_0052	7	0.1621
efficacy_focused	MALAT1_A549_NGG_0052	8	0.0709
efficacy_focused	MALAT1_A549_NGG_0052	9	0.0298
efficacy_focused	MALAT1_A549_NGG_0052	10	0.01186667
efficacy_focused	MALAT1_A549_NGG_0052	11	0.00616667
efficacy_focused	MALAT1_A549_NGG_0052	12	0.00266667
efficacy_focused	MALAT1_A549_NGG_0052	13	0.0011
efficacy_focused	MALAT1_A549_NGG_0052	14	0.0004
efficacy_focused	MALAT1_A549_NGG_0052	15	0.00026667
efficacy_focused	MALAT1_A549_NGG_0052	16	0.0001
efficacy_focused	MALAT1_A549_NGG_0052	17	0.0001
efficacy_focused	MALAT1_A549_NGG_0052	18	0.0
efficacy_focused	MALAT1_A549_NGG_0052	19	0.0
efficacy_focused	MALAT1_A549_NGG_0052	20	3.333e-05
efficacy_focused	MALAT1_A549_NGG_0052	21	0.0
efficacy_focused	MALAT1_A549_NGG_0052	22	0.0
efficacy_focused	MALAT1_A549_NGG_0052	23	0.0
efficacy_focused	MALAT1_A549_NGG_0052	24	0.0
efficacy_focused	MALAT1_A549_NGG_0052	25	0.0
efficacy_focused	MALAT1_A549_NGG_0052	26	0.0
efficacy_focused	MALAT1_A549_NGG_0052	27	0.0
efficacy_focused	MALAT1_A549_NGG_0052	28	0.0
efficacy_focused	MALAT1_A549_NGG_0052	29	0.0
efficacy_focused	MALAT1_A549_NGG_0052	30	0.0
efficacy_focused	MALAT1_A549_NGG_0052	31	0.0
efficacy_focused	MALAT1_A549_NGG_0052	32	0.0
efficacy_focused	MALAT1_A549_NGG_0052	33	0.0
efficacy_focused	MALAT1_A549_NGG_0052	34	0.0
efficacy_focused	MALAT1_A549_NGG_0052	35	0.0
efficacy_focused	MALAT1_A549_NGG_0052	36	0.0
efficacy_focused	MALAT1_A549_NGG_0052	37	0.0
efficacy_focused	MALAT1_A549_NGG_0052	38	0.0
efficacy_focused	MALAT1_A549_NGG_0052	39	0.0
efficacy_focused	MALAT1_A549_NGG_0052	40	0.0
efficacy_focused	MALAT1_A549_NGG_0052	41	0.0
efficacy_focused	MALAT1_A549_NGG_0052	42	0.0
efficacy_focused	MALAT1_A549_NGG_0052	43	0.0
efficacy_focused	MALAT1_A549_NGG_0052	44	0.0
efficacy_focused	MALAT1_A549_NGG_0052	45	0.0
efficacy_focused	MALAT1_A549_NGG_0052	46	0.0
efficacy_focused	MALAT1_A549_NGG_0052	47	0.0
efficacy_focused	MALAT1_A549_NGG_0052	48	0.0
efficacy_focused	MALAT1_A549_NGG_0052	49	0.0
efficacy_focused	MALAT1_A549_NGG_0052	50	0.0
efficacy_focused	MALAT1_A549_NGG_0052	51	0.0
efficacy_focused	MALAT1_A549_NGG_0052	52	0.0
efficacy_focused	MALAT1_A549_NGG_0052	53	0.0
efficacy_focused	MALAT1_A549_NGG_0052	54	0.0
efficacy_focused	MALAT1_A549_NGG_0052	55	0.0
efficacy_focused	MALAT1_A549_NGG_0052	56	0.0
efficacy_focused	MALAT1_A549_NGG_0052	57	0.0
efficacy_focused	MALAT1_A549_NGG_0052	58	0.0
efficacy_focused	MALAT1_A549_NGG_0052	59	0.0
efficacy_focused	MALAT1_A549_NGG_0052	60	0.0
efficacy_focused	MALAT1_A549_NGG_0052	61	0.0
efficacy_focused	MALAT1_A549_NGG_0052	62	0.0
efficacy_focused	MALAT1_A549_NGG_0052	63	0.0
efficacy_focused	MALAT1_A549_NGG_0052	64	0.0
efficacy_focused	MALAT1_A549_NGG_0052	65	0.0
efficacy_focused	MALAT1_A549_NGG_0052	66	0.0
efficacy_focused	MALAT1_A549_NGG_0052	67	0.0
efficacy_focused	MALAT1_A549_NGG_0052	68	0.0
efficacy_focused	MALAT1_A549_NGG_0052	69	0.0
efficacy_focused	MALAT1_A549_NGG_0052	70	0.0
efficacy_focused	MALAT1_A549_NGG_0052	71	0.0
efficacy_focused	MALAT1_A549_NGG_0052	72	0.0
efficacy_focused	MALAT1_A549_NGG_0052	73	0.0
efficacy_focused	MALAT1_A549_NGG_0052	74	0.0
efficacy_focused	MALAT1_A549_NGG_0052	75	0.0
efficacy_focused	MALAT1_A549_NGG_0052	76	0.0
efficacy_focused	MALAT1_A549_NGG_0052	77	0.0
efficacy_focused	MALAT1_A549_NGG_0052	78	0.0
efficacy_focused	MALAT1_A549_NGG_0052	79	0.0
efficacy_focused	MALAT1_A549_NGG_0052	80	0.0
efficacy_focused	MALAT1_A549_NGG_0052	81	0.0
efficacy_focused	MALAT1_A549_NGG_0052	82	0.0
efficacy_focused	MALAT1_A549_NGG_0052	83	0.0
efficacy_focused	MALAT1_A549_NGG_0052	84	0.0
efficacy_focused	MALAT1_A549_NGG_0052	85	0.0
efficacy_focused	MALAT1_A549_NGG_0052	86	0.0
efficacy_focused	MALAT1_A549_NGG_0053	1	0.00016667
efficacy_focused	MALAT1_A549_NGG_0053	2	0.00783333
efficacy_focused	MALAT1_A549_NGG_0053	3	0.06103333
efficacy_focused	MALAT1_A549_NGG_0053	4	0.14143333
efficacy_focused	MALAT1_A549_NGG_0053	5	0.36173333
efficacy_focused	MALAT1_A549_NGG_0053	6	0.2619
efficacy_focused	MALAT1_A549_NGG_0053	7	0.10223333
efficacy_focused	MALAT1_A549_NGG_0053	8	0.0395
efficacy_focused	MALAT1_A549_NGG_0053	9	0.0145
efficacy_focused	MALAT1_A549_NGG_0053	10	0.00556667
efficacy_focused	MALAT1_A549_NGG_0053	11	0.00216667
efficacy_focused	MALAT1_A549_NGG_0053	12	0.00096667
efficacy_focused	MALAT1_A549_NGG_0053	13	0.00053333
efficacy_focused	MALAT1_A549_NGG_0053	14	0.0002
efficacy_focused	MALAT1_A549_NGG_0053	15	0.0001
efficacy_focused	MALAT1_A549_NGG_0053	16	6.667e-05
efficacy_focused	MALAT1_A549_NGG_0053	17	0.0
efficacy_focused	MALAT1_A549_NGG_0053	18	0.0
efficacy_focused	MALAT1_A549_NGG_0053	19	3.333e-05
efficacy_focused	MALAT1_A549_NGG_0053	20	0.0
efficacy_focused	MALAT1_A549_NGG_0053	21	0.0
efficacy_focused	MALAT1_A549_NGG_0053	22	3.333e-05
efficacy_focused	MALAT1_A549_NGG_0053	23	0.0
efficacy_focused	MALAT1_A549_NGG_0053	24	0.0
efficacy_focused	MALAT1_A549_NGG_0053	25	0.0
efficacy_focused	MALAT1_A549_NGG_0053	26	0.0
efficacy_focused	MALAT1_A549_NGG_0053	27	0.0
efficacy_focused	MALAT1_A549_NGG_0053	28	0.0
efficacy_focused	MALAT1_A549_NGG_0053	29	0.0
efficacy_focused	MALAT1_A549_NGG_0053	30	0.0
efficacy_focused	MALAT1_A549_NGG_0053	31	0.0
efficacy_focused	MALAT1_A549_NGG_0053	32	0.0
efficacy_focused	MALAT1_A549_NGG_0053	33	0.0
efficacy_focused	MALAT1_A549_NGG_0053	34	0.0
efficacy_focused	MALAT1_A549_NGG_0053	35	0.0
efficacy_focused	MALAT1_A549_NGG_0053	36	0.0
efficacy_focused	MALAT1_A549_NGG_0053	37	0.0
efficacy_focused	MALAT1_A549_NGG_0053	38	0.0
efficacy_focused	MALAT1_A549_NGG_0053	39	0.0
efficacy_focused	MALAT1_A549_NGG_0053	40	0.0
efficacy_focused	MALAT1_A549_NGG_0053	41	0.0
efficacy_focused	MALAT1_A549_NGG_0053	42	0.0
efficacy_focused	MALAT1_A549_NGG_0053	43	0.0
efficacy_focused	MALAT1_A549_NGG_0053	44	0.0
efficacy_focused	MALAT1_A549_NGG_0053	45	0.0
efficacy_focused	MALAT1_A549_NGG_0053	46	0.0
efficacy_focused	MALAT1_A549_NGG_0053	47	0.0
efficacy_focused	MALAT1_A549_NGG_0053	48	0.0
efficacy_focused	MALAT1_A549_NGG_0053	49	0.0
efficacy_focused	MALAT1_A549_NGG_0053	50	0.0
efficacy_focused	MALAT1_A549_NGG_0053	51	0.0
efficacy_focused	MALAT1_A549_NGG_0053	52	0.0
efficacy_focused	MALAT1_A549_NGG_0053	53	0.0
efficacy_focused	MALAT1_A549_NGG_0053	54	0.0
efficacy_focused	MALAT1_A549_NGG_0053	55	0.0
efficacy_focused	MALAT1_A549_NGG_0053	56	0.0
efficacy_focused	MALAT1_A549_NGG_0053	57	0.0
efficacy_focused	MALAT1_A549_NGG_0053	58	0.0
efficacy_focused	MALAT1_A549_NGG_0053	59	0.0
efficacy_focused	MALAT1_A549_NGG_0053	60	0.0
efficacy_focused	MALAT1_A549_NGG_0053	61	0.0
efficacy_focused	MALAT1_A549_NGG_0053	62	0.0
efficacy_focused	MALAT1_A549_NGG_0053	63	0.0
efficacy_focused	MALAT1_A549_NGG_0053	64	0.0
efficacy_focused	MALAT1_A549_NGG_0053	65	0.0
efficacy_focused	MALAT1_A549_NGG_0053	66	0.0
efficacy_focused	MALAT1_A549_NGG_0053	67	0.0
efficacy_focused	MALAT1_A549_NGG_0053	68	0.0
efficacy_focused	MALAT1_A549_NGG_0053	69	0.0
efficacy_focused	MALAT1_A549_NGG_0053	70	0.0
efficacy_focused	MALAT1_A549_NGG_0053	71	0.0
efficacy_focused	MALAT1_A549_NGG_0053	72	0.0
efficacy_focused	MALAT1_A549_NGG_0053	73	0.0
efficacy_focused	MALAT1_A549_NGG_0053	74	0.0
efficacy_focused	MALAT1_A549_NGG_0053	75	0.0
efficacy_focused	MALAT1_A549_NGG_0053	76	0.0
efficacy_focused	MALAT1_A549_NGG_0053	77	0.0
efficacy_focused	MALAT1_A549_NGG_0053	78	0.0
efficacy_focused	MALAT1_A549_NGG_0053	79	0.0
efficacy_focused	MALAT1_A549_NGG_0053	80	0.0
efficacy_focused	MALAT1_A549_NGG_0053	81	0.0
efficacy_focused	MALAT1_A549_NGG_0053	82	0.0
efficacy_focused	MALAT1_A549_NGG_0053	83	0.0
efficacy_focused	MALAT1_A549_NGG_0053	84	0.0
efficacy_focused	MALAT1_A549_NGG_0053	85	0.0
efficacy_focused	MALAT1_A549_NGG_0053	86	0.0
efficacy_focused	MALAT1_A549_NGG_0054	1	0.0
efficacy_focused	MALAT1_A549_NGG_0054	2	0.0
efficacy_focused	MALAT1_A549_NGG_0054	3	0.0
efficacy_focused	MALAT1_A549_NGG_0054	4	0.0001
efficacy_focused	MALAT1_A549_NGG_0054	5	0.0013
efficacy_focused	MALAT1_A549_NGG_0054	6	0.00846667
efficacy_focused	MALAT1_A549_NGG_0054	7	0.0482
efficacy_focused	MALAT1_A549_NGG_0054	8	0.09173333
efficacy_focused	MALAT1_A549_NGG_0054	9	0.1334
efficacy_focused	MALAT1_A549_NGG_0054	10	0.14383333
efficacy_focused	MALAT1_A549_NGG_0054	11	0.13576667
efficacy_focused	MALAT1_A549_NGG_0054	12	0.11916667
efficacy_focused	MALAT1_A549_NGG_0054	13	0.0988
efficacy_focused	MALAT1_A549_NGG_0054	14	0.07706667
efficacy_focused	MALAT1_A549_NGG_0054	15	0.05516667
efficacy_focused	MALAT1_A549_NGG_0054	16	0.03336667
efficacy_focused	MALAT1_A549_NGG_0054	17	0.02103333
efficacy_focused	MALAT1_A549_NGG_0054	18	0.01213333
efficacy_focused	MALAT1_A549_NGG_0054	19	0.00723333
efficacy_focused	MALAT1_A549_NGG_0054	20	0.00436667
efficacy_focused	MALAT1_A549_NGG_0054	21	0.0032
efficacy_focused	MALAT1_A549_NGG_0054	22	0.0017
efficacy_focused	MALAT1_A549_NGG_0054	23	0.00126667
efficacy_focused	MALAT1_A549_NGG_0054	24	0.001
efficacy_focused	MALAT1_A549_NGG_0054	25	0.00073333
efficacy_focused	MALAT1_A549_NGG_0054	26	0.0004
efficacy_focused	MALAT1_A549_NGG_0054	27	0.00026667
efficacy_focused	MALAT1_A549_NGG_0054	28	0.00013333
efficacy_focused	MALAT1_A549_NGG_0054	29	3.333e-05
efficacy_focused	MALAT1_A549_NGG_0054	30	0.0
efficacy_focused	MALAT1_A549_NGG_0054	31	3.333e-05
efficacy_focused	MALAT1_A549_NGG_0054	32	3.333e-05
efficacy_focused	MALAT1_A549_NGG_0054	33	3.333e-05
efficacy_focused	MALAT1_A549_NGG_0054	34	0.0
efficacy_focused	MALAT1_A549_NGG_0054	35	3.333e-05
efficacy_focused	MALAT1_A549_NGG_0054	36	0.0
efficacy_focused	MALAT1_A549_NGG_0054	37	0.0
efficacy_focused	MALAT1_A549_NGG_0054	38	0.0
efficacy_focused	MALAT1_A549_NGG_0054	39	0.0
efficacy_focused	MALAT1_A549_NGG_0054	40	0.0
efficacy_focused	MALAT1_A549_NGG_0054	41	0.0
efficacy_focused	MALAT1_A549_NGG_0054	42	0.0
efficacy_focused	MALAT1_A549_NGG_0054	43	0.0
efficacy_focused	MALAT1_A549_NGG_0054	44	0.0
efficacy_focused	MALAT1_A549_NGG_0054	45	0.0
efficacy_focused	MALAT1_A549_NGG_0054	46	0.0
efficacy_focused	MALAT1_A549_NGG_0054	47	0.0
efficacy_focused	MALAT1_A549_NGG_0054	48	0.0
efficacy_focused	MALAT1_A549_NGG_0054	49	0.0
efficacy_focused	MALAT1_A549_NGG_0054	50	0.0
efficacy_focused	MALAT1_A549_NGG_0054	51	0.0
efficacy_focused	MALAT1_A549_NGG_0054	52	0.0
efficacy_focused	MALAT1_A549_NGG_0054	53	0.0
efficacy_focused	MALAT1_A549_NGG_0054	54	0.0
efficacy_focused	MALAT1_A549_NGG_0054	55	0.0
efficacy_focused	MALAT1_A549_NGG_0054	56	0.0
efficacy_focused	MALAT1_A549_NGG_0054	57	0.0
efficacy_focused	MALAT1_A549_NGG_0054	58	0.0
efficacy_focused	MALAT1_A549_NGG_0054	59	0.0
efficacy_focused	MALAT1_A549_NGG_0054	60	0.0
efficacy_focused	MALAT1_A549_NGG_0054	61	0.0
efficacy_focused	MALAT1_A549_NGG_0054	62	0.0
efficacy_focused	MALAT1_A549_NGG_0054	63	0.0
efficacy_focused	MALAT1_A549_NGG_0054	64	0.0
efficacy_focused	MALAT1_A549_NGG_0054	65	0.0
efficacy_focused	MALAT1_A549_NGG_0054	66	0.0
efficacy_focused	MALAT1_A549_NGG_0054	67	0.0
efficacy_focused	MALAT1_A549_NGG_0054	68	0.0
efficacy_focused	MALAT1_A549_NGG_0054	69	0.0
efficacy_focused	MALAT1_A549_NGG_0054	70	0.0
efficacy_focused	MALAT1_A549_NGG_0054	71	0.0
efficacy_focused	MALAT1_A549_NGG_0054	72	0.0
efficacy_focused	MALAT1_A549_NGG_0054	73	0.0
efficacy_focused	MALAT1_A549_NGG_0054	74	0.0
efficacy_focused	MALAT1_A549_NGG_0054	75	0.0
efficacy_focused	MALAT1_A549_NGG_0054	76	0.0
efficacy_focused	MALAT1_A549_NGG_0054	77	0.0
efficacy_focused	MALAT1_A549_NGG_0054	78	0.0
efficacy_focused	MALAT1_A549_NGG_0054	79	0.0
efficacy_focused	MALAT1_A549_NGG_0054	80	0.0
efficacy_focused	MALAT1_A549_NGG_0054	81	0.0
efficacy_focused	MALAT1_A549_NGG_0054	82	0.0
efficacy_focused	MALAT1_A549_NGG_0054	83	0.0
efficacy_focused	MALAT1_A549_NGG_0054	84	0.0
efficacy_focused	MALAT1_A549_NGG_0054	85	0.0
efficacy_focused	MALAT1_A549_NGG_0054	86	0.0
efficacy_focused	MALAT1_A549_NGG_0055	1	0.0
efficacy_focused	MALAT1_A549_NGG_0055	2	0.0
efficacy_focused	MALAT1_A549_NGG_0055	3	0.00016667
efficacy_focused	MALAT1_A549_NGG_0055	4	0.0011
efficacy_focused	MALAT1_A549_NGG_0055	5	0.009
efficacy_focused	MALAT1_A549_NGG_0055	6	0.03726667
efficacy_focused	MALAT1_A549_NGG_0055	7	0.1472
efficacy_focused	MALAT1_A549_NGG_0055	8	0.18846667
efficacy_focused	MALAT1_A549_NGG_0055	9	0.1728
efficacy_focused	MALAT1_A549_NGG_0055	10	0.1399
efficacy_focused	MALAT1_A549_NGG_0055	11	0.1069
efficacy_focused	MALAT1_A549_NGG_0055	12	0.0731
efficacy_focused	MALAT1_A549_NGG_0055	13	0.04643333
efficacy_focused	MALAT1_A549_NGG_0055	14	0.03063333
efficacy_focused	MALAT1_A549_NGG_0055	15	0.01903333
efficacy_focused	MALAT1_A549_NGG_0055	16	0.0113
efficacy_focused	MALAT1_A549_NGG_0055	17	0.00583333
efficacy_focused	MALAT1_A549_NGG_0055	18	0.00413333
efficacy_focused	MALAT1_A549_NGG_0055	19	0.0024
efficacy_focused	MALAT1_A549_NGG_0055	20	0.00136667
efficacy_focused	MALAT1_A549_NGG_0055	21	0.0013
efficacy_focused	MALAT1_A549_NGG_0055	22	0.0006
efficacy_focused	MALAT1_A549_NGG_0055	23	0.00036667
efficacy_focused	MALAT1_A549_NGG_0055	24	0.0002
efficacy_focused	MALAT1_A549_NGG_0055	25	0.00026667
efficacy_focused	MALAT1_A549_NGG_0055	26	6.667e-05
efficacy_focused	MALAT1_A549_NGG_0055	27	3.333e-05
efficacy_focused	MALAT1_A549_NGG_0055	28	6.667e-05
efficacy_focused	MALAT1_A549_NGG_0055	29	6.667e-05
efficacy_focused	MALAT1_A549_NGG_0055	30	0.0
efficacy_focused	MALAT1_A549_NGG_0055	31	0.0
efficacy_focused	MALAT1_A549_NGG_0055	32	0.0
efficacy_focused	MALAT1_A549_NGG_0055	33	0.0
efficacy_focused	MALAT1_A549_NGG_0055	34	0.0
efficacy_focused	MALAT1_A549_NGG_0055	35	0.0
efficacy_focused	MALAT1_A549_NGG_0055	36	0.0
efficacy_focused	MALAT1_A549_NGG_0055	37	0.0
efficacy_focused	MALAT1_A549_NGG_0055	38	0.0
efficacy_focused	MALAT1_A549_NGG_0055	39	0.0
efficacy_focused	MALAT1_A549_NGG_0055	40	0.0
efficacy_focused	MALAT1_A549_NGG_0055	41	0.0
efficacy_focused	MALAT1_A549_NGG_0055	42	0.0
efficacy_focused	MALAT1_A549_NGG_0055	43	0.0
efficacy_focused	MALAT1_A549_NGG_0055	44	0.0
efficacy_focused	MALAT1_A549_NGG_0055	45	0.0
efficacy_focused	MALAT1_A549_NGG_0055	46	0.0
efficacy_focused	MALAT1_A549_NGG_0055	47	0.0
efficacy_focused	MALAT1_A549_NGG_0055	48	0.0
efficacy_focused	MALAT1_A549_NGG_0055	49	0.0
efficacy_focused	MALAT1_A549_NGG_0055	50	0.0
efficacy_focused	MALAT1_A549_NGG_0055	51	0.0
efficacy_focused	MALAT1_A549_NGG_0055	52	0.0
efficacy_focused	MALAT1_A549_NGG_0055	53	0.0
efficacy_focused	MALAT1_A549_NGG_0055	54	0.0
efficacy_focused	MALAT1_A549_NGG_0055	55	0.0
efficacy_focused	MALAT1_A549_NGG_0055	56	0.0
efficacy_focused	MALAT1_A549_NGG_0055	57	0.0
efficacy_focused	MALAT1_A549_NGG_0055	58	0.0
efficacy_focused	MALAT1_A549_NGG_0055	59	0.0
efficacy_focused	MALAT1_A549_NGG_0055	60	0.0
efficacy_focused	MALAT1_A549_NGG_0055	61	0.0
efficacy_focused	MALAT1_A549_NGG_0055	62	0.0
efficacy_focused	MALAT1_A549_NGG_0055	63	0.0
efficacy_focused	MALAT1_A549_NGG_0055	64	0.0
efficacy_focused	MALAT1_A549_NGG_0055	65	0.0
efficacy_focused	MALAT1_A549_NGG_0055	66	0.0
efficacy_focused	MALAT1_A549_NGG_0055	67	0.0
efficacy_focused	MALAT1_A549_NGG_0055	68	0.0
efficacy_focused	MALAT1_A549_NGG_0055	69	0.0
efficacy_focused	MALAT1_A549_NGG_0055	70	0.0
efficacy_focused	MALAT1_A549_NGG_0055	71	0.0
efficacy_focused	MALAT1_A549_NGG_0055	72	0.0
efficacy_focused	MALAT1_A549_NGG_0055	73	0.0
efficacy_focused	MALAT1_A549_NGG_0055	74	0.0
efficacy_focused	MALAT1_A549_NGG_0055	75	0.0
efficacy_focused	MALAT1_A549_NGG_0055	76	0.0
efficacy_focused	MALAT1_A549_NGG_0055	77	0.0
efficacy_focused	MALAT1_A549_NGG_0055	78	0.0
efficacy_focused	MALAT1_A549_NGG_0055	79	0.0
efficacy_focused	MALAT1_A549_NGG_0055	80	0.0
efficacy_focused	MALAT1_A549_NGG_0055	81	0.0
efficacy_focused	MALAT1_A549_NGG_0055	82	0.0
efficacy_focused	MALAT1_A549_NGG_0055	83	0.0
efficacy_focused	MALAT1_A549_NGG_0055	84	0.0
efficacy_focused	MALAT1_A549_NGG_0055	85	0.0
efficacy_focused	MALAT1_A549_NGG_0055	86	0.0
efficacy_focused	MALAT1_A549_NGG_0056	1	0.0
efficacy_focused	MALAT1_A549_NGG_0056	2	0.0
efficacy_focused	MALAT1_A549_NGG_0056	3	0.0
efficacy_focused	MALAT1_A549_NGG_0056	4	0.0
efficacy_focused	MALAT1_A549_NGG_0056	5	0.0006
efficacy_focused	MALAT1_A549_NGG_0056	6	0.00373333
efficacy_focused	MALAT1_A549_NGG_0056	7	0.03086667
efficacy_focused	MALAT1_A549_NGG_0056	8	0.06323333
efficacy_focused	MALAT1_A549_NGG_0056	9	0.0958
efficacy_focused	MALAT1_A549_NGG_0056	10	0.12386667
efficacy_focused	MALAT1_A549_NGG_0056	11	0.12983333
efficacy_focused	MALAT1_A549_NGG_0056	12	0.13186667
efficacy_focused	MALAT1_A549_NGG_0056	13	0.11886667
efficacy_focused	MALAT1_A549_NGG_0056	14	0.0929
efficacy_focused	MALAT1_A549_NGG_0056	15	0.07263333
efficacy_focused	MALAT1_A549_NGG_0056	16	0.0514
efficacy_focused	MALAT1_A549_NGG_0056	17	0.03226667
efficacy_focused	MALAT1_A549_NGG_0056	18	0.01943333
efficacy_focused	MALAT1_A549_NGG_0056	19	0.01156667
efficacy_focused	MALAT1_A549_NGG_0056	20	0.00773333
efficacy_focused	MALAT1_A549_NGG_0056	21	0.0036
efficacy_focused	MALAT1_A549_NGG_0056	22	0.00306667
efficacy_focused	MALAT1_A549_NGG_0056	23	0.0018
efficacy_focused	MALAT1_A549_NGG_0056	24	0.00173333
efficacy_focused	MALAT1_A549_NGG_0056	25	0.00096667
efficacy_focused	MALAT1_A549_NGG_0056	26	0.00076667
efficacy_focused	MALAT1_A549_NGG_0056	27	0.00033333
efficacy_focused	MALAT1_A549_NGG_0056	28	0.00043333
efficacy_focused	MALAT1_A549_NGG_0056	29	0.00033333
efficacy_focused	MALAT1_A549_NGG_0056	30	0.00016667
efficacy_focused	MALAT1_A549_NGG_0056	31	0.0001
efficacy_focused	MALAT1_A549_NGG_0056	32	0.0
efficacy_focused	MALAT1_A549_NGG_0056	33	3.333e-05
efficacy_focused	MALAT1_A549_NGG_0056	34	0.0
efficacy_focused	MALAT1_A549_NGG_0056	35	3.333e-05
efficacy_focused	MALAT1_A549_NGG_0056	36	3.333e-05
efficacy_focused	MALAT1_A549_NGG_0056	37	0.0
efficacy_focused	MALAT1_A549_NGG_0056	38	0.0
efficacy_focused	MALAT1_A549_NGG_0056	39	0.0
efficacy_focused	MALAT1_A549_NGG_0056	40	0.0
efficacy_focused	MALAT1_A549_NGG_0056	41	0.0
efficacy_focused	MALAT1_A549_NGG_0056	42	0.0
efficacy_focused	MALAT1_A549_NGG_0056	43	0.0
efficacy_focused	MALAT1_A549_NGG_0056	44	0.0
efficacy_focused	MALAT1_A549_NGG_0056	45	0.0
efficacy_focused	MALAT1_A549_NGG_0056	46	0.0
efficacy_focused	MALAT1_A549_NGG_0056	47	0.0
efficacy_focused	MALAT1_A549_NGG_0056	48	0.0
efficacy_focused	MALAT1_A549_NGG_0056	49	0.0
efficacy_focused	MALAT1_A549_NGG_0056	50	0.0
efficacy_focused	MALAT1_A549_NGG_0056	51	0.0
efficacy_focused	MALAT1_A549_NGG_0056	52	0.0
efficacy_focused	MALAT1_A549_NGG_0056	53	0.0
efficacy_focused	MALAT1_A549_NGG_0056	54	0.0
efficacy_focused	MALAT1_A549_NGG_0056	55	0.0
efficacy_focused	MALAT1_A549_NGG_0056	56	0.0
efficacy_focused	MALAT1_A549_NGG_0056	57	0.0
efficacy_focused	MALAT1_A549_NGG_0056	58	0.0
efficacy_focused	MALAT1_A549_NGG_0056	59	0.0
efficacy_focused	MALAT1_A549_NGG_0056	60	0.0
efficacy_focused	MALAT1_A549_NGG_0056	61	0.0
efficacy_focused	MALAT1_A549_NGG_0056	62	0.0
efficacy_focused	MALAT1_A549_NGG_0056	63	0.0
efficacy_focused	MALAT1_A549_NGG_0056	64	0.0
efficacy_focused	MALAT1_A549_NGG_0056	65	0.0
efficacy_focused	MALAT1_A549_NGG_0056	66	0.0
efficacy_focused	MALAT1_A549_NGG_0056	67	0.0
efficacy_focused	MALAT1_A549_NGG_0056	68	0.0
efficacy_focused	MALAT1_A549_NGG_0056	69	0.0
efficacy_focused	MALAT1_A549_NGG_0056	70	0.0
efficacy_focused	MALAT1_A549_NGG_0056	71	0.0
efficacy_focused	MALAT1_A549_NGG_0056	72	0.0
efficacy_focused	MALAT1_A549_NGG_0056	73	0.0
efficacy_focused	MALAT1_A549_NGG_0056	74	0.0
efficacy_focused	MALAT1_A549_NGG_0056	75	0.0
efficacy_focused	MALAT1_A549_NGG_0056	76	0.0
efficacy_focused	MALAT1_A549_NGG_0056	77	0.0
efficacy_focused	MALAT1_A549_NGG_0056	78	0.0
efficacy_focused	MALAT1_A549_NGG_0056	79	0.0
efficacy_focused	MALAT1_A549_NGG_0056	80	0.0
efficacy_focused	MALAT1_A549_NGG_0056	81	0.0
efficacy_focused	MALAT1_A549_NGG_0056	82	0.0
efficacy_focused	MALAT1_A549_NGG_0056	83	0.0
efficacy_focused	MALAT1_A549_NGG_0056	84	0.0
efficacy_focused	MALAT1_A549_NGG_0056	85	0.0
efficacy_focused	MALAT1_A549_NGG_0056	86	0.0
efficacy_focused	MALAT1_A549_NGG_0057	1	0.0
efficacy_focused	MALAT1_A549_NGG_0057	2	0.0
efficacy_focused	MALAT1_A549_NGG_0057	3	0.0
efficacy_focused	MALAT1_A549_NGG_0057	4	0.0
efficacy_focused	MALAT1_A549_NGG_0057	5	3.333e-05
efficacy_focused	MALAT1_A549_NGG_0057	6	0.00046667
efficacy_focused	MALAT1_A549_NGG_0057	7	0.00593333
efficacy_focused	MALAT1_A549_NGG_0057	8	0.0159
efficacy_focused	MALAT1_A549_NGG_0057	9	0.03326667
efficacy_focused	MALAT1_A549_NGG_0057	10	0.05213333
efficacy_focused	MALAT1_A549_NGG_0057	11	0.0751
efficacy_focused	MALAT1_A549_NGG_0057	12	0.09983333
efficacy_focused	MALAT1_A549_NGG_0057	13	0.1225
efficacy_focused	MALAT1_A549_NGG_0057	14	0.1302
efficacy_focused	MALAT1_A549_NGG_0057	15	0.13246667
efficacy_focused	MALAT1_A549_NGG_0057	16	0.1091
efficacy_focused	MALAT1_A549_NGG_0057	17	0.08453333
efficacy_focused	MALAT1_A549_NGG_0057	18	0.04876667
efficacy_focused	MALAT1_A549_NGG_0057	19	0.03026667
efficacy_focused	MALAT1_A549_NGG_0057	20	0.019
efficacy_focused	MALAT1_A549_NGG_0057	21	0.01203333
efficacy_focused	MALAT1_A549_NGG_0057	22	0.00853333
efficacy_focused	MALAT1_A549_NGG_0057	23	0.00666667
efficacy_focused	MALAT1_A549_NGG_0057	24	0.00386667
efficacy_focused	MALAT1_A549_NGG_0057	25	0.00326667
efficacy_focused	MALAT1_A549_NGG_0057	26	0.0018
efficacy_focused	MALAT1_A549_NGG_0057	27	0.00133333
efficacy_focused	MALAT1_A549_NGG_0057	28	0.00106667
efficacy_focused	MALAT1_A549_NGG_0057	29	0.00066667
efficacy_focused	MALAT1_A549_NGG_0057	30	0.00033333
efficacy_focused	MALAT1_A549_NGG_0057	31	0.0004
efficacy_focused	MALAT1_A549_NGG_0057	32	0.00033333
efficacy_focused	MALAT1_A549_NGG_0057	33	3.333e-05
efficacy_focused	MALAT1_A549_NGG_0057	34	0.0
efficacy_focused	MALAT1_A549_NGG_0057	35	6.667e-05
efficacy_focused	MALAT1_A549_NGG_0057	36	0.0
efficacy_focused	MALAT1_A549_NGG_0057	37	0.0
efficacy_focused	MALAT1_A549_NGG_0057	38	6.667e-05
efficacy_focused	MALAT1_A549_NGG_0057	39	3.333e-05
efficacy_focused	MALAT1_A549_NGG_0057	40	0.0
efficacy_focused	MALAT1_A549_NGG_0057	41	0.0
efficacy_focused	MALAT1_A549_NGG_0057	42	0.0
efficacy_focused	MALAT1_A549_NGG_0057	43	0.0
efficacy_focused	MALAT1_A549_NGG_0057	44	0.0
efficacy_focused	MALAT1_A549_NGG_0057	45	0.0
efficacy_focused	MALAT1_A549_NGG_0057	46	0.0
efficacy_focused	MALAT1_A549_NGG_0057	47	0.0
efficacy_focused	MALAT1_A549_NGG_0057	48	0.0
efficacy_focused	MALAT1_A549_NGG_0057	49	0.0
efficacy_focused	MALAT1_A549_NGG_0057	50	0.0
efficacy_focused	MALAT1_A549_NGG_0057	51	0.0
efficacy_focused	MALAT1_A549_NGG_0057	52	0.0
efficacy_focused	MALAT1_A549_NGG_0057	53	0.0
efficacy_focused	MALAT1_A549_NGG_0057	54	0.0
efficacy_focused	MALAT1_A549_NGG_0057	55	0.0
efficacy_focused	MALAT1_A549_NGG_0057	56	0.0
efficacy_focused	MALAT1_A549_NGG_0057	57	0.0
efficacy_focused	MALAT1_A549_NGG_0057	58	0.0
efficacy_focused	MALAT1_A549_NGG_0057	59	0.0
efficacy_focused	MALAT1_A549_NGG_0057	60	0.0
efficacy_focused	MALAT1_A549_NGG_0057	61	0.0
efficacy_focused	MALAT1_A549_NGG_0057	62	0.0
efficacy_focused	MALAT1_A549_NGG_0057	63	0.0
efficacy_focused	MALAT1_A549_NGG_0057	64	0.0
efficacy_focused	MALAT1_A549_NGG_0057	65	0.0
efficacy_focused	MALAT1_A549_NGG_0057	66	0.0
efficacy_focused	MALAT1_A549_NGG_0057	67	0.0
efficacy_focused	MALAT1_A549_NGG_0057	68	0.0
efficacy_focused	MALAT1_A549_NGG_0057	69	0.0
efficacy_focused	MALAT1_A549_NGG_0057	70	0.0
efficacy_focused	MALAT1_A549_NGG_0057	71	0.0
efficacy_focused	MALAT1_A549_NGG_0057	72	0.0
efficacy_focused	MALAT1_A549_NGG_0057	73	0.0
efficacy_focused	MALAT1_A549_NGG_0057	74	0.0
efficacy_focused	MALAT1_A549_NGG_0057	75	0.0
efficacy_focused	MALAT1_A549_NGG_0057	76	0.0
efficacy_focused	MALAT1_A549_NGG_0057	77	0.0
efficacy_focused	MALAT1_A549_NGG_0057	78	0.0
efficacy_focused	MALAT1_A549_NGG_0057	79	0.0
efficacy_focused	MALAT1_A549_NGG_0057	80	0.0
efficacy_focused	MALAT1_A549_NGG_0057	81	0.0
efficacy_focused	MALAT1_A549_NGG_0057	82	0.0
efficacy_focused	MALAT1_A549_NGG_0057	83	0.0
efficacy_focused	MALAT1_A549_NGG_0057	84	0.0
efficacy_focused	MALAT1_A549_NGG_0057	85	0.0
efficacy_focused	MALAT1_A549_NGG_0057	86	0.0
efficacy_focused	MALAT1_A549_NGG_0058	1	0.0
efficacy_focused	MALAT1_A549_NGG_0058	2	0.0
efficacy_focused	MALAT1_A549_NGG_0058	3	0.0
efficacy_focused	MALAT1_A549_NGG_0058	4	6.667e-05
efficacy_focused	MALAT1_A549_NGG_0058	5	3.333e-05
efficacy_focused	MALAT1_A549_NGG_0058	6	0.00196667
efficacy_focused	MALAT1_A549_NGG_0058	7	0.011
efficacy_focused	MALAT1_A549_NGG_0058	8	0.02996667
efficacy_focused	MALAT1_A549_NGG_0058	9	0.05293333
efficacy_focused	MALAT1_A549_NGG_0058	10	0.07953333
efficacy_focused	MALAT1_A549_NGG_0058	11	0.10426667
efficacy_focused	MALAT1_A549_NGG_0058	12	0.12166667
efficacy_focused	MALAT1_A549_NGG_0058	13	0.1267
efficacy_focused	MALAT1_A549_NGG_0058	14	0.12926667
efficacy_focused	MALAT1_A549_NGG_0058	15	0.10633333
efficacy_focused	MALAT1_A549_NGG_0058	16	0.08226667
efficacy_focused	MALAT1_A549_NGG_0058	17	0.05726667
efficacy_focused	MALAT1_A549_NGG_0058	18	0.0357
efficacy_focused	MALAT1_A549_NGG_0058	19	0.0209
efficacy_focused	MALAT1_A549_NGG_0058	20	0.01223333
efficacy_focused	MALAT1_A549_NGG_0058	21	0.00806667
efficacy_focused	MALAT1_A549_NGG_0058	22	0.006
efficacy_focused	MALAT1_A549_NGG_0058	23	0.00483333
efficacy_focused	MALAT1_A549_NGG_0058	24	0.0034
efficacy_focused	MALAT1_A549_NGG_0058	25	0.00163333
efficacy_focused	MALAT1_A549_NGG_0058	26	0.0011
efficacy_focused	MALAT1_A549_NGG_0058	27	0.0011
efficacy_focused	MALAT1_A549_NGG_0058	28	0.00053333
efficacy_focused	MALAT1_A549_NGG_0058	29	0.0004
efficacy_focused	MALAT1_A549_NGG_0058	30	0.00016667
efficacy_focused	MALAT1_A549_NGG_0058	31	0.00036667
efficacy_focused	MALAT1_A549_NGG_0058	32	3.333e-05
efficacy_focused	MALAT1_A549_NGG_0058	33	0.00013333
efficacy_focused	MALAT1_A549_NGG_0058	34	3.333e-05
efficacy_focused	MALAT1_A549_NGG_0058	35	0.0
efficacy_focused	MALAT1_A549_NGG_0058	36	3.333e-05
efficacy_focused	MALAT1_A549_NGG_0058	37	3.333e-05
efficacy_focused	MALAT1_A549_NGG_0058	38	3.333e-05
efficacy_focused	MALAT1_A549_NGG_0058	39	0.0
efficacy_focused	MALAT1_A549_NGG_0058	40	0.0
efficacy_focused	MALAT1_A549_NGG_0058	41	0.0
efficacy_focused	MALAT1_A549_NGG_0058	42	0.0
efficacy_focused	MALAT1_A549_NGG_0058	43	0.0
efficacy_focused	MALAT1_A549_NGG_0058	44	0.0
efficacy_focused	MALAT1_A549_NGG_0058	45	0.0
efficacy_focused	MALAT1_A549_NGG_0058	46	0.0
efficacy_focused	MALAT1_A549_NGG_0058	47	0.0
efficacy_focused	MALAT1_A549_NGG_0058	48	0.0
efficacy_focused	MALAT1_A549_NGG_0058	49	0.0
efficacy_focused	MALAT1_A549_NGG_0058	50	0.0
efficacy_focused	MALAT1_A549_NGG_0058	51	0.0
efficacy_focused	MALAT1_A549_NGG_0058	52	0.0
efficacy_focused	MALAT1_A549_NGG_0058	53	0.0
efficacy_focused	MALAT1_A549_NGG_0058	54	0.0
efficacy_focused	MALAT1_A549_NGG_0058	55	0.0
efficacy_focused	MALAT1_A549_NGG_0058	56	0.0
efficacy_focused	MALAT1_A549_NGG_0058	57	0.0
efficacy_focused	MALAT1_A549_NGG_0058	58	0.0
efficacy_focused	MALAT1_A549_NGG_0058	59	0.0
efficacy_focused	MALAT1_A549_NGG_0058	60	0.0
efficacy_focused	MALAT1_A549_NGG_0058	61	0.0
efficacy_focused	MALAT1_A549_NGG_0058	62	0.0
efficacy_focused	MALAT1_A549_NGG_0058	63	0.0
efficacy_focused	MALAT1_A549_NGG_0058	64	0.0
efficacy_focused	MALAT1_A549_NGG_0058	65	0.0
efficacy_focused	MALAT1_A549_NGG_0058	66	0.0
efficacy_focused	MALAT1_A549_NGG_0058	67	0.0
efficacy_focused	MALAT1_A549_NGG_0058	68	0.0
efficacy_focused	MALAT1_A549_NGG_0058	69	0.0
efficacy_focused	MALAT1_A549_NGG_0058	70	0.0
efficacy_focused	MALAT1_A549_NGG_0058	71	0.0
efficacy_focused	MALAT1_A549_NGG_0058	72	0.0
efficacy_focused	MALAT1_A549_NGG_0058	73	0.0
efficacy_focused	MALAT1_A549_NGG_0058	74	0.0
efficacy_focused	MALAT1_A549_NGG_0058	75	0.0
efficacy_focused	MALAT1_A549_NGG_0058	76	0.0
efficacy_focused	MALAT1_A549_NGG_0058	77	0.0
efficacy_focused	MALAT1_A549_NGG_0058	78	0.0
efficacy_focused	MALAT1_A549_NGG_0058	79	0.0
efficacy_focused	MALAT1_A549_NGG_0058	80	0.0
efficacy_focused	MALAT1_A549_NGG_0058	81	0.0
efficacy_focused	MALAT1_A549_NGG_0058	82	0.0
efficacy_focused	MALAT1_A549_NGG_0058	83	0.0
efficacy_focused	MALAT1_A549_NGG_0058	84	0.0
efficacy_focused	MALAT1_A549_NGG_0058	85	0.0
efficacy_focused	MALAT1_A549_NGG_0058	86	0.0
efficacy_focused	MALAT1_A549_NGG_0059	1	0.0
efficacy_focused	MALAT1_A549_NGG_0059	2	0.0
efficacy_focused	MALAT1_A549_NGG_0059	3	0.0
efficacy_focused	MALAT1_A549_NGG_0059	4	0.0
efficacy_focused	MALAT1_A549_NGG_0059	5	0.0
efficacy_focused	MALAT1_A549_NGG_0059	6	3.333e-05
efficacy_focused	MALAT1_A549_NGG_0059	7	0.00096667
efficacy_focused	MALAT1_A549_NGG_0059	8	0.00306667
efficacy_focused	MALAT1_A549_NGG_0059	9	0.0065
efficacy_focused	MALAT1_A549_NGG_0059	10	0.01433333
efficacy_focused	MALAT1_A549_NGG_0059	11	0.0259
efficacy_focused	MALAT1_A549_NGG_0059	12	0.04196667
efficacy_focused	MALAT1_A549_NGG_0059	13	0.0662
efficacy_focused	MALAT1_A549_NGG_0059	14	0.09596667
efficacy_focused	MALAT1_A549_NGG_0059	15	0.1463
efficacy_focused	MALAT1_A549_NGG_0059	16	0.15536667
efficacy_focused	MALAT1_A549_NGG_0059	17	0.15703333
efficacy_focused	MALAT1_A549_NGG_0059	18	0.09066667
efficacy_focused	MALAT1_A549_NGG_0059	19	0.0699
efficacy_focused	MALAT1_A549_NGG_0059	20	0.04056667
efficacy_focused	MALAT1_A549_NGG_0059	21	0.0241
efficacy_focused	MALAT1_A549_NGG_0059	22	0.01756667
efficacy_focused	MALAT1_A549_NGG_0059	23	0.0113
efficacy_focused	MALAT1_A549_NGG_0059	24	0.00953333
efficacy_focused	MALAT1_A549_NGG_0059	25	0.00606667
efficacy_focused	MALAT1_A549_NGG_0059	26	0.0051
efficacy_focused	MALAT1_A549_NGG_0059	27	0.00323333
efficacy_focused	MALAT1_A549_NGG_0059	28	0.0032
efficacy_focused	MALAT1_A549_NGG_0059	29	0.00163333
efficacy_focused	MALAT1_A549_NGG_0059	30	0.00093333
efficacy_focused	MALAT1_A549_NGG_0059	31	0.0011
efficacy_focused	MALAT1_A549_NGG_0059	32	0.0005
efficacy_focused	MALAT1_A549_NGG_0059	33	0.00026667
efficacy_focused	MALAT1_A549_NGG_0059	34	0.00016667
efficacy_focused	MALAT1_A549_NGG_0059	35	0.0002
efficacy_focused	MALAT1_A549_NGG_0059	36	0.00016667
efficacy_focused	MALAT1_A549_NGG_0059	37	0.0
efficacy_focused	MALAT1_A549_NGG_0059	38	3.333e-05
efficacy_focused	MALAT1_A549_NGG_0059	39	0.0001
efficacy_focused	MALAT1_A549_NGG_0059	40	0.0
efficacy_focused	MALAT1_A549_NGG_0059	41	0.0
efficacy_focused	MALAT1_A549_NGG_0059	42	0.0
efficacy_focused	MALAT1_A549_NGG_0059	43	3.333e-05
efficacy_focused	MALAT1_A549_NGG_0059	44	0.0
efficacy_focused	MALAT1_A549_NGG_0059	45	0.0
efficacy_focused	MALAT1_A549_NGG_0059	46	0.0
efficacy_focused	MALAT1_A549_NGG_0059	47	0.0
efficacy_focused	MALAT1_A549_NGG_0059	48	0.0
efficacy_focused	MALAT1_A549_NGG_0059	49	0.0
efficacy_focused	MALAT1_A549_NGG_0059	50	0.0
efficacy_focused	MALAT1_A549_NGG_0059	51	0.0
efficacy_focused	MALAT1_A549_NGG_0059	52	0.0
efficacy_focused	MALAT1_A549_NGG_0059	53	0.0
efficacy_focused	MALAT1_A549_NGG_0059	54	0.0
efficacy_focused	MALAT1_A549_NGG_0059	55	0.0
efficacy_focused	MALAT1_A549_NGG_0059	56	0.0
efficacy_focused	MALAT1_A549_NGG_0059	57	0.0
efficacy_focused	MALAT1_A549_NGG_0059	58	0.0
efficacy_focused	MALAT1_A549_NGG_0059	59	0.0
efficacy_focused	MALAT1_A549_NGG_0059	60	0.0
efficacy_focused	MALAT1_A549_NGG_0059	61	0.0
efficacy_focused	MALAT1_A549_NGG_0059	62	0.0
efficacy_focused	MALAT1_A549_NGG_0059	63	0.0
efficacy_focused	MALAT1_A549_NGG_0059	64	0.0
efficacy_focused	MALAT1_A549_NGG_0059	65	0.0
efficacy_focused	MALAT1_A549_NGG_0059	66	0.0
efficacy_focused	MALAT1_A549_NGG_0059	67	0.0
efficacy_focused	MALAT1_A549_NGG_0059	68	0.0
efficacy_focused	MALAT1_A549_NGG_0059	69	0.0
efficacy_focused	MALAT1_A549_NGG_0059	70	0.0
efficacy_focused	MALAT1_A549_NGG_0059	71	0.0
efficacy_focused	MALAT1_A549_NGG_0059	72	0.0
efficacy_focused	MALAT1_A549_NGG_0059	73	0.0
efficacy_focused	MALAT1_A549_NGG_0059	74	0.0
efficacy_focused	MALAT1_A549_NGG_0059	75	0.0
efficacy_focused	MALAT1_A549_NGG_0059	76	0.0
efficacy_focused	MALAT1_A549_NGG_0059	77	0.0
efficacy_focused	MALAT1_A549_NGG_0059	78	0.0
efficacy_focused	MALAT1_A549_NGG_0059	79	0.0
efficacy_focused	MALAT1_A549_NGG_0059	80	0.0
efficacy_focused	MALAT1_A549_NGG_0059	81	0.0
efficacy_focused	MALAT1_A549_NGG_0059	82	0.0
efficacy_focused	MALAT1_A549_NGG_0059	83	0.0
efficacy_focused	MALAT1_A549_NGG_0059	84	0.0
efficacy_focused	MALAT1_A549_NGG_0059	85	0.0
efficacy_focused	MALAT1_A549_NGG_0059	86	0.0
efficacy_focused	MALAT1_A549_NGG_0060	1	0.0
efficacy_focused	MALAT1_A549_NGG_0060	2	0.0
efficacy_focused	MALAT1_A549_NGG_0060	3	0.0
efficacy_focused	MALAT1_A549_NGG_0060	4	0.0
efficacy_focused	MALAT1_A549_NGG_0060	5	0.0001
efficacy_focused	MALAT1_A549_NGG_0060	6	0.00106667
efficacy_focused	MALAT1_A549_NGG_0060	7	0.009
efficacy_focused	MALAT1_A549_NGG_0060	8	0.02286667
efficacy_focused	MALAT1_A549_NGG_0060	9	0.04406667
efficacy_focused	MALAT1_A549_NGG_0060	10	0.06893333
efficacy_focused	MALAT1_A549_NGG_0060	11	0.09263333
efficacy_focused	MALAT1_A549_NGG_0060	12	0.11483333
efficacy_focused	MALAT1_A549_NGG_0060	13	0.12583333
efficacy_focused	MALAT1_A549_NGG_0060	14	0.12996667
efficacy_focused	MALAT1_A549_NGG_0060	15	0.1146
efficacy_focused	MALAT1_A549_NGG_0060	16	0.09386667
efficacy_focused	MALAT1_A549_NGG_0060	17	0.06836667
efficacy_focused	MALAT1_A549_NGG_0060	18	0.0405
efficacy_focused	MALAT1_A549_NGG_0060	19	0.02496667
efficacy_focused	MALAT1_A549_NGG_0060	20	0.01546667
efficacy_focused	MALAT1_A549_NGG_0060	21	0.01013333
efficacy_focused	MALAT1_A549_NGG_0060	22	0.00756667
efficacy_focused	MALAT1_A549_NGG_0060	23	0.0048
efficacy_focused	MALAT1_A549_NGG_0060	24	0.00356667
efficacy_focused	MALAT1_A549_NGG_0060	25	0.00206667
efficacy_focused	MALAT1_A549_NGG_0060	26	0.00163333
efficacy_focused	MALAT1_A549_NGG_0060	27	0.00113333
efficacy_focused	MALAT1_A549_NGG_0060	28	0.00063333
efficacy_focused	MALAT1_A549_NGG_0060	29	0.0005
efficacy_focused	MALAT1_A549_NGG_0060	30	0.0003
efficacy_focused	MALAT1_A549_NGG_0060	31	0.0003
efficacy_focused	MALAT1_A549_NGG_0060	32	0.0001
efficacy_focused	MALAT1_A549_NGG_0060	33	6.667e-05
efficacy_focused	MALAT1_A549_NGG_0060	34	0.0001
efficacy_focused	MALAT1_A549_NGG_0060	35	3.333e-05
efficacy_focused	MALAT1_A549_NGG_0060	36	0.0
efficacy_focused	MALAT1_A549_NGG_0060	37	0.0
efficacy_focused	MALAT1_A549_NGG_0060	38	0.0
efficacy_focused	MALAT1_A549_NGG_0060	39	0.0
efficacy_focused	MALAT1_A549_NGG_0060	40	0.0
efficacy_focused	MALAT1_A549_NGG_0060	41	0.0
efficacy_focused	MALAT1_A549_NGG_0060	42	0.0
efficacy_focused	MALAT1_A549_NGG_0060	43	0.0
efficacy_focused	MALAT1_A549_NGG_0060	44	0.0
efficacy_focused	MALAT1_A549_NGG_0060	45	0.0
efficacy_focused	MALAT1_A549_NGG_0060	46	0.0
efficacy_focused	MALAT1_A549_NGG_0060	47	0.0
efficacy_focused	MALAT1_A549_NGG_0060	48	0.0
efficacy_focused	MALAT1_A549_NGG_0060	49	0.0
efficacy_focused	MALAT1_A549_NGG_0060	50	0.0
efficacy_focused	MALAT1_A549_NGG_0060	51	0.0
efficacy_focused	MALAT1_A549_NGG_0060	52	0.0
efficacy_focused	MALAT1_A549_NGG_0060	53	0.0
efficacy_focused	MALAT1_A549_NGG_0060	54	0.0
efficacy_focused	MALAT1_A549_NGG_0060	55	0.0
efficacy_focused	MALAT1_A549_NGG_0060	56	0.0
efficacy_focused	MALAT1_A549_NGG_0060	57	0.0
efficacy_focused	MALAT1_A549_NGG_0060	58	0.0
efficacy_focused	MALAT1_A549_NGG_0060	59	0.0
efficacy_focused	MALAT1_A549_NGG_0060	60	0.0
efficacy_focused	MALAT1_A549_NGG_0060	61	0.0
efficacy_focused	MALAT1_A549_NGG_0060	62	0.0
efficacy_focused	MALAT1_A549_NGG_0060	63	0.0
efficacy_focused	MALAT1_A549_NGG_0060	64	0.0
efficacy_focused	MALAT1_A549_NGG_0060	65	0.0
efficacy_focused	MALAT1_A549_NGG_0060	66	0.0
efficacy_focused	MALAT1_A549_NGG_0060	67	0.0
efficacy_focused	MALAT1_A549_NGG_0060	68	0.0
efficacy_focused	MALAT1_A549_NGG_0060	69	0.0
efficacy_focused	MALAT1_A549_NGG_0060	70	0.0
efficacy_focused	MALAT1_A549_NGG_0060	71	0.0
efficacy_focused	MALAT1_A549_NGG_0060	72	0.0
efficacy_focused	MALAT1_A549_NGG_0060	73	0.0
efficacy_focused	MALAT1_A549_NGG_0060	74	0.0
efficacy_focused	MALAT1_A549_NGG_0060	75	0.0
efficacy_focused	MALAT1_A549_NGG_0060	76	0.0
efficacy_focused	MALAT1_A549_NGG_0060	77	0.0
efficacy_focused	MALAT1_A549_NGG_0060	78	0.0
efficacy_focused	MALAT1_A549_NGG_0060	79	0.0
efficacy_focused	MALAT1_A549_NGG_0060	80	0.0
efficacy_focused	MALAT1_A549_NGG_0060	81	0.0
efficacy_focused	MALAT1_A549_NGG_0060	82	0.0
efficacy_focused	MALAT1_A549_NGG_0060	83	0.0
efficacy_focused	MALAT1_A549_NGG_0060	84	0.0
efficacy_focused	MALAT1_A549_NGG_0060	85	0.0
efficacy_focused	MALAT1_A549_NGG_0060	86	0.0
efficacy_focused	MALAT1_A549_NGG_0061	1	0.0
efficacy_focused	MALAT1_A549_NGG_0061	2	0.0
efficacy_focused	MALAT1_A549_NGG_0061	3	0.0
efficacy_focused	MALAT1_A549_NGG_0061	4	0.0
efficacy_focused	MALAT1_A549_NGG_0061	5	0.0
efficacy_focused	MALAT1_A549_NGG_0061	6	3.333e-05
efficacy_focused	MALAT1_A549_NGG_0061	7	0.00076667
efficacy_focused	MALAT1_A549_NGG_0061	8	0.00323333
efficacy_focused	MALAT1_A549_NGG_0061	9	0.00756667
efficacy_focused	MALAT1_A549_NGG_0061	10	0.01523333
efficacy_focused	MALAT1_A549_NGG_0061	11	0.02826667
efficacy_focused	MALAT1_A549_NGG_0061	12	0.04493333
efficacy_focused	MALAT1_A549_NGG_0061	13	0.06843333
efficacy_focused	MALAT1_A549_NGG_0061	14	0.1058
efficacy_focused	MALAT1_A549_NGG_0061	15	0.14336667
efficacy_focused	MALAT1_A549_NGG_0061	16	0.1537
efficacy_focused	MALAT1_A549_NGG_0061	17	0.15273333
efficacy_focused	MALAT1_A549_NGG_0061	18	0.0885
efficacy_focused	MALAT1_A549_NGG_0061	19	0.06636667
efficacy_focused	MALAT1_A549_NGG_0061	20	0.03816667
efficacy_focused	MALAT1_A549_NGG_0061	21	0.02213333
efficacy_focused	MALAT1_A549_NGG_0061	22	0.01703333
efficacy_focused	MALAT1_A549_NGG_0061	23	0.01316667
efficacy_focused	MALAT1_A549_NGG_0061	24	0.00906667
efficacy_focused	MALAT1_A549_NGG_0061	25	0.00676667
efficacy_focused	MALAT1_A549_NGG_0061	26	0.00506667
efficacy_focused	MALAT1_A549_NGG_0061	27	0.00293333
efficacy_focused	MALAT1_A549_NGG_0061	28	0.0024
efficacy_focused	MALAT1_A549_NGG_0061	29	0.00103333
efficacy_focused	MALAT1_A549_NGG_0061	30	0.0012
efficacy_focused	MALAT1_A549_NGG_0061	31	0.0005
efficacy_focused	MALAT1_A549_NGG_0061	32	0.00033333
efficacy_focused	MALAT1_A549_NGG_0061	33	0.00053333
efficacy_focused	MALAT1_A549_NGG_0061	34	0.00026667
efficacy_focused	MALAT1_A549_NGG_0061	35	0.00016667
efficacy_focused	MALAT1_A549_NGG_0061	36	0.00013333
efficacy_focused	MALAT1_A549_NGG_0061	37	3.333e-05
efficacy_focused	MALAT1_A549_NGG_0061	38	3.333e-05
efficacy_focused	MALAT1_A549_NGG_0061	39	3.333e-05
efficacy_focused	MALAT1_A549_NGG_0061	40	6.667e-05
efficacy_focused	MALAT1_A549_NGG_0061	41	0.0
efficacy_focused	MALAT1_A549_NGG_0061	42	0.0
efficacy_focused	MALAT1_A549_NGG_0061	43	0.0
efficacy_focused	MALAT1_A549_NGG_0061	44	0.0
efficacy_focused	MALAT1_A549_NGG_0061	45	0.0
efficacy_focused	MALAT1_A549_NGG_0061	46	0.0
efficacy_focused	MALAT1_A549_NGG_0061	47	0.0
efficacy_focused	MALAT1_A549_NGG_0061	48	0.0
efficacy_focused	MALAT1_A549_NGG_0061	49	0.0
efficacy_focused	MALAT1_A549_NGG_0061	50	0.0
efficacy_focused	MALAT1_A549_NGG_0061	51	0.0
efficacy_focused	MALAT1_A549_NGG_0061	52	0.0
efficacy_focused	MALAT1_A549_NGG_0061	53	0.0
efficacy_focused	MALAT1_A549_NGG_0061	54	0.0
efficacy_focused	MALAT1_A549_NGG_0061	55	0.0
efficacy_focused	MALAT1_A549_NGG_0061	56	0.0
efficacy_focused	MALAT1_A549_NGG_0061	57	0.0
efficacy_focused	MALAT1_A549_NGG_0061	58	0.0
efficacy_focused	MALAT1_A549_NGG_0061	59	0.0
efficacy_focused	MALAT1_A549_NGG_0061	60	0.0
efficacy_focused	MALAT1_A549_NGG_0061	61	0.0
efficacy_focused	MALAT1_A549_NGG_0061	62	0.0
efficacy_focused	MALAT1_A549_NGG_0061	63	0.0
efficacy_focused	MALAT1_A549_NGG_0061	64	0.0
efficacy_focused	MALAT1_A549_NGG_0061	65	0.0
efficacy_focused	MALAT1_A549_NGG_0061	66	0.0
efficacy_focused	MALAT1_A549_NGG_0061	67	0.0
efficacy_focused	MALAT1_A549_NGG_0061	68	0.0
efficacy_focused	MALAT1_A549_NGG_0061	69	0.0
efficacy_focused	MALAT1_A549_NGG_0061	70	0.0
efficacy_focused	MALAT1_A549_NGG_0061	71	0.0
efficacy_focused	MALAT1_A549_NGG_0061	72	0.0
efficacy_focused	MALAT1_A549_NGG_0061	73	0.0
efficacy_focused	MALAT1_A549_NGG_0061	74	0.0
efficacy_focused	MALAT1_A549_NGG_0061	75	0.0
efficacy_focused	MALAT1_A549_NGG_0061	76	0.0
efficacy_focused	MALAT1_A549_NGG_0061	77	0.0
efficacy_focused	MALAT1_A549_NGG_0061	78	0.0
efficacy_focused	MALAT1_A549_NGG_0061	79	0.0
efficacy_focused	MALAT1_A549_NGG_0061	80	0.0
efficacy_focused	MALAT1_A549_NGG_0061	81	0.0
efficacy_focused	MALAT1_A549_NGG_0061	82	0.0
efficacy_focused	MALAT1_A549_NGG_0061	83	0.0
efficacy_focused	MALAT1_A549_NGG_0061	84	0.0
efficacy_focused	MALAT1_A549_NGG_0061	85	0.0
efficacy_focused	MALAT1_A549_NGG_0061	86	0.0
efficacy_focused	MALAT1_A549_NGG_0062	1	0.0
efficacy_focused	MALAT1_A549_NGG_0062	2	0.0
efficacy_focused	MALAT1_A549_NGG_0062	3	0.0
efficacy_focused	MALAT1_A549_NGG_0062	4	0.0
efficacy_focused	MALAT1_A549_NGG_0062	5	0.0
efficacy_focused	MALAT1_A549_NGG_0062	6	0.0
efficacy_focused	MALAT1_A549_NGG_0062	7	0.0
efficacy_focused	MALAT1_A549_NGG_0062	8	0.0
efficacy_focused	MALAT1_A549_NGG_0062	9	0.0
efficacy_focused	MALAT1_A549_NGG_0062	10	0.0
efficacy_focused	MALAT1_A549_NGG_0062	11	0.0
efficacy_focused	MALAT1_A549_NGG_0062	12	3.333e-05
efficacy_focused	MALAT1_A549_NGG_0062	13	3.333e-05
efficacy_focused	MALAT1_A549_NGG_0062	14	6.667e-05
efficacy_focused	MALAT1_A549_NGG_0062	15	0.0
efficacy_focused	MALAT1_A549_NGG_0062	16	0.00043333
efficacy_focused	MALAT1_A549_NGG_0062	17	0.0003
efficacy_focused	MALAT1_A549_NGG_0062	18	0.06046667
efficacy_focused	MALAT1_A549_NGG_0062	19	0.06163333
efficacy_focused	MALAT1_A549_NGG_0062	20	0.08223333
efficacy_focused	MALAT1_A549_NGG_0062	21	0.08083333
efficacy_focused	MALAT1_A549_NGG_0062	22	0.0672
efficacy_focused	MALAT1_A549_NGG_0062	23	0.0562
efficacy_focused	MALAT1_A549_NGG_0062	24	0.04956667
efficacy_focused	MALAT1_A549_NGG_0062	25	0.04853333
efficacy_focused	MALAT1_A549_NGG_0062	26	0.0432
efficacy_focused	MALAT1_A549_NGG_0062	27	0.04286667
efficacy_focused	MALAT1_A549_NGG_0062	28	0.03933333
efficacy_focused	MALAT1_A549_NGG_0062	29	0.0339
efficacy_focused	MALAT1_A549_NGG_0062	30	0.03293333
efficacy_focused	MALAT1_A549_NGG_0062	31	0.03226667
efficacy_focused	MALAT1_A549_NGG_0062	32	0.02993333
efficacy_focused	MALAT1_A549_NGG_0062	33	0.03073333
efficacy_focused	MALAT1_A549_NGG_0062	34	0.0299
efficacy_focused	MALAT1_A549_NGG_0062	35	0.03093333
efficacy_focused	MALAT1_A549_NGG_0062	36	0.02836667
efficacy_focused	MALAT1_A549_NGG_0062	37	0.0238
efficacy_focused	MALAT1_A549_NGG_0062	38	0.0219
efficacy_focused	MALAT1_A549_NGG_0062	39	0.01666667
efficacy_focused	MALAT1_A549_NGG_0062	40	0.01186667
efficacy_focused	MALAT1_A549_NGG_0062	41	0.00983333
efficacy_focused	MALAT1_A549_NGG_0062	42	0.0054
efficacy_focused	MALAT1_A549_NGG_0062	43	0.005
efficacy_focused	MALAT1_A549_NGG_0062	44	0.00286667
efficacy_focused	MALAT1_A549_NGG_0062	45	0.00306667
efficacy_focused	MALAT1_A549_NGG_0062	46	0.00253333
efficacy_focused	MALAT1_A549_NGG_0062	47	0.0018
efficacy_focused	MALAT1_A549_NGG_0062	48	0.00146667
efficacy_focused	MALAT1_A549_NGG_0062	49	0.0014
efficacy_focused	MALAT1_A549_NGG_0062	50	0.00146667
efficacy_focused	MALAT1_A549_NGG_0062	51	0.00103333
efficacy_focused	MALAT1_A549_NGG_0062	52	0.00153333
efficacy_focused	MALAT1_A549_NGG_0062	53	0.0009
efficacy_focused	MALAT1_A549_NGG_0062	54	0.0009
efficacy_focused	MALAT1_A549_NGG_0062	55	0.00086667
efficacy_focused	MALAT1_A549_NGG_0062	56	0.00053333
efficacy_focused	MALAT1_A549_NGG_0062	57	0.00056667
efficacy_focused	MALAT1_A549_NGG_0062	58	0.0004
efficacy_focused	MALAT1_A549_NGG_0062	59	0.0004
efficacy_focused	MALAT1_A549_NGG_0062	60	0.00033333
efficacy_focused	MALAT1_A549_NGG_0062	61	0.00053333
efficacy_focused	MALAT1_A549_NGG_0062	62	0.00036667
efficacy_focused	MALAT1_A549_NGG_0062	63	0.00026667
efficacy_focused	MALAT1_A549_NGG_0062	64	0.00023333
efficacy_focused	MALAT1_A549_NGG_0062	65	6.667e-05
efficacy_focused	MALAT1_A549_NGG_0062	66	3.333e-05
efficacy_focused	MALAT1_A549_NGG_0062	67	0.0
efficacy_focused	MALAT1_A549_NGG_0062	68	3.333e-05
efficacy_focused	MALAT1_A549_NGG_0062	69	0.0
efficacy_focused	MALAT1_A549_NGG_0062	70	3.333e-05
efficacy_focused	MALAT1_A549_NGG_0062	71	0.0
efficacy_focused	MALAT1_A549_NGG_0062	72	0.0
efficacy_focused	MALAT1_A549_NGG_0062	73	0.0
efficacy_focused	MALAT1_A549_NGG_0062	74	0.0
efficacy_focused	MALAT1_A549_NGG_0062	75	0.0
efficacy_focused	MALAT1_A549_NGG_0062	76	0.0
efficacy_focused	MALAT1_A549_NGG_0062	77	0.0
efficacy_focused	MALAT1_A549_NGG_0062	78	0.0
efficacy_focused	MALAT1_A549_NGG_0062	79	0.0
efficacy_focused	MALAT1_A549_NGG_0062	80	0.0
efficacy_focused	MALAT1_A549_NGG_0062	81	0.0
efficacy_focused	MALAT1_A549_NGG_0062	82	0.0
efficacy_focused	MALAT1_A549_NGG_0062	83	0.0
efficacy_focused	MALAT1_A549_NGG_0062	84	0.0
efficacy_focused	MALAT1_A549_NGG_0062	85	0.0
efficacy_focused	MALAT1_A549_NGG_0062	86	0.0
efficacy_focused	MALAT1_A549_NGG_0063	1	0.0
efficacy_focused	MALAT1_A549_NGG_0063	2	0.0
efficacy_focused	MALAT1_A549_NGG_0063	3	0.0
efficacy_focused	MALAT1_A549_NGG_0063	4	0.0
efficacy_focused	MALAT1_A549_NGG_0063	5	0.0
efficacy_focused	MALAT1_A549_NGG_0063	6	0.0
efficacy_focused	MALAT1_A549_NGG_0063	7	0.0
efficacy_focused	MALAT1_A549_NGG_0063	8	0.0
efficacy_focused	MALAT1_A549_NGG_0063	9	0.0
efficacy_focused	MALAT1_A549_NGG_0063	10	0.0
efficacy_focused	MALAT1_A549_NGG_0063	11	3.333e-05
efficacy_focused	MALAT1_A549_NGG_0063	12	0.0
efficacy_focused	MALAT1_A549_NGG_0063	13	0.0
efficacy_focused	MALAT1_A549_NGG_0063	14	3.333e-05
efficacy_focused	MALAT1_A549_NGG_0063	15	3.333e-05
efficacy_focused	MALAT1_A549_NGG_0063	16	3.333e-05
efficacy_focused	MALAT1_A549_NGG_0063	17	0.0
efficacy_focused	MALAT1_A549_NGG_0063	18	0.0122
efficacy_focused	MALAT1_A549_NGG_0063	19	0.02366667
efficacy_focused	MALAT1_A549_NGG_0063	20	0.0413
efficacy_focused	MALAT1_A549_NGG_0063	21	0.05736667
efficacy_focused	MALAT1_A549_NGG_0063	22	0.0686
efficacy_focused	MALAT1_A549_NGG_0063	23	0.06433333
efficacy_focused	MALAT1_A549_NGG_0063	24	0.0614
efficacy_focused	MALAT1_A549_NGG_0063	25	0.04913333
efficacy_focused	MALAT1_A549_NGG_0063	26	0.04643333
efficacy_focused	MALAT1_A549_NGG_0063	27	0.04433333
efficacy_focused	MALAT1_A549_NGG_0063	28	0.043
efficacy_focused	MALAT1_A549_NGG_0063	29	0.0365
efficacy_focused	MALAT1_A549_NGG_0063	30	0.037
efficacy_focused	MALAT1_A549_NGG_0063	31	0.0367
efficacy_focused	MALAT1_A549_NGG_0063	32	0.0334
efficacy_focused	MALAT1_A549_NGG_0063	33	0.03393333
efficacy_focused	MALAT1_A549_NGG_0063	34	0.03446667
efficacy_focused	MALAT1_A549_NGG_0063	35	0.03566667
efficacy_focused	MALAT1_A549_NGG_0063	36	0.0353
efficacy_focused	MALAT1_A549_NGG_0063	37	0.03456667
efficacy_focused	MALAT1_A549_NGG_0063	38	0.03293333
efficacy_focused	MALAT1_A549_NGG_0063	39	0.02803333
efficacy_focused	MALAT1_A549_NGG_0063	40	0.0236
efficacy_focused	MALAT1_A549_NGG_0063	41	0.01936667
efficacy_focused	MALAT1_A549_NGG_0063	42	0.01476667
efficacy_focused	MALAT1_A549_NGG_0063	43	0.0101
efficacy_focused	MALAT1_A549_NGG_0063	44	0.00626667
efficacy_focused	MALAT1_A549_NGG_0063	45	0.0053
efficacy_focused	MALAT1_A549_NGG_0063	46	0.00406667
efficacy_focused	MALAT1_A549_NGG_0063	47	0.00373333
efficacy_focused	MALAT1_A549_NGG_0063	48	0.00296667
efficacy_focused	MALAT1_A549_NGG_0063	49	0.00253333
efficacy_focused	MALAT1_A549_NGG_0063	50	0.0022
efficacy_focused	MALAT1_A549_NGG_0063	51	0.0017
efficacy_focused	MALAT1_A549_NGG_0063	52	0.00133333
efficacy_focused	MALAT1_A549_NGG_0063	53	0.00146667
efficacy_focused	MALAT1_A549_NGG_0063	54	0.0016
efficacy_focused	MALAT1_A549_NGG_0063	55	0.00126667
efficacy_focused	MALAT1_A549_NGG_0063	56	0.00116667
efficacy_focused	MALAT1_A549_NGG_0063	57	0.0008
efficacy_focused	MALAT1_A549_NGG_0063	58	0.0011
efficacy_focused	MALAT1_A549_NGG_0063	59	0.00063333
efficacy_focused	MALAT1_A549_NGG_0063	60	0.00036667
efficacy_focused	MALAT1_A549_NGG_0063	61	0.0005
efficacy_focused	MALAT1_A549_NGG_0063	62	0.0005
efficacy_focused	MALAT1_A549_NGG_0063	63	0.0005
efficacy_focused	MALAT1_A549_NGG_0063	64	0.0006
efficacy_focused	MALAT1_A549_NGG_0063	65	0.00033333
efficacy_focused	MALAT1_A549_NGG_0063	66	0.00066667
efficacy_focused	MALAT1_A549_NGG_0063	67	0.0
efficacy_focused	MALAT1_A549_NGG_0063	68	3.333e-05
efficacy_focused	MALAT1_A549_NGG_0063	69	3.333e-05
efficacy_focused	MALAT1_A549_NGG_0063	70	6.667e-05
efficacy_focused	MALAT1_A549_NGG_0063	71	0.0
efficacy_focused	MALAT1_A549_NGG_0063	72	0.0
efficacy_focused	MALAT1_A549_NGG_0063	73	0.0
efficacy_focused	MALAT1_A549_NGG_0063	74	3.333e-05
efficacy_focused	MALAT1_A549_NGG_0063	75	0.0
efficacy_focused	MALAT1_A549_NGG_0063	76	0.0
efficacy_focused	MALAT1_A549_NGG_0063	77	0.0
efficacy_focused	MALAT1_A549_NGG_0063	78	0.0
efficacy_focused	MALAT1_A549_NGG_0063	79	0.0
efficacy_focused	MALAT1_A549_NGG_0063	80	0.0
efficacy_focused	MALAT1_A549_NGG_0063	81	0.0
efficacy_focused	MALAT1_A549_NGG_0063	82	0.0
efficacy_focused	MALAT1_A549_NGG_0063	83	0.0
efficacy_focused	MALAT1_A549_NGG_0063	84	0.0
efficacy_focused	MALAT1_A549_NGG_0063	85	0.0
efficacy_focused	MALAT1_A549_NGG_0063	86	0.0
efficacy_focused	MALAT1_A549_NGG_0064	1	0.0
efficacy_focused	MALAT1_A549_NGG_0064	2	0.0
efficacy_focused	MALAT1_A549_NGG_0064	3	0.0
efficacy_focused	MALAT1_A549_NGG_0064	4	0.0
efficacy_focused	MALAT1_A549_NGG_0064	5	0.0
efficacy_focused	MALAT1_A549_NGG_0064	6	0.0
efficacy_focused	MALAT1_A549_NGG_0064	7	0.0
efficacy_focused	MALAT1_A549_NGG_0064	8	0.0
efficacy_focused	MALAT1_A549_NGG_0064	9	0.0
efficacy_focused	MALAT1_A549_NGG_0064	10	0.0
efficacy_focused	MALAT1_A549_NGG_0064	11	0.0
efficacy_focused	MALAT1_A549_NGG_0064	12	0.0
efficacy_focused	MALAT1_A549_NGG_0064	13	0.0
efficacy_focused	MALAT1_A549_NGG_0064	14	0.0
efficacy_focused	MALAT1_A549_NGG_0064	15	0.0
efficacy_focused	MALAT1_A549_NGG_0064	16	3.333e-05
efficacy_focused	MALAT1_A549_NGG_0064	17	3.333e-05
efficacy_focused	MALAT1_A549_NGG_0064	18	0.01706667
efficacy_focused	MALAT1_A549_NGG_0064	19	0.03016667
efficacy_focused	MALAT1_A549_NGG_0064	20	0.05066667
efficacy_focused	MALAT1_A549_NGG_0064	21	0.06203333
efficacy_focused	MALAT1_A549_NGG_0064	22	0.06936667
efficacy_focused	MALAT1_A549_NGG_0064	23	0.06503333
efficacy_focused	MALAT1_A549_NGG_0064	24	0.05813333
efficacy_focused	MALAT1_A549_NGG_0064	25	0.05036667
efficacy_focused	MALAT1_A549_NGG_0064	26	0.04696667
efficacy_focused	MALAT1_A549_NGG_0064	27	0.04226667
efficacy_focused	MALAT1_A549_NGG_0064	28	0.0411
efficacy_focused	MALAT1_A549_NGG_0064	29	0.03903333
efficacy_focused	MALAT1_A549_NGG_0064	30	0.03453333
efficacy_focused	MALAT1_A549_NGG_0064	31	0.0356
efficacy_focused	MALAT1_A549_NGG_0064	32	0.03623333
efficacy_focused	MALAT1_A549_NGG_0064	33	0.03406667
efficacy_focused	MALAT1_A549_NGG_0064	34	0.03326667
efficacy_focused	MALAT1_A549_NGG_0064	35	0.03186667
efficacy_focused	MALAT1_A549_NGG_0064	36	0.033
efficacy_focused	MALAT1_A549_NGG_0064	37	0.03326667
efficacy_focused	MALAT1_A549_NGG_0064	38	0.0308
efficacy_focused	MALAT1_A549_NGG_0064	39	0.02806667
efficacy_focused	MALAT1_A549_NGG_0064	40	0.02296667
efficacy_focused	MALAT1_A549_NGG_0064	41	0.01723333
efficacy_focused	MALAT1_A549_NGG_0064	42	0.0113
efficacy_focused	MALAT1_A549_NGG_0064	43	0.00823333
efficacy_focused	MALAT1_A549_NGG_0064	44	0.00583333
efficacy_focused	MALAT1_A549_NGG_0064	45	0.00383333
efficacy_focused	MALAT1_A549_NGG_0064	46	0.00353333
efficacy_focused	MALAT1_A549_NGG_0064	47	0.0034
efficacy_focused	MALAT1_A549_NGG_0064	48	0.0026
efficacy_focused	MALAT1_A549_NGG_0064	49	0.00233333
efficacy_focused	MALAT1_A549_NGG_0064	50	0.0015
efficacy_focused	MALAT1_A549_NGG_0064	51	0.00166667
efficacy_focused	MALAT1_A549_NGG_0064	52	0.0017
efficacy_focused	MALAT1_A549_NGG_0064	53	0.0014
efficacy_focused	MALAT1_A549_NGG_0064	54	0.00136667
efficacy_focused	MALAT1_A549_NGG_0064	55	0.0015
efficacy_focused	MALAT1_A549_NGG_0064	56	0.00136667
efficacy_focused	MALAT1_A549_NGG_0064	57	0.0009
efficacy_focused	MALAT1_A549_NGG_0064	58	0.00066667
efficacy_focused	MALAT1_A549_NGG_0064	59	0.00026667
efficacy_focused	MALAT1_A549_NGG_0064	60	0.00053333
efficacy_focused	MALAT1_A549_NGG_0064	61	0.00043333
efficacy_focused	MALAT1_A549_NGG_0064	62	0.00046667
efficacy_focused	MALAT1_A549_NGG_0064	63	0.00033333
efficacy_focused	MALAT1_A549_NGG_0064	64	0.00033333
efficacy_focused	MALAT1_A549_NGG_0064	65	0.0005
efficacy_focused	MALAT1_A549_NGG_0064	66	0.00026667
efficacy_focused	MALAT1_A549_NGG_0064	67	0.0002
efficacy_focused	MALAT1_A549_NGG_0064	68	0.0001
efficacy_focused	MALAT1_A549_NGG_0064	69	0.0001
efficacy_focused	MALAT1_A549_NGG_0064	70	6.667e-05
efficacy_focused	MALAT1_A549_NGG_0064	71	6.667e-05
efficacy_focused	MALAT1_A549_NGG_0064	72	0.0
efficacy_focused	MALAT1_A549_NGG_0064	73	0.0
efficacy_focused	MALAT1_A549_NGG_0064	74	0.0
efficacy_focused	MALAT1_A549_NGG_0064	75	3.333e-05
efficacy_focused	MALAT1_A549_NGG_0064	76	0.0
efficacy_focused	MALAT1_A549_NGG_0064	77	0.0
efficacy_focused	MALAT1_A549_NGG_0064	78	0.0
efficacy_focused	MALAT1_A549_NGG_0064	79	0.0
efficacy_focused	MALAT1_A549_NGG_0064	80	0.0
efficacy_focused	MALAT1_A549_NGG_0064	81	0.0
efficacy_focused	MALAT1_A549_NGG_0064	82	0.0
efficacy_focused	MALAT1_A549_NGG_0064	83	0.0
efficacy_focused	MALAT1_A549_NGG_0064	84	0.0
efficacy_focused	MALAT1_A549_NGG_0064	85	0.0
efficacy_focused	MALAT1_A549_NGG_0064	86	0.0
efficacy_focused	MALAT1_A549_NGG_0065	1	0.0
efficacy_focused	MALAT1_A549_NGG_0065	2	0.0
efficacy_focused	MALAT1_A549_NGG_0065	3	0.0
efficacy_focused	MALAT1_A549_NGG_0065	4	0.0
efficacy_focused	MALAT1_A549_NGG_0065	5	0.0
efficacy_focused	MALAT1_A549_NGG_0065	6	0.0
efficacy_focused	MALAT1_A549_NGG_0065	7	0.0
efficacy_focused	MALAT1_A549_NGG_0065	8	0.0
efficacy_focused	MALAT1_A549_NGG_0065	9	0.0
efficacy_focused	MALAT1_A549_NGG_0065	10	0.0
efficacy_focused	MALAT1_A549_NGG_0065	11	0.0
efficacy_focused	MALAT1_A549_NGG_0065	12	0.0
efficacy_focused	MALAT1_A549_NGG_0065	13	0.0
efficacy_focused	MALAT1_A549_NGG_0065	14	0.0
efficacy_focused	MALAT1_A549_NGG_0065	15	0.0
efficacy_focused	MALAT1_A549_NGG_0065	16	0.0
efficacy_focused	MALAT1_A549_NGG_0065	17	3.333e-05
efficacy_focused	MALAT1_A549_NGG_0065	18	0.0054
efficacy_focused	MALAT1_A549_NGG_0065	19	0.0111
efficacy_focused	MALAT1_A549_NGG_0065	20	0.0227
efficacy_focused	MALAT1_A549_NGG_0065	21	0.03783333
efficacy_focused	MALAT1_A549_NGG_0065	22	0.07203333
efficacy_focused	MALAT1_A549_NGG_0065	23	0.05776667
efficacy_focused	MALAT1_A549_NGG_0065	24	0.068
efficacy_focused	MALAT1_A549_NGG_0065	25	0.05053333
efficacy_focused	MALAT1_A549_NGG_0065	26	0.04683333
efficacy_focused	MALAT1_A549_NGG_0065	27	0.04713333
efficacy_focused	MALAT1_A549_NGG_0065	28	0.04376667
efficacy_focused	MALAT1_A549_NGG_0065	29	0.041
efficacy_focused	MALAT1_A549_NGG_0065	30	0.0394
efficacy_focused	MALAT1_A549_NGG_0065	31	0.03356667
efficacy_focused	MALAT1_A549_NGG_0065	32	0.0373
efficacy_focused	MALAT1_A549_NGG_0065	33	0.03386667
efficacy_focused	MALAT1_A549_NGG_0065	34	0.0362
efficacy_focused	MALAT1_A549_NGG_0065	35	0.03606667
efficacy_focused	MALAT1_A549_NGG_0065	36	0.03626667
efficacy_focused	MALAT1_A549_NGG_0065	37	0.03533333
efficacy_focused	MALAT1_A549_NGG_0065	38	0.0363
efficacy_focused	MALAT1_A549_NGG_0065	39	0.03466667
efficacy_focused	MALAT1_A549_NGG_0065	40	0.0287
efficacy_focused	MALAT1_A549_NGG_0065	41	0.02316667
efficacy_focused	MALAT1_A549_NGG_0065	42	0.02073333
efficacy_focused	MALAT1_A549_NGG_0065	43	0.01173333
efficacy_focused	MALAT1_A549_NGG_0065	44	0.00906667
efficacy_focused	MALAT1_A549_NGG_0065	45	0.00656667
efficacy_focused	MALAT1_A549_NGG_0065	46	0.00476667
efficacy_focused	MALAT1_A549_NGG_0065	47	0.0049
efficacy_focused	MALAT1_A549_NGG_0065	48	0.0034
efficacy_focused	MALAT1_A549_NGG_0065	49	0.0026
efficacy_focused	MALAT1_A549_NGG_0065	50	0.00203333
efficacy_focused	MALAT1_A549_NGG_0065	51	0.0021
efficacy_focused	MALAT1_A549_NGG_0065	52	0.00223333
efficacy_focused	MALAT1_A549_NGG_0065	53	0.00176667
efficacy_focused	MALAT1_A549_NGG_0065	54	0.00163333
efficacy_focused	MALAT1_A549_NGG_0065	55	0.0017
efficacy_focused	MALAT1_A549_NGG_0065	56	0.0016
efficacy_focused	MALAT1_A549_NGG_0065	57	0.00146667
efficacy_focused	MALAT1_A549_NGG_0065	58	0.00106667
efficacy_focused	MALAT1_A549_NGG_0065	59	0.00083333
efficacy_focused	MALAT1_A549_NGG_0065	60	0.00053333
efficacy_focused	MALAT1_A549_NGG_0065	61	0.00066667
efficacy_focused	MALAT1_A549_NGG_0065	62	0.00076667
efficacy_focused	MALAT1_A549_NGG_0065	63	0.0007
efficacy_focused	MALAT1_A549_NGG_0065	64	0.0005
efficacy_focused	MALAT1_A549_NGG_0065	65	0.00046667
efficacy_focused	MALAT1_A549_NGG_0065	66	0.00026667
efficacy_focused	MALAT1_A549_NGG_0065	67	0.0005
efficacy_focused	MALAT1_A549_NGG_0065	68	0.00016667
efficacy_focused	MALAT1_A549_NGG_0065	69	0.00016667
efficacy_focused	MALAT1_A549_NGG_0065	70	0.0
efficacy_focused	MALAT1_A549_NGG_0065	71	0.0
efficacy_focused	MALAT1_A549_NGG_0065	72	6.667e-05
efficacy_focused	MALAT1_A549_NGG_0065	73	0.0
efficacy_focused	MALAT1_A549_NGG_0065	74	0.0
efficacy_focused	MALAT1_A549_NGG_0065	75	0.0
efficacy_focused	MALAT1_A549_NGG_0065	76	3.333e-05
efficacy_focused	MALAT1_A549_NGG_0065	77	0.0
efficacy_focused	MALAT1_A549_NGG_0065	78	0.0
efficacy_focused	MALAT1_A549_NGG_0065	79	0.0
efficacy_focused	MALAT1_A549_NGG_0065	80	0.0
efficacy_focused	MALAT1_A549_NGG_0065	81	0.0
efficacy_focused	MALAT1_A549_NGG_0065	82	0.0
efficacy_focused	MALAT1_A549_NGG_0065	83	0.0
efficacy_focused	MALAT1_A549_NGG_0065	84	0.0
efficacy_focused	MALAT1_A549_NGG_0065	85	0.0
efficacy_focused	MALAT1_A549_NGG_0065	86	0.0
efficacy_focused	MALAT1_A549_NGG_0066	1	0.0
efficacy_focused	MALAT1_A549_NGG_0066	2	0.0
efficacy_focused	MALAT1_A549_NGG_0066	3	0.0
efficacy_focused	MALAT1_A549_NGG_0066	4	0.0
efficacy_focused	MALAT1_A549_NGG_0066	5	0.0
efficacy_focused	MALAT1_A549_NGG_0066	6	0.0
efficacy_focused	MALAT1_A549_NGG_0066	7	0.0
efficacy_focused	MALAT1_A549_NGG_0066	8	0.0
efficacy_focused	MALAT1_A549_NGG_0066	9	0.0
efficacy_focused	MALAT1_A549_NGG_0066	10	0.0
efficacy_focused	MALAT1_A549_NGG_0066	11	0.0
efficacy_focused	MALAT1_A549_NGG_0066	12	0.0
efficacy_focused	MALAT1_A549_NGG_0066	13	0.0
efficacy_focused	MALAT1_A549_NGG_0066	14	0.0
efficacy_focused	MALAT1_A549_NGG_0066	15	0.00016667
efficacy_focused	MALAT1_A549_NGG_0066	16	0.00013333
efficacy_focused	MALAT1_A549_NGG_0066	17	0.0001
efficacy_focused	MALAT1_A549_NGG_0066	18	0.03043333
efficacy_focused	MALAT1_A549_NGG_0066	19	0.0499
efficacy_focused	MALAT1_A549_NGG_0066	20	0.06663333
efficacy_focused	MALAT1_A549_NGG_0066	21	0.0728
efficacy_focused	MALAT1_A549_NGG_0066	22	0.07123333
efficacy_focused	MALAT1_A549_NGG_0066	23	0.05873333
efficacy_focused	MALAT1_A549_NGG_0066	24	0.05216667
efficacy_focused	MALAT1_A549_NGG_0066	25	0.0479
efficacy_focused	MALAT1_A549_NGG_0066	26	0.04506667
efficacy_focused	MALAT1_A549_NGG_0066	27	0.0427
efficacy_focused	MALAT1_A549_NGG_0066	28	0.04036667
efficacy_focused	MALAT1_A549_NGG_0066	29	0.03703333
efficacy_focused	MALAT1_A549_NGG_0066	30	0.03586667
efficacy_focused	MALAT1_A549_NGG_0066	31	0.03413333
efficacy_focused	MALAT1_A549_NGG_0066	32	0.03386667
efficacy_focused	MALAT1_A549_NGG_0066	33	0.0317
efficacy_focused	MALAT1_A549_NGG_0066	34	0.03186667
efficacy_focused	MALAT1_A549_NGG_0066	35	0.03223333
efficacy_focused	MALAT1_A549_NGG_0066	36	0.03046667
efficacy_focused	MALAT1_A549_NGG_0066	37	0.0286
efficacy_focused	MALAT1_A549_NGG_0066	38	0.02723333
efficacy_focused	MALAT1_A549_NGG_0066	39	0.02376667
efficacy_focused	MALAT1_A549_NGG_0066	40	0.0161
efficacy_focused	MALAT1_A549_NGG_0066	41	0.01243333
efficacy_focused	MALAT1_A549_NGG_0066	42	0.00816667
efficacy_focused	MALAT1_A549_NGG_0066	43	0.00586667
efficacy_focused	MALAT1_A549_NGG_0066	44	0.0044
efficacy_focused	MALAT1_A549_NGG_0066	45	0.00456667
efficacy_focused	MALAT1_A549_NGG_0066	46	0.00293333
efficacy_focused	MALAT1_A549_NGG_0066	47	0.00273333
efficacy_focused	MALAT1_A549_NGG_0066	48	0.00183333
efficacy_focused	MALAT1_A549_NGG_0066	49	0.0021
efficacy_focused	MALAT1_A549_NGG_0066	50	0.00176667
efficacy_focused	MALAT1_A549_NGG_0066	51	0.00163333
efficacy_focused	MALAT1_A549_NGG_0066	52	0.00126667
efficacy_focused	MALAT1_A549_NGG_0066	53	0.00126667
efficacy_focused	MALAT1_A549_NGG_0066	54	0.0012
efficacy_focused	MALAT1_A549_NGG_0066	55	0.001
efficacy_focused	MALAT1_A549_NGG_0066	56	0.0012
efficacy_focused	MALAT1_A549_NGG_0066	57	0.0007
efficacy_focused	MALAT1_A549_NGG_0066	58	0.00036667
efficacy_focused	MALAT1_A549_NGG_0066	59	0.0006
efficacy_focused	MALAT1_A549_NGG_0066	60	0.00033333
efficacy_focused	MALAT1_A549_NGG_0066	61	0.00043333
efficacy_focused	MALAT1_A549_NGG_0066	62	0.00046667
efficacy_focused	MALAT1_A549_NGG_0066	63	0.00033333
efficacy_focused	MALAT1_A549_NGG_0066	64	0.0005
efficacy_focused	MALAT1_A549_NGG_0066	65	0.0005
efficacy_focused	MALAT1_A549_NGG_0066	66	3.333e-05
efficacy_focused	MALAT1_A549_NGG_0066	67	0.0001
efficacy_focused	MALAT1_A549_NGG_0066	68	3.333e-05
efficacy_focused	MALAT1_A549_NGG_0066	69	0.0
efficacy_focused	MALAT1_A549_NGG_0066	70	0.0
efficacy_focused	MALAT1_A549_NGG_0066	71	0.0
efficacy_focused	MALAT1_A549_NGG_0066	72	3.333e-05
efficacy_focused	MALAT1_A549_NGG_0066	73	0.0
efficacy_focused	MALAT1_A549_NGG_0066	74	0.0
efficacy_focused	MALAT1_A549_NGG_0066	75	0.0
efficacy_focused	MALAT1_A549_NGG_0066	76	0.0
efficacy_focused	MALAT1_A549_NGG_0066	77	0.0
efficacy_focused	MALAT1_A549_NGG_0066	78	0.0
efficacy_focused	MALAT1_A549_NGG_0066	79	0.0
efficacy_focused	MALAT1_A549_NGG_0066	80	0.0
efficacy_focused	MALAT1_A549_NGG_0066	81	0.0
efficacy_focused	MALAT1_A549_NGG_0066	82	0.0
efficacy_focused	MALAT1_A549_NGG_0066	83	0.0
efficacy_focused	MALAT1_A549_NGG_0066	84	0.0
efficacy_focused	MALAT1_A549_NGG_0066	85	0.0
efficacy_focused	MALAT1_A549_NGG_0066	86	0.0
efficacy_focused	MALAT1_A549_NGG_0067	1	0.0
efficacy_focused	MALAT1_A549_NGG_0067	2	0.0
efficacy_focused	MALAT1_A549_NGG_0067	3	0.0
efficacy_focused	MALAT1_A549_NGG_0067	4	0.0
efficacy_focused	MALAT1_A549_NGG_0067	5	0.0
efficacy_focused	MALAT1_A549_NGG_0067	6	0.0
efficacy_focused	MALAT1_A549_NGG_0067	7	0.00016667
efficacy_focused	MALAT1_A549_NGG_0067	8	0.00013333
efficacy_focused	MALAT1_A549_NGG_0067	9	0.00033333
efficacy_focused	MALAT1_A549_NGG_0067	10	0.00063333
efficacy_focused	MALAT1_A549_NGG_0067	11	0.00056667
efficacy_focused	MALAT1_A549_NGG_0067	12	0.00076667
efficacy_focused	MALAT1_A549_NGG_0067	13	0.0007
efficacy_focused	MALAT1_A549_NGG_0067	14	0.00123333
efficacy_focused	MALAT1_A549_NGG_0067	15	0.0014
efficacy_focused	MALAT1_A549_NGG_0067	16	0.00116667
efficacy_focused	MALAT1_A549_NGG_0067	17	0.00186667
efficacy_focused	MALAT1_A549_NGG_0067	18	0.00413333
efficacy_focused	MALAT1_A549_NGG_0067	19	0.00776667
efficacy_focused	MALAT1_A549_NGG_0067	20	0.01746667
efficacy_focused	MALAT1_A549_NGG_0067	21	0.02563333
efficacy_focused	MALAT1_A549_NGG_0067	22	0.0333
efficacy_focused	MALAT1_A549_NGG_0067	23	0.04123333
efficacy_focused	MALAT1_A549_NGG_0067	24	0.0526
efficacy_focused	MALAT1_A549_NGG_0067	25	0.06746667
efficacy_focused	MALAT1_A549_NGG_0067	26	0.07623333
efficacy_focused	MALAT1_A549_NGG_0067	27	0.0785
efficacy_focused	MALAT1_A549_NGG_0067	28	0.07786667
efficacy_focused	MALAT1_A549_NGG_0067	29	0.0919
efficacy_focused	MALAT1_A549_NGG_0067	30	0.0952
efficacy_focused	MALAT1_A549_NGG_0067	31	0.0872
efficacy_focused	MALAT1_A549_NGG_0067	32	0.076
efficacy_focused	MALAT1_A549_NGG_0067	33	0.05896667
efficacy_focused	MALAT1_A549_NGG_0067	34	0.03976667
efficacy_focused	MALAT1_A549_NGG_0067	35	0.0254
efficacy_focused	MALAT1_A549_NGG_0067	36	0.01506667
efficacy_focused	MALAT1_A549_NGG_0067	37	0.00843333
efficacy_focused	MALAT1_A549_NGG_0067	38	0.00493333
efficacy_focused	MALAT1_A549_NGG_0067	39	0.00256667
efficacy_focused	MALAT1_A549_NGG_0067	40	0.0019
efficacy_focused	MALAT1_A549_NGG_0067	41	0.0009
efficacy_focused	MALAT1_A549_NGG_0067	42	0.00023333
efficacy_focused	MALAT1_A549_NGG_0067	43	0.0002
efficacy_focused	MALAT1_A549_NGG_0067	44	6.667e-05
efficacy_focused	MALAT1_A549_NGG_0067	45	6.667e-05
efficacy_focused	MALAT1_A549_NGG_0067	46	0.0
efficacy_focused	MALAT1_A549_NGG_0067	47	0.0
efficacy_focused	MALAT1_A549_NGG_0067	48	0.0
efficacy_focused	MALAT1_A549_NGG_0067	49	0.0
efficacy_focused	MALAT1_A549_NGG_0067	50	0.0
efficacy_focused	MALAT1_A549_NGG_0067	51	0.0
efficacy_focused	MALAT1_A549_NGG_0067	52	0.0
efficacy_focused	MALAT1_A549_NGG_0067	53	0.0
efficacy_focused	MALAT1_A549_NGG_0067	54	0.0
efficacy_focused	MALAT1_A549_NGG_0067	55	3.333e-05
efficacy_focused	MALAT1_A549_NGG_0067	56	0.0
efficacy_focused	MALAT1_A549_NGG_0067	57	0.0
efficacy_focused	MALAT1_A549_NGG_0067	58	0.0
efficacy_focused	MALAT1_A549_NGG_0067	59	0.0
efficacy_focused	MALAT1_A549_NGG_0067	60	0.0
efficacy_focused	MALAT1_A549_NGG_0067	61	0.0
efficacy_focused	MALAT1_A549_NGG_0067	62	0.0
efficacy_focused	MALAT1_A549_NGG_0067	63	0.0
efficacy_focused	MALAT1_A549_NGG_0067	64	0.0
efficacy_focused	MALAT1_A549_NGG_0067	65	0.0
efficacy_focused	MALAT1_A549_NGG_0067	66	0.0
efficacy_focused	MALAT1_A549_NGG_0067	67	0.0
efficacy_focused	MALAT1_A549_NGG_0067	68	0.0
efficacy_focused	MALAT1_A549_NGG_0067	69	0.0
efficacy_focused	MALAT1_A549_NGG_0067	70	0.0
efficacy_focused	MALAT1_A549_NGG_0067	71	0.0
efficacy_focused	MALAT1_A549_NGG_0067	72	0.0
efficacy_focused	MALAT1_A549_NGG_0067	73	0.0
efficacy_focused	MALAT1_A549_NGG_0067	74	0.0
efficacy_focused	MALAT1_A549_NGG_0067	75	0.0
efficacy_focused	MALAT1_A549_NGG_0067	76	0.0
efficacy_focused	MALAT1_A549_NGG_0067	77	0.0
efficacy_focused	MALAT1_A549_NGG_0067	78	0.0
efficacy_focused	MALAT1_A549_NGG_0067	79	0.0
efficacy_focused	MALAT1_A549_NGG_0067	80	0.0
efficacy_focused	MALAT1_A549_NGG_0067	81	0.0
efficacy_focused	MALAT1_A549_NGG_0067	82	0.0
efficacy_focused	MALAT1_A549_NGG_0067	83	0.0
efficacy_focused	MALAT1_A549_NGG_0067	84	0.0
efficacy_focused	MALAT1_A549_NGG_0067	85	0.0
efficacy_focused	MALAT1_A549_NGG_0067	86	0.0
efficacy_focused	MALAT1_A549_NGG_0068	1	0.0
efficacy_focused	MALAT1_A549_NGG_0068	2	0.0
efficacy_focused	MALAT1_A549_NGG_0068	3	0.0
efficacy_focused	MALAT1_A549_NGG_0068	4	0.0
efficacy_focused	MALAT1_A549_NGG_0068	5	0.0
efficacy_focused	MALAT1_A549_NGG_0068	6	0.0
efficacy_focused	MALAT1_A549_NGG_0068	7	0.0
efficacy_focused	MALAT1_A549_NGG_0068	8	0.0001
efficacy_focused	MALAT1_A549_NGG_0068	9	0.0001
efficacy_focused	MALAT1_A549_NGG_0068	10	3.333e-05
efficacy_focused	MALAT1_A549_NGG_0068	11	0.0002
efficacy_focused	MALAT1_A549_NGG_0068	12	0.00023333
efficacy_focused	MALAT1_A549_NGG_0068	13	0.0002
efficacy_focused	MALAT1_A549_NGG_0068	14	0.00036667
efficacy_focused	MALAT1_A549_NGG_0068	15	0.00046667
efficacy_focused	MALAT1_A549_NGG_0068	16	0.00036667
efficacy_focused	MALAT1_A549_NGG_0068	17	0.00053333
efficacy_focused	MALAT1_A549_NGG_0068	18	0.0012
efficacy_focused	MALAT1_A549_NGG_0068	19	0.00216667
efficacy_focused	MALAT1_A549_NGG_0068	20	0.00383333
efficacy_focused	MALAT1_A549_NGG_0068	21	0.00713333
efficacy_focused	MALAT1_A549_NGG_0068	22	0.01163333
efficacy_focused	MALAT1_A549_NGG_0068	23	0.01493333
efficacy_focused	MALAT1_A549_NGG_0068	24	0.02183333
efficacy_focused	MALAT1_A549_NGG_0068	25	0.02973333
efficacy_focused	MALAT1_A549_NGG_0068	26	0.0408
efficacy_focused	MALAT1_A549_NGG_0068	27	0.04936667
efficacy_focused	MALAT1_A549_NGG_0068	28	0.06166667
efficacy_focused	MALAT1_A549_NGG_0068	29	0.06863333
efficacy_focused	MALAT1_A549_NGG_0068	30	0.07876667
efficacy_focused	MALAT1_A549_NGG_0068	31	0.08943333
efficacy_focused	MALAT1_A549_NGG_0068	32	0.09673333
efficacy_focused	MALAT1_A549_NGG_0068	33	0.10056667
efficacy_focused	MALAT1_A549_NGG_0068	34	0.09483333
efficacy_focused	MALAT1_A549_NGG_0068	35	0.07183333
efficacy_focused	MALAT1_A549_NGG_0068	36	0.05396667
efficacy_focused	MALAT1_A549_NGG_0068	37	0.03856667
efficacy_focused	MALAT1_A549_NGG_0068	38	0.02403333
efficacy_focused	MALAT1_A549_NGG_0068	39	0.01546667
efficacy_focused	MALAT1_A549_NGG_0068	40	0.00883333
efficacy_focused	MALAT1_A549_NGG_0068	41	0.00586667
efficacy_focused	MALAT1_A549_NGG_0068	42	0.00293333
efficacy_focused	MALAT1_A549_NGG_0068	43	0.00133333
efficacy_focused	MALAT1_A549_NGG_0068	44	0.0003
efficacy_focused	MALAT1_A549_NGG_0068	45	0.00046667
efficacy_focused	MALAT1_A549_NGG_0068	46	0.00016667
efficacy_focused	MALAT1_A549_NGG_0068	47	0.00013333
efficacy_focused	MALAT1_A549_NGG_0068	48	6.667e-05
efficacy_focused	MALAT1_A549_NGG_0068	49	6.667e-05
efficacy_focused	MALAT1_A549_NGG_0068	50	3.333e-05
efficacy_focused	MALAT1_A549_NGG_0068	51	6.667e-05
efficacy_focused	MALAT1_A549_NGG_0068	52	0.0
efficacy_focused	MALAT1_A549_NGG_0068	53	0.0
efficacy_focused	MALAT1_A549_NGG_0068	54	0.0
efficacy_focused	MALAT1_A549_NGG_0068	55	0.0
efficacy_focused	MALAT1_A549_NGG_0068	56	0.0
efficacy_focused	MALAT1_A549_NGG_0068	57	0.0
efficacy_focused	MALAT1_A549_NGG_0068	58	0.0
efficacy_focused	MALAT1_A549_NGG_0068	59	0.0
efficacy_focused	MALAT1_A549_NGG_0068	60	0.0
efficacy_focused	MALAT1_A549_NGG_0068	61	0.0
efficacy_focused	MALAT1_A549_NGG_0068	62	0.0
efficacy_focused	MALAT1_A549_NGG_0068	63	0.0
efficacy_focused	MALAT1_A549_NGG_0068	64	0.0
efficacy_focused	MALAT1_A549_NGG_0068	65	0.0
efficacy_focused	MALAT1_A549_NGG_0068	66	0.0
efficacy_focused	MALAT1_A549_NGG_0068	67	0.0
efficacy_focused	MALAT1_A549_NGG_0068	68	0.0
efficacy_focused	MALAT1_A549_NGG_0068	69	0.0
efficacy_focused	MALAT1_A549_NGG_0068	70	0.0
efficacy_focused	MALAT1_A549_NGG_0068	71	0.0
efficacy_focused	MALAT1_A549_NGG_0068	72	0.0
efficacy_focused	MALAT1_A549_NGG_0068	73	0.0
efficacy_focused	MALAT1_A549_NGG_0068	74	0.0
efficacy_focused	MALAT1_A549_NGG_0068	75	0.0
efficacy_focused	MALAT1_A549_NGG_0068	76	0.0
efficacy_focused	MALAT1_A549_NGG_0068	77	0.0
efficacy_focused	MALAT1_A549_NGG_0068	78	0.0
efficacy_focused	MALAT1_A549_NGG_0068	79	0.0
efficacy_focused	MALAT1_A549_NGG_0068	80	0.0
efficacy_focused	MALAT1_A549_NGG_0068	81	0.0
efficacy_focused	MALAT1_A549_NGG_0068	82	0.0
efficacy_focused	MALAT1_A549_NGG_0068	83	0.0
efficacy_focused	MALAT1_A549_NGG_0068	84	0.0
efficacy_focused	MALAT1_A549_NGG_0068	85	0.0
efficacy_focused	MALAT1_A549_NGG_0068	86	0.0
efficacy_focused	MALAT1_A549_NGG_0069	1	0.0
efficacy_focused	MALAT1_A549_NGG_0069	2	0.0
efficacy_focused	MALAT1_A549_NGG_0069	3	0.0
efficacy_focused	MALAT1_A549_NGG_0069	4	0.0
efficacy_focused	MALAT1_A549_NGG_0069	5	0.0
efficacy_focused	MALAT1_A549_NGG_0069	6	0.0
efficacy_focused	MALAT1_A549_NGG_0069	7	0.0
efficacy_focused	MALAT1_A549_NGG_0069	8	0.0
efficacy_focused	MALAT1_A549_NGG_0069	9	0.0
efficacy_focused	MALAT1_A549_NGG_0069	10	0.0
efficacy_focused	MALAT1_A549_NGG_0069	11	0.0
efficacy_focused	MALAT1_A549_NGG_0069	12	6.667e-05
efficacy_focused	MALAT1_A549_NGG_0069	13	0.0
efficacy_focused	MALAT1_A549_NGG_0069	14	3.333e-05
efficacy_focused	MALAT1_A549_NGG_0069	15	3.333e-05
efficacy_focused	MALAT1_A549_NGG_0069	16	3.333e-05
efficacy_focused	MALAT1_A549_NGG_0069	17	0.00023333
efficacy_focused	MALAT1_A549_NGG_0069	18	0.00023333
efficacy_focused	MALAT1_A549_NGG_0069	19	0.00013333
efficacy_focused	MALAT1_A549_NGG_0069	20	0.00043333
efficacy_focused	MALAT1_A549_NGG_0069	21	0.0003
efficacy_focused	MALAT1_A549_NGG_0069	22	0.00113333
efficacy_focused	MALAT1_A549_NGG_0069	23	0.00173333
efficacy_focused	MALAT1_A549_NGG_0069	24	0.00306667
efficacy_focused	MALAT1_A549_NGG_0069	25	0.0046
efficacy_focused	MALAT1_A549_NGG_0069	26	0.007
efficacy_focused	MALAT1_A549_NGG_0069	27	0.01173333
efficacy_focused	MALAT1_A549_NGG_0069	28	0.0185
efficacy_focused	MALAT1_A549_NGG_0069	29	0.02713333
efficacy_focused	MALAT1_A549_NGG_0069	30	0.03576667
efficacy_focused	MALAT1_A549_NGG_0069	31	0.04176667
efficacy_focused	MALAT1_A549_NGG_0069	32	0.05206667
efficacy_focused	MALAT1_A549_NGG_0069	33	0.06926667
efficacy_focused	MALAT1_A549_NGG_0069	34	0.08956667
efficacy_focused	MALAT1_A549_NGG_0069	35	0.12033333
efficacy_focused	MALAT1_A549_NGG_0069	36	0.11036667
efficacy_focused	MALAT1_A549_NGG_0069	37	0.10423333
efficacy_focused	MALAT1_A549_NGG_0069	38	0.08626667
efficacy_focused	MALAT1_A549_NGG_0069	39	0.0721
efficacy_focused	MALAT1_A549_NGG_0069	40	0.04963333
efficacy_focused	MALAT1_A549_NGG_0069	41	0.0345
efficacy_focused	MALAT1_A549_NGG_0069	42	0.02403333
efficacy_focused	MALAT1_A549_NGG_0069	43	0.0136
efficacy_focused	MALAT1_A549_NGG_0069	44	0.0081
efficacy_focused	MALAT1_A549_NGG_0069	45	0.00416667
efficacy_focused	MALAT1_A549_NGG_0069	46	0.00276667
efficacy_focused	MALAT1_A549_NGG_0069	47	0.0017
efficacy_focused	MALAT1_A549_NGG_0069	48	0.00116667
efficacy_focused	MALAT1_A549_NGG_0069	49	0.00073333
efficacy_focused	MALAT1_A549_NGG_0069	50	0.00053333
efficacy_focused	MALAT1_A549_NGG_0069	51	0.00036667
efficacy_focused	MALAT1_A549_NGG_0069	52	0.00023333
efficacy_focused	MALAT1_A549_NGG_0069	53	0.00013333
efficacy_focused	MALAT1_A549_NGG_0069	54	3.333e-05
efficacy_focused	MALAT1_A549_NGG_0069	55	6.667e-05
efficacy_focused	MALAT1_A549_NGG_0069	56	0.0
efficacy_focused	MALAT1_A549_NGG_0069	57	6.667e-05
efficacy_focused	MALAT1_A549_NGG_0069	58	3.333e-05
efficacy_focused	MALAT1_A549_NGG_0069	59	0.0
efficacy_focused	MALAT1_A549_NGG_0069	60	0.0
efficacy_focused	MALAT1_A549_NGG_0069	61	0.0
efficacy_focused	MALAT1_A549_NGG_0069	62	0.0
efficacy_focused	MALAT1_A549_NGG_0069	63	0.0
efficacy_focused	MALAT1_A549_NGG_0069	64	0.0
efficacy_focused	MALAT1_A549_NGG_0069	65	0.0
efficacy_focused	MALAT1_A549_NGG_0069	66	0.0
efficacy_focused	MALAT1_A549_NGG_0069	67	0.0
efficacy_focused	MALAT1_A549_NGG_0069	68	0.0
efficacy_focused	MALAT1_A549_NGG_0069	69	0.0
efficacy_focused	MALAT1_A549_NGG_0069	70	0.0
efficacy_focused	MALAT1_A549_NGG_0069	71	0.0
efficacy_focused	MALAT1_A549_NGG_0069	72	0.0
efficacy_focused	MALAT1_A549_NGG_0069	73	0.0
efficacy_focused	MALAT1_A549_NGG_0069	74	0.0
efficacy_focused	MALAT1_A549_NGG_0069	75	0.0
efficacy_focused	MALAT1_A549_NGG_0069	76	0.0
efficacy_focused	MALAT1_A549_NGG_0069	77	0.0
efficacy_focused	MALAT1_A549_NGG_0069	78	0.0
efficacy_focused	MALAT1_A549_NGG_0069	79	0.0
efficacy_focused	MALAT1_A549_NGG_0069	80	0.0
efficacy_focused	MALAT1_A549_NGG_0069	81	0.0
efficacy_focused	MALAT1_A549_NGG_0069	82	0.0
efficacy_focused	MALAT1_A549_NGG_0069	83	0.0
efficacy_focused	MALAT1_A549_NGG_0069	84	0.0
efficacy_focused	MALAT1_A549_NGG_0069	85	0.0
efficacy_focused	MALAT1_A549_NGG_0069	86	0.0
efficacy_focused	MALAT1_A549_NGG_0070	1	0.0
efficacy_focused	MALAT1_A549_NGG_0070	2	0.0
efficacy_focused	MALAT1_A549_NGG_0070	3	0.0
efficacy_focused	MALAT1_A549_NGG_0070	4	0.0
efficacy_focused	MALAT1_A549_NGG_0070	5	0.0
efficacy_focused	MALAT1_A549_NGG_0070	6	0.0
efficacy_focused	MALAT1_A549_NGG_0070	7	0.0
efficacy_focused	MALAT1_A549_NGG_0070	8	0.0
efficacy_focused	MALAT1_A549_NGG_0070	9	0.0
efficacy_focused	MALAT1_A549_NGG_0070	10	0.0
efficacy_focused	MALAT1_A549_NGG_0070	11	0.0
efficacy_focused	MALAT1_A549_NGG_0070	12	0.0
efficacy_focused	MALAT1_A549_NGG_0070	13	0.0
efficacy_focused	MALAT1_A549_NGG_0070	14	3.333e-05
efficacy_focused	MALAT1_A549_NGG_0070	15	0.0
efficacy_focused	MALAT1_A549_NGG_0070	16	0.0
efficacy_focused	MALAT1_A549_NGG_0070	17	0.0
efficacy_focused	MALAT1_A549_NGG_0070	18	0.0
efficacy_focused	MALAT1_A549_NGG_0070	19	0.0
efficacy_focused	MALAT1_A549_NGG_0070	20	0.0
efficacy_focused	MALAT1_A549_NGG_0070	21	0.0
efficacy_focused	MALAT1_A549_NGG_0070	22	0.0
efficacy_focused	MALAT1_A549_NGG_0070	23	0.0
efficacy_focused	MALAT1_A549_NGG_0070	24	0.0
efficacy_focused	MALAT1_A549_NGG_0070	25	0.0
efficacy_focused	MALAT1_A549_NGG_0070	26	0.00013333
efficacy_focused	MALAT1_A549_NGG_0070	27	3.333e-05
efficacy_focused	MALAT1_A549_NGG_0070	28	0.0001
efficacy_focused	MALAT1_A549_NGG_0070	29	0.00033333
efficacy_focused	MALAT1_A549_NGG_0070	30	0.0004
efficacy_focused	MALAT1_A549_NGG_0070	31	0.00063333
efficacy_focused	MALAT1_A549_NGG_0070	32	0.00093333
efficacy_focused	MALAT1_A549_NGG_0070	33	0.00186667
efficacy_focused	MALAT1_A549_NGG_0070	34	0.0035
efficacy_focused	MALAT1_A549_NGG_0070	35	0.00513333
efficacy_focused	MALAT1_A549_NGG_0070	36	0.01136667
efficacy_focused	MALAT1_A549_NGG_0070	37	0.01663333
efficacy_focused	MALAT1_A549_NGG_0070	38	0.0264
efficacy_focused	MALAT1_A549_NGG_0070	39	0.0499
efficacy_focused	MALAT1_A549_NGG_0070	40	0.0855
efficacy_focused	MALAT1_A549_NGG_0070	41	0.08516667
efficacy_focused	MALAT1_A549_NGG_0070	42	0.0876
efficacy_focused	MALAT1_A549_NGG_0070	43	0.09326667
efficacy_focused	MALAT1_A549_NGG_0070	44	0.07716667
efficacy_focused	MALAT1_A549_NGG_0070	45	0.0638
efficacy_focused	MALAT1_A549_NGG_0070	46	0.04766667
efficacy_focused	MALAT1_A549_NGG_0070	47	0.03676667
efficacy_focused	MALAT1_A549_NGG_0070	48	0.03243333
efficacy_focused	MALAT1_A549_NGG_0070	49	0.0253
efficacy_focused	MALAT1_A549_NGG_0070	50	0.02083333
efficacy_focused	MALAT1_A549_NGG_0070	51	0.01976667
efficacy_focused	MALAT1_A549_NGG_0070	52	0.0179
efficacy_focused	MALAT1_A549_NGG_0070	53	0.0169
efficacy_focused	MALAT1_A549_NGG_0070	54	0.016
efficacy_focused	MALAT1_A549_NGG_0070	55	0.0146
efficacy_focused	MALAT1_A549_NGG_0070	56	0.01506667
efficacy_focused	MALAT1_A549_NGG_0070	57	0.0145
efficacy_focused	MALAT1_A549_NGG_0070	58	0.01373333
efficacy_focused	MALAT1_A549_NGG_0070	59	0.01253333
efficacy_focused	MALAT1_A549_NGG_0070	60	0.0126
efficacy_focused	MALAT1_A549_NGG_0070	61	0.00953333
efficacy_focused	MALAT1_A549_NGG_0070	62	0.00643333
efficacy_focused	MALAT1_A549_NGG_0070	63	0.00816667
efficacy_focused	MALAT1_A549_NGG_0070	64	0.00596667
efficacy_focused	MALAT1_A549_NGG_0070	65	0.00573333
efficacy_focused	MALAT1_A549_NGG_0070	66	0.00736667
efficacy_focused	MALAT1_A549_NGG_0070	67	0.00686667
efficacy_focused	MALAT1_A549_NGG_0070	68	0.00703333
efficacy_focused	MALAT1_A549_NGG_0070	69	0.0063
efficacy_focused	MALAT1_A549_NGG_0070	70	0.00386667
efficacy_focused	MALAT1_A549_NGG_0070	71	0.00326667
efficacy_focused	MALAT1_A549_NGG_0070	72	0.002
efficacy_focused	MALAT1_A549_NGG_0070	73	0.00073333
efficacy_focused	MALAT1_A549_NGG_0070	74	0.0002
efficacy_focused	MALAT1_A549_NGG_0070	75	0.0
efficacy_focused	MALAT1_A549_NGG_0070	76	3.333e-05
efficacy_focused	MALAT1_A549_NGG_0070	77	0.0
efficacy_focused	MALAT1_A549_NGG_0070	78	0.0
efficacy_focused	MALAT1_A549_NGG_0070	79	0.0
efficacy_focused	MALAT1_A549_NGG_0070	80	0.0
efficacy_focused	MALAT1_A549_NGG_0070	81	0.0
efficacy_focused	MALAT1_A549_NGG_0070	82	0.0
efficacy_focused	MALAT1_A549_NGG_0070	83	0.0
efficacy_focused	MALAT1_A549_NGG_0070	84	0.0
efficacy_focused	MALAT1_A549_NGG_0070	85	0.0
efficacy_focused	MALAT1_A549_NGG_0070	86	0.0
efficacy_focused	MALAT1_A549_NGG_0071	1	0.00013333
efficacy_focused	MALAT1_A549_NGG_0071	2	0.00053333
efficacy_focused	MALAT1_A549_NGG_0071	3	0.00196667
efficacy_focused	MALAT1_A549_NGG_0071	4	0.00416667
efficacy_focused	MALAT1_A549_NGG_0071	5	0.0099
efficacy_focused	MALAT1_A549_NGG_0071	6	0.01806667
efficacy_focused	MALAT1_A549_NGG_0071	7	0.02656667
efficacy_focused	MALAT1_A549_NGG_0071	8	0.03756667
efficacy_focused	MALAT1_A549_NGG_0071	9	0.03806667
efficacy_focused	MALAT1_A549_NGG_0071	10	0.03703333
efficacy_focused	MALAT1_A549_NGG_0071	11	0.03423333
efficacy_focused	MALAT1_A549_NGG_0071	12	0.03283333
efficacy_focused	MALAT1_A549_NGG_0071	13	0.0303
efficacy_focused	MALAT1_A549_NGG_0071	14	0.02796667
efficacy_focused	MALAT1_A549_NGG_0071	15	0.0331
efficacy_focused	MALAT1_A549_NGG_0071	16	0.047
efficacy_focused	MALAT1_A549_NGG_0071	17	0.067
efficacy_focused	MALAT1_A549_NGG_0071	18	0.1358
efficacy_focused	MALAT1_A549_NGG_0071	19	0.18183333
efficacy_focused	MALAT1_A549_NGG_0071	20	0.0619
efficacy_focused	MALAT1_A549_NGG_0071	21	0.02846667
efficacy_focused	MALAT1_A549_NGG_0071	22	0.01603333
efficacy_focused	MALAT1_A549_NGG_0071	23	0.04756667
efficacy_focused	MALAT1_A549_NGG_0071	24	0.05543333
efficacy_focused	MALAT1_A549_NGG_0071	25	0.016
efficacy_focused	MALAT1_A549_NGG_0071	26	0.00583333
efficacy_focused	MALAT1_A549_NGG_0071	27	0.00303333
efficacy_focused	MALAT1_A549_NGG_0071	28	0.001
efficacy_focused	MALAT1_A549_NGG_0071	29	0.0006
efficacy_focused	MALAT1_A549_NGG_0071	30	6.667e-05
efficacy_focused	MALAT1_A549_NGG_0071	31	0.0
efficacy_focused	MALAT1_A549_NGG_0071	32	0.0
efficacy_focused	MALAT1_A549_NGG_0071	33	0.0
efficacy_focused	MALAT1_A549_NGG_0071	34	0.0
efficacy_focused	MALAT1_A549_NGG_0071	35	0.0
efficacy_focused	MALAT1_A549_NGG_0071	36	0.0
efficacy_focused	MALAT1_A549_NGG_0071	37	0.0
efficacy_focused	MALAT1_A549_NGG_0071	38	0.0
efficacy_focused	MALAT1_A549_NGG_0071	39	0.0
efficacy_focused	MALAT1_A549_NGG_0071	40	0.0
efficacy_focused	MALAT1_A549_NGG_0071	41	0.0
efficacy_focused	MALAT1_A549_NGG_0071	42	0.0
efficacy_focused	MALAT1_A549_NGG_0071	43	0.0
efficacy_focused	MALAT1_A549_NGG_0071	44	0.0
efficacy_focused	MALAT1_A549_NGG_0071	45	0.0
efficacy_focused	MALAT1_A549_NGG_0071	46	0.0
efficacy_focused	MALAT1_A549_NGG_0071	47	0.0
efficacy_focused	MALAT1_A549_NGG_0071	48	0.0
efficacy_focused	MALAT1_A549_NGG_0071	49	0.0
efficacy_focused	MALAT1_A549_NGG_0071	50	0.0
efficacy_focused	MALAT1_A549_NGG_0071	51	0.0
efficacy_focused	MALAT1_A549_NGG_0071	52	0.0
efficacy_focused	MALAT1_A549_NGG_0071	53	0.0
efficacy_focused	MALAT1_A549_NGG_0071	54	0.0
efficacy_focused	MALAT1_A549_NGG_0071	55	0.0
efficacy_focused	MALAT1_A549_NGG_0071	56	0.0
efficacy_focused	MALAT1_A549_NGG_0071	57	0.0
efficacy_focused	MALAT1_A549_NGG_0071	58	0.0
efficacy_focused	MALAT1_A549_NGG_0071	59	0.0
efficacy_focused	MALAT1_A549_NGG_0071	60	0.0
efficacy_focused	MALAT1_A549_NGG_0071	61	0.0
efficacy_focused	MALAT1_A549_NGG_0071	62	0.0
efficacy_focused	MALAT1_A549_NGG_0071	63	0.0
efficacy_focused	MALAT1_A549_NGG_0071	64	0.0
efficacy_focused	MALAT1_A549_NGG_0071	65	0.0
efficacy_focused	MALAT1_A549_NGG_0071	66	0.0
efficacy_focused	MALAT1_A549_NGG_0071	67	0.0
efficacy_focused	MALAT1_A549_NGG_0071	68	0.0
efficacy_focused	MALAT1_A549_NGG_0071	69	0.0
efficacy_focused	MALAT1_A549_NGG_0071	70	0.0
efficacy_focused	MALAT1_A549_NGG_0071	71	0.0
efficacy_focused	MALAT1_A549_NGG_0071	72	0.0
efficacy_focused	MALAT1_A549_NGG_0071	73	0.0
efficacy_focused	MALAT1_A549_NGG_0071	74	0.0
efficacy_focused	MALAT1_A549_NGG_0071	75	0.0
efficacy_focused	MALAT1_A549_NGG_0071	76	0.0
efficacy_focused	MALAT1_A549_NGG_0071	77	0.0
efficacy_focused	MALAT1_A549_NGG_0071	78	0.0
efficacy_focused	MALAT1_A549_NGG_0071	79	0.0
efficacy_focused	MALAT1_A549_NGG_0071	80	0.0
efficacy_focused	MALAT1_A549_NGG_0071	81	0.0
efficacy_focused	MALAT1_A549_NGG_0071	82	0.0
efficacy_focused	MALAT1_A549_NGG_0071	83	0.0
efficacy_focused	MALAT1_A549_NGG_0071	84	0.0
efficacy_focused	MALAT1_A549_NGG_0071	85	0.0
efficacy_focused	MALAT1_A549_NGG_0071	86	0.0
efficacy_focused	MALAT1_A549_NGG_0072	1	0.0
efficacy_focused	MALAT1_A549_NGG_0072	2	0.0
efficacy_focused	MALAT1_A549_NGG_0072	3	0.0
efficacy_focused	MALAT1_A549_NGG_0072	4	0.0
efficacy_focused	MALAT1_A549_NGG_0072	5	0.0
efficacy_focused	MALAT1_A549_NGG_0072	6	0.0
efficacy_focused	MALAT1_A549_NGG_0072	7	0.0
efficacy_focused	MALAT1_A549_NGG_0072	8	3.333e-05
efficacy_focused	MALAT1_A549_NGG_0072	9	0.0
efficacy_focused	MALAT1_A549_NGG_0072	10	0.0002
efficacy_focused	MALAT1_A549_NGG_0072	11	0.00013333
efficacy_focused	MALAT1_A549_NGG_0072	12	0.00016667
efficacy_focused	MALAT1_A549_NGG_0072	13	0.00023333
efficacy_focused	MALAT1_A549_NGG_0072	14	0.00026667
efficacy_focused	MALAT1_A549_NGG_0072	15	0.00053333
efficacy_focused	MALAT1_A549_NGG_0072	16	0.00033333
efficacy_focused	MALAT1_A549_NGG_0072	17	0.0005
efficacy_focused	MALAT1_A549_NGG_0072	18	0.00063333
efficacy_focused	MALAT1_A549_NGG_0072	19	0.00126667
efficacy_focused	MALAT1_A549_NGG_0072	20	0.00273333
efficacy_focused	MALAT1_A549_NGG_0072	21	0.00533333
efficacy_focused	MALAT1_A549_NGG_0072	22	0.00906667
efficacy_focused	MALAT1_A549_NGG_0072	23	0.01143333
efficacy_focused	MALAT1_A549_NGG_0072	24	0.0179
efficacy_focused	MALAT1_A549_NGG_0072	25	0.0257
efficacy_focused	MALAT1_A549_NGG_0072	26	0.03456667
efficacy_focused	MALAT1_A549_NGG_0072	27	0.04666667
efficacy_focused	MALAT1_A549_NGG_0072	28	0.0555
efficacy_focused	MALAT1_A549_NGG_0072	29	0.0637
efficacy_focused	MALAT1_A549_NGG_0072	30	0.0725
efficacy_focused	MALAT1_A549_NGG_0072	31	0.08343333
efficacy_focused	MALAT1_A549_NGG_0072	32	0.0982
efficacy_focused	MALAT1_A549_NGG_0072	33	0.10396667
efficacy_focused	MALAT1_A549_NGG_0072	34	0.1013
efficacy_focused	MALAT1_A549_NGG_0072	35	0.07916667
efficacy_focused	MALAT1_A549_NGG_0072	36	0.0671
efficacy_focused	MALAT1_A549_NGG_0072	37	0.0448
efficacy_focused	MALAT1_A549_NGG_0072	38	0.03046667
efficacy_focused	MALAT1_A549_NGG_0072	39	0.0164
efficacy_focused	MALAT1_A549_NGG_0072	40	0.01096667
efficacy_focused	MALAT1_A549_NGG_0072	41	0.00626667
efficacy_focused	MALAT1_A549_NGG_0072	42	0.00383333
efficacy_focused	MALAT1_A549_NGG_0072	43	0.0021
efficacy_focused	MALAT1_A549_NGG_0072	44	0.00106667
efficacy_focused	MALAT1_A549_NGG_0072	45	0.00053333
efficacy_focused	MALAT1_A549_NGG_0072	46	0.0005
efficacy_focused	MALAT1_A549_NGG_0072	47	0.00026667
efficacy_focused	MALAT1_A549_NGG_0072	48	3.333e-05
efficacy_focused	MALAT1_A549_NGG_0072	49	0.0001
efficacy_focused	MALAT1_A549_NGG_0072	50	6.667e-05
efficacy_focused	MALAT1_A549_NGG_0072	51	0.0
efficacy_focused	MALAT1_A549_NGG_0072	52	3.333e-05
efficacy_focused	MALAT1_A549_NGG_0072	53	0.0
efficacy_focused	MALAT1_A549_NGG_0072	54	0.0
efficacy_focused	MALAT1_A549_NGG_0072	55	0.0
efficacy_focused	MALAT1_A549_NGG_0072	56	0.0
efficacy_focused	MALAT1_A549_NGG_0072	57	0.0
efficacy_focused	MALAT1_A549_NGG_0072	58	0.0
efficacy_focused	MALAT1_A549_NGG_0072	59	0.0
efficacy_focused	MALAT1_A549_NGG_0072	60	0.0
efficacy_focused	MALAT1_A549_NGG_0072	61	0.0
efficacy_focused	MALAT1_A549_NGG_0072	62	0.0
efficacy_focused	MALAT1_A549_NGG_0072	63	0.0
efficacy_focused	MALAT1_A549_NGG_0072	64	0.0
efficacy_focused	MALAT1_A549_NGG_0072	65	0.0
efficacy_focused	MALAT1_A549_NGG_0072	66	0.0
efficacy_focused	MALAT1_A549_NGG_0072	67	0.0
efficacy_focused	MALAT1_A549_NGG_0072	68	0.0
efficacy_focused	MALAT1_A549_NGG_0072	69	0.0
efficacy_focused	MALAT1_A549_NGG_0072	70	0.0
efficacy_focused	MALAT1_A549_NGG_0072	71	0.0
efficacy_focused	MALAT1_A549_NGG_0072	72	0.0
efficacy_focused	MALAT1_A549_NGG_0072	73	0.0
efficacy_focused	MALAT1_A549_NGG_0072	74	0.0
efficacy_focused	MALAT1_A549_NGG_0072	75	0.0
efficacy_focused	MALAT1_A549_NGG_0072	76	0.0
efficacy_focused	MALAT1_A549_NGG_0072	77	0.0
efficacy_focused	MALAT1_A549_NGG_0072	78	0.0
efficacy_focused	MALAT1_A549_NGG_0072	79	0.0
efficacy_focused	MALAT1_A549_NGG_0072	80	0.0
efficacy_focused	MALAT1_A549_NGG_0072	81	0.0
efficacy_focused	MALAT1_A549_NGG_0072	82	0.0
efficacy_focused	MALAT1_A549_NGG_0072	83	0.0
efficacy_focused	MALAT1_A549_NGG_0072	84	0.0
efficacy_focused	MALAT1_A549_NGG_0072	85	0.0
efficacy_focused	MALAT1_A549_NGG_0072	86	0.0
efficacy_focused	MALAT1_A549_NGG_0073	1	0.0
efficacy_focused	MALAT1_A549_NGG_0073	2	0.0
efficacy_focused	MALAT1_A549_NGG_0073	3	0.0
efficacy_focused	MALAT1_A549_NGG_0073	4	0.0
efficacy_focused	MALAT1_A549_NGG_0073	5	0.0
efficacy_focused	MALAT1_A549_NGG_0073	6	0.0
efficacy_focused	MALAT1_A549_NGG_0073	7	0.0
efficacy_focused	MALAT1_A549_NGG_0073	8	0.0
efficacy_focused	MALAT1_A549_NGG_0073	9	0.0
efficacy_focused	MALAT1_A549_NGG_0073	10	0.0
efficacy_focused	MALAT1_A549_NGG_0073	11	0.0
efficacy_focused	MALAT1_A549_NGG_0073	12	0.0
efficacy_focused	MALAT1_A549_NGG_0073	13	0.0
efficacy_focused	MALAT1_A549_NGG_0073	14	0.0
efficacy_focused	MALAT1_A549_NGG_0073	15	0.0
efficacy_focused	MALAT1_A549_NGG_0073	16	0.0
efficacy_focused	MALAT1_A549_NGG_0073	17	0.0
efficacy_focused	MALAT1_A549_NGG_0073	18	0.0
efficacy_focused	MALAT1_A549_NGG_0073	19	0.0
efficacy_focused	MALAT1_A549_NGG_0073	20	0.0
efficacy_focused	MALAT1_A549_NGG_0073	21	0.0
efficacy_focused	MALAT1_A549_NGG_0073	22	0.0
efficacy_focused	MALAT1_A549_NGG_0073	23	0.0
efficacy_focused	MALAT1_A549_NGG_0073	24	0.0
efficacy_focused	MALAT1_A549_NGG_0073	25	0.0
efficacy_focused	MALAT1_A549_NGG_0073	26	0.0
efficacy_focused	MALAT1_A549_NGG_0073	27	0.0
efficacy_focused	MALAT1_A549_NGG_0073	28	0.0
efficacy_focused	MALAT1_A549_NGG_0073	29	0.0
efficacy_focused	MALAT1_A549_NGG_0073	30	0.0
efficacy_focused	MALAT1_A549_NGG_0073	31	3.333e-05
efficacy_focused	MALAT1_A549_NGG_0073	32	3.333e-05
efficacy_focused	MALAT1_A549_NGG_0073	33	6.667e-05
efficacy_focused	MALAT1_A549_NGG_0073	34	0.00026667
efficacy_focused	MALAT1_A549_NGG_0073	35	0.0002
efficacy_focused	MALAT1_A549_NGG_0073	36	0.00036667
efficacy_focused	MALAT1_A549_NGG_0073	37	0.00063333
efficacy_focused	MALAT1_A549_NGG_0073	38	0.0012
efficacy_focused	MALAT1_A549_NGG_0073	39	0.00356667
efficacy_focused	MALAT1_A549_NGG_0073	40	0.01966667
efficacy_focused	MALAT1_A549_NGG_0073	41	0.03836667
efficacy_focused	MALAT1_A549_NGG_0073	42	0.03723333
efficacy_focused	MALAT1_A549_NGG_0073	43	0.0487
efficacy_focused	MALAT1_A549_NGG_0073	44	0.0604
efficacy_focused	MALAT1_A549_NGG_0073	45	0.06413333
efficacy_focused	MALAT1_A549_NGG_0073	46	0.06076667
efficacy_focused	MALAT1_A549_NGG_0073	47	0.05866667
efficacy_focused	MALAT1_A549_NGG_0073	48	0.0498
efficacy_focused	MALAT1_A549_NGG_0073	49	0.04323333
efficacy_focused	MALAT1_A549_NGG_0073	50	0.03656667
efficacy_focused	MALAT1_A549_NGG_0073	51	0.03216667
efficacy_focused	MALAT1_A549_NGG_0073	52	0.02936667
efficacy_focused	MALAT1_A549_NGG_0073	53	0.0267
efficacy_focused	MALAT1_A549_NGG_0073	54	0.0253
efficacy_focused	MALAT1_A549_NGG_0073	55	0.02436667
efficacy_focused	MALAT1_A549_NGG_0073	56	0.02353333
efficacy_focused	MALAT1_A549_NGG_0073	57	0.02523333
efficacy_focused	MALAT1_A549_NGG_0073	58	0.02326667
efficacy_focused	MALAT1_A549_NGG_0073	59	0.02126667
efficacy_focused	MALAT1_A549_NGG_0073	60	0.02283333
efficacy_focused	MALAT1_A549_NGG_0073	61	0.02336667
efficacy_focused	MALAT1_A549_NGG_0073	62	0.02086667
efficacy_focused	MALAT1_A549_NGG_0073	63	0.0189
efficacy_focused	MALAT1_A549_NGG_0073	64	0.01893333
efficacy_focused	MALAT1_A549_NGG_0073	65	0.01473333
efficacy_focused	MALAT1_A549_NGG_0073	66	0.0141
efficacy_focused	MALAT1_A549_NGG_0073	67	0.01273333
efficacy_focused	MALAT1_A549_NGG_0073	68	0.013
efficacy_focused	MALAT1_A549_NGG_0073	69	0.0137
efficacy_focused	MALAT1_A549_NGG_0073	70	0.01373333
efficacy_focused	MALAT1_A549_NGG_0073	71	0.01386667
efficacy_focused	MALAT1_A549_NGG_0073	72	0.01653333
efficacy_focused	MALAT1_A549_NGG_0073	73	0.0136
efficacy_focused	MALAT1_A549_NGG_0073	74	0.0086
efficacy_focused	MALAT1_A549_NGG_0073	75	0.00336667
efficacy_focused	MALAT1_A549_NGG_0073	76	0.00133333
efficacy_focused	MALAT1_A549_NGG_0073	77	0.00026667
efficacy_focused	MALAT1_A549_NGG_0073	78	0.00023333
efficacy_focused	MALAT1_A549_NGG_0073	79	6.667e-05
efficacy_focused	MALAT1_A549_NGG_0073	80	6.667e-05
efficacy_focused	MALAT1_A549_NGG_0073	81	6.667e-05
efficacy_focused	MALAT1_A549_NGG_0073	82	0.0
efficacy_focused	MALAT1_A549_NGG_0073	83	0.0
efficacy_focused	MALAT1_A549_NGG_0073	84	0.0
efficacy_focused	MALAT1_A549_NGG_0073	85	0.0
efficacy_focused	MALAT1_A549_NGG_0073	86	0.0
efficacy_focused	MALAT1_A549_NGG_0074	1	0.0
efficacy_focused	MALAT1_A549_NGG_0074	2	0.0
efficacy_focused	MALAT1_A549_NGG_0074	3	0.0
efficacy_focused	MALAT1_A549_NGG_0074	4	0.0
efficacy_focused	MALAT1_A549_NGG_0074	5	0.0001
efficacy_focused	MALAT1_A549_NGG_0074	6	0.0001
efficacy_focused	MALAT1_A549_NGG_0074	7	0.00073333
efficacy_focused	MALAT1_A549_NGG_0074	8	0.00063333
efficacy_focused	MALAT1_A549_NGG_0074	9	0.00206667
efficacy_focused	MALAT1_A549_NGG_0074	10	0.0031
efficacy_focused	MALAT1_A549_NGG_0074	11	0.00383333
efficacy_focused	MALAT1_A549_NGG_0074	12	0.00446667
efficacy_focused	MALAT1_A549_NGG_0074	13	0.00463333
efficacy_focused	MALAT1_A549_NGG_0074	14	0.0056
efficacy_focused	MALAT1_A549_NGG_0074	15	0.00703333
efficacy_focused	MALAT1_A549_NGG_0074	16	0.00713333
efficacy_focused	MALAT1_A549_NGG_0074	17	0.0084
efficacy_focused	MALAT1_A549_NGG_0074	18	0.01286667
efficacy_focused	MALAT1_A549_NGG_0074	19	0.0204
efficacy_focused	MALAT1_A549_NGG_0074	20	0.0523
efficacy_focused	MALAT1_A549_NGG_0074	21	0.06106667
efficacy_focused	MALAT1_A549_NGG_0074	22	0.0585
efficacy_focused	MALAT1_A549_NGG_0074	23	0.06036667
efficacy_focused	MALAT1_A549_NGG_0074	24	0.0627
efficacy_focused	MALAT1_A549_NGG_0074	25	0.076
efficacy_focused	MALAT1_A549_NGG_0074	26	0.07456667
efficacy_focused	MALAT1_A549_NGG_0074	27	0.06793333
efficacy_focused	MALAT1_A549_NGG_0074	28	0.0625
efficacy_focused	MALAT1_A549_NGG_0074	29	0.06913333
efficacy_focused	MALAT1_A549_NGG_0074	30	0.06266667
efficacy_focused	MALAT1_A549_NGG_0074	31	0.057
efficacy_focused	MALAT1_A549_NGG_0074	32	0.04336667
efficacy_focused	MALAT1_A549_NGG_0074	33	0.0363
efficacy_focused	MALAT1_A549_NGG_0074	34	0.03656667
efficacy_focused	MALAT1_A549_NGG_0074	35	0.02266667
efficacy_focused	MALAT1_A549_NGG_0074	36	0.0098
efficacy_focused	MALAT1_A549_NGG_0074	37	0.00363333
efficacy_focused	MALAT1_A549_NGG_0074	38	0.00106667
efficacy_focused	MALAT1_A549_NGG_0074	39	0.00043333
efficacy_focused	MALAT1_A549_NGG_0074	40	0.00016667
efficacy_focused	MALAT1_A549_NGG_0074	41	0.00016667
efficacy_focused	MALAT1_A549_NGG_0074	42	0.0
efficacy_focused	MALAT1_A549_NGG_0074	43	0.0
efficacy_focused	MALAT1_A549_NGG_0074	44	0.0
efficacy_focused	MALAT1_A549_NGG_0074	45	0.0
efficacy_focused	MALAT1_A549_NGG_0074	46	0.0
efficacy_focused	MALAT1_A549_NGG_0074	47	0.0
efficacy_focused	MALAT1_A549_NGG_0074	48	0.0
efficacy_focused	MALAT1_A549_NGG_0074	49	0.0
efficacy_focused	MALAT1_A549_NGG_0074	50	0.0
efficacy_focused	MALAT1_A549_NGG_0074	51	0.0
efficacy_focused	MALAT1_A549_NGG_0074	52	0.0
efficacy_focused	MALAT1_A549_NGG_0074	53	0.0
efficacy_focused	MALAT1_A549_NGG_0074	54	0.0
efficacy_focused	MALAT1_A549_NGG_0074	55	0.0
efficacy_focused	MALAT1_A549_NGG_0074	56	0.0
efficacy_focused	MALAT1_A549_NGG_0074	57	0.0
efficacy_focused	MALAT1_A549_NGG_0074	58	0.0
efficacy_focused	MALAT1_A549_NGG_0074	59	0.0
efficacy_focused	MALAT1_A549_NGG_0074	60	0.0
efficacy_focused	MALAT1_A549_NGG_0074	61	0.0
efficacy_focused	MALAT1_A549_NGG_0074	62	0.0
efficacy_focused	MALAT1_A549_NGG_0074	63	0.0
efficacy_focused	MALAT1_A549_NGG_0074	64	0.0
efficacy_focused	MALAT1_A549_NGG_0074	65	0.0
efficacy_focused	MALAT1_A549_NGG_0074	66	0.0
efficacy_focused	MALAT1_A549_NGG_0074	67	0.0
efficacy_focused	MALAT1_A549_NGG_0074	68	0.0
efficacy_focused	MALAT1_A549_NGG_0074	69	0.0
efficacy_focused	MALAT1_A549_NGG_0074	70	0.0
efficacy_focused	MALAT1_A549_NGG_0074	71	0.0
efficacy_focused	MALAT1_A549_NGG_0074	72	0.0
efficacy_focused	MALAT1_A549_NGG_0074	73	0.0
efficacy_focused	MALAT1_A549_NGG_0074	74	0.0
efficacy_focused	MALAT1_A549_NGG_0074	75	0.0
efficacy_focused	MALAT1_A549_NGG_0074	76	0.0
efficacy_focused	MALAT1_A549_NGG_0074	77	0.0
efficacy_focused	MALAT1_A549_NGG_0074	78	0.0
efficacy_focused	MALAT1_A549_NGG_0074	79	0.0
efficacy_focused	MALAT1_A549_NGG_0074	80	0.0
efficacy_focused	MALAT1_A549_NGG_0074	81	0.0
efficacy_focused	MALAT1_A549_NGG_0074	82	0.0
efficacy_focused	MALAT1_A549_NGG_0074	83	0.0
efficacy_focused	MALAT1_A549_NGG_0074	84	0.0
efficacy_focused	MALAT1_A549_NGG_0074	85	0.0
efficacy_focused	MALAT1_A549_NGG_0074	86	0.0
efficacy_focused	MALAT1_A549_NGG_0075	1	0.0
efficacy_focused	MALAT1_A549_NGG_0075	2	0.0
efficacy_focused	MALAT1_A549_NGG_0075	3	0.0
efficacy_focused	MALAT1_A549_NGG_0075	4	0.0
efficacy_focused	MALAT1_A549_NGG_0075	5	0.0
efficacy_focused	MALAT1_A549_NGG_0075	6	0.0
efficacy_focused	MALAT1_A549_NGG_0075	7	0.0
efficacy_focused	MALAT1_A549_NGG_0075	8	0.0
efficacy_focused	MALAT1_A549_NGG_0075	9	0.0
efficacy_focused	MALAT1_A549_NGG_0075	10	0.0
efficacy_focused	MALAT1_A549_NGG_0075	11	0.0
efficacy_focused	MALAT1_A549_NGG_0075	12	3.333e-05
efficacy_focused	MALAT1_A549_NGG_0075	13	0.0
efficacy_focused	MALAT1_A549_NGG_0075	14	0.0
efficacy_focused	MALAT1_A549_NGG_0075	15	0.0
efficacy_focused	MALAT1_A549_NGG_0075	16	0.0
efficacy_focused	MALAT1_A549_NGG_0075	17	0.0
efficacy_focused	MALAT1_A549_NGG_0075	18	3.333e-05
efficacy_focused	MALAT1_A549_NGG_0075	19	3.333e-05
efficacy_focused	MALAT1_A549_NGG_0075	20	0.0
efficacy_focused	MALAT1_A549_NGG_0075	21	6.667e-05
efficacy_focused	MALAT1_A549_NGG_0075	22	0.0001
efficacy_focused	MALAT1_A549_NGG_0075	23	6.667e-05
efficacy_focused	MALAT1_A549_NGG_0075	24	0.00026667
efficacy_focused	MALAT1_A549_NGG_0075	25	0.00043333
efficacy_focused	MALAT1_A549_NGG_0075	26	0.0009
efficacy_focused	MALAT1_A549_NGG_0075	27	0.0014
efficacy_focused	MALAT1_A549_NGG_0075	28	0.00186667
efficacy_focused	MALAT1_A549_NGG_0075	29	0.00276667
efficacy_focused	MALAT1_A549_NGG_0075	30	0.0042
efficacy_focused	MALAT1_A549_NGG_0075	31	0.0075
efficacy_focused	MALAT1_A549_NGG_0075	32	0.01303333
efficacy_focused	MALAT1_A549_NGG_0075	33	0.0229
efficacy_focused	MALAT1_A549_NGG_0075	34	0.02423333
efficacy_focused	MALAT1_A549_NGG_0075	35	0.0295
efficacy_focused	MALAT1_A549_NGG_0075	36	0.03413333
efficacy_focused	MALAT1_A549_NGG_0075	37	0.05426667
efficacy_focused	MALAT1_A549_NGG_0075	38	0.11633333
efficacy_focused	MALAT1_A549_NGG_0075	39	0.1312
efficacy_focused	MALAT1_A549_NGG_0075	40	0.15336667
efficacy_focused	MALAT1_A549_NGG_0075	41	0.10553333
efficacy_focused	MALAT1_A549_NGG_0075	42	0.08576667
efficacy_focused	MALAT1_A549_NGG_0075	43	0.05856667
efficacy_focused	MALAT1_A549_NGG_0075	44	0.0449
efficacy_focused	MALAT1_A549_NGG_0075	45	0.03496667
efficacy_focused	MALAT1_A549_NGG_0075	46	0.02493333
efficacy_focused	MALAT1_A549_NGG_0075	47	0.01543333
efficacy_focused	MALAT1_A549_NGG_0075	48	0.0092
efficacy_focused	MALAT1_A549_NGG_0075	49	0.00633333
efficacy_focused	MALAT1_A549_NGG_0075	50	0.0044
efficacy_focused	MALAT1_A549_NGG_0075	51	0.0028
efficacy_focused	MALAT1_A549_NGG_0075	52	0.0025
efficacy_focused	MALAT1_A549_NGG_0075	53	0.00183333
efficacy_focused	MALAT1_A549_NGG_0075	54	0.0011
efficacy_focused	MALAT1_A549_NGG_0075	55	0.001
efficacy_focused	MALAT1_A549_NGG_0075	56	0.0007
efficacy_focused	MALAT1_A549_NGG_0075	57	0.00033333
efficacy_focused	MALAT1_A549_NGG_0075	58	0.0003
efficacy_focused	MALAT1_A549_NGG_0075	59	0.00053333
efficacy_focused	MALAT1_A549_NGG_0075	60	0.00013333
efficacy_focused	MALAT1_A549_NGG_0075	61	6.667e-05
efficacy_focused	MALAT1_A549_NGG_0075	62	3.333e-05
efficacy_focused	MALAT1_A549_NGG_0075	63	0.0
efficacy_focused	MALAT1_A549_NGG_0075	64	0.0
efficacy_focused	MALAT1_A549_NGG_0075	65	0.0
efficacy_focused	MALAT1_A549_NGG_0075	66	0.0
efficacy_focused	MALAT1_A549_NGG_0075	67	0.0
efficacy_focused	MALAT1_A549_NGG_0075	68	0.0
efficacy_focused	MALAT1_A549_NGG_0075	69	0.0
efficacy_focused	MALAT1_A549_NGG_0075	70	0.0
efficacy_focused	MALAT1_A549_NGG_0075	71	0.0
efficacy_focused	MALAT1_A549_NGG_0075	72	0.0
efficacy_focused	MALAT1_A549_NGG_0075	73	0.0
efficacy_focused	MALAT1_A549_NGG_0075	74	0.0
efficacy_focused	MALAT1_A549_NGG_0075	75	0.0
efficacy_focused	MALAT1_A549_NGG_0075	76	0.0
efficacy_focused	MALAT1_A549_NGG_0075	77	0.0
efficacy_focused	MALAT1_A549_NGG_0075	78	0.0
efficacy_focused	MALAT1_A549_NGG_0075	79	0.0
efficacy_focused	MALAT1_A549_NGG_0075	80	0.0
efficacy_focused	MALAT1_A549_NGG_0075	81	0.0
efficacy_focused	MALAT1_A549_NGG_0075	82	0.0
efficacy_focused	MALAT1_A549_NGG_0075	83	0.0
efficacy_focused	MALAT1_A549_NGG_0075	84	0.0
efficacy_focused	MALAT1_A549_NGG_0075	85	0.0
efficacy_focused	MALAT1_A549_NGG_0075	86	0.0
efficacy_focused	MALAT1_A549_NGG_0076	1	0.0015
efficacy_focused	MALAT1_A549_NGG_0076	2	0.00483333
efficacy_focused	MALAT1_A549_NGG_0076	3	0.01523333
efficacy_focused	MALAT1_A549_NGG_0076	4	0.02086667
efficacy_focused	MALAT1_A549_NGG_0076	5	0.03223333
efficacy_focused	MALAT1_A549_NGG_0076	6	0.04196667
efficacy_focused	MALAT1_A549_NGG_0076	7	0.05876667
efficacy_focused	MALAT1_A549_NGG_0076	8	0.05276667
efficacy_focused	MALAT1_A549_NGG_0076	9	0.04586667
efficacy_focused	MALAT1_A549_NGG_0076	10	0.03996667
efficacy_focused	MALAT1_A549_NGG_0076	11	0.0349
efficacy_focused	MALAT1_A549_NGG_0076	12	0.02953333
efficacy_focused	MALAT1_A549_NGG_0076	13	0.02943333
efficacy_focused	MALAT1_A549_NGG_0076	14	0.028
efficacy_focused	MALAT1_A549_NGG_0076	15	0.02983333
efficacy_focused	MALAT1_A549_NGG_0076	16	0.04533333
efficacy_focused	MALAT1_A549_NGG_0076	17	0.0631
efficacy_focused	MALAT1_A549_NGG_0076	18	0.1577
efficacy_focused	MALAT1_A549_NGG_0076	19	0.09526667
efficacy_focused	MALAT1_A549_NGG_0076	20	0.03066667
efficacy_focused	MALAT1_A549_NGG_0076	21	0.01756667
efficacy_focused	MALAT1_A549_NGG_0076	22	0.01156667
efficacy_focused	MALAT1_A549_NGG_0076	23	0.04223333
efficacy_focused	MALAT1_A549_NGG_0076	24	0.04236667
efficacy_focused	MALAT1_A549_NGG_0076	25	0.01356667
efficacy_focused	MALAT1_A549_NGG_0076	26	0.00626667
efficacy_focused	MALAT1_A549_NGG_0076	27	0.00336667
efficacy_focused	MALAT1_A549_NGG_0076	28	0.00263333
efficacy_focused	MALAT1_A549_NGG_0076	29	0.0015
efficacy_focused	MALAT1_A549_NGG_0076	30	0.00046667
efficacy_focused	MALAT1_A549_NGG_0076	31	0.0002
efficacy_focused	MALAT1_A549_NGG_0076	32	0.00026667
efficacy_focused	MALAT1_A549_NGG_0076	33	0.0002
efficacy_focused	MALAT1_A549_NGG_0076	34	3.333e-05
efficacy_focused	MALAT1_A549_NGG_0076	35	0.0
efficacy_focused	MALAT1_A549_NGG_0076	36	0.0
efficacy_focused	MALAT1_A549_NGG_0076	37	0.0
efficacy_focused	MALAT1_A549_NGG_0076	38	0.0
efficacy_focused	MALAT1_A549_NGG_0076	39	0.0
efficacy_focused	MALAT1_A549_NGG_0076	40	0.0
efficacy_focused	MALAT1_A549_NGG_0076	41	0.0
efficacy_focused	MALAT1_A549_NGG_0076	42	0.0
efficacy_focused	MALAT1_A549_NGG_0076	43	0.0
efficacy_focused	MALAT1_A549_NGG_0076	44	0.0
efficacy_focused	MALAT1_A549_NGG_0076	45	0.0
efficacy_focused	MALAT1_A549_NGG_0076	46	0.0
efficacy_focused	MALAT1_A549_NGG_0076	47	0.0
efficacy_focused	MALAT1_A549_NGG_0076	48	0.0
efficacy_focused	MALAT1_A549_NGG_0076	49	0.0
efficacy_focused	MALAT1_A549_NGG_0076	50	0.0
efficacy_focused	MALAT1_A549_NGG_0076	51	0.0
efficacy_focused	MALAT1_A549_NGG_0076	52	0.0
efficacy_focused	MALAT1_A549_NGG_0076	53	0.0
efficacy_focused	MALAT1_A549_NGG_0076	54	0.0
efficacy_focused	MALAT1_A549_NGG_0076	55	0.0
efficacy_focused	MALAT1_A549_NGG_0076	56	0.0
efficacy_focused	MALAT1_A549_NGG_0076	57	0.0
efficacy_focused	MALAT1_A549_NGG_0076	58	0.0
efficacy_focused	MALAT1_A549_NGG_0076	59	0.0
efficacy_focused	MALAT1_A549_NGG_0076	60	0.0
efficacy_focused	MALAT1_A549_NGG_0076	61	0.0
efficacy_focused	MALAT1_A549_NGG_0076	62	0.0
efficacy_focused	MALAT1_A549_NGG_0076	63	0.0
efficacy_focused	MALAT1_A549_NGG_0076	64	0.0
efficacy_focused	MALAT1_A549_NGG_0076	65	0.0
efficacy_focused	MALAT1_A549_NGG_0076	66	0.0
efficacy_focused	MALAT1_A549_NGG_0076	67	0.0
efficacy_focused	MALAT1_A549_NGG_0076	68	0.0
efficacy_focused	MALAT1_A549_NGG_0076	69	0.0
efficacy_focused	MALAT1_A549_NGG_0076	70	0.0
efficacy_focused	MALAT1_A549_NGG_0076	71	0.0
efficacy_focused	MALAT1_A549_NGG_0076	72	0.0
efficacy_focused	MALAT1_A549_NGG_0076	73	0.0
efficacy_focused	MALAT1_A549_NGG_0076	74	0.0
efficacy_focused	MALAT1_A549_NGG_0076	75	0.0
efficacy_focused	MALAT1_A549_NGG_0076	76	0.0
efficacy_focused	MALAT1_A549_NGG_0076	77	0.0
efficacy_focused	MALAT1_A549_NGG_0076	78	0.0
efficacy_focused	MALAT1_A549_NGG_0076	79	0.0
efficacy_focused	MALAT1_A549_NGG_0076	80	0.0
efficacy_focused	MALAT1_A549_NGG_0076	81	0.0
efficacy_focused	MALAT1_A549_NGG_0076	82	0.0
efficacy_focused	MALAT1_A549_NGG_0076	83	0.0
efficacy_focused	MALAT1_A549_NGG_0076	84	0.0
efficacy_focused	MALAT1_A549_NGG_0076	85	0.0
efficacy_focused	MALAT1_A549_NGG_0076	86	0.0
efficacy_focused	MALAT1_A549_NGG_0077	1	0.0
efficacy_focused	MALAT1_A549_NGG_0077	2	0.0
efficacy_focused	MALAT1_A549_NGG_0077	3	0.0
efficacy_focused	MALAT1_A549_NGG_0077	4	0.0
efficacy_focused	MALAT1_A549_NGG_0077	5	0.0
efficacy_focused	MALAT1_A549_NGG_0077	6	0.0
efficacy_focused	MALAT1_A549_NGG_0077	7	0.0
efficacy_focused	MALAT1_A549_NGG_0077	8	3.333e-05
efficacy_focused	MALAT1_A549_NGG_0077	9	6.667e-05
efficacy_focused	MALAT1_A549_NGG_0077	10	6.667e-05
efficacy_focused	MALAT1_A549_NGG_0077	11	3.333e-05
efficacy_focused	MALAT1_A549_NGG_0077	12	6.667e-05
efficacy_focused	MALAT1_A549_NGG_0077	13	0.00026667
efficacy_focused	MALAT1_A549_NGG_0077	14	0.0003
efficacy_focused	MALAT1_A549_NGG_0077	15	0.00016667
efficacy_focused	MALAT1_A549_NGG_0077	16	0.00033333
efficacy_focused	MALAT1_A549_NGG_0077	17	0.00036667
efficacy_focused	MALAT1_A549_NGG_0077	18	0.0006
efficacy_focused	MALAT1_A549_NGG_0077	19	0.00043333
efficacy_focused	MALAT1_A549_NGG_0077	20	0.0013
efficacy_focused	MALAT1_A549_NGG_0077	21	0.00236667
efficacy_focused	MALAT1_A549_NGG_0077	22	0.00476667
efficacy_focused	MALAT1_A549_NGG_0077	23	0.00726667
efficacy_focused	MALAT1_A549_NGG_0077	24	0.01026667
efficacy_focused	MALAT1_A549_NGG_0077	25	0.01326667
efficacy_focused	MALAT1_A549_NGG_0077	26	0.01976667
efficacy_focused	MALAT1_A549_NGG_0077	27	0.0252
efficacy_focused	MALAT1_A549_NGG_0077	28	0.0304
efficacy_focused	MALAT1_A549_NGG_0077	29	0.03646667
efficacy_focused	MALAT1_A549_NGG_0077	30	0.04363333
efficacy_focused	MALAT1_A549_NGG_0077	31	0.0567
efficacy_focused	MALAT1_A549_NGG_0077	32	0.06233333
efficacy_focused	MALAT1_A549_NGG_0077	33	0.0645
efficacy_focused	MALAT1_A549_NGG_0077	34	0.06666667
efficacy_focused	MALAT1_A549_NGG_0077	35	0.08373333
efficacy_focused	MALAT1_A549_NGG_0077	36	0.12546667
efficacy_focused	MALAT1_A549_NGG_0077	37	0.1149
efficacy_focused	MALAT1_A549_NGG_0077	38	0.09296667
efficacy_focused	MALAT1_A549_NGG_0077	39	0.06136667
efficacy_focused	MALAT1_A549_NGG_0077	40	0.03173333
efficacy_focused	MALAT1_A549_NGG_0077	41	0.0174
efficacy_focused	MALAT1_A549_NGG_0077	42	0.01113333
efficacy_focused	MALAT1_A549_NGG_0077	43	0.0066
efficacy_focused	MALAT1_A549_NGG_0077	44	0.00343333
efficacy_focused	MALAT1_A549_NGG_0077	45	0.0015
efficacy_focused	MALAT1_A549_NGG_0077	46	0.00103333
efficacy_focused	MALAT1_A549_NGG_0077	47	0.0005
efficacy_focused	MALAT1_A549_NGG_0077	48	0.00013333
efficacy_focused	MALAT1_A549_NGG_0077	49	3.333e-05
efficacy_focused	MALAT1_A549_NGG_0077	50	0.00013333
efficacy_focused	MALAT1_A549_NGG_0077	51	3.333e-05
efficacy_focused	MALAT1_A549_NGG_0077	52	0.0001
efficacy_focused	MALAT1_A549_NGG_0077	53	0.00016667
efficacy_focused	MALAT1_A549_NGG_0077	54	0.0
efficacy_focused	MALAT1_A549_NGG_0077	55	0.0
efficacy_focused	MALAT1_A549_NGG_0077	56	0.0
efficacy_focused	MALAT1_A549_NGG_0077	57	0.0
efficacy_focused	MALAT1_A549_NGG_0077	58	0.0
efficacy_focused	MALAT1_A549_NGG_0077	59	0.0
efficacy_focused	MALAT1_A549_NGG_0077	60	0.0
efficacy_focused	MALAT1_A549_NGG_0077	61	0.0
efficacy_focused	MALAT1_A549_NGG_0077	62	0.0
efficacy_focused	MALAT1_A549_NGG_0077	63	0.0
efficacy_focused	MALAT1_A549_NGG_0077	64	0.0
efficacy_focused	MALAT1_A549_NGG_0077	65	0.0
efficacy_focused	MALAT1_A549_NGG_0077	66	0.0
efficacy_focused	MALAT1_A549_NGG_0077	67	0.0
efficacy_focused	MALAT1_A549_NGG_0077	68	0.0
efficacy_focused	MALAT1_A549_NGG_0077	69	0.0
efficacy_focused	MALAT1_A549_NGG_0077	70	0.0
efficacy_focused	MALAT1_A549_NGG_0077	71	0.0
efficacy_focused	MALAT1_A549_NGG_0077	72	0.0
efficacy_focused	MALAT1_A549_NGG_0077	73	0.0
efficacy_focused	MALAT1_A549_NGG_0077	74	0.0
efficacy_focused	MALAT1_A549_NGG_0077	75	0.0
efficacy_focused	MALAT1_A549_NGG_0077	76	0.0
efficacy_focused	MALAT1_A549_NGG_0077	77	0.0
efficacy_focused	MALAT1_A549_NGG_0077	78	0.0
efficacy_focused	MALAT1_A549_NGG_0077	79	0.0
efficacy_focused	MALAT1_A549_NGG_0077	80	0.0
efficacy_focused	MALAT1_A549_NGG_0077	81	0.0
efficacy_focused	MALAT1_A549_NGG_0077	82	0.0
efficacy_focused	MALAT1_A549_NGG_0077	83	0.0
efficacy_focused	MALAT1_A549_NGG_0077	84	0.0
efficacy_focused	MALAT1_A549_NGG_0077	85	0.0
efficacy_focused	MALAT1_A549_NGG_0077	86	0.0
efficacy_focused	MALAT1_A549_NGG_0078	1	0.0
efficacy_focused	MALAT1_A549_NGG_0078	2	0.0
efficacy_focused	MALAT1_A549_NGG_0078	3	0.0
efficacy_focused	MALAT1_A549_NGG_0078	4	0.0
efficacy_focused	MALAT1_A549_NGG_0078	5	0.0
efficacy_focused	MALAT1_A549_NGG_0078	6	0.0
efficacy_focused	MALAT1_A549_NGG_0078	7	0.0
efficacy_focused	MALAT1_A549_NGG_0078	8	0.0
efficacy_focused	MALAT1_A549_NGG_0078	9	0.0
efficacy_focused	MALAT1_A549_NGG_0078	10	0.0
efficacy_focused	MALAT1_A549_NGG_0078	11	6.667e-05
efficacy_focused	MALAT1_A549_NGG_0078	12	3.333e-05
efficacy_focused	MALAT1_A549_NGG_0078	13	0.0001
efficacy_focused	MALAT1_A549_NGG_0078	14	6.667e-05
efficacy_focused	MALAT1_A549_NGG_0078	15	0.0001
efficacy_focused	MALAT1_A549_NGG_0078	16	0.00023333
efficacy_focused	MALAT1_A549_NGG_0078	17	0.0003
efficacy_focused	MALAT1_A549_NGG_0078	18	0.00013333
efficacy_focused	MALAT1_A549_NGG_0078	19	0.00026667
efficacy_focused	MALAT1_A549_NGG_0078	20	0.0005
efficacy_focused	MALAT1_A549_NGG_0078	21	0.00073333
efficacy_focused	MALAT1_A549_NGG_0078	22	0.0018
efficacy_focused	MALAT1_A549_NGG_0078	23	0.00226667
efficacy_focused	MALAT1_A549_NGG_0078	24	0.00406667
efficacy_focused	MALAT1_A549_NGG_0078	25	0.00596667
efficacy_focused	MALAT1_A549_NGG_0078	26	0.00943333
efficacy_focused	MALAT1_A549_NGG_0078	27	0.01186667
efficacy_focused	MALAT1_A549_NGG_0078	28	0.01596667
efficacy_focused	MALAT1_A549_NGG_0078	29	0.02036667
efficacy_focused	MALAT1_A549_NGG_0078	30	0.02743333
efficacy_focused	MALAT1_A549_NGG_0078	31	0.03763333
efficacy_focused	MALAT1_A549_NGG_0078	32	0.04843333
efficacy_focused	MALAT1_A549_NGG_0078	33	0.05063333
efficacy_focused	MALAT1_A549_NGG_0078	34	0.05546667
efficacy_focused	MALAT1_A549_NGG_0078	35	0.06356667
efficacy_focused	MALAT1_A549_NGG_0078	36	0.0922
efficacy_focused	MALAT1_A549_NGG_0078	37	0.13696667
efficacy_focused	MALAT1_A549_NGG_0078	38	0.12806667
efficacy_focused	MALAT1_A549_NGG_0078	39	0.1105
efficacy_focused	MALAT1_A549_NGG_0078	40	0.0685
efficacy_focused	MALAT1_A549_NGG_0078	41	0.04273333
efficacy_focused	MALAT1_A549_NGG_0078	42	0.02403333
efficacy_focused	MALAT1_A549_NGG_0078	43	0.01633333
efficacy_focused	MALAT1_A549_NGG_0078	44	0.01063333
efficacy_focused	MALAT1_A549_NGG_0078	45	0.00633333
efficacy_focused	MALAT1_A549_NGG_0078	46	0.00266667
efficacy_focused	MALAT1_A549_NGG_0078	47	0.0015
efficacy_focused	MALAT1_A549_NGG_0078	48	0.00086667
efficacy_focused	MALAT1_A549_NGG_0078	49	0.0004
efficacy_focused	MALAT1_A549_NGG_0078	50	0.00016667
efficacy_focused	MALAT1_A549_NGG_0078	51	0.00026667
efficacy_focused	MALAT1_A549_NGG_0078	52	0.0001
efficacy_focused	MALAT1_A549_NGG_0078	53	0.00013333
efficacy_focused	MALAT1_A549_NGG_0078	54	6.667e-05
efficacy_focused	MALAT1_A549_NGG_0078	55	6.667e-05
efficacy_focused	MALAT1_A549_NGG_0078	56	3.333e-05
efficacy_focused	MALAT1_A549_NGG_0078	57	0.0
efficacy_focused	MALAT1_A549_NGG_0078	58	0.0
efficacy_focused	MALAT1_A549_NGG_0078	59	0.0
efficacy_focused	MALAT1_A549_NGG_0078	60	0.0
efficacy_focused	MALAT1_A549_NGG_0078	61	0.0
efficacy_focused	MALAT1_A549_NGG_0078	62	0.0
efficacy_focused	MALAT1_A549_NGG_0078	63	0.0
efficacy_focused	MALAT1_A549_NGG_0078	64	0.0
efficacy_focused	MALAT1_A549_NGG_0078	65	0.0
efficacy_focused	MALAT1_A549_NGG_0078	66	0.0
efficacy_focused	MALAT1_A549_NGG_0078	67	0.0
efficacy_focused	MALAT1_A549_NGG_0078	68	0.0
efficacy_focused	MALAT1_A549_NGG_0078	69	0.0
efficacy_focused	MALAT1_A549_NGG_0078	70	0.0
efficacy_focused	MALAT1_A549_NGG_0078	71	0.0
efficacy_focused	MALAT1_A549_NGG_0078	72	0.0
efficacy_focused	MALAT1_A549_NGG_0078	73	0.0
efficacy_focused	MALAT1_A549_NGG_0078	74	0.0
efficacy_focused	MALAT1_A549_NGG_0078	75	0.0
efficacy_focused	MALAT1_A549_NGG_0078	76	0.0
efficacy_focused	MALAT1_A549_NGG_0078	77	0.0
efficacy_focused	MALAT1_A549_NGG_0078	78	0.0
efficacy_focused	MALAT1_A549_NGG_0078	79	0.0
efficacy_focused	MALAT1_A549_NGG_0078	80	0.0
efficacy_focused	MALAT1_A549_NGG_0078	81	0.0
efficacy_focused	MALAT1_A549_NGG_0078	82	0.0
efficacy_focused	MALAT1_A549_NGG_0078	83	0.0
efficacy_focused	MALAT1_A549_NGG_0078	84	0.0
efficacy_focused	MALAT1_A549_NGG_0078	85	0.0
efficacy_focused	MALAT1_A549_NGG_0078	86	0.0
efficacy_focused	MALAT1_A549_NGG_0079	1	0.0
efficacy_focused	MALAT1_A549_NGG_0079	2	0.0
efficacy_focused	MALAT1_A549_NGG_0079	3	0.0
efficacy_focused	MALAT1_A549_NGG_0079	4	3.333e-05
efficacy_focused	MALAT1_A549_NGG_0079	5	3.333e-05
efficacy_focused	MALAT1_A549_NGG_0079	6	6.667e-05
efficacy_focused	MALAT1_A549_NGG_0079	7	0.00053333
efficacy_focused	MALAT1_A549_NGG_0079	8	0.0009
efficacy_focused	MALAT1_A549_NGG_0079	9	0.00203333
efficacy_focused	MALAT1_A549_NGG_0079	10	0.00236667
efficacy_focused	MALAT1_A549_NGG_0079	11	0.0029
efficacy_focused	MALAT1_A549_NGG_0079	12	0.0028
efficacy_focused	MALAT1_A549_NGG_0079	13	0.00386667
efficacy_focused	MALAT1_A549_NGG_0079	14	0.00443333
efficacy_focused	MALAT1_A549_NGG_0079	15	0.00506667
efficacy_focused	MALAT1_A549_NGG_0079	16	0.00673333
efficacy_focused	MALAT1_A549_NGG_0079	17	0.00733333
efficacy_focused	MALAT1_A549_NGG_0079	18	0.00996667
efficacy_focused	MALAT1_A549_NGG_0079	19	0.01626667
efficacy_focused	MALAT1_A549_NGG_0079	20	0.0353
efficacy_focused	MALAT1_A549_NGG_0079	21	0.0497
efficacy_focused	MALAT1_A549_NGG_0079	22	0.05386667
efficacy_focused	MALAT1_A549_NGG_0079	23	0.0579
efficacy_focused	MALAT1_A549_NGG_0079	24	0.0598
efficacy_focused	MALAT1_A549_NGG_0079	25	0.06626667
efficacy_focused	MALAT1_A549_NGG_0079	26	0.067
efficacy_focused	MALAT1_A549_NGG_0079	27	0.06346667
efficacy_focused	MALAT1_A549_NGG_0079	28	0.06106667
efficacy_focused	MALAT1_A549_NGG_0079	29	0.06656667
efficacy_focused	MALAT1_A549_NGG_0079	30	0.06726667
efficacy_focused	MALAT1_A549_NGG_0079	31	0.06193333
efficacy_focused	MALAT1_A549_NGG_0079	32	0.05053333
efficacy_focused	MALAT1_A549_NGG_0079	33	0.04463333
efficacy_focused	MALAT1_A549_NGG_0079	34	0.04296667
efficacy_focused	MALAT1_A549_NGG_0079	35	0.04876667
efficacy_focused	MALAT1_A549_NGG_0079	36	0.02376667
efficacy_focused	MALAT1_A549_NGG_0079	37	0.00883333
efficacy_focused	MALAT1_A549_NGG_0079	38	0.0029
efficacy_focused	MALAT1_A549_NGG_0079	39	0.00103333
efficacy_focused	MALAT1_A549_NGG_0079	40	0.0007
efficacy_focused	MALAT1_A549_NGG_0079	41	0.00023333
efficacy_focused	MALAT1_A549_NGG_0079	42	6.667e-05
efficacy_focused	MALAT1_A549_NGG_0079	43	6.667e-05
efficacy_focused	MALAT1_A549_NGG_0079	44	0.0
efficacy_focused	MALAT1_A549_NGG_0079	45	3.333e-05
efficacy_focused	MALAT1_A549_NGG_0079	46	0.0
efficacy_focused	MALAT1_A549_NGG_0079	47	0.0
efficacy_focused	MALAT1_A549_NGG_0079	48	0.0
efficacy_focused	MALAT1_A549_NGG_0079	49	0.0
efficacy_focused	MALAT1_A549_NGG_0079	50	0.0
efficacy_focused	MALAT1_A549_NGG_0079	51	0.0
efficacy_focused	MALAT1_A549_NGG_0079	52	0.0
efficacy_focused	MALAT1_A549_NGG_0079	53	0.0
efficacy_focused	MALAT1_A549_NGG_0079	54	0.0
efficacy_focused	MALAT1_A549_NGG_0079	55	0.0
efficacy_focused	MALAT1_A549_NGG_0079	56	0.0
efficacy_focused	MALAT1_A549_NGG_0079	57	0.0
efficacy_focused	MALAT1_A549_NGG_0079	58	0.0
efficacy_focused	MALAT1_A549_NGG_0079	59	0.0
efficacy_focused	MALAT1_A549_NGG_0079	60	0.0
efficacy_focused	MALAT1_A549_NGG_0079	61	0.0
efficacy_focused	MALAT1_A549_NGG_0079	62	0.0
efficacy_focused	MALAT1_A549_NGG_0079	63	0.0
efficacy_focused	MALAT1_A549_NGG_0079	64	0.0
efficacy_focused	MALAT1_A549_NGG_0079	65	0.0
efficacy_focused	MALAT1_A549_NGG_0079	66	0.0
efficacy_focused	MALAT1_A549_NGG_0079	67	0.0
efficacy_focused	MALAT1_A549_NGG_0079	68	0.0
efficacy_focused	MALAT1_A549_NGG_0079	69	0.0
efficacy_focused	MALAT1_A549_NGG_0079	70	0.0
efficacy_focused	MALAT1_A549_NGG_0079	71	0.0
efficacy_focused	MALAT1_A549_NGG_0079	72	0.0
efficacy_focused	MALAT1_A549_NGG_0079	73	0.0
efficacy_focused	MALAT1_A549_NGG_0079	74	0.0
efficacy_focused	MALAT1_A549_NGG_0079	75	0.0
efficacy_focused	MALAT1_A549_NGG_0079	76	0.0
efficacy_focused	MALAT1_A549_NGG_0079	77	0.0
efficacy_focused	MALAT1_A549_NGG_0079	78	0.0
efficacy_focused	MALAT1_A549_NGG_0079	79	0.0
efficacy_focused	MALAT1_A549_NGG_0079	80	0.0
efficacy_focused	MALAT1_A549_NGG_0079	81	0.0
efficacy_focused	MALAT1_A549_NGG_0079	82	0.0
efficacy_focused	MALAT1_A549_NGG_0079	83	0.0
efficacy_focused	MALAT1_A549_NGG_0079	84	0.0
efficacy_focused	MALAT1_A549_NGG_0079	85	0.0
efficacy_focused	MALAT1_A549_NGG_0079	86	0.0
efficacy_focused	MALAT1_A549_NGG_0080	1	0.0
efficacy_focused	MALAT1_A549_NGG_0080	2	0.0
efficacy_focused	MALAT1_A549_NGG_0080	3	0.0
efficacy_focused	MALAT1_A549_NGG_0080	4	0.0
efficacy_focused	MALAT1_A549_NGG_0080	5	0.0
efficacy_focused	MALAT1_A549_NGG_0080	6	0.0
efficacy_focused	MALAT1_A549_NGG_0080	7	0.0
efficacy_focused	MALAT1_A549_NGG_0080	8	0.0
efficacy_focused	MALAT1_A549_NGG_0080	9	0.0
efficacy_focused	MALAT1_A549_NGG_0080	10	0.0
efficacy_focused	MALAT1_A549_NGG_0080	11	0.0
efficacy_focused	MALAT1_A549_NGG_0080	12	0.0
efficacy_focused	MALAT1_A549_NGG_0080	13	0.0
efficacy_focused	MALAT1_A549_NGG_0080	14	0.0
efficacy_focused	MALAT1_A549_NGG_0080	15	0.0
efficacy_focused	MALAT1_A549_NGG_0080	16	0.0
efficacy_focused	MALAT1_A549_NGG_0080	17	0.0
efficacy_focused	MALAT1_A549_NGG_0080	18	0.0
efficacy_focused	MALAT1_A549_NGG_0080	19	0.0
efficacy_focused	MALAT1_A549_NGG_0080	20	0.0
efficacy_focused	MALAT1_A549_NGG_0080	21	0.0
efficacy_focused	MALAT1_A549_NGG_0080	22	0.0
efficacy_focused	MALAT1_A549_NGG_0080	23	0.0
efficacy_focused	MALAT1_A549_NGG_0080	24	0.0
efficacy_focused	MALAT1_A549_NGG_0080	25	0.0
efficacy_focused	MALAT1_A549_NGG_0080	26	0.0
efficacy_focused	MALAT1_A549_NGG_0080	27	0.0
efficacy_focused	MALAT1_A549_NGG_0080	28	0.0
efficacy_focused	MALAT1_A549_NGG_0080	29	0.0
efficacy_focused	MALAT1_A549_NGG_0080	30	0.0
efficacy_focused	MALAT1_A549_NGG_0080	31	0.0
efficacy_focused	MALAT1_A549_NGG_0080	32	0.0
efficacy_focused	MALAT1_A549_NGG_0080	33	3.333e-05
efficacy_focused	MALAT1_A549_NGG_0080	34	0.0
efficacy_focused	MALAT1_A549_NGG_0080	35	0.0
efficacy_focused	MALAT1_A549_NGG_0080	36	6.667e-05
efficacy_focused	MALAT1_A549_NGG_0080	37	3.333e-05
efficacy_focused	MALAT1_A549_NGG_0080	38	0.0
efficacy_focused	MALAT1_A549_NGG_0080	39	3.333e-05
efficacy_focused	MALAT1_A549_NGG_0080	40	0.00016667
efficacy_focused	MALAT1_A549_NGG_0080	41	0.00133333
efficacy_focused	MALAT1_A549_NGG_0080	42	0.00146667
efficacy_focused	MALAT1_A549_NGG_0080	43	0.00233333
efficacy_focused	MALAT1_A549_NGG_0080	44	0.00413333
efficacy_focused	MALAT1_A549_NGG_0080	45	0.0068
efficacy_focused	MALAT1_A549_NGG_0080	46	0.01623333
efficacy_focused	MALAT1_A549_NGG_0080	47	0.0181
efficacy_focused	MALAT1_A549_NGG_0080	48	0.02486667
efficacy_focused	MALAT1_A549_NGG_0080	49	0.02906667
efficacy_focused	MALAT1_A549_NGG_0080	50	0.0342
efficacy_focused	MALAT1_A549_NGG_0080	51	0.02933333
efficacy_focused	MALAT1_A549_NGG_0080	52	0.0293
efficacy_focused	MALAT1_A549_NGG_0080	53	0.02693333
efficacy_focused	MALAT1_A549_NGG_0080	54	0.02843333
efficacy_focused	MALAT1_A549_NGG_0080	55	0.0297
efficacy_focused	MALAT1_A549_NGG_0080	56	0.0285
efficacy_focused	MALAT1_A549_NGG_0080	57	0.0274
efficacy_focused	MALAT1_A549_NGG_0080	58	0.02973333
efficacy_focused	MALAT1_A549_NGG_0080	59	0.0302
efficacy_focused	MALAT1_A549_NGG_0080	60	0.03123333
efficacy_focused	MALAT1_A549_NGG_0080	61	0.03266667
efficacy_focused	MALAT1_A549_NGG_0080	62	0.0353
efficacy_focused	MALAT1_A549_NGG_0080	63	0.0359
efficacy_focused	MALAT1_A549_NGG_0080	64	0.03786667
efficacy_focused	MALAT1_A549_NGG_0080	65	0.036
efficacy_focused	MALAT1_A549_NGG_0080	66	0.03503333
efficacy_focused	MALAT1_A549_NGG_0080	67	0.0327
efficacy_focused	MALAT1_A549_NGG_0080	68	0.02903333
efficacy_focused	MALAT1_A549_NGG_0080	69	0.02623333
efficacy_focused	MALAT1_A549_NGG_0080	70	0.02533333
efficacy_focused	MALAT1_A549_NGG_0080	71	0.02556667
efficacy_focused	MALAT1_A549_NGG_0080	72	0.02646667
efficacy_focused	MALAT1_A549_NGG_0080	73	0.03923333
efficacy_focused	MALAT1_A549_NGG_0080	74	0.0444
efficacy_focused	MALAT1_A549_NGG_0080	75	0.05036667
efficacy_focused	MALAT1_A549_NGG_0080	76	0.02766667
efficacy_focused	MALAT1_A549_NGG_0080	77	0.015
efficacy_focused	MALAT1_A549_NGG_0080	78	0.00676667
efficacy_focused	MALAT1_A549_NGG_0080	79	0.00363333
efficacy_focused	MALAT1_A549_NGG_0080	80	0.0022
efficacy_focused	MALAT1_A549_NGG_0080	81	0.0014
efficacy_focused	MALAT1_A549_NGG_0080	82	0.001
efficacy_focused	MALAT1_A549_NGG_0080	83	0.00053333
efficacy_focused	MALAT1_A549_NGG_0080	84	6.667e-05
efficacy_focused	MALAT1_A549_NGG_0080	85	0.0
efficacy_focused	MALAT1_A549_NGG_0080	86	0.0
efficacy_focused	MALAT1_A549_NGG_0081	1	0.0
efficacy_focused	MALAT1_A549_NGG_0081	2	0.0
efficacy_focused	MALAT1_A549_NGG_0081	3	0.0
efficacy_focused	MALAT1_A549_NGG_0081	4	0.0
efficacy_focused	MALAT1_A549_NGG_0081	5	0.0
efficacy_focused	MALAT1_A549_NGG_0081	6	0.0
efficacy_focused	MALAT1_A549_NGG_0081	7	0.0
efficacy_focused	MALAT1_A549_NGG_0081	8	0.0
efficacy_focused	MALAT1_A549_NGG_0081	9	0.0
efficacy_focused	MALAT1_A549_NGG_0081	10	0.0
efficacy_focused	MALAT1_A549_NGG_0081	11	0.0
efficacy_focused	MALAT1_A549_NGG_0081	12	0.0
efficacy_focused	MALAT1_A549_NGG_0081	13	0.0
efficacy_focused	MALAT1_A549_NGG_0081	14	0.0
efficacy_focused	MALAT1_A549_NGG_0081	15	0.0
efficacy_focused	MALAT1_A549_NGG_0081	16	0.0
efficacy_focused	MALAT1_A549_NGG_0081	17	0.0
efficacy_focused	MALAT1_A549_NGG_0081	18	0.0
efficacy_focused	MALAT1_A549_NGG_0081	19	0.0
efficacy_focused	MALAT1_A549_NGG_0081	20	0.0
efficacy_focused	MALAT1_A549_NGG_0081	21	0.0
efficacy_focused	MALAT1_A549_NGG_0081	22	0.0
efficacy_focused	MALAT1_A549_NGG_0081	23	0.0
efficacy_focused	MALAT1_A549_NGG_0081	24	0.0
efficacy_focused	MALAT1_A549_NGG_0081	25	0.0
efficacy_focused	MALAT1_A549_NGG_0081	26	0.0
efficacy_focused	MALAT1_A549_NGG_0081	27	0.0
efficacy_focused	MALAT1_A549_NGG_0081	28	0.0
efficacy_focused	MALAT1_A549_NGG_0081	29	0.0
efficacy_focused	MALAT1_A549_NGG_0081	30	0.0
efficacy_focused	MALAT1_A549_NGG_0081	31	0.0
efficacy_focused	MALAT1_A549_NGG_0081	32	0.0
efficacy_focused	MALAT1_A549_NGG_0081	33	0.0
efficacy_focused	MALAT1_A549_NGG_0081	34	0.0
efficacy_focused	MALAT1_A549_NGG_0081	35	0.0
efficacy_focused	MALAT1_A549_NGG_0081	36	0.0
efficacy_focused	MALAT1_A549_NGG_0081	37	0.0
efficacy_focused	MALAT1_A549_NGG_0081	38	0.0
efficacy_focused	MALAT1_A549_NGG_0081	39	0.0
efficacy_focused	MALAT1_A549_NGG_0081	40	0.0
efficacy_focused	MALAT1_A549_NGG_0081	41	0.0
efficacy_focused	MALAT1_A549_NGG_0081	42	3.333e-05
efficacy_focused	MALAT1_A549_NGG_0081	43	0.0
efficacy_focused	MALAT1_A549_NGG_0081	44	6.667e-05
efficacy_focused	MALAT1_A549_NGG_0081	45	3.333e-05
efficacy_focused	MALAT1_A549_NGG_0081	46	0.00026667
efficacy_focused	MALAT1_A549_NGG_0081	47	0.00063333
efficacy_focused	MALAT1_A549_NGG_0081	48	0.001
efficacy_focused	MALAT1_A549_NGG_0081	49	0.00166667
efficacy_focused	MALAT1_A549_NGG_0081	50	0.0032
efficacy_focused	MALAT1_A549_NGG_0081	51	0.0055
efficacy_focused	MALAT1_A549_NGG_0081	52	0.00646667
efficacy_focused	MALAT1_A549_NGG_0081	53	0.0077
efficacy_focused	MALAT1_A549_NGG_0081	54	0.00773333
efficacy_focused	MALAT1_A549_NGG_0081	55	0.01026667
efficacy_focused	MALAT1_A549_NGG_0081	56	0.01053333
efficacy_focused	MALAT1_A549_NGG_0081	57	0.0127
efficacy_focused	MALAT1_A549_NGG_0081	58	0.01313333
efficacy_focused	MALAT1_A549_NGG_0081	59	0.01606667
efficacy_focused	MALAT1_A549_NGG_0081	60	0.01726667
efficacy_focused	MALAT1_A549_NGG_0081	61	0.01826667
efficacy_focused	MALAT1_A549_NGG_0081	62	0.02146667
efficacy_focused	MALAT1_A549_NGG_0081	63	0.02526667
efficacy_focused	MALAT1_A549_NGG_0081	64	0.0278
efficacy_focused	MALAT1_A549_NGG_0081	65	0.03253333
efficacy_focused	MALAT1_A549_NGG_0081	66	0.03473333
efficacy_focused	MALAT1_A549_NGG_0081	67	0.04023333
efficacy_focused	MALAT1_A549_NGG_0081	68	0.03906667
efficacy_focused	MALAT1_A549_NGG_0081	69	0.03953333
efficacy_focused	MALAT1_A549_NGG_0081	70	0.03756667
efficacy_focused	MALAT1_A549_NGG_0081	71	0.03426667
efficacy_focused	MALAT1_A549_NGG_0081	72	0.03406667
efficacy_focused	MALAT1_A549_NGG_0081	73	0.03506667
efficacy_focused	MALAT1_A549_NGG_0081	74	0.0372
efficacy_focused	MALAT1_A549_NGG_0081	75	0.0475
efficacy_focused	MALAT1_A549_NGG_0081	76	0.07866667
efficacy_focused	MALAT1_A549_NGG_0081	77	0.08663333
efficacy_focused	MALAT1_A549_NGG_0081	78	0.06123333
efficacy_focused	MALAT1_A549_NGG_0081	79	0.0431
efficacy_focused	MALAT1_A549_NGG_0081	80	0.03293333
efficacy_focused	MALAT1_A549_NGG_0081	81	0.0249
efficacy_focused	MALAT1_A549_NGG_0081	82	0.02186667
efficacy_focused	MALAT1_A549_NGG_0081	83	0.01686667
efficacy_focused	MALAT1_A549_NGG_0081	84	0.01313333
efficacy_focused	MALAT1_A549_NGG_0081	85	0.00176667
efficacy_focused	MALAT1_A549_NGG_0081	86	6.667e-05
efficacy_focused	MALAT1_A549_NGG_0082	1	0.0
efficacy_focused	MALAT1_A549_NGG_0082	2	0.0
efficacy_focused	MALAT1_A549_NGG_0082	3	0.0
efficacy_focused	MALAT1_A549_NGG_0082	4	0.0
efficacy_focused	MALAT1_A549_NGG_0082	5	0.0
efficacy_focused	MALAT1_A549_NGG_0082	6	0.0
efficacy_focused	MALAT1_A549_NGG_0082	7	0.0
efficacy_focused	MALAT1_A549_NGG_0082	8	0.0
efficacy_focused	MALAT1_A549_NGG_0082	9	0.0
efficacy_focused	MALAT1_A549_NGG_0082	10	0.0
efficacy_focused	MALAT1_A549_NGG_0082	11	0.0
efficacy_focused	MALAT1_A549_NGG_0082	12	0.0
efficacy_focused	MALAT1_A549_NGG_0082	13	0.0
efficacy_focused	MALAT1_A549_NGG_0082	14	0.0
efficacy_focused	MALAT1_A549_NGG_0082	15	0.0
efficacy_focused	MALAT1_A549_NGG_0082	16	0.0
efficacy_focused	MALAT1_A549_NGG_0082	17	0.0
efficacy_focused	MALAT1_A549_NGG_0082	18	0.0
efficacy_focused	MALAT1_A549_NGG_0082	19	0.0
efficacy_focused	MALAT1_A549_NGG_0082	20	0.0
efficacy_focused	MALAT1_A549_NGG_0082	21	0.0
efficacy_focused	MALAT1_A549_NGG_0082	22	0.0
efficacy_focused	MALAT1_A549_NGG_0082	23	0.0
efficacy_focused	MALAT1_A549_NGG_0082	24	0.0
efficacy_focused	MALAT1_A549_NGG_0082	25	0.0
efficacy_focused	MALAT1_A549_NGG_0082	26	0.0
efficacy_focused	MALAT1_A549_NGG_0082	27	0.0
efficacy_focused	MALAT1_A549_NGG_0082	28	0.0
efficacy_focused	MALAT1_A549_NGG_0082	29	0.0
efficacy_focused	MALAT1_A549_NGG_0082	30	0.0
efficacy_focused	MALAT1_A549_NGG_0082	31	0.0
efficacy_focused	MALAT1_A549_NGG_0082	32	0.0
efficacy_focused	MALAT1_A549_NGG_0082	33	0.0
efficacy_focused	MALAT1_A549_NGG_0082	34	0.0
efficacy_focused	MALAT1_A549_NGG_0082	35	0.0
efficacy_focused	MALAT1_A549_NGG_0082	36	0.0
efficacy_focused	MALAT1_A549_NGG_0082	37	0.0
efficacy_focused	MALAT1_A549_NGG_0082	38	0.0
efficacy_focused	MALAT1_A549_NGG_0082	39	0.0
efficacy_focused	MALAT1_A549_NGG_0082	40	0.0
efficacy_focused	MALAT1_A549_NGG_0082	41	0.0
efficacy_focused	MALAT1_A549_NGG_0082	42	0.0
efficacy_focused	MALAT1_A549_NGG_0082	43	0.0
efficacy_focused	MALAT1_A549_NGG_0082	44	0.0
efficacy_focused	MALAT1_A549_NGG_0082	45	0.0
efficacy_focused	MALAT1_A549_NGG_0082	46	0.0
efficacy_focused	MALAT1_A549_NGG_0082	47	0.0
efficacy_focused	MALAT1_A549_NGG_0082	48	3.333e-05
efficacy_focused	MALAT1_A549_NGG_0082	49	0.0
efficacy_focused	MALAT1_A549_NGG_0082	50	3.333e-05
efficacy_focused	MALAT1_A549_NGG_0082	51	6.667e-05
efficacy_focused	MALAT1_A549_NGG_0082	52	0.00023333
efficacy_focused	MALAT1_A549_NGG_0082	53	0.00053333
efficacy_focused	MALAT1_A549_NGG_0082	54	0.00056667
efficacy_focused	MALAT1_A549_NGG_0082	55	0.00056667
efficacy_focused	MALAT1_A549_NGG_0082	56	0.00093333
efficacy_focused	MALAT1_A549_NGG_0082	57	0.00136667
efficacy_focused	MALAT1_A549_NGG_0082	58	0.00236667
efficacy_focused	MALAT1_A549_NGG_0082	59	0.00223333
efficacy_focused	MALAT1_A549_NGG_0082	60	0.00256667
efficacy_focused	MALAT1_A549_NGG_0082	61	0.00263333
efficacy_focused	MALAT1_A549_NGG_0082	62	0.00416667
efficacy_focused	MALAT1_A549_NGG_0082	63	0.00446667
efficacy_focused	MALAT1_A549_NGG_0082	64	0.006
efficacy_focused	MALAT1_A549_NGG_0082	65	0.007
efficacy_focused	MALAT1_A549_NGG_0082	66	0.01003333
efficacy_focused	MALAT1_A549_NGG_0082	67	0.01196667
efficacy_focused	MALAT1_A549_NGG_0082	68	0.01583333
efficacy_focused	MALAT1_A549_NGG_0082	69	0.01793333
efficacy_focused	MALAT1_A549_NGG_0082	70	0.01966667
efficacy_focused	MALAT1_A549_NGG_0082	71	0.0211
efficacy_focused	MALAT1_A549_NGG_0082	72	0.02163333
efficacy_focused	MALAT1_A549_NGG_0082	73	0.02316667
efficacy_focused	MALAT1_A549_NGG_0082	74	0.0238
efficacy_focused	MALAT1_A549_NGG_0082	75	0.02623333
efficacy_focused	MALAT1_A549_NGG_0082	76	0.03086667
efficacy_focused	MALAT1_A549_NGG_0082	77	0.0434
efficacy_focused	MALAT1_A549_NGG_0082	78	0.068
efficacy_focused	MALAT1_A549_NGG_0082	79	0.06696667
efficacy_focused	MALAT1_A549_NGG_0082	80	0.06423333
efficacy_focused	MALAT1_A549_NGG_0082	81	0.0654
efficacy_focused	MALAT1_A549_NGG_0082	82	0.07436667
efficacy_focused	MALAT1_A549_NGG_0082	83	0.08073333
efficacy_focused	MALAT1_A549_NGG_0082	84	0.09686667
efficacy_focused	MALAT1_A549_NGG_0082	85	0.13403333
efficacy_focused	MALAT1_A549_NGG_0082	86	0.048
efficacy_focused	MALAT1_A549_NGG_0083	1	0.0
efficacy_focused	MALAT1_A549_NGG_0083	2	0.0
efficacy_focused	MALAT1_A549_NGG_0083	3	0.0
efficacy_focused	MALAT1_A549_NGG_0083	4	0.0
efficacy_focused	MALAT1_A549_NGG_0083	5	0.0
efficacy_focused	MALAT1_A549_NGG_0083	6	0.0
efficacy_focused	MALAT1_A549_NGG_0083	7	0.0
efficacy_focused	MALAT1_A549_NGG_0083	8	0.0
efficacy_focused	MALAT1_A549_NGG_0083	9	0.0
efficacy_focused	MALAT1_A549_NGG_0083	10	0.0
efficacy_focused	MALAT1_A549_NGG_0083	11	0.0
efficacy_focused	MALAT1_A549_NGG_0083	12	0.0
efficacy_focused	MALAT1_A549_NGG_0083	13	0.0
efficacy_focused	MALAT1_A549_NGG_0083	14	0.0
efficacy_focused	MALAT1_A549_NGG_0083	15	0.0
efficacy_focused	MALAT1_A549_NGG_0083	16	0.0
efficacy_focused	MALAT1_A549_NGG_0083	17	0.0
efficacy_focused	MALAT1_A549_NGG_0083	18	0.0
efficacy_focused	MALAT1_A549_NGG_0083	19	0.0
efficacy_focused	MALAT1_A549_NGG_0083	20	0.0
efficacy_focused	MALAT1_A549_NGG_0083	21	0.0
efficacy_focused	MALAT1_A549_NGG_0083	22	0.0
efficacy_focused	MALAT1_A549_NGG_0083	23	0.0
efficacy_focused	MALAT1_A549_NGG_0083	24	0.0
efficacy_focused	MALAT1_A549_NGG_0083	25	0.0
efficacy_focused	MALAT1_A549_NGG_0083	26	0.0
efficacy_focused	MALAT1_A549_NGG_0083	27	0.0
efficacy_focused	MALAT1_A549_NGG_0083	28	0.0
efficacy_focused	MALAT1_A549_NGG_0083	29	0.0
efficacy_focused	MALAT1_A549_NGG_0083	30	0.0
efficacy_focused	MALAT1_A549_NGG_0083	31	0.0
efficacy_focused	MALAT1_A549_NGG_0083	32	6.667e-05
efficacy_focused	MALAT1_A549_NGG_0083	33	0.0
efficacy_focused	MALAT1_A549_NGG_0083	34	0.0
efficacy_focused	MALAT1_A549_NGG_0083	35	3.333e-05
efficacy_focused	MALAT1_A549_NGG_0083	36	0.0001
efficacy_focused	MALAT1_A549_NGG_0083	37	0.00013333
efficacy_focused	MALAT1_A549_NGG_0083	38	0.0002
efficacy_focused	MALAT1_A549_NGG_0083	39	0.00023333
efficacy_focused	MALAT1_A549_NGG_0083	40	0.00043333
efficacy_focused	MALAT1_A549_NGG_0083	41	0.0003
efficacy_focused	MALAT1_A549_NGG_0083	42	0.00056667
efficacy_focused	MALAT1_A549_NGG_0083	43	0.00126667
efficacy_focused	MALAT1_A549_NGG_0083	44	0.00116667
efficacy_focused	MALAT1_A549_NGG_0083	45	0.00213333
efficacy_focused	MALAT1_A549_NGG_0083	46	0.0038
efficacy_focused	MALAT1_A549_NGG_0083	47	0.006
efficacy_focused	MALAT1_A549_NGG_0083	48	0.0074
efficacy_focused	MALAT1_A549_NGG_0083	49	0.00866667
efficacy_focused	MALAT1_A549_NGG_0083	50	0.0123
efficacy_focused	MALAT1_A549_NGG_0083	51	0.01403333
efficacy_focused	MALAT1_A549_NGG_0083	52	0.0161
efficacy_focused	MALAT1_A549_NGG_0083	53	0.01723333
efficacy_focused	MALAT1_A549_NGG_0083	54	0.01963333
efficacy_focused	MALAT1_A549_NGG_0083	55	0.0185
efficacy_focused	MALAT1_A549_NGG_0083	56	0.01883333
efficacy_focused	MALAT1_A549_NGG_0083	57	0.0211
efficacy_focused	MALAT1_A549_NGG_0083	58	0.0215
efficacy_focused	MALAT1_A549_NGG_0083	59	0.0232
efficacy_focused	MALAT1_A549_NGG_0083	60	0.027
efficacy_focused	MALAT1_A549_NGG_0083	61	0.02733333
efficacy_focused	MALAT1_A549_NGG_0083	62	0.03163333
efficacy_focused	MALAT1_A549_NGG_0083	63	0.03383333
efficacy_focused	MALAT1_A549_NGG_0083	64	0.03596667
efficacy_focused	MALAT1_A549_NGG_0083	65	0.03793333
efficacy_focused	MALAT1_A549_NGG_0083	66	0.03893333
efficacy_focused	MALAT1_A549_NGG_0083	67	0.03856667
efficacy_focused	MALAT1_A549_NGG_0083	68	0.0341
efficacy_focused	MALAT1_A549_NGG_0083	69	0.03476667
efficacy_focused	MALAT1_A549_NGG_0083	70	0.03266667
efficacy_focused	MALAT1_A549_NGG_0083	71	0.03473333
efficacy_focused	MALAT1_A549_NGG_0083	72	0.0324
efficacy_focused	MALAT1_A549_NGG_0083	73	0.0349
efficacy_focused	MALAT1_A549_NGG_0083	74	0.04636667
efficacy_focused	MALAT1_A549_NGG_0083	75	0.0456
efficacy_focused	MALAT1_A549_NGG_0083	76	0.0522
efficacy_focused	MALAT1_A549_NGG_0083	77	0.0423
efficacy_focused	MALAT1_A549_NGG_0083	78	0.02683333
efficacy_focused	MALAT1_A549_NGG_0083	79	0.01953333
efficacy_focused	MALAT1_A549_NGG_0083	80	0.01786667
efficacy_focused	MALAT1_A549_NGG_0083	81	0.01786667
efficacy_focused	MALAT1_A549_NGG_0083	82	0.0157
efficacy_focused	MALAT1_A549_NGG_0083	83	0.01256667
efficacy_focused	MALAT1_A549_NGG_0083	84	0.0104
efficacy_focused	MALAT1_A549_NGG_0083	85	0.00303333
efficacy_focused	MALAT1_A549_NGG_0083	86	3.333e-05
efficacy_focused	MALAT1_A549_NGG_0084	1	0.0
efficacy_focused	MALAT1_A549_NGG_0084	2	0.0
efficacy_focused	MALAT1_A549_NGG_0084	3	0.0
efficacy_focused	MALAT1_A549_NGG_0084	4	0.0
efficacy_focused	MALAT1_A549_NGG_0084	5	0.0
efficacy_focused	MALAT1_A549_NGG_0084	6	0.0
efficacy_focused	MALAT1_A549_NGG_0084	7	0.0
efficacy_focused	MALAT1_A549_NGG_0084	8	0.0
efficacy_focused	MALAT1_A549_NGG_0084	9	0.0
efficacy_focused	MALAT1_A549_NGG_0084	10	0.0
efficacy_focused	MALAT1_A549_NGG_0084	11	0.0
efficacy_focused	MALAT1_A549_NGG_0084	12	0.0
efficacy_focused	MALAT1_A549_NGG_0084	13	0.0
efficacy_focused	MALAT1_A549_NGG_0084	14	0.0
efficacy_focused	MALAT1_A549_NGG_0084	15	0.0
efficacy_focused	MALAT1_A549_NGG_0084	16	0.0
efficacy_focused	MALAT1_A549_NGG_0084	17	0.0
efficacy_focused	MALAT1_A549_NGG_0084	18	0.0
efficacy_focused	MALAT1_A549_NGG_0084	19	0.0
efficacy_focused	MALAT1_A549_NGG_0084	20	0.0
efficacy_focused	MALAT1_A549_NGG_0084	21	0.0
efficacy_focused	MALAT1_A549_NGG_0084	22	0.0
efficacy_focused	MALAT1_A549_NGG_0084	23	0.0
efficacy_focused	MALAT1_A549_NGG_0084	24	0.0
efficacy_focused	MALAT1_A549_NGG_0084	25	0.0
efficacy_focused	MALAT1_A549_NGG_0084	26	0.0
efficacy_focused	MALAT1_A549_NGG_0084	27	0.0
efficacy_focused	MALAT1_A549_NGG_0084	28	0.0
efficacy_focused	MALAT1_A549_NGG_0084	29	0.0
efficacy_focused	MALAT1_A549_NGG_0084	30	0.0
efficacy_focused	MALAT1_A549_NGG_0084	31	0.0
efficacy_focused	MALAT1_A549_NGG_0084	32	0.0
efficacy_focused	MALAT1_A549_NGG_0084	33	0.0
efficacy_focused	MALAT1_A549_NGG_0084	34	0.0
efficacy_focused	MALAT1_A549_NGG_0084	35	0.0
efficacy_focused	MALAT1_A549_NGG_0084	36	0.0
efficacy_focused	MALAT1_A549_NGG_0084	37	0.0
efficacy_focused	MALAT1_A549_NGG_0084	38	0.0
efficacy_focused	MALAT1_A549_NGG_0084	39	0.0
efficacy_focused	MALAT1_A549_NGG_0084	40	0.0
efficacy_focused	MALAT1_A549_NGG_0084	41	0.0
efficacy_focused	MALAT1_A549_NGG_0084	42	0.0
efficacy_focused	MALAT1_A549_NGG_0084	43	0.0
efficacy_focused	MALAT1_A549_NGG_0084	44	0.0
efficacy_focused	MALAT1_A549_NGG_0084	45	0.0
efficacy_focused	MALAT1_A549_NGG_0084	46	0.0
efficacy_focused	MALAT1_A549_NGG_0084	47	3.333e-05
efficacy_focused	MALAT1_A549_NGG_0084	48	0.0
efficacy_focused	MALAT1_A549_NGG_0084	49	0.0
efficacy_focused	MALAT1_A549_NGG_0084	50	3.333e-05
efficacy_focused	MALAT1_A549_NGG_0084	51	3.333e-05
efficacy_focused	MALAT1_A549_NGG_0084	52	0.0001
efficacy_focused	MALAT1_A549_NGG_0084	53	0.00013333
efficacy_focused	MALAT1_A549_NGG_0084	54	0.00023333
efficacy_focused	MALAT1_A549_NGG_0084	55	0.00046667
efficacy_focused	MALAT1_A549_NGG_0084	56	0.00053333
efficacy_focused	MALAT1_A549_NGG_0084	57	0.00033333
efficacy_focused	MALAT1_A549_NGG_0084	58	0.0006
efficacy_focused	MALAT1_A549_NGG_0084	59	0.0009
efficacy_focused	MALAT1_A549_NGG_0084	60	0.00073333
efficacy_focused	MALAT1_A549_NGG_0084	61	0.0013
efficacy_focused	MALAT1_A549_NGG_0084	62	0.0017
efficacy_focused	MALAT1_A549_NGG_0084	63	0.00253333
efficacy_focused	MALAT1_A549_NGG_0084	64	0.0022
efficacy_focused	MALAT1_A549_NGG_0084	65	0.00286667
efficacy_focused	MALAT1_A549_NGG_0084	66	0.0035
efficacy_focused	MALAT1_A549_NGG_0084	67	0.0051
efficacy_focused	MALAT1_A549_NGG_0084	68	0.0071
efficacy_focused	MALAT1_A549_NGG_0084	69	0.00843333
efficacy_focused	MALAT1_A549_NGG_0084	70	0.0099
efficacy_focused	MALAT1_A549_NGG_0084	71	0.0096
efficacy_focused	MALAT1_A549_NGG_0084	72	0.01136667
efficacy_focused	MALAT1_A549_NGG_0084	73	0.0126
efficacy_focused	MALAT1_A549_NGG_0084	74	0.01463333
efficacy_focused	MALAT1_A549_NGG_0084	75	0.01623333
efficacy_focused	MALAT1_A549_NGG_0084	76	0.01943333
efficacy_focused	MALAT1_A549_NGG_0084	77	0.02943333
efficacy_focused	MALAT1_A549_NGG_0084	78	0.0342
efficacy_focused	MALAT1_A549_NGG_0084	79	0.0466
efficacy_focused	MALAT1_A549_NGG_0084	80	0.045
efficacy_focused	MALAT1_A549_NGG_0084	81	0.0422
efficacy_focused	MALAT1_A549_NGG_0084	82	0.04406667
efficacy_focused	MALAT1_A549_NGG_0084	83	0.05393333
efficacy_focused	MALAT1_A549_NGG_0084	84	0.06986667
efficacy_focused	MALAT1_A549_NGG_0084	85	0.1172
efficacy_focused	MALAT1_A549_NGG_0084	86	0.38486667
efficacy_focused	MALAT1_A549_NGG_0085	1	0.0
efficacy_focused	MALAT1_A549_NGG_0085	2	0.0
efficacy_focused	MALAT1_A549_NGG_0085	3	0.0
efficacy_focused	MALAT1_A549_NGG_0085	4	0.0
efficacy_focused	MALAT1_A549_NGG_0085	5	0.0
efficacy_focused	MALAT1_A549_NGG_0085	6	3.333e-05
efficacy_focused	MALAT1_A549_NGG_0085	7	0.0
efficacy_focused	MALAT1_A549_NGG_0085	8	3.333e-05
efficacy_focused	MALAT1_A549_NGG_0085	9	3.333e-05
efficacy_focused	MALAT1_A549_NGG_0085	10	0.0001
efficacy_focused	MALAT1_A549_NGG_0085	11	0.0001
efficacy_focused	MALAT1_A549_NGG_0085	12	6.667e-05
efficacy_focused	MALAT1_A549_NGG_0085	13	0.0002
efficacy_focused	MALAT1_A549_NGG_0085	14	0.00033333
efficacy_focused	MALAT1_A549_NGG_0085	15	0.0004
efficacy_focused	MALAT1_A549_NGG_0085	16	0.0002
efficacy_focused	MALAT1_A549_NGG_0085	17	0.00066667
efficacy_focused	MALAT1_A549_NGG_0085	18	0.00056667
efficacy_focused	MALAT1_A549_NGG_0085	19	0.00093333
efficacy_focused	MALAT1_A549_NGG_0085	20	0.00126667
efficacy_focused	MALAT1_A549_NGG_0085	21	0.00173333
efficacy_focused	MALAT1_A549_NGG_0085	22	0.00196667
efficacy_focused	MALAT1_A549_NGG_0085	23	0.0033
efficacy_focused	MALAT1_A549_NGG_0085	24	0.00426667
efficacy_focused	MALAT1_A549_NGG_0085	25	0.00563333
efficacy_focused	MALAT1_A549_NGG_0085	26	0.00663333
efficacy_focused	MALAT1_A549_NGG_0085	27	0.00906667
efficacy_focused	MALAT1_A549_NGG_0085	28	0.01076667
efficacy_focused	MALAT1_A549_NGG_0085	29	0.01286667
efficacy_focused	MALAT1_A549_NGG_0085	30	0.0138
efficacy_focused	MALAT1_A549_NGG_0085	31	0.01493333
efficacy_focused	MALAT1_A549_NGG_0085	32	0.01766667
efficacy_focused	MALAT1_A549_NGG_0085	33	0.01936667
efficacy_focused	MALAT1_A549_NGG_0085	34	0.02233333
efficacy_focused	MALAT1_A549_NGG_0085	35	0.02816667
efficacy_focused	MALAT1_A549_NGG_0085	36	0.03183333
efficacy_focused	MALAT1_A549_NGG_0085	37	0.0303
efficacy_focused	MALAT1_A549_NGG_0085	38	0.03336667
efficacy_focused	MALAT1_A549_NGG_0085	39	0.04243333
efficacy_focused	MALAT1_A549_NGG_0085	40	0.06966667
efficacy_focused	MALAT1_A549_NGG_0085	41	0.13906667
efficacy_focused	MALAT1_A549_NGG_0085	42	0.0941
efficacy_focused	MALAT1_A549_NGG_0085	43	0.0638
efficacy_focused	MALAT1_A549_NGG_0085	44	0.05086667
efficacy_focused	MALAT1_A549_NGG_0085	45	0.03783333
efficacy_focused	MALAT1_A549_NGG_0085	46	0.03386667
efficacy_focused	MALAT1_A549_NGG_0085	47	0.03493333
efficacy_focused	MALAT1_A549_NGG_0085	48	0.04146667
efficacy_focused	MALAT1_A549_NGG_0085	49	0.03033333
efficacy_focused	MALAT1_A549_NGG_0085	50	0.02013333
efficacy_focused	MALAT1_A549_NGG_0085	51	0.0146
efficacy_focused	MALAT1_A549_NGG_0085	52	0.01196667
efficacy_focused	MALAT1_A549_NGG_0085	53	0.0091
efficacy_focused	MALAT1_A549_NGG_0085	54	0.00736667
efficacy_focused	MALAT1_A549_NGG_0085	55	0.0068
efficacy_focused	MALAT1_A549_NGG_0085	56	0.0052
efficacy_focused	MALAT1_A549_NGG_0085	57	0.0033
efficacy_focused	MALAT1_A549_NGG_0085	58	0.0025
efficacy_focused	MALAT1_A549_NGG_0085	59	0.0018
efficacy_focused	MALAT1_A549_NGG_0085	60	0.00093333
efficacy_focused	MALAT1_A549_NGG_0085	61	0.00116667
efficacy_focused	MALAT1_A549_NGG_0085	62	0.001
efficacy_focused	MALAT1_A549_NGG_0085	63	0.00063333
efficacy_focused	MALAT1_A549_NGG_0085	64	0.00053333
efficacy_focused	MALAT1_A549_NGG_0085	65	0.00033333
efficacy_focused	MALAT1_A549_NGG_0085	66	0.0003
efficacy_focused	MALAT1_A549_NGG_0085	67	0.00023333
efficacy_focused	MALAT1_A549_NGG_0085	68	0.00013333
efficacy_focused	MALAT1_A549_NGG_0085	69	0.0003
efficacy_focused	MALAT1_A549_NGG_0085	70	0.0002
efficacy_focused	MALAT1_A549_NGG_0085	71	0.0001
efficacy_focused	MALAT1_A549_NGG_0085	72	3.333e-05
efficacy_focused	MALAT1_A549_NGG_0085	73	0.0
efficacy_focused	MALAT1_A549_NGG_0085	74	0.0
efficacy_focused	MALAT1_A549_NGG_0085	75	0.0
efficacy_focused	MALAT1_A549_NGG_0085	76	3.333e-05
efficacy_focused	MALAT1_A549_NGG_0085	77	0.0
efficacy_focused	MALAT1_A549_NGG_0085	78	0.0
efficacy_focused	MALAT1_A549_NGG_0085	79	0.0
efficacy_focused	MALAT1_A549_NGG_0085	80	0.0
efficacy_focused	MALAT1_A549_NGG_0085	81	0.0
efficacy_focused	MALAT1_A549_NGG_0085	82	0.0
efficacy_focused	MALAT1_A549_NGG_0085	83	0.0
efficacy_focused	MALAT1_A549_NGG_0085	84	0.0
efficacy_focused	MALAT1_A549_NGG_0085	85	0.0
efficacy_focused	MALAT1_A549_NGG_0085	86	0.0
efficacy_focused	MALAT1_A549_NGG_0086	1	0.0
efficacy_focused	MALAT1_A549_NGG_0086	2	0.0
efficacy_focused	MALAT1_A549_NGG_0086	3	0.0
efficacy_focused	MALAT1_A549_NGG_0086	4	0.0
efficacy_focused	MALAT1_A549_NGG_0086	5	0.0
efficacy_focused	MALAT1_A549_NGG_0086	6	0.0
efficacy_focused	MALAT1_A549_NGG_0086	7	0.0
efficacy_focused	MALAT1_A549_NGG_0086	8	0.0
efficacy_focused	MALAT1_A549_NGG_0086	9	0.0
efficacy_focused	MALAT1_A549_NGG_0086	10	0.0
efficacy_focused	MALAT1_A549_NGG_0086	11	0.0
efficacy_focused	MALAT1_A549_NGG_0086	12	6.667e-05
efficacy_focused	MALAT1_A549_NGG_0086	13	6.667e-05
efficacy_focused	MALAT1_A549_NGG_0086	14	0.0001
efficacy_focused	MALAT1_A549_NGG_0086	15	0.0001
efficacy_focused	MALAT1_A549_NGG_0086	16	0.0003
efficacy_focused	MALAT1_A549_NGG_0086	17	0.00013333
efficacy_focused	MALAT1_A549_NGG_0086	18	0.00016667
efficacy_focused	MALAT1_A549_NGG_0086	19	0.0003
efficacy_focused	MALAT1_A549_NGG_0086	20	0.00023333
efficacy_focused	MALAT1_A549_NGG_0086	21	0.00033333
efficacy_focused	MALAT1_A549_NGG_0086	22	0.00056667
efficacy_focused	MALAT1_A549_NGG_0086	23	0.00076667
efficacy_focused	MALAT1_A549_NGG_0086	24	0.00103333
efficacy_focused	MALAT1_A549_NGG_0086	25	0.0013
efficacy_focused	MALAT1_A549_NGG_0086	26	0.00246667
efficacy_focused	MALAT1_A549_NGG_0086	27	0.00353333
efficacy_focused	MALAT1_A549_NGG_0086	28	0.00483333
efficacy_focused	MALAT1_A549_NGG_0086	29	0.00643333
efficacy_focused	MALAT1_A549_NGG_0086	30	0.0062
efficacy_focused	MALAT1_A549_NGG_0086	31	0.00753333
efficacy_focused	MALAT1_A549_NGG_0086	32	0.00906667
efficacy_focused	MALAT1_A549_NGG_0086	33	0.01033333
efficacy_focused	MALAT1_A549_NGG_0086	34	0.01313333
efficacy_focused	MALAT1_A549_NGG_0086	35	0.01683333
efficacy_focused	MALAT1_A549_NGG_0086	36	0.0206
efficacy_focused	MALAT1_A549_NGG_0086	37	0.02656667
efficacy_focused	MALAT1_A549_NGG_0086	38	0.02343333
efficacy_focused	MALAT1_A549_NGG_0086	39	0.02776667
efficacy_focused	MALAT1_A549_NGG_0086	40	0.03706667
efficacy_focused	MALAT1_A549_NGG_0086	41	0.0739
efficacy_focused	MALAT1_A549_NGG_0086	42	0.12543333
efficacy_focused	MALAT1_A549_NGG_0086	43	0.08456667
efficacy_focused	MALAT1_A549_NGG_0086	44	0.068
efficacy_focused	MALAT1_A549_NGG_0086	45	0.05423333
efficacy_focused	MALAT1_A549_NGG_0086	46	0.04876667
efficacy_focused	MALAT1_A549_NGG_0086	47	0.04103333
efficacy_focused	MALAT1_A549_NGG_0086	48	0.04053333
efficacy_focused	MALAT1_A549_NGG_0086	49	0.04556667
efficacy_focused	MALAT1_A549_NGG_0086	50	0.03503333
efficacy_focused	MALAT1_A549_NGG_0086	51	0.02896667
efficacy_focused	MALAT1_A549_NGG_0086	52	0.0229
efficacy_focused	MALAT1_A549_NGG_0086	53	0.01916667
efficacy_focused	MALAT1_A549_NGG_0086	54	0.01706667
efficacy_focused	MALAT1_A549_NGG_0086	55	0.01446667
efficacy_focused	MALAT1_A549_NGG_0086	56	0.01143333
efficacy_focused	MALAT1_A549_NGG_0086	57	0.01016667
efficacy_focused	MALAT1_A549_NGG_0086	58	0.0095
efficacy_focused	MALAT1_A549_NGG_0086	59	0.00653333
efficacy_focused	MALAT1_A549_NGG_0086	60	0.0052
efficacy_focused	MALAT1_A549_NGG_0086	61	0.00363333
efficacy_focused	MALAT1_A549_NGG_0086	62	0.0029
efficacy_focused	MALAT1_A549_NGG_0086	63	0.0022
efficacy_focused	MALAT1_A549_NGG_0086	64	0.0017
efficacy_focused	MALAT1_A549_NGG_0086	65	0.00143333
efficacy_focused	MALAT1_A549_NGG_0086	66	0.00086667
efficacy_focused	MALAT1_A549_NGG_0086	67	0.00066667
efficacy_focused	MALAT1_A549_NGG_0086	68	0.00086667
efficacy_focused	MALAT1_A549_NGG_0086	69	0.00043333
efficacy_focused	MALAT1_A549_NGG_0086	70	0.00043333
efficacy_focused	MALAT1_A549_NGG_0086	71	0.0002
efficacy_focused	MALAT1_A549_NGG_0086	72	0.0003
efficacy_focused	MALAT1_A549_NGG_0086	73	0.00013333
efficacy_focused	MALAT1_A549_NGG_0086	74	0.0002
efficacy_focused	MALAT1_A549_NGG_0086	75	3.333e-05
efficacy_focused	MALAT1_A549_NGG_0086	76	6.667e-05
efficacy_focused	MALAT1_A549_NGG_0086	77	3.333e-05
efficacy_focused	MALAT1_A549_NGG_0086	78	3.333e-05
efficacy_focused	MALAT1_A549_NGG_0086	79	6.667e-05
efficacy_focused	MALAT1_A549_NGG_0086	80	0.0
efficacy_focused	MALAT1_A549_NGG_0086	81	3.333e-05
efficacy_focused	MALAT1_A549_NGG_0086	82	0.0
efficacy_focused	MALAT1_A549_NGG_0086	83	0.0
efficacy_focused	MALAT1_A549_NGG_0086	84	0.0
efficacy_focused	MALAT1_A549_NGG_0086	85	3.333e-05
efficacy_focused	MALAT1_A549_NGG_0086	86	0.0
safety_focused	MALAT1_A549_NGG_0001	1	3.333e-05
safety_focused	MALAT1_A549_NGG_0001	2	0.0004
safety_focused	MALAT1_A549_NGG_0001	3	0.0015
safety_focused	MALAT1_A549_NGG_0001	4	0.00326667
safety_focused	MALAT1_A549_NGG_0001	5	0.00536667
safety_focused	MALAT1_A549_NGG_0001	6	0.00983333
safety_focused	MALAT1_A549_NGG_0001	7	0.01266667
safety_focused	MALAT1_A549_NGG_0001	8	0.0174
safety_focused	MALAT1_A549_NGG_0001	9	0.0225
safety_focused	MALAT1_A549_NGG_0001	10	0.0268
safety_focused	MALAT1_A549_NGG_0001	11	0.03126667
safety_focused	MALAT1_A549_NGG_0001	12	0.0363
safety_focused	MALAT1_A549_NGG_0001	13	0.0369
safety_focused	MALAT1_A549_NGG_0001	14	0.03826667
safety_focused	MALAT1_A549_NGG_0001	15	0.04076667
safety_focused	MALAT1_A549_NGG_0001	16	0.0399
safety_focused	MALAT1_A549_NGG_0001	17	0.0395
safety_focused	MALAT1_A549_NGG_0001	18	0.04116667
safety_focused	MALAT1_A549_NGG_0001	19	0.03946667
safety_focused	MALAT1_A549_NGG_0001	20	0.0374
safety_focused	MALAT1_A549_NGG_0001	21	0.03296667
safety_focused	MALAT1_A549_NGG_0001	22	0.03173333
safety_focused	MALAT1_A549_NGG_0001	23	0.03013333
safety_focused	MALAT1_A549_NGG_0001	24	0.02893333
safety_focused	MALAT1_A549_NGG_0001	25	0.0267
safety_focused	MALAT1_A549_NGG_0001	26	0.0249
safety_focused	MALAT1_A549_NGG_0001	27	0.02393333
safety_focused	MALAT1_A549_NGG_0001	28	0.02443333
safety_focused	MALAT1_A549_NGG_0001	29	0.0236
safety_focused	MALAT1_A549_NGG_0001	30	0.0247
safety_focused	MALAT1_A549_NGG_0001	31	0.02533333
safety_focused	MALAT1_A549_NGG_0001	32	0.02496667
safety_focused	MALAT1_A549_NGG_0001	33	0.02443333
safety_focused	MALAT1_A549_NGG_0001	34	0.0251
safety_focused	MALAT1_A549_NGG_0001	35	0.02566667
safety_focused	MALAT1_A549_NGG_0001	36	0.0249
safety_focused	MALAT1_A549_NGG_0001	37	0.02566667
safety_focused	MALAT1_A549_NGG_0001	38	0.024
safety_focused	MALAT1_A549_NGG_0001	39	0.01503333
safety_focused	MALAT1_A549_NGG_0001	40	0.00836667
safety_focused	MALAT1_A549_NGG_0001	41	0.00693333
safety_focused	MALAT1_A549_NGG_0001	42	0.00433333
safety_focused	MALAT1_A549_NGG_0001	43	0.00346667
safety_focused	MALAT1_A549_NGG_0001	44	0.0026
safety_focused	MALAT1_A549_NGG_0001	45	0.0018
safety_focused	MALAT1_A549_NGG_0001	46	0.00136667
safety_focused	MALAT1_A549_NGG_0001	47	0.00123333
safety_focused	MALAT1_A549_NGG_0001	48	0.0005
safety_focused	MALAT1_A549_NGG_0001	49	0.00036667
safety_focused	MALAT1_A549_NGG_0001	50	0.00013333
safety_focused	MALAT1_A549_NGG_0001	51	0.00026667
safety_focused	MALAT1_A549_NGG_0001	52	0.00026667
safety_focused	MALAT1_A549_NGG_0001	53	0.0001
safety_focused	MALAT1_A549_NGG_0001	54	6.667e-05
safety_focused	MALAT1_A549_NGG_0001	55	6.667e-05
safety_focused	MALAT1_A549_NGG_0001	56	3.333e-05
safety_focused	MALAT1_A549_NGG_0001	57	3.333e-05
safety_focused	MALAT1_A549_NGG_0001	58	0.00013333
safety_focused	MALAT1_A549_NGG_0001	59	3.333e-05
safety_focused	MALAT1_A549_NGG_0001	60	3.333e-05
safety_focused	MALAT1_A549_NGG_0001	61	0.0
safety_focused	MALAT1_A549_NGG_0001	62	0.0
safety_focused	MALAT1_A549_NGG_0001	63	3.333e-05
safety_focused	MALAT1_A549_NGG_0001	64	0.0
safety_focused	MALAT1_A549_NGG_0001	65	0.0
safety_focused	MALAT1_A549_NGG_0001	66	0.0
safety_focused	MALAT1_A549_NGG_0001	67	0.0
safety_focused	MALAT1_A549_NGG_0001	68	0.0
safety_focused	MALAT1_A549_NGG_0001	69	0.0
safety_focused	MALAT1_A549_NGG_0001	70	0.0
safety_focused	MALAT1_A549_NGG_0001	71	0.0
safety_focused	MALAT1_A549_NGG_0001	72	0.0
safety_focused	MALAT1_A549_NGG_0001	73	0.0
safety_focused	MALAT1_A549_NGG_0001	74	0.0
safety_focused	MALAT1_A549_NGG_0001	75	0.0
safety_focused	MALAT1_A549_NGG_0001	76	0.0
safety_focused	MALAT1_A549_NGG_0001	77	0.0
safety_focused	MALAT1_A549_NGG_0001	78	0.0
safety_focused	MALAT1_A549_NGG_0001	79	0.0
safety_focused	MALAT1_A549_NGG_0001	80	0.0
safety_focused	MALAT1_A549_NGG_0001	81	0.0
safety_focused	MALAT1_A549_NGG_0001	82	0.0
safety_focused	MALAT1_A549_NGG_0001	83	0.0
safety_focused	MALAT1_A549_NGG_0001	84	0.0
safety_focused	MALAT1_A549_NGG_0001	85	0.0
safety_focused	MALAT1_A549_NGG_0001	86	0.0
safety_focused	MALAT1_A549_NGG_0002	1	0.0
safety_focused	MALAT1_A549_NGG_0002	2	3.333e-05
safety_focused	MALAT1_A549_NGG_0002	3	0.00026667
safety_focused	MALAT1_A549_NGG_0002	4	0.00033333
safety_focused	MALAT1_A549_NGG_0002	5	0.00083333
safety_focused	MALAT1_A549_NGG_0002	6	0.00163333
safety_focused	MALAT1_A549_NGG_0002	7	0.00286667
safety_focused	MALAT1_A549_NGG_0002	8	0.00476667
safety_focused	MALAT1_A549_NGG_0002	9	0.0067
safety_focused	MALAT1_A549_NGG_0002	10	0.0079
safety_focused	MALAT1_A549_NGG_0002	11	0.01186667
safety_focused	MALAT1_A549_NGG_0002	12	0.01233333
safety_focused	MALAT1_A549_NGG_0002	13	0.01676667
safety_focused	MALAT1_A549_NGG_0002	14	0.021
safety_focused	MALAT1_A549_NGG_0002	15	0.02156667
safety_focused	MALAT1_A549_NGG_0002	16	0.02503333
safety_focused	MALAT1_A549_NGG_0002	17	0.02783333
safety_focused	MALAT1_A549_NGG_0002	18	0.02863333
safety_focused	MALAT1_A549_NGG_0002	19	0.02713333
safety_focused	MALAT1_A549_NGG_0002	20	0.0303
safety_focused	MALAT1_A549_NGG_0002	21	0.0323
safety_focused	MALAT1_A549_NGG_0002	22	0.0311
safety_focused	MALAT1_A549_NGG_0002	23	0.03066667
safety_focused	MALAT1_A549_NGG_0002	24	0.0324
safety_focused	MALAT1_A549_NGG_0002	25	0.0318
safety_focused	MALAT1_A549_NGG_0002	26	0.0303
safety_focused	MALAT1_A549_NGG_0002	27	0.02653333
safety_focused	MALAT1_A549_NGG_0002	28	0.02756667
safety_focused	MALAT1_A549_NGG_0002	29	0.0261
safety_focused	MALAT1_A549_NGG_0002	30	0.02743333
safety_focused	MALAT1_A549_NGG_0002	31	0.02613333
safety_focused	MALAT1_A549_NGG_0002	32	0.02933333
safety_focused	MALAT1_A549_NGG_0002	33	0.02916667
safety_focused	MALAT1_A549_NGG_0002	34	0.031
safety_focused	MALAT1_A549_NGG_0002	35	0.0336
safety_focused	MALAT1_A549_NGG_0002	36	0.0357
safety_focused	MALAT1_A549_NGG_0002	37	0.04126667
safety_focused	MALAT1_A549_NGG_0002	38	0.0405
safety_focused	MALAT1_A549_NGG_0002	39	0.04316667
safety_focused	MALAT1_A549_NGG_0002	40	0.03776667
safety_focused	MALAT1_A549_NGG_0002	41	0.02666667
safety_focused	MALAT1_A549_NGG_0002	42	0.02066667
safety_focused	MALAT1_A549_NGG_0002	43	0.01556667
safety_focused	MALAT1_A549_NGG_0002	44	0.01126667
safety_focused	MALAT1_A549_NGG_0002	45	0.00733333
safety_focused	MALAT1_A549_NGG_0002	46	0.00723333
safety_focused	MALAT1_A549_NGG_0002	47	0.00483333
safety_focused	MALAT1_A549_NGG_0002	48	0.00343333
safety_focused	MALAT1_A549_NGG_0002	49	0.00266667
safety_focused	MALAT1_A549_NGG_0002	50	0.0021
safety_focused	MALAT1_A549_NGG_0002	51	0.0014
safety_focused	MALAT1_A549_NGG_0002	52	0.00106667
safety_focused	MALAT1_A549_NGG_0002	53	0.00103333
safety_focused	MALAT1_A549_NGG_0002	54	0.00076667
safety_focused	MALAT1_A549_NGG_0002	55	0.00046667
safety_focused	MALAT1_A549_NGG_0002	56	0.00036667
safety_focused	MALAT1_A549_NGG_0002	57	0.00046667
safety_focused	MALAT1_A549_NGG_0002	58	0.00033333
safety_focused	MALAT1_A549_NGG_0002	59	0.00026667
safety_focused	MALAT1_A549_NGG_0002	60	0.00016667
safety_focused	MALAT1_A549_NGG_0002	61	0.00013333
safety_focused	MALAT1_A549_NGG_0002	62	0.0001
safety_focused	MALAT1_A549_NGG_0002	63	3.333e-05
safety_focused	MALAT1_A549_NGG_0002	64	0.0
safety_focused	MALAT1_A549_NGG_0002	65	0.0
safety_focused	MALAT1_A549_NGG_0002	66	0.0
safety_focused	MALAT1_A549_NGG_0002	67	0.0
safety_focused	MALAT1_A549_NGG_0002	68	0.0
safety_focused	MALAT1_A549_NGG_0002	69	0.0
safety_focused	MALAT1_A549_NGG_0002	70	0.0
safety_focused	MALAT1_A549_NGG_0002	71	0.0
safety_focused	MALAT1_A549_NGG_0002	72	0.0
safety_focused	MALAT1_A549_NGG_0002	73	0.0
safety_focused	MALAT1_A549_NGG_0002	74	0.0
safety_focused	MALAT1_A549_NGG_0002	75	0.0
safety_focused	MALAT1_A549_NGG_0002	76	0.0
safety_focused	MALAT1_A549_NGG_0002	77	0.0
safety_focused	MALAT1_A549_NGG_0002	78	0.0
safety_focused	MALAT1_A549_NGG_0002	79	0.0
safety_focused	MALAT1_A549_NGG_0002	80	0.0
safety_focused	MALAT1_A549_NGG_0002	81	0.0
safety_focused	MALAT1_A549_NGG_0002	82	0.0
safety_focused	MALAT1_A549_NGG_0002	83	0.0
safety_focused	MALAT1_A549_NGG_0002	84	0.0
safety_focused	MALAT1_A549_NGG_0002	85	0.0
safety_focused	MALAT1_A549_NGG_0002	86	0.0
safety_focused	MALAT1_A549_NGG_0003	1	0.0
safety_focused	MALAT1_A549_NGG_0003	2	3.333e-05
safety_focused	MALAT1_A549_NGG_0003	3	3.333e-05
safety_focused	MALAT1_A549_NGG_0003	4	0.00026667
safety_focused	MALAT1_A549_NGG_0003	5	0.0003
safety_focused	MALAT1_A549_NGG_0003	6	0.00063333
safety_focused	MALAT1_A549_NGG_0003	7	0.00176667
safety_focused	MALAT1_A549_NGG_0003	8	0.0024
safety_focused	MALAT1_A549_NGG_0003	9	0.00373333
safety_focused	MALAT1_A549_NGG_0003	10	0.0047
safety_focused	MALAT1_A549_NGG_0003	11	0.00636667
safety_focused	MALAT1_A549_NGG_0003	12	0.00913333
safety_focused	MALAT1_A549_NGG_0003	13	0.01056667
safety_focused	MALAT1_A549_NGG_0003	14	0.01263333
safety_focused	MALAT1_A549_NGG_0003	15	0.01566667
safety_focused	MALAT1_A549_NGG_0003	16	0.0171
safety_focused	MALAT1_A549_NGG_0003	17	0.019
safety_focused	MALAT1_A549_NGG_0003	18	0.0205
safety_focused	MALAT1_A549_NGG_0003	19	0.0254
safety_focused	MALAT1_A549_NGG_0003	20	0.0268
safety_focused	MALAT1_A549_NGG_0003	21	0.02526667
safety_focused	MALAT1_A549_NGG_0003	22	0.02713333
safety_focused	MALAT1_A549_NGG_0003	23	0.02856667
safety_focused	MALAT1_A549_NGG_0003	24	0.0304
safety_focused	MALAT1_A549_NGG_0003	25	0.0301
safety_focused	MALAT1_A549_NGG_0003	26	0.0282
safety_focused	MALAT1_A549_NGG_0003	27	0.02873333
safety_focused	MALAT1_A549_NGG_0003	28	0.02666667
safety_focused	MALAT1_A549_NGG_0003	29	0.02706667
safety_focused	MALAT1_A549_NGG_0003	30	0.02626667
safety_focused	MALAT1_A549_NGG_0003	31	0.02763333
safety_focused	MALAT1_A549_NGG_0003	32	0.02656667
safety_focused	MALAT1_A549_NGG_0003	33	0.0286
safety_focused	MALAT1_A549_NGG_0003	34	0.03016667
safety_focused	MALAT1_A549_NGG_0003	35	0.03416667
safety_focused	MALAT1_A549_NGG_0003	36	0.0356
safety_focused	MALAT1_A549_NGG_0003	37	0.0391
safety_focused	MALAT1_A549_NGG_0003	38	0.0445
safety_focused	MALAT1_A549_NGG_0003	39	0.05066667
safety_focused	MALAT1_A549_NGG_0003	40	0.0472
safety_focused	MALAT1_A549_NGG_0003	41	0.0425
safety_focused	MALAT1_A549_NGG_0003	42	0.0348
safety_focused	MALAT1_A549_NGG_0003	43	0.02313333
safety_focused	MALAT1_A549_NGG_0003	44	0.01883333
safety_focused	MALAT1_A549_NGG_0003	45	0.0127
safety_focused	MALAT1_A549_NGG_0003	46	0.01093333
safety_focused	MALAT1_A549_NGG_0003	47	0.00866667
safety_focused	MALAT1_A549_NGG_0003	48	0.00686667
safety_focused	MALAT1_A549_NGG_0003	49	0.00526667
safety_focused	MALAT1_A549_NGG_0003	50	0.0044
safety_focused	MALAT1_A549_NGG_0003	51	0.0028
safety_focused	MALAT1_A549_NGG_0003	52	0.00233333
safety_focused	MALAT1_A549_NGG_0003	53	0.00166667
safety_focused	MALAT1_A549_NGG_0003	54	0.0013
safety_focused	MALAT1_A549_NGG_0003	55	0.0014
safety_focused	MALAT1_A549_NGG_0003	56	0.0009
safety_focused	MALAT1_A549_NGG_0003	57	0.00056667
safety_focused	MALAT1_A549_NGG_0003	58	0.0004
safety_focused	MALAT1_A549_NGG_0003	59	0.00023333
safety_focused	MALAT1_A549_NGG_0003	60	0.00013333
safety_focused	MALAT1_A549_NGG_0003	61	0.00016667
safety_focused	MALAT1_A549_NGG_0003	62	0.0002
safety_focused	MALAT1_A549_NGG_0003	63	3.333e-05
safety_focused	MALAT1_A549_NGG_0003	64	3.333e-05
safety_focused	MALAT1_A549_NGG_0003	65	0.0
safety_focused	MALAT1_A549_NGG_0003	66	3.333e-05
safety_focused	MALAT1_A549_NGG_0003	67	3.333e-05
safety_focused	MALAT1_A549_NGG_0003	68	0.0
safety_focused	MALAT1_A549_NGG_0003	69	3.333e-05
safety_focused	MALAT1_A549_NGG_0003	70	0.0
safety_focused	MALAT1_A549_NGG_0003	71	0.0
safety_focused	MALAT1_A549_NGG_0003	72	0.0
safety_focused	MALAT1_A549_NGG_0003	73	0.0
safety_focused	MALAT1_A549_NGG_0003	74	0.0
safety_focused	MALAT1_A549_NGG_0003	75	0.0
safety_focused	MALAT1_A549_NGG_0003	76	0.0
safety_focused	MALAT1_A549_NGG_0003	77	0.0
safety_focused	MALAT1_A549_NGG_0003	78	0.0
safety_focused	MALAT1_A549_NGG_0003	79	0.0
safety_focused	MALAT1_A549_NGG_0003	80	0.0
safety_focused	MALAT1_A549_NGG_0003	81	0.0
safety_focused	MALAT1_A549_NGG_0003	82	0.0
safety_focused	MALAT1_A549_NGG_0003	83	0.0
safety_focused	MALAT1_A549_NGG_0003	84	0.0
safety_focused	MALAT1_A549_NGG_0003	85	0.0
safety_focused	MALAT1_A549_NGG_0003	86	0.0
safety_focused	MALAT1_A549_NGG_0004	1	0.0
safety_focused	MALAT1_A549_NGG_0004	2	3.333e-05
safety_focused	MALAT1_A549_NGG_0004	3	3.333e-05
safety_focused	MALAT1_A549_NGG_0004	4	0.0001
safety_focused	MALAT1_A549_NGG_0004	5	0.0002
safety_focused	MALAT1_A549_NGG_0004	6	0.0004
safety_focused	MALAT1_A549_NGG_0004	7	0.00063333
safety_focused	MALAT1_A549_NGG_0004	8	0.00116667
safety_focused	MALAT1_A549_NGG_0004	9	0.00146667
safety_focused	MALAT1_A549_NGG_0004	10	0.00263333
safety_focused	MALAT1_A549_NGG_0004	11	0.004
safety_focused	MALAT1_A549_NGG_0004	12	0.0057
safety_focused	MALAT1_A549_NGG_0004	13	0.00653333
safety_focused	MALAT1_A549_NGG_0004	14	0.00873333
safety_focused	MALAT1_A549_NGG_0004	15	0.0102
safety_focused	MALAT1_A549_NGG_0004	16	0.01293333
safety_focused	MALAT1_A549_NGG_0004	17	0.01573333
safety_focused	MALAT1_A549_NGG_0004	18	0.017
safety_focused	MALAT1_A549_NGG_0004	19	0.0191
safety_focused	MALAT1_A549_NGG_0004	20	0.02146667
safety_focused	MALAT1_A549_NGG_0004	21	0.02266667
safety_focused	MALAT1_A549_NGG_0004	22	0.02446667
safety_focused	MALAT1_A549_NGG_0004	23	0.02303333
safety_focused	MALAT1_A549_NGG_0004	24	0.0251
safety_focused	MALAT1_A549_NGG_0004	25	0.0253
safety_focused	MALAT1_A549_NGG_0004	26	0.0266
safety_focused	MALAT1_A549_NGG_0004	27	0.02823333
safety_focused	MALAT1_A549_NGG_0004	28	0.0271
safety_focused	MALAT1_A549_NGG_0004	29	0.02533333
safety_focused	MALAT1_A549_NGG_0004	30	0.02546667
safety_focused	MALAT1_A549_NGG_0004	31	0.0257
safety_focused	MALAT1_A549_NGG_0004	32	0.028
safety_focused	MALAT1_A549_NGG_0004	33	0.02833333
safety_focused	MALAT1_A549_NGG_0004	34	0.0286
safety_focused	MALAT1_A549_NGG_0004	35	0.0321
safety_focused	MALAT1_A549_NGG_0004	36	0.03473333
safety_focused	MALAT1_A549_NGG_0004	37	0.03776667
safety_focused	MALAT1_A549_NGG_0004	38	0.04553333
safety_focused	MALAT1_A549_NGG_0004	39	0.05136667
safety_focused	MALAT1_A549_NGG_0004	40	0.05426667
safety_focused	MALAT1_A549_NGG_0004	41	0.05543333
safety_focused	MALAT1_A549_NGG_0004	42	0.04483333
safety_focused	MALAT1_A549_NGG_0004	43	0.03346667
safety_focused	MALAT1_A549_NGG_0004	44	0.0246
safety_focused	MALAT1_A549_NGG_0004	45	0.0199
safety_focused	MALAT1_A549_NGG_0004	46	0.0158
safety_focused	MALAT1_A549_NGG_0004	47	0.01243333
safety_focused	MALAT1_A549_NGG_0004	48	0.00953333
safety_focused	MALAT1_A549_NGG_0004	49	0.00766667
safety_focused	MALAT1_A549_NGG_0004	50	0.00626667
safety_focused	MALAT1_A549_NGG_0004	51	0.00543333
safety_focused	MALAT1_A549_NGG_0004	52	0.0044
safety_focused	MALAT1_A549_NGG_0004	53	0.00293333
safety_focused	MALAT1_A549_NGG_0004	54	0.0023
safety_focused	MALAT1_A549_NGG_0004	55	0.00153333
safety_focused	MALAT1_A549_NGG_0004	56	0.00113333
safety_focused	MALAT1_A549_NGG_0004	57	0.00116667
safety_focused	MALAT1_A549_NGG_0004	58	0.00083333
safety_focused	MALAT1_A549_NGG_0004	59	0.00046667
safety_focused	MALAT1_A549_NGG_0004	60	0.00066667
safety_focused	MALAT1_A549_NGG_0004	61	0.00046667
safety_focused	MALAT1_A549_NGG_0004	62	0.0003
safety_focused	MALAT1_A549_NGG_0004	63	0.0003
safety_focused	MALAT1_A549_NGG_0004	64	0.00016667
safety_focused	MALAT1_A549_NGG_0004	65	0.0001
safety_focused	MALAT1_A549_NGG_0004	66	0.0001
safety_focused	MALAT1_A549_NGG_0004	67	0.0
safety_focused	MALAT1_A549_NGG_0004	68	0.0
safety_focused	MALAT1_A549_NGG_0004	69	0.0
safety_focused	MALAT1_A549_NGG_0004	70	0.0
safety_focused	MALAT1_A549_NGG_0004	71	0.0
safety_focused	MALAT1_A549_NGG_0004	72	0.0
safety_focused	MALAT1_A549_NGG_0004	73	0.0
safety_focused	MALAT1_A549_NGG_0004	74	0.0
safety_focused	MALAT1_A549_NGG_0004	75	0.0
safety_focused	MALAT1_A549_NGG_0004	76	0.0
safety_focused	MALAT1_A549_NGG_0004	77	0.0
safety_focused	MALAT1_A549_NGG_0004	78	0.0
safety_focused	MALAT1_A549_NGG_0004	79	0.0
safety_focused	MALAT1_A549_NGG_0004	80	0.0
safety_focused	MALAT1_A549_NGG_0004	81	0.0
safety_focused	MALAT1_A549_NGG_0004	82	0.0
safety_focused	MALAT1_A549_NGG_0004	83	0.0
safety_focused	MALAT1_A549_NGG_0004	84	0.0
safety_focused	MALAT1_A549_NGG_0004	85	0.0
safety_focused	MALAT1_A549_NGG_0004	86	0.0
safety_focused	MALAT1_A549_NGG_0005	1	0.0
safety_focused	MALAT1_A549_NGG_0005	2	0.0
safety_focused	MALAT1_A549_NGG_0005	3	0.0
safety_focused	MALAT1_A549_NGG_0005	4	0.0
safety_focused	MALAT1_A549_NGG_0005	5	0.0001
safety_focused	MALAT1_A549_NGG_0005	6	0.0001
safety_focused	MALAT1_A549_NGG_0005	7	0.00023333
safety_focused	MALAT1_A549_NGG_0005	8	0.00043333
safety_focused	MALAT1_A549_NGG_0005	9	0.00086667
safety_focused	MALAT1_A549_NGG_0005	10	0.00113333
safety_focused	MALAT1_A549_NGG_0005	11	0.0021
safety_focused	MALAT1_A549_NGG_0005	12	0.00246667
safety_focused	MALAT1_A549_NGG_0005	13	0.00376667
safety_focused	MALAT1_A549_NGG_0005	14	0.0048
safety_focused	MALAT1_A549_NGG_0005	15	0.00646667
safety_focused	MALAT1_A549_NGG_0005	16	0.00823333
safety_focused	MALAT1_A549_NGG_0005	17	0.0087
safety_focused	MALAT1_A549_NGG_0005	18	0.01033333
safety_focused	MALAT1_A549_NGG_0005	19	0.01213333
safety_focused	MALAT1_A549_NGG_0005	20	0.01456667
safety_focused	MALAT1_A549_NGG_0005	21	0.01556667
safety_focused	MALAT1_A549_NGG_0005	22	0.01876667
safety_focused	MALAT1_A549_NGG_0005	23	0.02013333
safety_focused	MALAT1_A549_NGG_0005	24	0.02176667
safety_focused	MALAT1_A549_NGG_0005	25	0.0241
safety_focused	MALAT1_A549_NGG_0005	26	0.0246
safety_focused	MALAT1_A549_NGG_0005	27	0.026
safety_focused	MALAT1_A549_NGG_0005	28	0.0246
safety_focused	MALAT1_A549_NGG_0005	29	0.0259
safety_focused	MALAT1_A549_NGG_0005	30	0.0257
safety_focused	MALAT1_A549_NGG_0005	31	0.0265
safety_focused	MALAT1_A549_NGG_0005	32	0.02766667
safety_focused	MALAT1_A549_NGG_0005	33	0.0259
safety_focused	MALAT1_A549_NGG_0005	34	0.0278
safety_focused	MALAT1_A549_NGG_0005	35	0.03016667
safety_focused	MALAT1_A549_NGG_0005	36	0.03086667
safety_focused	MALAT1_A549_NGG_0005	37	0.0351
safety_focused	MALAT1_A549_NGG_0005	38	0.04523333
safety_focused	MALAT1_A549_NGG_0005	39	0.04956667
safety_focused	MALAT1_A549_NGG_0005	40	0.06056667
safety_focused	MALAT1_A549_NGG_0005	41	0.0613
safety_focused	MALAT1_A549_NGG_0005	42	0.06113333
safety_focused	MALAT1_A549_NGG_0005	43	0.04256667
safety_focused	MALAT1_A549_NGG_0005	44	0.03343333
safety_focused	MALAT1_A549_NGG_0005	45	0.0297
safety_focused	MALAT1_A549_NGG_0005	46	0.02483333
safety_focused	MALAT1_A549_NGG_0005	47	0.01823333
safety_focused	MALAT1_A549_NGG_0005	48	0.0149
safety_focused	MALAT1_A549_NGG_0005	49	0.0106
safety_focused	MALAT1_A549_NGG_0005	50	0.00903333
safety_focused	MALAT1_A549_NGG_0005	51	0.00716667
safety_focused	MALAT1_A549_NGG_0005	52	0.00523333
safety_focused	MALAT1_A549_NGG_0005	53	0.00453333
safety_focused	MALAT1_A549_NGG_0005	54	0.0032
safety_focused	MALAT1_A549_NGG_0005	55	0.00263333
safety_focused	MALAT1_A549_NGG_0005	56	0.0021
safety_focused	MALAT1_A549_NGG_0005	57	0.00153333
safety_focused	MALAT1_A549_NGG_0005	58	0.00136667
safety_focused	MALAT1_A549_NGG_0005	59	0.00106667
safety_focused	MALAT1_A549_NGG_0005	60	0.001
safety_focused	MALAT1_A549_NGG_0005	61	0.0006
safety_focused	MALAT1_A549_NGG_0005	62	0.0003
safety_focused	MALAT1_A549_NGG_0005	63	0.00013333
safety_focused	MALAT1_A549_NGG_0005	64	0.0002
safety_focused	MALAT1_A549_NGG_0005	65	6.667e-05
safety_focused	MALAT1_A549_NGG_0005	66	0.0001
safety_focused	MALAT1_A549_NGG_0005	67	0.0
safety_focused	MALAT1_A549_NGG_0005	68	0.0
safety_focused	MALAT1_A549_NGG_0005	69	6.667e-05
safety_focused	MALAT1_A549_NGG_0005	70	3.333e-05
safety_focused	MALAT1_A549_NGG_0005	71	0.0
safety_focused	MALAT1_A549_NGG_0005	72	0.0
safety_focused	MALAT1_A549_NGG_0005	73	0.0
safety_focused	MALAT1_A549_NGG_0005	74	0.0
safety_focused	MALAT1_A549_NGG_0005	75	0.0
safety_focused	MALAT1_A549_NGG_0005	76	0.0
safety_focused	MALAT1_A549_NGG_0005	77	0.0
safety_focused	MALAT1_A549_NGG_0005	78	0.0
safety_focused	MALAT1_A549_NGG_0005	79	0.0
safety_focused	MALAT1_A549_NGG_0005	80	0.0
safety_focused	MALAT1_A549_NGG_0005	81	0.0
safety_focused	MALAT1_A549_NGG_0005	82	0.0
safety_focused	MALAT1_A549_NGG_0005	83	0.0
safety_focused	MALAT1_A549_NGG_0005	84	0.0
safety_focused	MALAT1_A549_NGG_0005	85	0.0
safety_focused	MALAT1_A549_NGG_0005	86	0.0
safety_focused	MALAT1_A549_NGG_0006	1	0.0
safety_focused	MALAT1_A549_NGG_0006	2	0.0
safety_focused	MALAT1_A549_NGG_0006	3	0.0
safety_focused	MALAT1_A549_NGG_0006	4	0.0
safety_focused	MALAT1_A549_NGG_0006	5	0.0
safety_focused	MALAT1_A549_NGG_0006	6	0.0
safety_focused	MALAT1_A549_NGG_0006	7	0.0
safety_focused	MALAT1_A549_NGG_0006	8	0.0
safety_focused	MALAT1_A549_NGG_0006	9	0.0
safety_focused	MALAT1_A549_NGG_0006	10	0.0
safety_focused	MALAT1_A549_NGG_0006	11	0.0
safety_focused	MALAT1_A549_NGG_0006	12	0.0
safety_focused	MALAT1_A549_NGG_0006	13	0.0
safety_focused	MALAT1_A549_NGG_0006	14	0.0
safety_focused	MALAT1_A549_NGG_0006	15	0.0
safety_focused	MALAT1_A549_NGG_0006	16	0.0
safety_focused	MALAT1_A549_NGG_0006	17	0.0
safety_focused	MALAT1_A549_NGG_0006	18	0.0
safety_focused	MALAT1_A549_NGG_0006	19	0.0
safety_focused	MALAT1_A549_NGG_0006	20	0.0
safety_focused	MALAT1_A549_NGG_0006	21	0.0
safety_focused	MALAT1_A549_NGG_0006	22	0.0
safety_focused	MALAT1_A549_NGG_0006	23	0.0
safety_focused	MALAT1_A549_NGG_0006	24	0.0
safety_focused	MALAT1_A549_NGG_0006	25	3.333e-05
safety_focused	MALAT1_A549_NGG_0006	26	3.333e-05
safety_focused	MALAT1_A549_NGG_0006	27	3.333e-05
safety_focused	MALAT1_A549_NGG_0006	28	6.667e-05
safety_focused	MALAT1_A549_NGG_0006	29	3.333e-05
safety_focused	MALAT1_A549_NGG_0006	30	0.00013333
safety_focused	MALAT1_A549_NGG_0006	31	0.0
safety_focused	MALAT1_A549_NGG_0006	32	0.0002
safety_focused	MALAT1_A549_NGG_0006	33	0.0001
safety_focused	MALAT1_A549_NGG_0006	34	0.00026667
safety_focused	MALAT1_A549_NGG_0006	35	0.00036667
safety_focused	MALAT1_A549_NGG_0006	36	0.00036667
safety_focused	MALAT1_A549_NGG_0006	37	0.00066667
safety_focused	MALAT1_A549_NGG_0006	38	0.0006
safety_focused	MALAT1_A549_NGG_0006	39	0.00096667
safety_focused	MALAT1_A549_NGG_0006	40	0.00113333
safety_focused	MALAT1_A549_NGG_0006	41	0.00146667
safety_focused	MALAT1_A549_NGG_0006	42	0.00156667
safety_focused	MALAT1_A549_NGG_0006	43	0.00193333
safety_focused	MALAT1_A549_NGG_0006	44	0.00323333
safety_focused	MALAT1_A549_NGG_0006	45	0.0045
safety_focused	MALAT1_A549_NGG_0006	46	0.00626667
safety_focused	MALAT1_A549_NGG_0006	47	0.00843333
safety_focused	MALAT1_A549_NGG_0006	48	0.01233333
safety_focused	MALAT1_A549_NGG_0006	49	0.01596667
safety_focused	MALAT1_A549_NGG_0006	50	0.0216
safety_focused	MALAT1_A549_NGG_0006	51	0.02986667
safety_focused	MALAT1_A549_NGG_0006	52	0.0401
safety_focused	MALAT1_A549_NGG_0006	53	0.04976667
safety_focused	MALAT1_A549_NGG_0006	54	0.05753333
safety_focused	MALAT1_A549_NGG_0006	55	0.0624
safety_focused	MALAT1_A549_NGG_0006	56	0.067
safety_focused	MALAT1_A549_NGG_0006	57	0.06436667
safety_focused	MALAT1_A549_NGG_0006	58	0.06476667
safety_focused	MALAT1_A549_NGG_0006	59	0.05956667
safety_focused	MALAT1_A549_NGG_0006	60	0.05046667
safety_focused	MALAT1_A549_NGG_0006	61	0.04473333
safety_focused	MALAT1_A549_NGG_0006	62	0.03863333
safety_focused	MALAT1_A549_NGG_0006	63	0.03553333
safety_focused	MALAT1_A549_NGG_0006	64	0.02916667
safety_focused	MALAT1_A549_NGG_0006	65	0.02786667
safety_focused	MALAT1_A549_NGG_0006	66	0.02543333
safety_focused	MALAT1_A549_NGG_0006	67	0.0247
safety_focused	MALAT1_A549_NGG_0006	68	0.02166667
safety_focused	MALAT1_A549_NGG_0006	69	0.0195
safety_focused	MALAT1_A549_NGG_0006	70	0.0187
safety_focused	MALAT1_A549_NGG_0006	71	0.0162
safety_focused	MALAT1_A549_NGG_0006	72	0.01416667
safety_focused	MALAT1_A549_NGG_0006	73	0.0124
safety_focused	MALAT1_A549_NGG_0006	74	0.01146667
safety_focused	MALAT1_A549_NGG_0006	75	0.00923333
safety_focused	MALAT1_A549_NGG_0006	76	0.00753333
safety_focused	MALAT1_A549_NGG_0006	77	0.00593333
safety_focused	MALAT1_A549_NGG_0006	78	0.00386667
safety_focused	MALAT1_A549_NGG_0006	79	0.00256667
safety_focused	MALAT1_A549_NGG_0006	80	0.00113333
safety_focused	MALAT1_A549_NGG_0006	81	0.00053333
safety_focused	MALAT1_A549_NGG_0006	82	0.00036667
safety_focused	MALAT1_A549_NGG_0006	83	0.0003
safety_focused	MALAT1_A549_NGG_0006	84	0.0001
safety_focused	MALAT1_A549_NGG_0006	85	0.00013333
safety_focused	MALAT1_A549_NGG_0006	86	0.0
safety_focused	MALAT1_A549_NGG_0007	1	0.0
safety_focused	MALAT1_A549_NGG_0007	2	0.0
safety_focused	MALAT1_A549_NGG_0007	3	0.0
safety_focused	MALAT1_A549_NGG_0007	4	0.0
safety_focused	MALAT1_A549_NGG_0007	5	0.0
safety_focused	MALAT1_A549_NGG_0007	6	0.0
safety_focused	MALAT1_A549_NGG_0007	7	0.0
safety_focused	MALAT1_A549_NGG_0007	8	0.0
safety_focused	MALAT1_A549_NGG_0007	9	0.0
safety_focused	MALAT1_A549_NGG_0007	10	0.0
safety_focused	MALAT1_A549_NGG_0007	11	0.00016667
safety_focused	MALAT1_A549_NGG_0007	12	6.667e-05
safety_focused	MALAT1_A549_NGG_0007	13	0.00023333
safety_focused	MALAT1_A549_NGG_0007	14	0.0006
safety_focused	MALAT1_A549_NGG_0007	15	0.0009
safety_focused	MALAT1_A549_NGG_0007	16	0.00096667
safety_focused	MALAT1_A549_NGG_0007	17	0.0016
safety_focused	MALAT1_A549_NGG_0007	18	0.002
safety_focused	MALAT1_A549_NGG_0007	19	0.0021
safety_focused	MALAT1_A549_NGG_0007	20	0.00303333
safety_focused	MALAT1_A549_NGG_0007	21	0.0045
safety_focused	MALAT1_A549_NGG_0007	22	0.0058
safety_focused	MALAT1_A549_NGG_0007	23	0.00696667
safety_focused	MALAT1_A549_NGG_0007	24	0.00766667
safety_focused	MALAT1_A549_NGG_0007	25	0.00903333
safety_focused	MALAT1_A549_NGG_0007	26	0.01016667
safety_focused	MALAT1_A549_NGG_0007	27	0.01046667
safety_focused	MALAT1_A549_NGG_0007	28	0.01136667
safety_focused	MALAT1_A549_NGG_0007	29	0.01373333
safety_focused	MALAT1_A549_NGG_0007	30	0.0145
safety_focused	MALAT1_A549_NGG_0007	31	0.0166
safety_focused	MALAT1_A549_NGG_0007	32	0.0178
safety_focused	MALAT1_A549_NGG_0007	33	0.02056667
safety_focused	MALAT1_A549_NGG_0007	34	0.02246667
safety_focused	MALAT1_A549_NGG_0007	35	0.02446667
safety_focused	MALAT1_A549_NGG_0007	36	0.02816667
safety_focused	MALAT1_A549_NGG_0007	37	0.02873333
safety_focused	MALAT1_A549_NGG_0007	38	0.03136667
safety_focused	MALAT1_A549_NGG_0007	39	0.0369
safety_focused	MALAT1_A549_NGG_0007	40	0.0391
safety_focused	MALAT1_A549_NGG_0007	41	0.0525
safety_focused	MALAT1_A549_NGG_0007	42	0.0656
safety_focused	MALAT1_A549_NGG_0007	43	0.0805
safety_focused	MALAT1_A549_NGG_0007	44	0.0771
safety_focused	MALAT1_A549_NGG_0007	45	0.06813333
safety_focused	MALAT1_A549_NGG_0007	46	0.056
safety_focused	MALAT1_A549_NGG_0007	47	0.04686667
safety_focused	MALAT1_A549_NGG_0007	48	0.0358
safety_focused	MALAT1_A549_NGG_0007	49	0.02796667
safety_focused	MALAT1_A549_NGG_0007	50	0.0248
safety_focused	MALAT1_A549_NGG_0007	51	0.01803333
safety_focused	MALAT1_A549_NGG_0007	52	0.01443333
safety_focused	MALAT1_A549_NGG_0007	53	0.0124
safety_focused	MALAT1_A549_NGG_0007	54	0.00856667
safety_focused	MALAT1_A549_NGG_0007	55	0.00823333
safety_focused	MALAT1_A549_NGG_0007	56	0.00606667
safety_focused	MALAT1_A549_NGG_0007	57	0.00463333
safety_focused	MALAT1_A549_NGG_0007	58	0.00443333
safety_focused	MALAT1_A549_NGG_0007	59	0.00346667
safety_focused	MALAT1_A549_NGG_0007	60	0.0029
safety_focused	MALAT1_A549_NGG_0007	61	0.00243333
safety_focused	MALAT1_A549_NGG_0007	62	0.0022
safety_focused	MALAT1_A549_NGG_0007	63	0.00126667
safety_focused	MALAT1_A549_NGG_0007	64	0.00136667
safety_focused	MALAT1_A549_NGG_0007	65	0.00066667
safety_focused	MALAT1_A549_NGG_0007	66	0.00043333
safety_focused	MALAT1_A549_NGG_0007	67	0.00056667
safety_focused	MALAT1_A549_NGG_0007	68	0.00026667
safety_focused	MALAT1_A549_NGG_0007	69	0.00013333
safety_focused	MALAT1_A549_NGG_0007	70	6.667e-05
safety_focused	MALAT1_A549_NGG_0007	71	3.333e-05
safety_focused	MALAT1_A549_NGG_0007	72	6.667e-05
safety_focused	MALAT1_A549_NGG_0007	73	3.333e-05
safety_focused	MALAT1_A549_NGG_0007	74	0.0
safety_focused	MALAT1_A549_NGG_0007	75	0.0
safety_focused	MALAT1_A549_NGG_0007	76	0.0
safety_focused	MALAT1_A549_NGG_0007	77	0.0
safety_focused	MALAT1_A549_NGG_0007	78	0.0
safety_focused	MALAT1_A549_NGG_0007	79	0.0
safety_focused	MALAT1_A549_NGG_0007	80	0.0
safety_focused	MALAT1_A549_NGG_0007	81	0.0
safety_focused	MALAT1_A549_NGG_0007	82	0.0
safety_focused	MALAT1_A549_NGG_0007	83	0.0
safety_focused	MALAT1_A549_NGG_0007	84	0.0
safety_focused	MALAT1_A549_NGG_0007	85	0.0
safety_focused	MALAT1_A549_NGG_0007	86	0.0
safety_focused	MALAT1_A549_NGG_0008	1	0.0
safety_focused	MALAT1_A549_NGG_0008	2	0.0
safety_focused	MALAT1_A549_NGG_0008	3	0.0
safety_focused	MALAT1_A549_NGG_0008	4	0.0
safety_focused	MALAT1_A549_NGG_0008	5	0.0
safety_focused	MALAT1_A549_NGG_0008	6	0.0
safety_focused	MALAT1_A549_NGG_0008	7	0.0
safety_focused	MALAT1_A549_NGG_0008	8	0.0
safety_focused	MALAT1_A549_NGG_0008	9	0.0
safety_focused	MALAT1_A549_NGG_0008	10	0.0
safety_focused	MALAT1_A549_NGG_0008	11	0.0
safety_focused	MALAT1_A549_NGG_0008	12	0.0
safety_focused	MALAT1_A549_NGG_0008	13	0.0
safety_focused	MALAT1_A549_NGG_0008	14	0.0
safety_focused	MALAT1_A549_NGG_0008	15	0.0
safety_focused	MALAT1_A549_NGG_0008	16	0.0
safety_focused	MALAT1_A549_NGG_0008	17	0.0
safety_focused	MALAT1_A549_NGG_0008	18	0.0
safety_focused	MALAT1_A549_NGG_0008	19	0.0
safety_focused	MALAT1_A549_NGG_0008	20	0.0
safety_focused	MALAT1_A549_NGG_0008	21	3.333e-05
safety_focused	MALAT1_A549_NGG_0008	22	3.333e-05
safety_focused	MALAT1_A549_NGG_0008	23	0.0
safety_focused	MALAT1_A549_NGG_0008	24	0.0001
safety_focused	MALAT1_A549_NGG_0008	25	0.0001
safety_focused	MALAT1_A549_NGG_0008	26	0.0001
safety_focused	MALAT1_A549_NGG_0008	27	6.667e-05
safety_focused	MALAT1_A549_NGG_0008	28	0.00026667
safety_focused	MALAT1_A549_NGG_0008	29	0.0003
safety_focused	MALAT1_A549_NGG_0008	30	0.0002
safety_focused	MALAT1_A549_NGG_0008	31	0.00023333
safety_focused	MALAT1_A549_NGG_0008	32	0.00036667
safety_focused	MALAT1_A549_NGG_0008	33	0.0006
safety_focused	MALAT1_A549_NGG_0008	34	0.00096667
safety_focused	MALAT1_A549_NGG_0008	35	0.001
safety_focused	MALAT1_A549_NGG_0008	36	0.0013
safety_focused	MALAT1_A549_NGG_0008	37	0.00163333
safety_focused	MALAT1_A549_NGG_0008	38	0.00193333
safety_focused	MALAT1_A549_NGG_0008	39	0.00246667
safety_focused	MALAT1_A549_NGG_0008	40	0.00286667
safety_focused	MALAT1_A549_NGG_0008	41	0.00426667
safety_focused	MALAT1_A549_NGG_0008	42	0.00493333
safety_focused	MALAT1_A549_NGG_0008	43	0.00693333
safety_focused	MALAT1_A549_NGG_0008	44	0.0082
safety_focused	MALAT1_A549_NGG_0008	45	0.01186667
safety_focused	MALAT1_A549_NGG_0008	46	0.01506667
safety_focused	MALAT1_A549_NGG_0008	47	0.02256667
safety_focused	MALAT1_A549_NGG_0008	48	0.02643333
safety_focused	MALAT1_A549_NGG_0008	49	0.036
safety_focused	MALAT1_A549_NGG_0008	50	0.04643333
safety_focused	MALAT1_A549_NGG_0008	51	0.05823333
safety_focused	MALAT1_A549_NGG_0008	52	0.0694
safety_focused	MALAT1_A549_NGG_0008	53	0.07243333
safety_focused	MALAT1_A549_NGG_0008	54	0.07063333
safety_focused	MALAT1_A549_NGG_0008	55	0.0678
safety_focused	MALAT1_A549_NGG_0008	56	0.0594
safety_focused	MALAT1_A549_NGG_0008	57	0.0548
safety_focused	MALAT1_A549_NGG_0008	58	0.04833333
safety_focused	MALAT1_A549_NGG_0008	59	0.04043333
safety_focused	MALAT1_A549_NGG_0008	60	0.03523333
safety_focused	MALAT1_A549_NGG_0008	61	0.031
safety_focused	MALAT1_A549_NGG_0008	62	0.02583333
safety_focused	MALAT1_A549_NGG_0008	63	0.023
safety_focused	MALAT1_A549_NGG_0008	64	0.02146667
safety_focused	MALAT1_A549_NGG_0008	65	0.01916667
safety_focused	MALAT1_A549_NGG_0008	66	0.01753333
safety_focused	MALAT1_A549_NGG_0008	67	0.0149
safety_focused	MALAT1_A549_NGG_0008	68	0.01383333
safety_focused	MALAT1_A549_NGG_0008	69	0.0117
safety_focused	MALAT1_A549_NGG_0008	70	0.0108
safety_focused	MALAT1_A549_NGG_0008	71	0.0094
safety_focused	MALAT1_A549_NGG_0008	72	0.00803333
safety_focused	MALAT1_A549_NGG_0008	73	0.0056
safety_focused	MALAT1_A549_NGG_0008	74	0.00463333
safety_focused	MALAT1_A549_NGG_0008	75	0.00343333
safety_focused	MALAT1_A549_NGG_0008	76	0.00183333
safety_focused	MALAT1_A549_NGG_0008	77	0.00183333
safety_focused	MALAT1_A549_NGG_0008	78	0.0012
safety_focused	MALAT1_A549_NGG_0008	79	0.00046667
safety_focused	MALAT1_A549_NGG_0008	80	0.00013333
safety_focused	MALAT1_A549_NGG_0008	81	0.00016667
safety_focused	MALAT1_A549_NGG_0008	82	3.333e-05
safety_focused	MALAT1_A549_NGG_0008	83	3.333e-05
safety_focused	MALAT1_A549_NGG_0008	84	0.0
safety_focused	MALAT1_A549_NGG_0008	85	0.0
safety_focused	MALAT1_A549_NGG_0008	86	0.0
safety_focused	MALAT1_A549_NGG_0009	1	0.0
safety_focused	MALAT1_A549_NGG_0009	2	0.0
safety_focused	MALAT1_A549_NGG_0009	3	0.0
safety_focused	MALAT1_A549_NGG_0009	4	0.0
safety_focused	MALAT1_A549_NGG_0009	5	0.0
safety_focused	MALAT1_A549_NGG_0009	6	0.0
safety_focused	MALAT1_A549_NGG_0009	7	0.0
safety_focused	MALAT1_A549_NGG_0009	8	0.0
safety_focused	MALAT1_A549_NGG_0009	9	0.0
safety_focused	MALAT1_A549_NGG_0009	10	0.0
safety_focused	MALAT1_A549_NGG_0009	11	0.0
safety_focused	MALAT1_A549_NGG_0009	12	0.0
safety_focused	MALAT1_A549_NGG_0009	13	0.0
safety_focused	MALAT1_A549_NGG_0009	14	0.0
safety_focused	MALAT1_A549_NGG_0009	15	0.0
safety_focused	MALAT1_A549_NGG_0009	16	0.0
safety_focused	MALAT1_A549_NGG_0009	17	0.0
safety_focused	MALAT1_A549_NGG_0009	18	0.0
safety_focused	MALAT1_A549_NGG_0009	19	0.0
safety_focused	MALAT1_A549_NGG_0009	20	0.0
safety_focused	MALAT1_A549_NGG_0009	21	0.0
safety_focused	MALAT1_A549_NGG_0009	22	0.0
safety_focused	MALAT1_A549_NGG_0009	23	0.0
safety_focused	MALAT1_A549_NGG_0009	24	0.0
safety_focused	MALAT1_A549_NGG_0009	25	3.333e-05
safety_focused	MALAT1_A549_NGG_0009	26	3.333e-05
safety_focused	MALAT1_A549_NGG_0009	27	6.667e-05
safety_focused	MALAT1_A549_NGG_0009	28	0.00013333
safety_focused	MALAT1_A549_NGG_0009	29	6.667e-05
safety_focused	MALAT1_A549_NGG_0009	30	6.667e-05
safety_focused	MALAT1_A549_NGG_0009	31	0.00016667
safety_focused	MALAT1_A549_NGG_0009	32	0.0001
safety_focused	MALAT1_A549_NGG_0009	33	0.00043333
safety_focused	MALAT1_A549_NGG_0009	34	0.00026667
safety_focused	MALAT1_A549_NGG_0009	35	0.0004
safety_focused	MALAT1_A549_NGG_0009	36	0.0006
safety_focused	MALAT1_A549_NGG_0009	37	0.0006
safety_focused	MALAT1_A549_NGG_0009	38	0.00083333
safety_focused	MALAT1_A549_NGG_0009	39	0.00113333
safety_focused	MALAT1_A549_NGG_0009	40	0.00156667
safety_focused	MALAT1_A549_NGG_0009	41	0.00243333
safety_focused	MALAT1_A549_NGG_0009	42	0.00276667
safety_focused	MALAT1_A549_NGG_0009	43	0.00403333
safety_focused	MALAT1_A549_NGG_0009	44	0.0042
safety_focused	MALAT1_A549_NGG_0009	45	0.0069
safety_focused	MALAT1_A549_NGG_0009	46	0.0083
safety_focused	MALAT1_A549_NGG_0009	47	0.01186667
safety_focused	MALAT1_A549_NGG_0009	48	0.0174
safety_focused	MALAT1_A549_NGG_0009	49	0.0239
safety_focused	MALAT1_A549_NGG_0009	50	0.03203333
safety_focused	MALAT1_A549_NGG_0009	51	0.04153333
safety_focused	MALAT1_A549_NGG_0009	52	0.0525
safety_focused	MALAT1_A549_NGG_0009	53	0.06203333
safety_focused	MALAT1_A549_NGG_0009	54	0.0672
safety_focused	MALAT1_A549_NGG_0009	55	0.06976667
safety_focused	MALAT1_A549_NGG_0009	56	0.06773333
safety_focused	MALAT1_A549_NGG_0009	57	0.0648
safety_focused	MALAT1_A549_NGG_0009	58	0.05813333
safety_focused	MALAT1_A549_NGG_0009	59	0.05103333
safety_focused	MALAT1_A549_NGG_0009	60	0.04603333
safety_focused	MALAT1_A549_NGG_0009	61	0.0381
safety_focused	MALAT1_A549_NGG_0009	62	0.03383333
safety_focused	MALAT1_A549_NGG_0009	63	0.0286
safety_focused	MALAT1_A549_NGG_0009	64	0.0254
safety_focused	MALAT1_A549_NGG_0009	65	0.0246
safety_focused	MALAT1_A549_NGG_0009	66	0.0223
safety_focused	MALAT1_A549_NGG_0009	67	0.02023333
safety_focused	MALAT1_A549_NGG_0009	68	0.0184
safety_focused	MALAT1_A549_NGG_0009	69	0.0162
safety_focused	MALAT1_A549_NGG_0009	70	0.0143
safety_focused	MALAT1_A549_NGG_0009	71	0.01216667
safety_focused	MALAT1_A549_NGG_0009	72	0.01033333
safety_focused	MALAT1_A549_NGG_0009	73	0.00913333
safety_focused	MALAT1_A549_NGG_0009	74	0.0068
safety_focused	MALAT1_A549_NGG_0009	75	0.0056
safety_focused	MALAT1_A549_NGG_0009	76	0.00446667
safety_focused	MALAT1_A549_NGG_0009	77	0.00383333
safety_focused	MALAT1_A549_NGG_0009	78	0.00213333
safety_focused	MALAT1_A549_NGG_0009	79	0.00106667
safety_focused	MALAT1_A549_NGG_0009	80	0.00056667
safety_focused	MALAT1_A549_NGG_0009	81	0.00036667
safety_focused	MALAT1_A549_NGG_0009	82	0.0002
safety_focused	MALAT1_A549_NGG_0009	83	0.00013333
safety_focused	MALAT1_A549_NGG_0009	84	6.667e-05
safety_focused	MALAT1_A549_NGG_0009	85	3.333e-05
safety_focused	MALAT1_A549_NGG_0009	86	3.333e-05
safety_focused	MALAT1_A549_NGG_0010	1	0.0
safety_focused	MALAT1_A549_NGG_0010	2	0.0
safety_focused	MALAT1_A549_NGG_0010	3	0.0
safety_focused	MALAT1_A549_NGG_0010	4	0.0
safety_focused	MALAT1_A549_NGG_0010	5	0.0
safety_focused	MALAT1_A549_NGG_0010	6	0.0
safety_focused	MALAT1_A549_NGG_0010	7	0.0
safety_focused	MALAT1_A549_NGG_0010	8	0.0
safety_focused	MALAT1_A549_NGG_0010	9	0.0
safety_focused	MALAT1_A549_NGG_0010	10	0.0
safety_focused	MALAT1_A549_NGG_0010	11	0.0
safety_focused	MALAT1_A549_NGG_0010	12	0.0
safety_focused	MALAT1_A549_NGG_0010	13	0.0
safety_focused	MALAT1_A549_NGG_0010	14	3.333e-05
safety_focused	MALAT1_A549_NGG_0010	15	0.00013333
safety_focused	MALAT1_A549_NGG_0010	16	0.00013333
safety_focused	MALAT1_A549_NGG_0010	17	0.00016667
safety_focused	MALAT1_A549_NGG_0010	18	0.00023333
safety_focused	MALAT1_A549_NGG_0010	19	0.00046667
safety_focused	MALAT1_A549_NGG_0010	20	0.0009
safety_focused	MALAT1_A549_NGG_0010	21	0.00103333
safety_focused	MALAT1_A549_NGG_0010	22	0.00123333
safety_focused	MALAT1_A549_NGG_0010	23	0.00143333
safety_focused	MALAT1_A549_NGG_0010	24	0.00276667
safety_focused	MALAT1_A549_NGG_0010	25	0.0029
safety_focused	MALAT1_A549_NGG_0010	26	0.00416667
safety_focused	MALAT1_A549_NGG_0010	27	0.0044
safety_focused	MALAT1_A549_NGG_0010	28	0.00446667
safety_focused	MALAT1_A549_NGG_0010	29	0.00593333
safety_focused	MALAT1_A549_NGG_0010	30	0.0067
safety_focused	MALAT1_A549_NGG_0010	31	0.008
safety_focused	MALAT1_A549_NGG_0010	32	0.00776667
safety_focused	MALAT1_A549_NGG_0010	33	0.01036667
safety_focused	MALAT1_A549_NGG_0010	34	0.0118
safety_focused	MALAT1_A549_NGG_0010	35	0.01363333
safety_focused	MALAT1_A549_NGG_0010	36	0.01483333
safety_focused	MALAT1_A549_NGG_0010	37	0.01743333
safety_focused	MALAT1_A549_NGG_0010	38	0.01953333
safety_focused	MALAT1_A549_NGG_0010	39	0.02413333
safety_focused	MALAT1_A549_NGG_0010	40	0.0257
safety_focused	MALAT1_A549_NGG_0010	41	0.03006667
safety_focused	MALAT1_A549_NGG_0010	42	0.0409
safety_focused	MALAT1_A549_NGG_0010	43	0.0559
safety_focused	MALAT1_A549_NGG_0010	44	0.0628
safety_focused	MALAT1_A549_NGG_0010	45	0.0715
safety_focused	MALAT1_A549_NGG_0010	46	0.07316667
safety_focused	MALAT1_A549_NGG_0010	47	0.0705
safety_focused	MALAT1_A549_NGG_0010	48	0.06363333
safety_focused	MALAT1_A549_NGG_0010	49	0.05763333
safety_focused	MALAT1_A549_NGG_0010	50	0.0544
safety_focused	MALAT1_A549_NGG_0010	51	0.04636667
safety_focused	MALAT1_A549_NGG_0010	52	0.03486667
safety_focused	MALAT1_A549_NGG_0010	53	0.02753333
safety_focused	MALAT1_A549_NGG_0010	54	0.02146667
safety_focused	MALAT1_A549_NGG_0010	55	0.01586667
safety_focused	MALAT1_A549_NGG_0010	56	0.01316667
safety_focused	MALAT1_A549_NGG_0010	57	0.0132
safety_focused	MALAT1_A549_NGG_0010	58	0.00936667
safety_focused	MALAT1_A549_NGG_0010	59	0.0092
safety_focused	MALAT1_A549_NGG_0010	60	0.0079
safety_focused	MALAT1_A549_NGG_0010	61	0.00643333
safety_focused	MALAT1_A549_NGG_0010	62	0.00536667
safety_focused	MALAT1_A549_NGG_0010	63	0.0044
safety_focused	MALAT1_A549_NGG_0010	64	0.00353333
safety_focused	MALAT1_A549_NGG_0010	65	0.00283333
safety_focused	MALAT1_A549_NGG_0010	66	0.0019
safety_focused	MALAT1_A549_NGG_0010	67	0.00163333
safety_focused	MALAT1_A549_NGG_0010	68	0.00163333
safety_focused	MALAT1_A549_NGG_0010	69	0.0012
safety_focused	MALAT1_A549_NGG_0010	70	0.0007
safety_focused	MALAT1_A549_NGG_0010	71	0.00023333
safety_focused	MALAT1_A549_NGG_0010	72	0.00023333
safety_focused	MALAT1_A549_NGG_0010	73	0.00013333
safety_focused	MALAT1_A549_NGG_0010	74	0.0
safety_focused	MALAT1_A549_NGG_0010	75	3.333e-05
safety_focused	MALAT1_A549_NGG_0010	76	0.0
safety_focused	MALAT1_A549_NGG_0010	77	0.0
safety_focused	MALAT1_A549_NGG_0010	78	0.0
safety_focused	MALAT1_A549_NGG_0010	79	0.0
safety_focused	MALAT1_A549_NGG_0010	80	0.0
safety_focused	MALAT1_A549_NGG_0010	81	0.0
safety_focused	MALAT1_A549_NGG_0010	82	0.0
safety_focused	MALAT1_A549_NGG_0010	83	0.0
safety_focused	MALAT1_A549_NGG_0010	84	0.0
safety_focused	MALAT1_A549_NGG_0010	85	0.0
safety_focused	MALAT1_A549_NGG_0010	86	0.0
safety_focused	MALAT1_A549_NGG_0011	1	0.0
safety_focused	MALAT1_A549_NGG_0011	2	0.0
safety_focused	MALAT1_A549_NGG_0011	3	0.0
safety_focused	MALAT1_A549_NGG_0011	4	0.0
safety_focused	MALAT1_A549_NGG_0011	5	0.0
safety_focused	MALAT1_A549_NGG_0011	6	0.0
safety_focused	MALAT1_A549_NGG_0011	7	0.0
safety_focused	MALAT1_A549_NGG_0011	8	0.0
safety_focused	MALAT1_A549_NGG_0011	9	0.0
safety_focused	MALAT1_A549_NGG_0011	10	0.0
safety_focused	MALAT1_A549_NGG_0011	11	0.0
safety_focused	MALAT1_A549_NGG_0011	12	0.0
safety_focused	MALAT1_A549_NGG_0011	13	0.0
safety_focused	MALAT1_A549_NGG_0011	14	0.0
safety_focused	MALAT1_A549_NGG_0011	15	0.0
safety_focused	MALAT1_A549_NGG_0011	16	0.0
safety_focused	MALAT1_A549_NGG_0011	17	0.0
safety_focused	MALAT1_A549_NGG_0011	18	0.0
safety_focused	MALAT1_A549_NGG_0011	19	0.0
safety_focused	MALAT1_A549_NGG_0011	20	0.0
safety_focused	MALAT1_A549_NGG_0011	21	0.0
safety_focused	MALAT1_A549_NGG_0011	22	0.0
safety_focused	MALAT1_A549_NGG_0011	23	0.0
safety_focused	MALAT1_A549_NGG_0011	24	0.0
safety_focused	MALAT1_A549_NGG_0011	25	0.0
safety_focused	MALAT1_A549_NGG_0011	26	0.0
safety_focused	MALAT1_A549_NGG_0011	27	0.0
safety_focused	MALAT1_A549_NGG_0011	28	3.333e-05
safety_focused	MALAT1_A549_NGG_0011	29	3.333e-05
safety_focused	MALAT1_A549_NGG_0011	30	6.667e-05
safety_focused	MALAT1_A549_NGG_0011	31	3.333e-05
safety_focused	MALAT1_A549_NGG_0011	32	0.0
safety_focused	MALAT1_A549_NGG_0011	33	6.667e-05
safety_focused	MALAT1_A549_NGG_0011	34	6.667e-05
safety_focused	MALAT1_A549_NGG_0011	35	6.667e-05
safety_focused	MALAT1_A549_NGG_0011	36	6.667e-05
safety_focused	MALAT1_A549_NGG_0011	37	0.00013333
safety_focused	MALAT1_A549_NGG_0011	38	0.00026667
safety_focused	MALAT1_A549_NGG_0011	39	0.00043333
safety_focused	MALAT1_A549_NGG_0011	40	0.0005
safety_focused	MALAT1_A549_NGG_0011	41	0.00063333
safety_focused	MALAT1_A549_NGG_0011	42	0.00073333
safety_focused	MALAT1_A549_NGG_0011	43	0.00063333
safety_focused	MALAT1_A549_NGG_0011	44	0.00093333
safety_focused	MALAT1_A549_NGG_0011	45	0.00133333
safety_focused	MALAT1_A549_NGG_0011	46	0.00206667
safety_focused	MALAT1_A549_NGG_0011	47	0.00326667
safety_focused	MALAT1_A549_NGG_0011	48	0.00463333
safety_focused	MALAT1_A549_NGG_0011	49	0.0066
safety_focused	MALAT1_A549_NGG_0011	50	0.0109
safety_focused	MALAT1_A549_NGG_0011	51	0.01406667
safety_focused	MALAT1_A549_NGG_0011	52	0.02063333
safety_focused	MALAT1_A549_NGG_0011	53	0.02853333
safety_focused	MALAT1_A549_NGG_0011	54	0.0369
safety_focused	MALAT1_A549_NGG_0011	55	0.04756667
safety_focused	MALAT1_A549_NGG_0011	56	0.05396667
safety_focused	MALAT1_A549_NGG_0011	57	0.063
safety_focused	MALAT1_A549_NGG_0011	58	0.06566667
safety_focused	MALAT1_A549_NGG_0011	59	0.06923333
safety_focused	MALAT1_A549_NGG_0011	60	0.069
safety_focused	MALAT1_A549_NGG_0011	61	0.06016667
safety_focused	MALAT1_A549_NGG_0011	62	0.0527
safety_focused	MALAT1_A549_NGG_0011	63	0.04156667
safety_focused	MALAT1_A549_NGG_0011	64	0.0367
safety_focused	MALAT1_A549_NGG_0011	65	0.0363
safety_focused	MALAT1_A549_NGG_0011	66	0.0308
safety_focused	MALAT1_A549_NGG_0011	67	0.0316
safety_focused	MALAT1_A549_NGG_0011	68	0.02703333
safety_focused	MALAT1_A549_NGG_0011	69	0.02573333
safety_focused	MALAT1_A549_NGG_0011	70	0.02296667
safety_focused	MALAT1_A549_NGG_0011	71	0.02256667
safety_focused	MALAT1_A549_NGG_0011	72	0.0203
safety_focused	MALAT1_A549_NGG_0011	73	0.01906667
safety_focused	MALAT1_A549_NGG_0011	74	0.01653333
safety_focused	MALAT1_A549_NGG_0011	75	0.01506667
safety_focused	MALAT1_A549_NGG_0011	76	0.01273333
safety_focused	MALAT1_A549_NGG_0011	77	0.0104
safety_focused	MALAT1_A549_NGG_0011	78	0.00716667
safety_focused	MALAT1_A549_NGG_0011	79	0.00403333
safety_focused	MALAT1_A549_NGG_0011	80	0.0015
safety_focused	MALAT1_A549_NGG_0011	81	0.00123333
safety_focused	MALAT1_A549_NGG_0011	82	0.00066667
safety_focused	MALAT1_A549_NGG_0011	83	0.0005
safety_focused	MALAT1_A549_NGG_0011	84	0.00026667
safety_focused	MALAT1_A549_NGG_0011	85	0.00023333
safety_focused	MALAT1_A549_NGG_0011	86	0.0001
safety_focused	MALAT1_A549_NGG_0012	1	0.0
safety_focused	MALAT1_A549_NGG_0012	2	0.0
safety_focused	MALAT1_A549_NGG_0012	3	0.0
safety_focused	MALAT1_A549_NGG_0012	4	0.0
safety_focused	MALAT1_A549_NGG_0012	5	0.0
safety_focused	MALAT1_A549_NGG_0012	6	0.0
safety_focused	MALAT1_A549_NGG_0012	7	0.0
safety_focused	MALAT1_A549_NGG_0012	8	0.0
safety_focused	MALAT1_A549_NGG_0012	9	0.0
safety_focused	MALAT1_A549_NGG_0012	10	0.0
safety_focused	MALAT1_A549_NGG_0012	11	0.0
safety_focused	MALAT1_A549_NGG_0012	12	0.0
safety_focused	MALAT1_A549_NGG_0012	13	0.0
safety_focused	MALAT1_A549_NGG_0012	14	0.0
safety_focused	MALAT1_A549_NGG_0012	15	0.0
safety_focused	MALAT1_A549_NGG_0012	16	0.0
safety_focused	MALAT1_A549_NGG_0012	17	0.0
safety_focused	MALAT1_A549_NGG_0012	18	0.0
safety_focused	MALAT1_A549_NGG_0012	19	0.0
safety_focused	MALAT1_A549_NGG_0012	20	0.0
safety_focused	MALAT1_A549_NGG_0012	21	0.0
safety_focused	MALAT1_A549_NGG_0012	22	0.0
safety_focused	MALAT1_A549_NGG_0012	23	0.0
safety_focused	MALAT1_A549_NGG_0012	24	0.0
safety_focused	MALAT1_A549_NGG_0012	25	0.0
safety_focused	MALAT1_A549_NGG_0012	26	0.0
safety_focused	MALAT1_A549_NGG_0012	27	0.0
safety_focused	MALAT1_A549_NGG_0012	28	0.0
safety_focused	MALAT1_A549_NGG_0012	29	0.0
safety_focused	MALAT1_A549_NGG_0012	30	0.0
safety_focused	MALAT1_A549_NGG_0012	31	0.0
safety_focused	MALAT1_A549_NGG_0012	32	0.0
safety_focused	MALAT1_A549_NGG_0012	33	0.0
safety_focused	MALAT1_A549_NGG_0012	34	6.667e-05
safety_focused	MALAT1_A549_NGG_0012	35	0.0
safety_focused	MALAT1_A549_NGG_0012	36	3.333e-05
safety_focused	MALAT1_A549_NGG_0012	37	0.0001
safety_focused	MALAT1_A549_NGG_0012	38	3.333e-05
safety_focused	MALAT1_A549_NGG_0012	39	0.00013333
safety_focused	MALAT1_A549_NGG_0012	40	6.667e-05
safety_focused	MALAT1_A549_NGG_0012	41	0.00016667
safety_focused	MALAT1_A549_NGG_0012	42	0.0002
safety_focused	MALAT1_A549_NGG_0012	43	0.0002
safety_focused	MALAT1_A549_NGG_0012	44	0.00046667
safety_focused	MALAT1_A549_NGG_0012	45	0.00046667
safety_focused	MALAT1_A549_NGG_0012	46	0.0006
safety_focused	MALAT1_A549_NGG_0012	47	0.0011
safety_focused	MALAT1_A549_NGG_0012	48	0.00133333
safety_focused	MALAT1_A549_NGG_0012	49	0.00256667
safety_focused	MALAT1_A549_NGG_0012	50	0.00393333
safety_focused	MALAT1_A549_NGG_0012	51	0.00586667
safety_focused	MALAT1_A549_NGG_0012	52	0.00893333
safety_focused	MALAT1_A549_NGG_0012	53	0.01373333
safety_focused	MALAT1_A549_NGG_0012	54	0.0193
safety_focused	MALAT1_A549_NGG_0012	55	0.0267
safety_focused	MALAT1_A549_NGG_0012	56	0.03416667
safety_focused	MALAT1_A549_NGG_0012	57	0.0455
safety_focused	MALAT1_A549_NGG_0012	58	0.0603
safety_focused	MALAT1_A549_NGG_0012	59	0.0725
safety_focused	MALAT1_A549_NGG_0012	60	0.0796
safety_focused	MALAT1_A549_NGG_0012	61	0.0738
safety_focused	MALAT1_A549_NGG_0012	62	0.06253333
safety_focused	MALAT1_A549_NGG_0012	63	0.0508
safety_focused	MALAT1_A549_NGG_0012	64	0.04313333
safety_focused	MALAT1_A549_NGG_0012	65	0.03913333
safety_focused	MALAT1_A549_NGG_0012	66	0.03563333
safety_focused	MALAT1_A549_NGG_0012	67	0.0337
safety_focused	MALAT1_A549_NGG_0012	68	0.03453333
safety_focused	MALAT1_A549_NGG_0012	69	0.02953333
safety_focused	MALAT1_A549_NGG_0012	70	0.02923333
safety_focused	MALAT1_A549_NGG_0012	71	0.02713333
safety_focused	MALAT1_A549_NGG_0012	72	0.02583333
safety_focused	MALAT1_A549_NGG_0012	73	0.02583333
safety_focused	MALAT1_A549_NGG_0012	74	0.02286667
safety_focused	MALAT1_A549_NGG_0012	75	0.02173333
safety_focused	MALAT1_A549_NGG_0012	76	0.02083333
safety_focused	MALAT1_A549_NGG_0012	77	0.016
safety_focused	MALAT1_A549_NGG_0012	78	0.01333333
safety_focused	MALAT1_A549_NGG_0012	79	0.00723333
safety_focused	MALAT1_A549_NGG_0012	80	0.0042
safety_focused	MALAT1_A549_NGG_0012	81	0.00223333
safety_focused	MALAT1_A549_NGG_0012	82	0.00103333
safety_focused	MALAT1_A549_NGG_0012	83	0.0006
safety_focused	MALAT1_A549_NGG_0012	84	0.0004
safety_focused	MALAT1_A549_NGG_0012	85	0.00043333
safety_focused	MALAT1_A549_NGG_0012	86	0.0002
safety_focused	MALAT1_A549_NGG_0013	1	0.0
safety_focused	MALAT1_A549_NGG_0013	2	0.0
safety_focused	MALAT1_A549_NGG_0013	3	0.0
safety_focused	MALAT1_A549_NGG_0013	4	0.0
safety_focused	MALAT1_A549_NGG_0013	5	0.0
safety_focused	MALAT1_A549_NGG_0013	6	0.0
safety_focused	MALAT1_A549_NGG_0013	7	0.0
safety_focused	MALAT1_A549_NGG_0013	8	0.0
safety_focused	MALAT1_A549_NGG_0013	9	0.0
safety_focused	MALAT1_A549_NGG_0013	10	0.0
safety_focused	MALAT1_A549_NGG_0013	11	0.0
safety_focused	MALAT1_A549_NGG_0013	12	0.0
safety_focused	MALAT1_A549_NGG_0013	13	0.0
safety_focused	MALAT1_A549_NGG_0013	14	0.0
safety_focused	MALAT1_A549_NGG_0013	15	0.0
safety_focused	MALAT1_A549_NGG_0013	16	0.0
safety_focused	MALAT1_A549_NGG_0013	17	0.0
safety_focused	MALAT1_A549_NGG_0013	18	0.0
safety_focused	MALAT1_A549_NGG_0013	19	0.0
safety_focused	MALAT1_A549_NGG_0013	20	0.0
safety_focused	MALAT1_A549_NGG_0013	21	0.0
safety_focused	MALAT1_A549_NGG_0013	22	3.333e-05
safety_focused	MALAT1_A549_NGG_0013	23	0.0
safety_focused	MALAT1_A549_NGG_0013	24	0.0
safety_focused	MALAT1_A549_NGG_0013	25	0.0
safety_focused	MALAT1_A549_NGG_0013	26	0.0
safety_focused	MALAT1_A549_NGG_0013	27	0.0
safety_focused	MALAT1_A549_NGG_0013	28	0.0
safety_focused	MALAT1_A549_NGG_0013	29	3.333e-05
safety_focused	MALAT1_A549_NGG_0013	30	6.667e-05
safety_focused	MALAT1_A549_NGG_0013	31	0.0
safety_focused	MALAT1_A549_NGG_0013	32	0.00016667
safety_focused	MALAT1_A549_NGG_0013	33	6.667e-05
safety_focused	MALAT1_A549_NGG_0013	34	0.0001
safety_focused	MALAT1_A549_NGG_0013	35	3.333e-05
safety_focused	MALAT1_A549_NGG_0013	36	0.0
safety_focused	MALAT1_A549_NGG_0013	37	0.00013333
safety_focused	MALAT1_A549_NGG_0013	38	0.00013333
safety_focused	MALAT1_A549_NGG_0013	39	0.00023333
safety_focused	MALAT1_A549_NGG_0013	40	0.0004
safety_focused	MALAT1_A549_NGG_0013	41	0.00073333
safety_focused	MALAT1_A549_NGG_0013	42	0.00093333
safety_focused	MALAT1_A549_NGG_0013	43	0.0012
safety_focused	MALAT1_A549_NGG_0013	44	0.00113333
safety_focused	MALAT1_A549_NGG_0013	45	0.00223333
safety_focused	MALAT1_A549_NGG_0013	46	0.00226667
safety_focused	MALAT1_A549_NGG_0013	47	0.00373333
safety_focused	MALAT1_A549_NGG_0013	48	0.00543333
safety_focused	MALAT1_A549_NGG_0013	49	0.00816667
safety_focused	MALAT1_A549_NGG_0013	50	0.01183333
safety_focused	MALAT1_A549_NGG_0013	51	0.01963333
safety_focused	MALAT1_A549_NGG_0013	52	0.02676667
safety_focused	MALAT1_A549_NGG_0013	53	0.03583333
safety_focused	MALAT1_A549_NGG_0013	54	0.04596667
safety_focused	MALAT1_A549_NGG_0013	55	0.0519
safety_focused	MALAT1_A549_NGG_0013	56	0.06216667
safety_focused	MALAT1_A549_NGG_0013	57	0.0658
safety_focused	MALAT1_A549_NGG_0013	58	0.06926667
safety_focused	MALAT1_A549_NGG_0013	59	0.06966667
safety_focused	MALAT1_A549_NGG_0013	60	0.0651
safety_focused	MALAT1_A549_NGG_0013	61	0.05726667
safety_focused	MALAT1_A549_NGG_0013	62	0.04573333
safety_focused	MALAT1_A549_NGG_0013	63	0.0402
safety_focused	MALAT1_A549_NGG_0013	64	0.03653333
safety_focused	MALAT1_A549_NGG_0013	65	0.03413333
safety_focused	MALAT1_A549_NGG_0013	66	0.02933333
safety_focused	MALAT1_A549_NGG_0013	67	0.02853333
safety_focused	MALAT1_A549_NGG_0013	68	0.02473333
safety_focused	MALAT1_A549_NGG_0013	69	0.0229
safety_focused	MALAT1_A549_NGG_0013	70	0.02153333
safety_focused	MALAT1_A549_NGG_0013	71	0.01996667
safety_focused	MALAT1_A549_NGG_0013	72	0.0178
safety_focused	MALAT1_A549_NGG_0013	73	0.0159
safety_focused	MALAT1_A549_NGG_0013	74	0.01323333
safety_focused	MALAT1_A549_NGG_0013	75	0.0127
safety_focused	MALAT1_A549_NGG_0013	76	0.0092
safety_focused	MALAT1_A549_NGG_0013	77	0.0083
safety_focused	MALAT1_A549_NGG_0013	78	0.00503333
safety_focused	MALAT1_A549_NGG_0013	79	0.00256667
safety_focused	MALAT1_A549_NGG_0013	80	0.0014
safety_focused	MALAT1_A549_NGG_0013	81	0.00066667
safety_focused	MALAT1_A549_NGG_0013	82	0.00053333
safety_focused	MALAT1_A549_NGG_0013	83	0.00033333
safety_focused	MALAT1_A549_NGG_0013	84	0.0002
safety_focused	MALAT1_A549_NGG_0013	85	0.0001
safety_focused	MALAT1_A549_NGG_0013	86	0.0
safety_focused	MALAT1_A549_NGG_0014	1	0.0
safety_focused	MALAT1_A549_NGG_0014	2	0.0
safety_focused	MALAT1_A549_NGG_0014	3	0.0
safety_focused	MALAT1_A549_NGG_0014	4	0.0
safety_focused	MALAT1_A549_NGG_0014	5	0.0
safety_focused	MALAT1_A549_NGG_0014	6	0.0
safety_focused	MALAT1_A549_NGG_0014	7	0.0
safety_focused	MALAT1_A549_NGG_0014	8	0.0
safety_focused	MALAT1_A549_NGG_0014	9	0.0
safety_focused	MALAT1_A549_NGG_0014	10	0.0
safety_focused	MALAT1_A549_NGG_0014	11	0.0
safety_focused	MALAT1_A549_NGG_0014	12	0.0
safety_focused	MALAT1_A549_NGG_0014	13	0.0
safety_focused	MALAT1_A549_NGG_0014	14	0.0
safety_focused	MALAT1_A549_NGG_0014	15	0.0
safety_focused	MALAT1_A549_NGG_0014	16	0.0
safety_focused	MALAT1_A549_NGG_0014	17	0.0
safety_focused	MALAT1_A549_NGG_0014	18	0.0
safety_focused	MALAT1_A549_NGG_0014	19	0.0
safety_focused	MALAT1_A549_NGG_0014	20	0.0
safety_focused	MALAT1_A549_NGG_0014	21	0.0
safety_focused	MALAT1_A549_NGG_0014	22	0.0
safety_focused	MALAT1_A549_NGG_0014	23	0.0
safety_focused	MALAT1_A549_NGG_0014	24	0.0
safety_focused	MALAT1_A549_NGG_0014	25	0.0
safety_focused	MALAT1_A549_NGG_0014	26	0.0
safety_focused	MALAT1_A549_NGG_0014	27	0.0
safety_focused	MALAT1_A549_NGG_0014	28	0.0
safety_focused	MALAT1_A549_NGG_0014	29	0.0
safety_focused	MALAT1_A549_NGG_0014	30	0.0
safety_focused	MALAT1_A549_NGG_0014	31	0.0
safety_focused	MALAT1_A549_NGG_0014	32	3.333e-05
safety_focused	MALAT1_A549_NGG_0014	33	0.0
safety_focused	MALAT1_A549_NGG_0014	34	3.333e-05
safety_focused	MALAT1_A549_NGG_0014	35	6.667e-05
safety_focused	MALAT1_A549_NGG_0014	36	0.00013333
safety_focused	MALAT1_A549_NGG_0014	37	6.667e-05
safety_focused	MALAT1_A549_NGG_0014	38	0.0002
safety_focused	MALAT1_A549_NGG_0014	39	0.00016667
safety_focused	MALAT1_A549_NGG_0014	40	0.0001
safety_focused	MALAT1_A549_NGG_0014	41	0.00023333
safety_focused	MALAT1_A549_NGG_0014	42	0.0003
safety_focused	MALAT1_A549_NGG_0014	43	0.00016667
safety_focused	MALAT1_A549_NGG_0014	44	0.00063333
safety_focused	MALAT1_A549_NGG_0014	45	0.00073333
safety_focused	MALAT1_A549_NGG_0014	46	0.00113333
safety_focused	MALAT1_A549_NGG_0014	47	0.0017
safety_focused	MALAT1_A549_NGG_0014	48	0.00216667
safety_focused	MALAT1_A549_NGG_0014	49	0.00463333
safety_focused	MALAT1_A549_NGG_0014	50	0.00596667
safety_focused	MALAT1_A549_NGG_0014	51	0.0091
safety_focused	MALAT1_A549_NGG_0014	52	0.01396667
safety_focused	MALAT1_A549_NGG_0014	53	0.0211
safety_focused	MALAT1_A549_NGG_0014	54	0.0287
safety_focused	MALAT1_A549_NGG_0014	55	0.03813333
safety_focused	MALAT1_A549_NGG_0014	56	0.04666667
safety_focused	MALAT1_A549_NGG_0014	57	0.05573333
safety_focused	MALAT1_A549_NGG_0014	58	0.06706667
safety_focused	MALAT1_A549_NGG_0014	59	0.0732
safety_focused	MALAT1_A549_NGG_0014	60	0.07216667
safety_focused	MALAT1_A549_NGG_0014	61	0.0664
safety_focused	MALAT1_A549_NGG_0014	62	0.05506667
safety_focused	MALAT1_A549_NGG_0014	63	0.0477
safety_focused	MALAT1_A549_NGG_0014	64	0.04343333
safety_focused	MALAT1_A549_NGG_0014	65	0.036
safety_focused	MALAT1_A549_NGG_0014	66	0.03543333
safety_focused	MALAT1_A549_NGG_0014	67	0.03256667
safety_focused	MALAT1_A549_NGG_0014	68	0.03003333
safety_focused	MALAT1_A549_NGG_0014	69	0.0304
safety_focused	MALAT1_A549_NGG_0014	70	0.02596667
safety_focused	MALAT1_A549_NGG_0014	71	0.0242
safety_focused	MALAT1_A549_NGG_0014	72	0.02206667
safety_focused	MALAT1_A549_NGG_0014	73	0.02133333
safety_focused	MALAT1_A549_NGG_0014	74	0.02093333
safety_focused	MALAT1_A549_NGG_0014	75	0.0182
safety_focused	MALAT1_A549_NGG_0014	76	0.01423333
safety_focused	MALAT1_A549_NGG_0014	77	0.01086667
safety_focused	MALAT1_A549_NGG_0014	78	0.01003333
safety_focused	MALAT1_A549_NGG_0014	79	0.00553333
safety_focused	MALAT1_A549_NGG_0014	80	0.00236667
safety_focused	MALAT1_A549_NGG_0014	81	0.0012
safety_focused	MALAT1_A549_NGG_0014	82	0.0009
safety_focused	MALAT1_A549_NGG_0014	83	0.00036667
safety_focused	MALAT1_A549_NGG_0014	84	0.00016667
safety_focused	MALAT1_A549_NGG_0014	85	0.0001
safety_focused	MALAT1_A549_NGG_0014	86	0.0002
safety_focused	MALAT1_A549_NGG_0015	1	0.00086667
safety_focused	MALAT1_A549_NGG_0015	2	0.0052
safety_focused	MALAT1_A549_NGG_0015	3	0.0206
safety_focused	MALAT1_A549_NGG_0015	4	0.04183333
safety_focused	MALAT1_A549_NGG_0015	5	0.0548
safety_focused	MALAT1_A549_NGG_0015	6	0.07643333
safety_focused	MALAT1_A549_NGG_0015	7	0.0876
safety_focused	MALAT1_A549_NGG_0015	8	0.08633333
safety_focused	MALAT1_A549_NGG_0015	9	0.07996667
safety_focused	MALAT1_A549_NGG_0015	10	0.0714
safety_focused	MALAT1_A549_NGG_0015	11	0.06286667
safety_focused	MALAT1_A549_NGG_0015	12	0.05376667
safety_focused	MALAT1_A549_NGG_0015	13	0.04496667
safety_focused	MALAT1_A549_NGG_0015	14	0.03726667
safety_focused	MALAT1_A549_NGG_0015	15	0.02846667
safety_focused	MALAT1_A549_NGG_0015	16	0.02513333
safety_focused	MALAT1_A549_NGG_0015	17	0.02093333
safety_focused	MALAT1_A549_NGG_0015	18	0.01733333
safety_focused	MALAT1_A549_NGG_0015	19	0.01473333
safety_focused	MALAT1_A549_NGG_0015	20	0.0154
safety_focused	MALAT1_A549_NGG_0015	21	0.01366667
safety_focused	MALAT1_A549_NGG_0015	22	0.0134
safety_focused	MALAT1_A549_NGG_0015	23	0.01373333
safety_focused	MALAT1_A549_NGG_0015	24	0.01313333
safety_focused	MALAT1_A549_NGG_0015	25	0.01273333
safety_focused	MALAT1_A549_NGG_0015	26	0.01106667
safety_focused	MALAT1_A549_NGG_0015	27	0.00966667
safety_focused	MALAT1_A549_NGG_0015	28	0.00733333
safety_focused	MALAT1_A549_NGG_0015	29	0.00666667
safety_focused	MALAT1_A549_NGG_0015	30	0.00646667
safety_focused	MALAT1_A549_NGG_0015	31	0.00646667
safety_focused	MALAT1_A549_NGG_0015	32	0.00626667
safety_focused	MALAT1_A549_NGG_0015	33	0.00613333
safety_focused	MALAT1_A549_NGG_0015	34	0.00533333
safety_focused	MALAT1_A549_NGG_0015	35	0.00413333
safety_focused	MALAT1_A549_NGG_0015	36	0.0044
safety_focused	MALAT1_A549_NGG_0015	37	0.00276667
safety_focused	MALAT1_A549_NGG_0015	38	0.00286667
safety_focused	MALAT1_A549_NGG_0015	39	0.0026
safety_focused	MALAT1_A549_NGG_0015	40	0.00223333
safety_focused	MALAT1_A549_NGG_0015	41	0.00126667
safety_focused	MALAT1_A549_NGG_0015	42	0.00046667
safety_focused	MALAT1_A549_NGG_0015	43	0.00053333
safety_focused	MALAT1_A549_NGG_0015	44	0.0002
safety_focused	MALAT1_A549_NGG_0015	45	0.00026667
safety_focused	MALAT1_A549_NGG_0015	46	3.333e-05
safety_focused	MALAT1_A549_NGG_0015	47	3.333e-05
safety_focused	MALAT1_A549_NGG_0015	48	0.0001
safety_focused	MALAT1_A549_NGG_0015	49	0.0001
safety_focused	MALAT1_A549_NGG_0015	50	3.333e-05
safety_focused	MALAT1_A549_NGG_0015	51	0.0
safety_focused	MALAT1_A549_NGG_0015	52	0.0
safety_focused	MALAT1_A549_NGG_0015	53	0.0
safety_focused	MALAT1_A549_NGG_0015	54	0.0
safety_focused	MALAT1_A549_NGG_0015	55	0.0
safety_focused	MALAT1_A549_NGG_0015	56	0.0
safety_focused	MALAT1_A549_NGG_0015	57	0.0
safety_focused	MALAT1_A549_NGG_0015	58	0.0
safety_focused	MALAT1_A549_NGG_0015	59	0.0
safety_focused	MALAT1_A549_NGG_0015	60	0.0
safety_focused	MALAT1_A549_NGG_0015	61	0.0
safety_focused	MALAT1_A549_NGG_0015	62	0.0
safety_focused	MALAT1_A549_NGG_0015	63	0.0
safety_focused	MALAT1_A549_NGG_0015	64	0.0
safety_focused	MALAT1_A549_NGG_0015	65	0.0
safety_focused	MALAT1_A549_NGG_0015	66	0.0
safety_focused	MALAT1_A549_NGG_0015	67	0.0
safety_focused	MALAT1_A549_NGG_0015	68	0.0
safety_focused	MALAT1_A549_NGG_0015	69	0.0
safety_focused	MALAT1_A549_NGG_0015	70	0.0
safety_focused	MALAT1_A549_NGG_0015	71	0.0
safety_focused	MALAT1_A549_NGG_0015	72	0.0
safety_focused	MALAT1_A549_NGG_0015	73	0.0
safety_focused	MALAT1_A549_NGG_0015	74	0.0
safety_focused	MALAT1_A549_NGG_0015	75	0.0
safety_focused	MALAT1_A549_NGG_0015	76	0.0
safety_focused	MALAT1_A549_NGG_0015	77	0.0
safety_focused	MALAT1_A549_NGG_0015	78	0.0
safety_focused	MALAT1_A549_NGG_0015	79	0.0
safety_focused	MALAT1_A549_NGG_0015	80	0.0
safety_focused	MALAT1_A549_NGG_0015	81	0.0
safety_focused	MALAT1_A549_NGG_0015	82	0.0
safety_focused	MALAT1_A549_NGG_0015	83	0.0
safety_focused	MALAT1_A549_NGG_0015	84	0.0
safety_focused	MALAT1_A549_NGG_0015	85	0.0
safety_focused	MALAT1_A549_NGG_0015	86	0.0
safety_focused	MALAT1_A549_NGG_0016	1	0.0
safety_focused	MALAT1_A549_NGG_0016	2	0.0
safety_focused	MALAT1_A549_NGG_0016	3	0.0
safety_focused	MALAT1_A549_NGG_0016	4	0.0
safety_focused	MALAT1_A549_NGG_0016	5	0.0
safety_focused	MALAT1_A549_NGG_0016	6	0.0
safety_focused	MALAT1_A549_NGG_0016	7	0.0
safety_focused	MALAT1_A549_NGG_0016	8	0.0
safety_focused	MALAT1_A549_NGG_0016	9	0.0
safety_focused	MALAT1_A549_NGG_0016	10	0.0
safety_focused	MALAT1_A549_NGG_0016	11	0.0
safety_focused	MALAT1_A549_NGG_0016	12	0.0
safety_focused	MALAT1_A549_NGG_0016	13	0.0
safety_focused	MALAT1_A549_NGG_0016	14	0.0
safety_focused	MALAT1_A549_NGG_0016	15	0.0
safety_focused	MALAT1_A549_NGG_0016	16	0.0
safety_focused	MALAT1_A549_NGG_0016	17	6.667e-05
safety_focused	MALAT1_A549_NGG_0016	18	0.0
safety_focused	MALAT1_A549_NGG_0016	19	6.667e-05
safety_focused	MALAT1_A549_NGG_0016	20	0.00013333
safety_focused	MALAT1_A549_NGG_0016	21	0.00016667
safety_focused	MALAT1_A549_NGG_0016	22	0.00023333
safety_focused	MALAT1_A549_NGG_0016	23	0.0005
safety_focused	MALAT1_A549_NGG_0016	24	0.0007
safety_focused	MALAT1_A549_NGG_0016	25	0.00073333
safety_focused	MALAT1_A549_NGG_0016	26	0.00096667
safety_focused	MALAT1_A549_NGG_0016	27	0.00103333
safety_focused	MALAT1_A549_NGG_0016	28	0.00156667
safety_focused	MALAT1_A549_NGG_0016	29	0.00173333
safety_focused	MALAT1_A549_NGG_0016	30	0.00243333
safety_focused	MALAT1_A549_NGG_0016	31	0.00276667
safety_focused	MALAT1_A549_NGG_0016	32	0.00313333
safety_focused	MALAT1_A549_NGG_0016	33	0.00426667
safety_focused	MALAT1_A549_NGG_0016	34	0.0047
safety_focused	MALAT1_A549_NGG_0016	35	0.00563333
safety_focused	MALAT1_A549_NGG_0016	36	0.00673333
safety_focused	MALAT1_A549_NGG_0016	37	0.0082
safety_focused	MALAT1_A549_NGG_0016	38	0.0105
safety_focused	MALAT1_A549_NGG_0016	39	0.01263333
safety_focused	MALAT1_A549_NGG_0016	40	0.0152
safety_focused	MALAT1_A549_NGG_0016	41	0.01786667
safety_focused	MALAT1_A549_NGG_0016	42	0.02446667
safety_focused	MALAT1_A549_NGG_0016	43	0.03293333
safety_focused	MALAT1_A549_NGG_0016	44	0.04256667
safety_focused	MALAT1_A549_NGG_0016	45	0.05436667
safety_focused	MALAT1_A549_NGG_0016	46	0.0622
safety_focused	MALAT1_A549_NGG_0016	47	0.0702
safety_focused	MALAT1_A549_NGG_0016	48	0.07733333
safety_focused	MALAT1_A549_NGG_0016	49	0.07893333
safety_focused	MALAT1_A549_NGG_0016	50	0.07273333
safety_focused	MALAT1_A549_NGG_0016	51	0.071
safety_focused	MALAT1_A549_NGG_0016	52	0.05866667
safety_focused	MALAT1_A549_NGG_0016	53	0.04693333
safety_focused	MALAT1_A549_NGG_0016	54	0.03716667
safety_focused	MALAT1_A549_NGG_0016	55	0.0298
safety_focused	MALAT1_A549_NGG_0016	56	0.02583333
safety_focused	MALAT1_A549_NGG_0016	57	0.01893333
safety_focused	MALAT1_A549_NGG_0016	58	0.0184
safety_focused	MALAT1_A549_NGG_0016	59	0.01426667
safety_focused	MALAT1_A549_NGG_0016	60	0.0122
safety_focused	MALAT1_A549_NGG_0016	61	0.01013333
safety_focused	MALAT1_A549_NGG_0016	62	0.00856667
safety_focused	MALAT1_A549_NGG_0016	63	0.007
safety_focused	MALAT1_A549_NGG_0016	64	0.00513333
safety_focused	MALAT1_A549_NGG_0016	65	0.00496667
safety_focused	MALAT1_A549_NGG_0016	66	0.00376667
safety_focused	MALAT1_A549_NGG_0016	67	0.00296667
safety_focused	MALAT1_A549_NGG_0016	68	0.00233333
safety_focused	MALAT1_A549_NGG_0016	69	0.0018
safety_focused	MALAT1_A549_NGG_0016	70	0.0012
safety_focused	MALAT1_A549_NGG_0016	71	0.00036667
safety_focused	MALAT1_A549_NGG_0016	72	0.00056667
safety_focused	MALAT1_A549_NGG_0016	73	0.0001
safety_focused	MALAT1_A549_NGG_0016	74	0.00013333
safety_focused	MALAT1_A549_NGG_0016	75	3.333e-05
safety_focused	MALAT1_A549_NGG_0016	76	0.0
safety_focused	MALAT1_A549_NGG_0016	77	0.0
safety_focused	MALAT1_A549_NGG_0016	78	3.333e-05
safety_focused	MALAT1_A549_NGG_0016	79	0.0
safety_focused	MALAT1_A549_NGG_0016	80	0.0
safety_focused	MALAT1_A549_NGG_0016	81	0.0
safety_focused	MALAT1_A549_NGG_0016	82	0.0
safety_focused	MALAT1_A549_NGG_0016	83	0.0
safety_focused	MALAT1_A549_NGG_0016	84	0.0
safety_focused	MALAT1_A549_NGG_0016	85	0.0
safety_focused	MALAT1_A549_NGG_0016	86	0.0
safety_focused	MALAT1_A549_NGG_0017	1	0.0
safety_focused	MALAT1_A549_NGG_0017	2	0.0
safety_focused	MALAT1_A549_NGG_0017	3	0.0
safety_focused	MALAT1_A549_NGG_0017	4	0.0
safety_focused	MALAT1_A549_NGG_0017	5	0.0
safety_focused	MALAT1_A549_NGG_0017	6	0.0
safety_focused	MALAT1_A549_NGG_0017	7	0.0
safety_focused	MALAT1_A549_NGG_0017	8	0.0
safety_focused	MALAT1_A549_NGG_0017	9	0.0
safety_focused	MALAT1_A549_NGG_0017	10	0.0
safety_focused	MALAT1_A549_NGG_0017	11	0.0
safety_focused	MALAT1_A549_NGG_0017	12	3.333e-05
safety_focused	MALAT1_A549_NGG_0017	13	3.333e-05
safety_focused	MALAT1_A549_NGG_0017	14	0.00016667
safety_focused	MALAT1_A549_NGG_0017	15	0.00033333
safety_focused	MALAT1_A549_NGG_0017	16	0.0005
safety_focused	MALAT1_A549_NGG_0017	17	0.00083333
safety_focused	MALAT1_A549_NGG_0017	18	0.00106667
safety_focused	MALAT1_A549_NGG_0017	19	0.00166667
safety_focused	MALAT1_A549_NGG_0017	20	0.00216667
safety_focused	MALAT1_A549_NGG_0017	21	0.0026
safety_focused	MALAT1_A549_NGG_0017	22	0.00386667
safety_focused	MALAT1_A549_NGG_0017	23	0.0041
safety_focused	MALAT1_A549_NGG_0017	24	0.0057
safety_focused	MALAT1_A549_NGG_0017	25	0.0063
safety_focused	MALAT1_A549_NGG_0017	26	0.0072
safety_focused	MALAT1_A549_NGG_0017	27	0.0081
safety_focused	MALAT1_A549_NGG_0017	28	0.01086667
safety_focused	MALAT1_A549_NGG_0017	29	0.01126667
safety_focused	MALAT1_A549_NGG_0017	30	0.01213333
safety_focused	MALAT1_A549_NGG_0017	31	0.01443333
safety_focused	MALAT1_A549_NGG_0017	32	0.0162
safety_focused	MALAT1_A549_NGG_0017	33	0.01786667
safety_focused	MALAT1_A549_NGG_0017	34	0.0202
safety_focused	MALAT1_A549_NGG_0017	35	0.02343333
safety_focused	MALAT1_A549_NGG_0017	36	0.0245
safety_focused	MALAT1_A549_NGG_0017	37	0.0269
safety_focused	MALAT1_A549_NGG_0017	38	0.03303333
safety_focused	MALAT1_A549_NGG_0017	39	0.03763333
safety_focused	MALAT1_A549_NGG_0017	40	0.0428
safety_focused	MALAT1_A549_NGG_0017	41	0.0583
safety_focused	MALAT1_A549_NGG_0017	42	0.0734
safety_focused	MALAT1_A549_NGG_0017	43	0.08413333
safety_focused	MALAT1_A549_NGG_0017	44	0.08326667
safety_focused	MALAT1_A549_NGG_0017	45	0.07446667
safety_focused	MALAT1_A549_NGG_0017	46	0.05913333
safety_focused	MALAT1_A549_NGG_0017	47	0.051
safety_focused	MALAT1_A549_NGG_0017	48	0.041
safety_focused	MALAT1_A549_NGG_0017	49	0.03203333
safety_focused	MALAT1_A549_NGG_0017	50	0.02553333
safety_focused	MALAT1_A549_NGG_0017	51	0.01886667
safety_focused	MALAT1_A549_NGG_0017	52	0.0146
safety_focused	MALAT1_A549_NGG_0017	53	0.0098
safety_focused	MALAT1_A549_NGG_0017	54	0.0089
safety_focused	MALAT1_A549_NGG_0017	55	0.0069
safety_focused	MALAT1_A549_NGG_0017	56	0.00456667
safety_focused	MALAT1_A549_NGG_0017	57	0.00436667
safety_focused	MALAT1_A549_NGG_0017	58	0.00353333
safety_focused	MALAT1_A549_NGG_0017	59	0.0025
safety_focused	MALAT1_A549_NGG_0017	60	0.00213333
safety_focused	MALAT1_A549_NGG_0017	61	0.00176667
safety_focused	MALAT1_A549_NGG_0017	62	0.00133333
safety_focused	MALAT1_A549_NGG_0017	63	0.00086667
safety_focused	MALAT1_A549_NGG_0017	64	0.0005
safety_focused	MALAT1_A549_NGG_0017	65	0.0005
safety_focused	MALAT1_A549_NGG_0017	66	0.00033333
safety_focused	MALAT1_A549_NGG_0017	67	0.00023333
safety_focused	MALAT1_A549_NGG_0017	68	0.0001
safety_focused	MALAT1_A549_NGG_0017	69	0.0
safety_focused	MALAT1_A549_NGG_0017	70	0.0
safety_focused	MALAT1_A549_NGG_0017	71	0.0
safety_focused	MALAT1_A549_NGG_0017	72	0.0
safety_focused	MALAT1_A549_NGG_0017	73	0.0
safety_focused	MALAT1_A549_NGG_0017	74	0.0
safety_focused	MALAT1_A549_NGG_0017	75	0.0
safety_focused	MALAT1_A549_NGG_0017	76	0.0
safety_focused	MALAT1_A549_NGG_0017	77	0.0
safety_focused	MALAT1_A549_NGG_0017	78	0.0
safety_focused	MALAT1_A549_NGG_0017	79	0.0
safety_focused	MALAT1_A549_NGG_0017	80	0.0
safety_focused	MALAT1_A549_NGG_0017	81	0.0
safety_focused	MALAT1_A549_NGG_0017	82	0.0
safety_focused	MALAT1_A549_NGG_0017	83	0.0
safety_focused	MALAT1_A549_NGG_0017	84	0.0
safety_focused	MALAT1_A549_NGG_0017	85	0.0
safety_focused	MALAT1_A549_NGG_0017	86	0.0
safety_focused	MALAT1_A549_NGG_0018	1	0.0
safety_focused	MALAT1_A549_NGG_0018	2	0.0
safety_focused	MALAT1_A549_NGG_0018	3	0.0
safety_focused	MALAT1_A549_NGG_0018	4	0.0
safety_focused	MALAT1_A549_NGG_0018	5	0.0
safety_focused	MALAT1_A549_NGG_0018	6	0.0
safety_focused	MALAT1_A549_NGG_0018	7	0.0
safety_focused	MALAT1_A549_NGG_0018	8	0.0
safety_focused	MALAT1_A549_NGG_0018	9	0.0
safety_focused	MALAT1_A549_NGG_0018	10	0.0
safety_focused	MALAT1_A549_NGG_0018	11	0.0
safety_focused	MALAT1_A549_NGG_0018	12	0.0
safety_focused	MALAT1_A549_NGG_0018	13	0.0
safety_focused	MALAT1_A549_NGG_0018	14	0.0
safety_focused	MALAT1_A549_NGG_0018	15	0.0
safety_focused	MALAT1_A549_NGG_0018	16	0.0
safety_focused	MALAT1_A549_NGG_0018	17	0.0
safety_focused	MALAT1_A549_NGG_0018	18	0.0
safety_focused	MALAT1_A549_NGG_0018	19	0.0
safety_focused	MALAT1_A549_NGG_0018	20	0.0
safety_focused	MALAT1_A549_NGG_0018	21	0.0
safety_focused	MALAT1_A549_NGG_0018	22	0.0
safety_focused	MALAT1_A549_NGG_0018	23	0.0
safety_focused	MALAT1_A549_NGG_0018	24	0.0
safety_focused	MALAT1_A549_NGG_0018	25	0.0
safety_focused	MALAT1_A549_NGG_0018	26	0.0
safety_focused	MALAT1_A549_NGG_0018	27	0.0
safety_focused	MALAT1_A549_NGG_0018	28	0.0
safety_focused	MALAT1_A549_NGG_0018	29	0.0
safety_focused	MALAT1_A549_NGG_0018	30	0.0
safety_focused	MALAT1_A549_NGG_0018	31	3.333e-05
safety_focused	MALAT1_A549_NGG_0018	32	3.333e-05
safety_focused	MALAT1_A549_NGG_0018	33	6.667e-05
safety_focused	MALAT1_A549_NGG_0018	34	3.333e-05
safety_focused	MALAT1_A549_NGG_0018	35	3.333e-05
safety_focused	MALAT1_A549_NGG_0018	36	6.667e-05
safety_focused	MALAT1_A549_NGG_0018	37	0.0002
safety_focused	MALAT1_A549_NGG_0018	38	0.00013333
safety_focused	MALAT1_A549_NGG_0018	39	0.00026667
safety_focused	MALAT1_A549_NGG_0018	40	0.00013333
safety_focused	MALAT1_A549_NGG_0018	41	0.0004
safety_focused	MALAT1_A549_NGG_0018	42	0.00036667
safety_focused	MALAT1_A549_NGG_0018	43	0.00046667
safety_focused	MALAT1_A549_NGG_0018	44	0.00106667
safety_focused	MALAT1_A549_NGG_0018	45	0.00143333
safety_focused	MALAT1_A549_NGG_0018	46	0.0026
safety_focused	MALAT1_A549_NGG_0018	47	0.0033
safety_focused	MALAT1_A549_NGG_0018	48	0.00503333
safety_focused	MALAT1_A549_NGG_0018	49	0.00763333
safety_focused	MALAT1_A549_NGG_0018	50	0.01293333
safety_focused	MALAT1_A549_NGG_0018	51	0.01996667
safety_focused	MALAT1_A549_NGG_0018	52	0.03236667
safety_focused	MALAT1_A549_NGG_0018	53	0.0436
safety_focused	MALAT1_A549_NGG_0018	54	0.05413333
safety_focused	MALAT1_A549_NGG_0018	55	0.0601
safety_focused	MALAT1_A549_NGG_0018	56	0.0686
safety_focused	MALAT1_A549_NGG_0018	57	0.0716
safety_focused	MALAT1_A549_NGG_0018	58	0.0748
safety_focused	MALAT1_A549_NGG_0018	59	0.06703333
safety_focused	MALAT1_A549_NGG_0018	60	0.06296667
safety_focused	MALAT1_A549_NGG_0018	61	0.05683333
safety_focused	MALAT1_A549_NGG_0018	62	0.04813333
safety_focused	MALAT1_A549_NGG_0018	63	0.04013333
safety_focused	MALAT1_A549_NGG_0018	64	0.03723333
safety_focused	MALAT1_A549_NGG_0018	65	0.03143333
safety_focused	MALAT1_A549_NGG_0018	66	0.0287
safety_focused	MALAT1_A549_NGG_0018	67	0.02666667
safety_focused	MALAT1_A549_NGG_0018	68	0.02486667
safety_focused	MALAT1_A549_NGG_0018	69	0.02183333
safety_focused	MALAT1_A549_NGG_0018	70	0.0201
safety_focused	MALAT1_A549_NGG_0018	71	0.01696667
safety_focused	MALAT1_A549_NGG_0018	72	0.01493333
safety_focused	MALAT1_A549_NGG_0018	73	0.0115
safety_focused	MALAT1_A549_NGG_0018	74	0.0104
safety_focused	MALAT1_A549_NGG_0018	75	0.00696667
safety_focused	MALAT1_A549_NGG_0018	76	0.005
safety_focused	MALAT1_A549_NGG_0018	77	0.00326667
safety_focused	MALAT1_A549_NGG_0018	78	0.00173333
safety_focused	MALAT1_A549_NGG_0018	79	0.001
safety_focused	MALAT1_A549_NGG_0018	80	0.0006
safety_focused	MALAT1_A549_NGG_0018	81	0.00016667
safety_focused	MALAT1_A549_NGG_0018	82	6.667e-05
safety_focused	MALAT1_A549_NGG_0018	83	0.0
safety_focused	MALAT1_A549_NGG_0018	84	6.667e-05
safety_focused	MALAT1_A549_NGG_0018	85	0.0
safety_focused	MALAT1_A549_NGG_0018	86	0.0
safety_focused	MALAT1_A549_NGG_0019	1	0.0
safety_focused	MALAT1_A549_NGG_0019	2	0.0
safety_focused	MALAT1_A549_NGG_0019	3	0.0
safety_focused	MALAT1_A549_NGG_0019	4	0.0
safety_focused	MALAT1_A549_NGG_0019	5	0.0
safety_focused	MALAT1_A549_NGG_0019	6	0.0
safety_focused	MALAT1_A549_NGG_0019	7	0.0
safety_focused	MALAT1_A549_NGG_0019	8	0.0
safety_focused	MALAT1_A549_NGG_0019	9	0.0
safety_focused	MALAT1_A549_NGG_0019	10	0.0
safety_focused	MALAT1_A549_NGG_0019	11	0.0
safety_focused	MALAT1_A549_NGG_0019	12	0.0
safety_focused	MALAT1_A549_NGG_0019	13	0.0
safety_focused	MALAT1_A549_NGG_0019	14	0.0
safety_focused	MALAT1_A549_NGG_0019	15	0.0
safety_focused	MALAT1_A549_NGG_0019	16	0.0
safety_focused	MALAT1_A549_NGG_0019	17	0.0
safety_focused	MALAT1_A549_NGG_0019	18	0.0
safety_focused	MALAT1_A549_NGG_0019	19	0.0
safety_focused	MALAT1_A549_NGG_0019	20	0.0
safety_focused	MALAT1_A549_NGG_0019	21	0.0
safety_focused	MALAT1_A549_NGG_0019	22	0.0
safety_focused	MALAT1_A549_NGG_0019	23	0.0
safety_focused	MALAT1_A549_NGG_0019	24	0.0
safety_focused	MALAT1_A549_NGG_0019	25	0.0
safety_focused	MALAT1_A549_NGG_0019	26	0.0
safety_focused	MALAT1_A549_NGG_0019	27	0.0
safety_focused	MALAT1_A549_NGG_0019	28	0.0
safety_focused	MALAT1_A549_NGG_0019	29	0.0
safety_focused	MALAT1_A549_NGG_0019	30	6.667e-05
safety_focused	MALAT1_A549_NGG_0019	31	0.0
safety_focused	MALAT1_A549_NGG_0019	32	0.0
safety_focused	MALAT1_A549_NGG_0019	33	3.333e-05
safety_focused	MALAT1_A549_NGG_0019	34	0.0
safety_focused	MALAT1_A549_NGG_0019	35	3.333e-05
safety_focused	MALAT1_A549_NGG_0019	36	6.667e-05
safety_focused	MALAT1_A549_NGG_0019	37	0.0002
safety_focused	MALAT1_A549_NGG_0019	38	0.0001
safety_focused	MALAT1_A549_NGG_0019	39	6.667e-05
safety_focused	MALAT1_A549_NGG_0019	40	0.00016667
safety_focused	MALAT1_A549_NGG_0019	41	0.00016667
safety_focused	MALAT1_A549_NGG_0019	42	0.00056667
safety_focused	MALAT1_A549_NGG_0019	43	0.0007
safety_focused	MALAT1_A549_NGG_0019	44	0.00096667
safety_focused	MALAT1_A549_NGG_0019	45	0.00096667
safety_focused	MALAT1_A549_NGG_0019	46	0.0022
safety_focused	MALAT1_A549_NGG_0019	47	0.003
safety_focused	MALAT1_A549_NGG_0019	48	0.0052
safety_focused	MALAT1_A549_NGG_0019	49	0.00673333
safety_focused	MALAT1_A549_NGG_0019	50	0.0114
safety_focused	MALAT1_A549_NGG_0019	51	0.02116667
safety_focused	MALAT1_A549_NGG_0019	52	0.0314
safety_focused	MALAT1_A549_NGG_0019	53	0.04253333
safety_focused	MALAT1_A549_NGG_0019	54	0.05256667
safety_focused	MALAT1_A549_NGG_0019	55	0.06153333
safety_focused	MALAT1_A549_NGG_0019	56	0.06776667
safety_focused	MALAT1_A549_NGG_0019	57	0.0709
safety_focused	MALAT1_A549_NGG_0019	58	0.07363333
safety_focused	MALAT1_A549_NGG_0019	59	0.06963333
safety_focused	MALAT1_A549_NGG_0019	60	0.06376667
safety_focused	MALAT1_A549_NGG_0019	61	0.05586667
safety_focused	MALAT1_A549_NGG_0019	62	0.0465
safety_focused	MALAT1_A549_NGG_0019	63	0.0413
safety_focused	MALAT1_A549_NGG_0019	64	0.036
safety_focused	MALAT1_A549_NGG_0019	65	0.03243333
safety_focused	MALAT1_A549_NGG_0019	66	0.03026667
safety_focused	MALAT1_A549_NGG_0019	67	0.02823333
safety_focused	MALAT1_A549_NGG_0019	68	0.0264
safety_focused	MALAT1_A549_NGG_0019	69	0.02186667
safety_focused	MALAT1_A549_NGG_0019	70	0.01973333
safety_focused	MALAT1_A549_NGG_0019	71	0.01533333
safety_focused	MALAT1_A549_NGG_0019	72	0.01463333
safety_focused	MALAT1_A549_NGG_0019	73	0.01293333
safety_focused	MALAT1_A549_NGG_0019	74	0.01036667
safety_focused	MALAT1_A549_NGG_0019	75	0.007
safety_focused	MALAT1_A549_NGG_0019	76	0.0064
safety_focused	MALAT1_A549_NGG_0019	77	0.00353333
safety_focused	MALAT1_A549_NGG_0019	78	0.00213333
safety_focused	MALAT1_A549_NGG_0019	79	0.00083333
safety_focused	MALAT1_A549_NGG_0019	80	0.0003
safety_focused	MALAT1_A549_NGG_0019	81	3.333e-05
safety_focused	MALAT1_A549_NGG_0019	82	0.00016667
safety_focused	MALAT1_A549_NGG_0019	83	0.0001
safety_focused	MALAT1_A549_NGG_0019	84	6.667e-05
safety_focused	MALAT1_A549_NGG_0019	85	0.0
safety_focused	MALAT1_A549_NGG_0019	86	3.333e-05
safety_focused	MALAT1_A549_NGG_0020	1	0.0
safety_focused	MALAT1_A549_NGG_0020	2	0.0
safety_focused	MALAT1_A549_NGG_0020	3	0.0
safety_focused	MALAT1_A549_NGG_0020	4	0.0
safety_focused	MALAT1_A549_NGG_0020	5	0.0
safety_focused	MALAT1_A549_NGG_0020	6	0.0
safety_focused	MALAT1_A549_NGG_0020	7	0.0
safety_focused	MALAT1_A549_NGG_0020	8	0.0
safety_focused	MALAT1_A549_NGG_0020	9	0.0
safety_focused	MALAT1_A549_NGG_0020	10	0.0
safety_focused	MALAT1_A549_NGG_0020	11	0.0
safety_focused	MALAT1_A549_NGG_0020	12	0.0
safety_focused	MALAT1_A549_NGG_0020	13	0.0
safety_focused	MALAT1_A549_NGG_0020	14	0.0
safety_focused	MALAT1_A549_NGG_0020	15	0.0
safety_focused	MALAT1_A549_NGG_0020	16	0.0
safety_focused	MALAT1_A549_NGG_0020	17	0.0
safety_focused	MALAT1_A549_NGG_0020	18	0.0
safety_focused	MALAT1_A549_NGG_0020	19	0.0
safety_focused	MALAT1_A549_NGG_0020	20	0.0
safety_focused	MALAT1_A549_NGG_0020	21	0.0
safety_focused	MALAT1_A549_NGG_0020	22	0.0
safety_focused	MALAT1_A549_NGG_0020	23	0.0
safety_focused	MALAT1_A549_NGG_0020	24	0.0
safety_focused	MALAT1_A549_NGG_0020	25	0.0
safety_focused	MALAT1_A549_NGG_0020	26	0.0
safety_focused	MALAT1_A549_NGG_0020	27	0.0
safety_focused	MALAT1_A549_NGG_0020	28	0.0
safety_focused	MALAT1_A549_NGG_0020	29	0.0
safety_focused	MALAT1_A549_NGG_0020	30	0.0
safety_focused	MALAT1_A549_NGG_0020	31	0.0
safety_focused	MALAT1_A549_NGG_0020	32	0.0
safety_focused	MALAT1_A549_NGG_0020	33	0.0
safety_focused	MALAT1_A549_NGG_0020	34	0.0
safety_focused	MALAT1_A549_NGG_0020	35	0.0
safety_focused	MALAT1_A549_NGG_0020	36	0.0
safety_focused	MALAT1_A549_NGG_0020	37	0.0
safety_focused	MALAT1_A549_NGG_0020	38	0.0
safety_focused	MALAT1_A549_NGG_0020	39	0.0
safety_focused	MALAT1_A549_NGG_0020	40	0.0
safety_focused	MALAT1_A549_NGG_0020	41	0.0
safety_focused	MALAT1_A549_NGG_0020	42	0.0
safety_focused	MALAT1_A549_NGG_0020	43	0.0
safety_focused	MALAT1_A549_NGG_0020	44	0.0
safety_focused	MALAT1_A549_NGG_0020	45	0.0
safety_focused	MALAT1_A549_NGG_0020	46	0.0
safety_focused	MALAT1_A549_NGG_0020	47	0.0
safety_focused	MALAT1_A549_NGG_0020	48	0.0
safety_focused	MALAT1_A549_NGG_0020	49	0.0
safety_focused	MALAT1_A549_NGG_0020	50	0.0
safety_focused	MALAT1_A549_NGG_0020	51	0.0
safety_focused	MALAT1_A549_NGG_0020	52	3.333e-05
safety_focused	MALAT1_A549_NGG_0020	53	0.0
safety_focused	MALAT1_A549_NGG_0020	54	0.0
safety_focused	MALAT1_A549_NGG_0020	55	3.333e-05
safety_focused	MALAT1_A549_NGG_0020	56	6.667e-05
safety_focused	MALAT1_A549_NGG_0020	57	0.00016667
safety_focused	MALAT1_A549_NGG_0020	58	6.667e-05
safety_focused	MALAT1_A549_NGG_0020	59	0.0001
safety_focused	MALAT1_A549_NGG_0020	60	0.00036667
safety_focused	MALAT1_A549_NGG_0020	61	0.0002
safety_focused	MALAT1_A549_NGG_0020	62	0.00046667
safety_focused	MALAT1_A549_NGG_0020	63	0.0004
safety_focused	MALAT1_A549_NGG_0020	64	0.00086667
safety_focused	MALAT1_A549_NGG_0020	65	0.0019
safety_focused	MALAT1_A549_NGG_0020	66	0.0024
safety_focused	MALAT1_A549_NGG_0020	67	0.00496667
safety_focused	MALAT1_A549_NGG_0020	68	0.00563333
safety_focused	MALAT1_A549_NGG_0020	69	0.0074
safety_focused	MALAT1_A549_NGG_0020	70	0.00806667
safety_focused	MALAT1_A549_NGG_0020	71	0.011
safety_focused	MALAT1_A549_NGG_0020	72	0.0129
safety_focused	MALAT1_A549_NGG_0020	73	0.01633333
safety_focused	MALAT1_A549_NGG_0020	74	0.0223
safety_focused	MALAT1_A549_NGG_0020	75	0.02723333
safety_focused	MALAT1_A549_NGG_0020	76	0.03253333
safety_focused	MALAT1_A549_NGG_0020	77	0.03923333
safety_focused	MALAT1_A549_NGG_0020	78	0.05343333
safety_focused	MALAT1_A549_NGG_0020	79	0.08956667
safety_focused	MALAT1_A549_NGG_0020	80	0.13016667
safety_focused	MALAT1_A549_NGG_0020	81	0.12386667
safety_focused	MALAT1_A549_NGG_0020	82	0.1081
safety_focused	MALAT1_A549_NGG_0020	83	0.0919
safety_focused	MALAT1_A549_NGG_0020	84	0.07293333
safety_focused	MALAT1_A549_NGG_0020	85	0.06513333
safety_focused	MALAT1_A549_NGG_0020	86	0.07023333
safety_focused	MALAT1_A549_NGG_0021	1	0.0
safety_focused	MALAT1_A549_NGG_0021	2	0.0
safety_focused	MALAT1_A549_NGG_0021	3	0.0
safety_focused	MALAT1_A549_NGG_0021	4	0.0
safety_focused	MALAT1_A549_NGG_0021	5	0.0
safety_focused	MALAT1_A549_NGG_0021	6	0.0
safety_focused	MALAT1_A549_NGG_0021	7	0.0
safety_focused	MALAT1_A549_NGG_0021	8	0.0
safety_focused	MALAT1_A549_NGG_0021	9	0.0
safety_focused	MALAT1_A549_NGG_0021	10	0.0
safety_focused	MALAT1_A549_NGG_0021	11	0.0
safety_focused	MALAT1_A549_NGG_0021	12	0.0
safety_focused	MALAT1_A549_NGG_0021	13	0.0
safety_focused	MALAT1_A549_NGG_0021	14	0.0
safety_focused	MALAT1_A549_NGG_0021	15	0.0
safety_focused	MALAT1_A549_NGG_0021	16	0.0
safety_focused	MALAT1_A549_NGG_0021	17	0.0
safety_focused	MALAT1_A549_NGG_0021	18	3.333e-05
safety_focused	MALAT1_A549_NGG_0021	19	3.333e-05
safety_focused	MALAT1_A549_NGG_0021	20	0.0
safety_focused	MALAT1_A549_NGG_0021	21	0.00013333
safety_focused	MALAT1_A549_NGG_0021	22	0.0001
safety_focused	MALAT1_A549_NGG_0021	23	3.333e-05
safety_focused	MALAT1_A549_NGG_0021	24	0.00023333
safety_focused	MALAT1_A549_NGG_0021	25	0.00016667
safety_focused	MALAT1_A549_NGG_0021	26	0.0003
safety_focused	MALAT1_A549_NGG_0021	27	0.00026667
safety_focused	MALAT1_A549_NGG_0021	28	0.00026667
safety_focused	MALAT1_A549_NGG_0021	29	0.00076667
safety_focused	MALAT1_A549_NGG_0021	30	0.00096667
safety_focused	MALAT1_A549_NGG_0021	31	0.00116667
safety_focused	MALAT1_A549_NGG_0021	32	0.00113333
safety_focused	MALAT1_A549_NGG_0021	33	0.0016
safety_focused	MALAT1_A549_NGG_0021	34	0.00213333
safety_focused	MALAT1_A549_NGG_0021	35	0.00326667
safety_focused	MALAT1_A549_NGG_0021	36	0.0031
safety_focused	MALAT1_A549_NGG_0021	37	0.00463333
safety_focused	MALAT1_A549_NGG_0021	38	0.0057
safety_focused	MALAT1_A549_NGG_0021	39	0.0058
safety_focused	MALAT1_A549_NGG_0021	40	0.0083
safety_focused	MALAT1_A549_NGG_0021	41	0.01086667
safety_focused	MALAT1_A549_NGG_0021	42	0.01543333
safety_focused	MALAT1_A549_NGG_0021	43	0.0219
safety_focused	MALAT1_A549_NGG_0021	44	0.0303
safety_focused	MALAT1_A549_NGG_0021	45	0.0401
safety_focused	MALAT1_A549_NGG_0021	46	0.0511
safety_focused	MALAT1_A549_NGG_0021	47	0.0633
safety_focused	MALAT1_A549_NGG_0021	48	0.0724
safety_focused	MALAT1_A549_NGG_0021	49	0.0787
safety_focused	MALAT1_A549_NGG_0021	50	0.08633333
safety_focused	MALAT1_A549_NGG_0021	51	0.08013333
safety_focused	MALAT1_A549_NGG_0021	52	0.07473333
safety_focused	MALAT1_A549_NGG_0021	53	0.0612
safety_focused	MALAT1_A549_NGG_0021	54	0.04916667
safety_focused	MALAT1_A549_NGG_0021	55	0.04103333
safety_focused	MALAT1_A549_NGG_0021	56	0.03523333
safety_focused	MALAT1_A549_NGG_0021	57	0.02803333
safety_focused	MALAT1_A549_NGG_0021	58	0.0228
safety_focused	MALAT1_A549_NGG_0021	59	0.02076667
safety_focused	MALAT1_A549_NGG_0021	60	0.01556667
safety_focused	MALAT1_A549_NGG_0021	61	0.01363333
safety_focused	MALAT1_A549_NGG_0021	62	0.01076667
safety_focused	MALAT1_A549_NGG_0021	63	0.00846667
safety_focused	MALAT1_A549_NGG_0021	64	0.00736667
safety_focused	MALAT1_A549_NGG_0021	65	0.0057
safety_focused	MALAT1_A549_NGG_0021	66	0.00506667
safety_focused	MALAT1_A549_NGG_0021	67	0.00323333
safety_focused	MALAT1_A549_NGG_0021	68	0.00266667
safety_focused	MALAT1_A549_NGG_0021	69	0.00153333
safety_focused	MALAT1_A549_NGG_0021	70	0.00076667
safety_focused	MALAT1_A549_NGG_0021	71	0.00066667
safety_focused	MALAT1_A549_NGG_0021	72	0.0004
safety_focused	MALAT1_A549_NGG_0021	73	0.00013333
safety_focused	MALAT1_A549_NGG_0021	74	0.0002
safety_focused	MALAT1_A549_NGG_0021	75	0.00013333
safety_focused	MALAT1_A549_NGG_0021	76	3.333e-05
safety_focused	MALAT1_A549_NGG_0021	77	0.0
safety_focused	MALAT1_A549_NGG_0021	78	0.0
safety_focused	MALAT1_A549_NGG_0021	79	0.0
safety_focused	MALAT1_A549_NGG_0021	80	0.0
safety_focused	MALAT1_A549_NGG_0021	81	0.0
safety_focused	MALAT1_A549_NGG_0021	82	0.0
safety_focused	MALAT1_A549_NGG_0021	83	0.0
safety_focused	MALAT1_A549_NGG_0021	84	0.0
safety_focused	MALAT1_A549_NGG_0021	85	0.0
safety_focused	MALAT1_A549_NGG_0021	86	0.0
safety_focused	MALAT1_A549_NGG_0022	1	0.0
safety_focused	MALAT1_A549_NGG_0022	2	0.0
safety_focused	MALAT1_A549_NGG_0022	3	0.0
safety_focused	MALAT1_A549_NGG_0022	4	0.0
safety_focused	MALAT1_A549_NGG_0022	5	0.0
safety_focused	MALAT1_A549_NGG_0022	6	0.0
safety_focused	MALAT1_A549_NGG_0022	7	0.0
safety_focused	MALAT1_A549_NGG_0022	8	0.0
safety_focused	MALAT1_A549_NGG_0022	9	0.0
safety_focused	MALAT1_A549_NGG_0022	10	0.0
safety_focused	MALAT1_A549_NGG_0022	11	0.0
safety_focused	MALAT1_A549_NGG_0022	12	0.0
safety_focused	MALAT1_A549_NGG_0022	13	0.0
safety_focused	MALAT1_A549_NGG_0022	14	0.0
safety_focused	MALAT1_A549_NGG_0022	15	0.0
safety_focused	MALAT1_A549_NGG_0022	16	0.0
safety_focused	MALAT1_A549_NGG_0022	17	0.0
safety_focused	MALAT1_A549_NGG_0022	18	3.333e-05
safety_focused	MALAT1_A549_NGG_0022	19	3.333e-05
safety_focused	MALAT1_A549_NGG_0022	20	0.0001
safety_focused	MALAT1_A549_NGG_0022	21	0.0
safety_focused	MALAT1_A549_NGG_0022	22	0.00013333
safety_focused	MALAT1_A549_NGG_0022	23	0.0002
safety_focused	MALAT1_A549_NGG_0022	24	0.00016667
safety_focused	MALAT1_A549_NGG_0022	25	0.00026667
safety_focused	MALAT1_A549_NGG_0022	26	0.00036667
safety_focused	MALAT1_A549_NGG_0022	27	0.0006
safety_focused	MALAT1_A549_NGG_0022	28	0.0008
safety_focused	MALAT1_A549_NGG_0022	29	0.00133333
safety_focused	MALAT1_A549_NGG_0022	30	0.00143333
safety_focused	MALAT1_A549_NGG_0022	31	0.00206667
safety_focused	MALAT1_A549_NGG_0022	32	0.002
safety_focused	MALAT1_A549_NGG_0022	33	0.00303333
safety_focused	MALAT1_A549_NGG_0022	34	0.0036
safety_focused	MALAT1_A549_NGG_0022	35	0.00423333
safety_focused	MALAT1_A549_NGG_0022	36	0.0053
safety_focused	MALAT1_A549_NGG_0022	37	0.006
safety_focused	MALAT1_A549_NGG_0022	38	0.00656667
safety_focused	MALAT1_A549_NGG_0022	39	0.00993333
safety_focused	MALAT1_A549_NGG_0022	40	0.01213333
safety_focused	MALAT1_A549_NGG_0022	41	0.01796667
safety_focused	MALAT1_A549_NGG_0022	42	0.02353333
safety_focused	MALAT1_A549_NGG_0022	43	0.03386667
safety_focused	MALAT1_A549_NGG_0022	44	0.04483333
safety_focused	MALAT1_A549_NGG_0022	45	0.05536667
safety_focused	MALAT1_A549_NGG_0022	46	0.06586667
safety_focused	MALAT1_A549_NGG_0022	47	0.0725
safety_focused	MALAT1_A549_NGG_0022	48	0.0833
safety_focused	MALAT1_A549_NGG_0022	49	0.08193333
safety_focused	MALAT1_A549_NGG_0022	50	0.0767
safety_focused	MALAT1_A549_NGG_0022	51	0.06926667
safety_focused	MALAT1_A549_NGG_0022	52	0.06186667
safety_focused	MALAT1_A549_NGG_0022	53	0.05156667
safety_focused	MALAT1_A549_NGG_0022	54	0.0412
safety_focused	MALAT1_A549_NGG_0022	55	0.03076667
safety_focused	MALAT1_A549_NGG_0022	56	0.0262
safety_focused	MALAT1_A549_NGG_0022	57	0.0208
safety_focused	MALAT1_A549_NGG_0022	58	0.01653333
safety_focused	MALAT1_A549_NGG_0022	59	0.01433333
safety_focused	MALAT1_A549_NGG_0022	60	0.01153333
safety_focused	MALAT1_A549_NGG_0022	61	0.0095
safety_focused	MALAT1_A549_NGG_0022	62	0.0077
safety_focused	MALAT1_A549_NGG_0022	63	0.0054
safety_focused	MALAT1_A549_NGG_0022	64	0.0049
safety_focused	MALAT1_A549_NGG_0022	65	0.00396667
safety_focused	MALAT1_A549_NGG_0022	66	0.00303333
safety_focused	MALAT1_A549_NGG_0022	67	0.002
safety_focused	MALAT1_A549_NGG_0022	68	0.0015
safety_focused	MALAT1_A549_NGG_0022	69	0.0007
safety_focused	MALAT1_A549_NGG_0022	70	0.0003
safety_focused	MALAT1_A549_NGG_0022	71	0.0004
safety_focused	MALAT1_A549_NGG_0022	72	0.00013333
safety_focused	MALAT1_A549_NGG_0022	73	0.0001
safety_focused	MALAT1_A549_NGG_0022	74	6.667e-05
safety_focused	MALAT1_A549_NGG_0022	75	0.0
safety_focused	MALAT1_A549_NGG_0022	76	0.0
safety_focused	MALAT1_A549_NGG_0022	77	3.333e-05
safety_focused	MALAT1_A549_NGG_0022	78	0.0
safety_focused	MALAT1_A549_NGG_0022	79	0.0
safety_focused	MALAT1_A549_NGG_0022	80	0.0
safety_focused	MALAT1_A549_NGG_0022	81	0.0
safety_focused	MALAT1_A549_NGG_0022	82	0.0
safety_focused	MALAT1_A549_NGG_0022	83	0.0
safety_focused	MALAT1_A549_NGG_0022	84	0.0
safety_focused	MALAT1_A549_NGG_0022	85	0.0
safety_focused	MALAT1_A549_NGG_0022	86	0.0
safety_focused	MALAT1_A549_NGG_0023	1	0.0
safety_focused	MALAT1_A549_NGG_0023	2	0.0
safety_focused	MALAT1_A549_NGG_0023	3	0.0
safety_focused	MALAT1_A549_NGG_0023	4	0.0
safety_focused	MALAT1_A549_NGG_0023	5	0.0
safety_focused	MALAT1_A549_NGG_0023	6	0.0
safety_focused	MALAT1_A549_NGG_0023	7	0.0
safety_focused	MALAT1_A549_NGG_0023	8	0.0
safety_focused	MALAT1_A549_NGG_0023	9	0.0
safety_focused	MALAT1_A549_NGG_0023	10	0.0
safety_focused	MALAT1_A549_NGG_0023	11	0.0
safety_focused	MALAT1_A549_NGG_0023	12	0.0
safety_focused	MALAT1_A549_NGG_0023	13	0.0
safety_focused	MALAT1_A549_NGG_0023	14	0.0
safety_focused	MALAT1_A549_NGG_0023	15	0.0
safety_focused	MALAT1_A549_NGG_0023	16	0.0
safety_focused	MALAT1_A549_NGG_0023	17	0.0
safety_focused	MALAT1_A549_NGG_0023	18	0.0
safety_focused	MALAT1_A549_NGG_0023	19	6.667e-05
safety_focused	MALAT1_A549_NGG_0023	20	0.0001
safety_focused	MALAT1_A549_NGG_0023	21	0.00013333
safety_focused	MALAT1_A549_NGG_0023	22	6.667e-05
safety_focused	MALAT1_A549_NGG_0023	23	0.0005
safety_focused	MALAT1_A549_NGG_0023	24	0.00036667
safety_focused	MALAT1_A549_NGG_0023	25	0.00053333
safety_focused	MALAT1_A549_NGG_0023	26	0.00043333
safety_focused	MALAT1_A549_NGG_0023	27	0.0012
safety_focused	MALAT1_A549_NGG_0023	28	0.00143333
safety_focused	MALAT1_A549_NGG_0023	29	0.0016
safety_focused	MALAT1_A549_NGG_0023	30	0.00186667
safety_focused	MALAT1_A549_NGG_0023	31	0.00243333
safety_focused	MALAT1_A549_NGG_0023	32	0.00256667
safety_focused	MALAT1_A549_NGG_0023	33	0.00393333
safety_focused	MALAT1_A549_NGG_0023	34	0.00393333
safety_focused	MALAT1_A549_NGG_0023	35	0.005
safety_focused	MALAT1_A549_NGG_0023	36	0.00556667
safety_focused	MALAT1_A549_NGG_0023	37	0.0091
safety_focused	MALAT1_A549_NGG_0023	38	0.01033333
safety_focused	MALAT1_A549_NGG_0023	39	0.0121
safety_focused	MALAT1_A549_NGG_0023	40	0.01403333
safety_focused	MALAT1_A549_NGG_0023	41	0.01986667
safety_focused	MALAT1_A549_NGG_0023	42	0.0282
safety_focused	MALAT1_A549_NGG_0023	43	0.04213333
safety_focused	MALAT1_A549_NGG_0023	44	0.05023333
safety_focused	MALAT1_A549_NGG_0023	45	0.06643333
safety_focused	MALAT1_A549_NGG_0023	46	0.07356667
safety_focused	MALAT1_A549_NGG_0023	47	0.0804
safety_focused	MALAT1_A549_NGG_0023	48	0.079
safety_focused	MALAT1_A549_NGG_0023	49	0.08263333
safety_focused	MALAT1_A549_NGG_0023	50	0.07523333
safety_focused	MALAT1_A549_NGG_0023	51	0.06406667
safety_focused	MALAT1_A549_NGG_0023	52	0.05243333
safety_focused	MALAT1_A549_NGG_0023	53	0.0437
safety_focused	MALAT1_A549_NGG_0023	54	0.03443333
safety_focused	MALAT1_A549_NGG_0023	55	0.02663333
safety_focused	MALAT1_A549_NGG_0023	56	0.02203333
safety_focused	MALAT1_A549_NGG_0023	57	0.0175
safety_focused	MALAT1_A549_NGG_0023	58	0.0138
safety_focused	MALAT1_A549_NGG_0023	59	0.01233333
safety_focused	MALAT1_A549_NGG_0023	60	0.0093
safety_focused	MALAT1_A549_NGG_0023	61	0.00666667
safety_focused	MALAT1_A549_NGG_0023	62	0.00536667
safety_focused	MALAT1_A549_NGG_0023	63	0.00523333
safety_focused	MALAT1_A549_NGG_0023	64	0.0037
safety_focused	MALAT1_A549_NGG_0023	65	0.00216667
safety_focused	MALAT1_A549_NGG_0023	66	0.0018
safety_focused	MALAT1_A549_NGG_0023	67	0.00143333
safety_focused	MALAT1_A549_NGG_0023	68	0.00096667
safety_focused	MALAT1_A549_NGG_0023	69	0.00073333
safety_focused	MALAT1_A549_NGG_0023	70	0.00036667
safety_focused	MALAT1_A549_NGG_0023	71	0.00016667
safety_focused	MALAT1_A549_NGG_0023	72	0.0001
safety_focused	MALAT1_A549_NGG_0023	73	6.667e-05
safety_focused	MALAT1_A549_NGG_0023	74	0.0
safety_focused	MALAT1_A549_NGG_0023	75	0.0
safety_focused	MALAT1_A549_NGG_0023	76	0.0
safety_focused	MALAT1_A549_NGG_0023	77	0.0
safety_focused	MALAT1_A549_NGG_0023	78	0.0
safety_focused	MALAT1_A549_NGG_0023	79	0.0
safety_focused	MALAT1_A549_NGG_0023	80	0.0
safety_focused	MALAT1_A549_NGG_0023	81	0.0
safety_focused	MALAT1_A549_NGG_0023	82	0.0
safety_focused	MALAT1_A549_NGG_0023	83	0.0
safety_focused	MALAT1_A549_NGG_0023	84	0.0
safety_focused	MALAT1_A549_NGG_0023	85	0.0
safety_focused	MALAT1_A549_NGG_0023	86	0.0
safety_focused	MALAT1_A549_NGG_0024	1	0.0
safety_focused	MALAT1_A549_NGG_0024	2	0.0
safety_focused	MALAT1_A549_NGG_0024	3	0.0
safety_focused	MALAT1_A549_NGG_0024	4	0.0
safety_focused	MALAT1_A549_NGG_0024	5	0.0
safety_focused	MALAT1_A549_NGG_0024	6	0.0
safety_focused	MALAT1_A549_NGG_0024	7	0.0
safety_focused	MALAT1_A549_NGG_0024	8	0.0
safety_focused	MALAT1_A549_NGG_0024	9	0.0
safety_focused	MALAT1_A549_NGG_0024	10	0.0
safety_focused	MALAT1_A549_NGG_0024	11	0.0
safety_focused	MALAT1_A549_NGG_0024	12	0.0
safety_focused	MALAT1_A549_NGG_0024	13	0.0
safety_focused	MALAT1_A549_NGG_0024	14	0.0
safety_focused	MALAT1_A549_NGG_0024	15	3.333e-05
safety_focused	MALAT1_A549_NGG_0024	16	0.0
safety_focused	MALAT1_A549_NGG_0024	17	0.00016667
safety_focused	MALAT1_A549_NGG_0024	18	0.0002
safety_focused	MALAT1_A549_NGG_0024	19	0.00043333
safety_focused	MALAT1_A549_NGG_0024	20	0.00046667
safety_focused	MALAT1_A549_NGG_0024	21	0.00046667
safety_focused	MALAT1_A549_NGG_0024	22	0.00073333
safety_focused	MALAT1_A549_NGG_0024	23	0.0011
safety_focused	MALAT1_A549_NGG_0024	24	0.00133333
safety_focused	MALAT1_A549_NGG_0024	25	0.0016
safety_focused	MALAT1_A549_NGG_0024	26	0.00243333
safety_focused	MALAT1_A549_NGG_0024	27	0.00323333
safety_focused	MALAT1_A549_NGG_0024	28	0.00306667
safety_focused	MALAT1_A549_NGG_0024	29	0.00426667
safety_focused	MALAT1_A549_NGG_0024	30	0.00536667
safety_focused	MALAT1_A549_NGG_0024	31	0.00656667
safety_focused	MALAT1_A549_NGG_0024	32	0.00803333
safety_focused	MALAT1_A549_NGG_0024	33	0.0092
safety_focused	MALAT1_A549_NGG_0024	34	0.01096667
safety_focused	MALAT1_A549_NGG_0024	35	0.01206667
safety_focused	MALAT1_A549_NGG_0024	36	0.01466667
safety_focused	MALAT1_A549_NGG_0024	37	0.01806667
safety_focused	MALAT1_A549_NGG_0024	38	0.02146667
safety_focused	MALAT1_A549_NGG_0024	39	0.02476667
safety_focused	MALAT1_A549_NGG_0024	40	0.02993333
safety_focused	MALAT1_A549_NGG_0024	41	0.03963333
safety_focused	MALAT1_A549_NGG_0024	42	0.05493333
safety_focused	MALAT1_A549_NGG_0024	43	0.07196667
safety_focused	MALAT1_A549_NGG_0024	44	0.0843
safety_focused	MALAT1_A549_NGG_0024	45	0.0819
safety_focused	MALAT1_A549_NGG_0024	46	0.08413333
safety_focused	MALAT1_A549_NGG_0024	47	0.07483333
safety_focused	MALAT1_A549_NGG_0024	48	0.0683
safety_focused	MALAT1_A549_NGG_0024	49	0.057
safety_focused	MALAT1_A549_NGG_0024	50	0.04576667
safety_focused	MALAT1_A549_NGG_0024	51	0.0374
safety_focused	MALAT1_A549_NGG_0024	52	0.02773333
safety_focused	MALAT1_A549_NGG_0024	53	0.02023333
safety_focused	MALAT1_A549_NGG_0024	54	0.017
safety_focused	MALAT1_A549_NGG_0024	55	0.01343333
safety_focused	MALAT1_A549_NGG_0024	56	0.00896667
safety_focused	MALAT1_A549_NGG_0024	57	0.00813333
safety_focused	MALAT1_A549_NGG_0024	58	0.00696667
safety_focused	MALAT1_A549_NGG_0024	59	0.00433333
safety_focused	MALAT1_A549_NGG_0024	60	0.00326667
safety_focused	MALAT1_A549_NGG_0024	61	0.0023
safety_focused	MALAT1_A549_NGG_0024	62	0.00206667
safety_focused	MALAT1_A549_NGG_0024	63	0.0016
safety_focused	MALAT1_A549_NGG_0024	64	0.0011
safety_focused	MALAT1_A549_NGG_0024	65	0.0007
safety_focused	MALAT1_A549_NGG_0024	66	0.0007
safety_focused	MALAT1_A549_NGG_0024	67	0.00033333
safety_focused	MALAT1_A549_NGG_0024	68	0.0001
safety_focused	MALAT1_A549_NGG_0024	69	0.00013333
safety_focused	MALAT1_A549_NGG_0024	70	6.667e-05
safety_focused	MALAT1_A549_NGG_0024	71	0.0
safety_focused	MALAT1_A549_NGG_0024	72	3.333e-05
safety_focused	MALAT1_A549_NGG_0024	73	0.0
safety_focused	MALAT1_A549_NGG_0024	74	0.0
safety_focused	MALAT1_A549_NGG_0024	75	0.0
safety_focused	MALAT1_A549_NGG_0024	76	0.0
safety_focused	MALAT1_A549_NGG_0024	77	0.0
safety_focused	MALAT1_A549_NGG_0024	78	0.0
safety_focused	MALAT1_A549_NGG_0024	79	0.0
safety_focused	MALAT1_A549_NGG_0024	80	0.0
safety_focused	MALAT1_A549_NGG_0024	81	0.0
safety_focused	MALAT1_A549_NGG_0024	82	0.0
safety_focused	MALAT1_A549_NGG_0024	83	0.0
safety_focused	MALAT1_A549_NGG_0024	84	0.0
safety_focused	MALAT1_A549_NGG_0024	85	0.0
safety_focused	MALAT1_A549_NGG_0024	86	0.0
safety_focused	MALAT1_A549_NGG_0025	1	0.0
safety_focused	MALAT1_A549_NGG_0025	2	0.0
safety_focused	MALAT1_A549_NGG_0025	3	0.0
safety_focused	MALAT1_A549_NGG_0025	4	0.0
safety_focused	MALAT1_A549_NGG_0025	5	0.0
safety_focused	MALAT1_A549_NGG_0025	6	0.0
safety_focused	MALAT1_A549_NGG_0025	7	0.0
safety_focused	MALAT1_A549_NGG_0025	8	0.0
safety_focused	MALAT1_A549_NGG_0025	9	0.0
safety_focused	MALAT1_A549_NGG_0025	10	0.0
safety_focused	MALAT1_A549_NGG_0025	11	0.0
safety_focused	MALAT1_A549_NGG_0025	12	0.0
safety_focused	MALAT1_A549_NGG_0025	13	0.0
safety_focused	MALAT1_A549_NGG_0025	14	0.0
safety_focused	MALAT1_A549_NGG_0025	15	0.0
safety_focused	MALAT1_A549_NGG_0025	16	0.0
safety_focused	MALAT1_A549_NGG_0025	17	0.0
safety_focused	MALAT1_A549_NGG_0025	18	0.0
safety_focused	MALAT1_A549_NGG_0025	19	0.0
safety_focused	MALAT1_A549_NGG_0025	20	0.0
safety_focused	MALAT1_A549_NGG_0025	21	0.0
safety_focused	MALAT1_A549_NGG_0025	22	0.0
safety_focused	MALAT1_A549_NGG_0025	23	0.0
safety_focused	MALAT1_A549_NGG_0025	24	0.0
safety_focused	MALAT1_A549_NGG_0025	25	0.0
safety_focused	MALAT1_A549_NGG_0025	26	0.0
safety_focused	MALAT1_A549_NGG_0025	27	0.0
safety_focused	MALAT1_A549_NGG_0025	28	0.0
safety_focused	MALAT1_A549_NGG_0025	29	0.0
safety_focused	MALAT1_A549_NGG_0025	30	0.0
safety_focused	MALAT1_A549_NGG_0025	31	0.0
safety_focused	MALAT1_A549_NGG_0025	32	0.0
safety_focused	MALAT1_A549_NGG_0025	33	0.0
safety_focused	MALAT1_A549_NGG_0025	34	0.0
safety_focused	MALAT1_A549_NGG_0025	35	0.0
safety_focused	MALAT1_A549_NGG_0025	36	0.0
safety_focused	MALAT1_A549_NGG_0025	37	0.0
safety_focused	MALAT1_A549_NGG_0025	38	0.0
safety_focused	MALAT1_A549_NGG_0025	39	0.0
safety_focused	MALAT1_A549_NGG_0025	40	0.0
safety_focused	MALAT1_A549_NGG_0025	41	0.0
safety_focused	MALAT1_A549_NGG_0025	42	0.0
safety_focused	MALAT1_A549_NGG_0025	43	0.0
safety_focused	MALAT1_A549_NGG_0025	44	0.0
safety_focused	MALAT1_A549_NGG_0025	45	0.0
safety_focused	MALAT1_A549_NGG_0025	46	0.0
safety_focused	MALAT1_A549_NGG_0025	47	0.0
safety_focused	MALAT1_A549_NGG_0025	48	0.0
safety_focused	MALAT1_A549_NGG_0025	49	0.0
safety_focused	MALAT1_A549_NGG_0025	50	0.0
safety_focused	MALAT1_A549_NGG_0025	51	0.0
safety_focused	MALAT1_A549_NGG_0025	52	0.0
safety_focused	MALAT1_A549_NGG_0025	53	0.0
safety_focused	MALAT1_A549_NGG_0025	54	0.0
safety_focused	MALAT1_A549_NGG_0025	55	0.0
safety_focused	MALAT1_A549_NGG_0025	56	0.0
safety_focused	MALAT1_A549_NGG_0025	57	0.0
safety_focused	MALAT1_A549_NGG_0025	58	0.0
safety_focused	MALAT1_A549_NGG_0025	59	0.0
safety_focused	MALAT1_A549_NGG_0025	60	0.0
safety_focused	MALAT1_A549_NGG_0025	61	0.0
safety_focused	MALAT1_A549_NGG_0025	62	0.0
safety_focused	MALAT1_A549_NGG_0025	63	3.333e-05
safety_focused	MALAT1_A549_NGG_0025	64	3.333e-05
safety_focused	MALAT1_A549_NGG_0025	65	0.0
safety_focused	MALAT1_A549_NGG_0025	66	6.667e-05
safety_focused	MALAT1_A549_NGG_0025	67	0.00016667
safety_focused	MALAT1_A549_NGG_0025	68	0.00036667
safety_focused	MALAT1_A549_NGG_0025	69	0.00026667
safety_focused	MALAT1_A549_NGG_0025	70	0.00076667
safety_focused	MALAT1_A549_NGG_0025	71	0.0013
safety_focused	MALAT1_A549_NGG_0025	72	0.0016
safety_focused	MALAT1_A549_NGG_0025	73	0.00333333
safety_focused	MALAT1_A549_NGG_0025	74	0.00363333
safety_focused	MALAT1_A549_NGG_0025	75	0.0053
safety_focused	MALAT1_A549_NGG_0025	76	0.00673333
safety_focused	MALAT1_A549_NGG_0025	77	0.01073333
safety_focused	MALAT1_A549_NGG_0025	78	0.01406667
safety_focused	MALAT1_A549_NGG_0025	79	0.0243
safety_focused	MALAT1_A549_NGG_0025	80	0.0411
safety_focused	MALAT1_A549_NGG_0025	81	0.06313333
safety_focused	MALAT1_A549_NGG_0025	82	0.08723333
safety_focused	MALAT1_A549_NGG_0025	83	0.11446667
safety_focused	MALAT1_A549_NGG_0025	84	0.14956667
safety_focused	MALAT1_A549_NGG_0025	85	0.18873333
safety_focused	MALAT1_A549_NGG_0025	86	0.28306667
safety_focused	MALAT1_A549_NGG_0026	1	0.0
safety_focused	MALAT1_A549_NGG_0026	2	0.0
safety_focused	MALAT1_A549_NGG_0026	3	0.0
safety_focused	MALAT1_A549_NGG_0026	4	0.0
safety_focused	MALAT1_A549_NGG_0026	5	0.0
safety_focused	MALAT1_A549_NGG_0026	6	0.0
safety_focused	MALAT1_A549_NGG_0026	7	0.0
safety_focused	MALAT1_A549_NGG_0026	8	0.0
safety_focused	MALAT1_A549_NGG_0026	9	0.0
safety_focused	MALAT1_A549_NGG_0026	10	0.0
safety_focused	MALAT1_A549_NGG_0026	11	0.0
safety_focused	MALAT1_A549_NGG_0026	12	0.0
safety_focused	MALAT1_A549_NGG_0026	13	0.0
safety_focused	MALAT1_A549_NGG_0026	14	0.0
safety_focused	MALAT1_A549_NGG_0026	15	0.0
safety_focused	MALAT1_A549_NGG_0026	16	0.0
safety_focused	MALAT1_A549_NGG_0026	17	0.0
safety_focused	MALAT1_A549_NGG_0026	18	0.0
safety_focused	MALAT1_A549_NGG_0026	19	0.0
safety_focused	MALAT1_A549_NGG_0026	20	0.0
safety_focused	MALAT1_A549_NGG_0026	21	0.0
safety_focused	MALAT1_A549_NGG_0026	22	0.0
safety_focused	MALAT1_A549_NGG_0026	23	0.0
safety_focused	MALAT1_A549_NGG_0026	24	0.0
safety_focused	MALAT1_A549_NGG_0026	25	0.0
safety_focused	MALAT1_A549_NGG_0026	26	0.0
safety_focused	MALAT1_A549_NGG_0026	27	0.0
safety_focused	MALAT1_A549_NGG_0026	28	0.0
safety_focused	MALAT1_A549_NGG_0026	29	0.0
safety_focused	MALAT1_A549_NGG_0026	30	0.0
safety_focused	MALAT1_A549_NGG_0026	31	0.0
safety_focused	MALAT1_A549_NGG_0026	32	0.0
safety_focused	MALAT1_A549_NGG_0026	33	0.0
safety_focused	MALAT1_A549_NGG_0026	34	0.0
safety_focused	MALAT1_A549_NGG_0026	35	0.0
safety_focused	MALAT1_A549_NGG_0026	36	0.0
safety_focused	MALAT1_A549_NGG_0026	37	0.0
safety_focused	MALAT1_A549_NGG_0026	38	0.0
safety_focused	MALAT1_A549_NGG_0026	39	0.0
safety_focused	MALAT1_A549_NGG_0026	40	0.0
safety_focused	MALAT1_A549_NGG_0026	41	0.0
safety_focused	MALAT1_A549_NGG_0026	42	0.0
safety_focused	MALAT1_A549_NGG_0026	43	0.0
safety_focused	MALAT1_A549_NGG_0026	44	0.0
safety_focused	MALAT1_A549_NGG_0026	45	0.0
safety_focused	MALAT1_A549_NGG_0026	46	0.0
safety_focused	MALAT1_A549_NGG_0026	47	0.0
safety_focused	MALAT1_A549_NGG_0026	48	0.0
safety_focused	MALAT1_A549_NGG_0026	49	0.0
safety_focused	MALAT1_A549_NGG_0026	50	0.0
safety_focused	MALAT1_A549_NGG_0026	51	0.0
safety_focused	MALAT1_A549_NGG_0026	52	0.0
safety_focused	MALAT1_A549_NGG_0026	53	0.0
safety_focused	MALAT1_A549_NGG_0026	54	3.333e-05
safety_focused	MALAT1_A549_NGG_0026	55	0.0
safety_focused	MALAT1_A549_NGG_0026	56	6.667e-05
safety_focused	MALAT1_A549_NGG_0026	57	3.333e-05
safety_focused	MALAT1_A549_NGG_0026	58	0.0
safety_focused	MALAT1_A549_NGG_0026	59	3.333e-05
safety_focused	MALAT1_A549_NGG_0026	60	3.333e-05
safety_focused	MALAT1_A549_NGG_0026	61	6.667e-05
safety_focused	MALAT1_A549_NGG_0026	62	0.00013333
safety_focused	MALAT1_A549_NGG_0026	63	3.333e-05
safety_focused	MALAT1_A549_NGG_0026	64	0.00026667
safety_focused	MALAT1_A549_NGG_0026	65	0.00036667
safety_focused	MALAT1_A549_NGG_0026	66	0.00083333
safety_focused	MALAT1_A549_NGG_0026	67	0.00163333
safety_focused	MALAT1_A549_NGG_0026	68	0.00236667
safety_focused	MALAT1_A549_NGG_0026	69	0.00346667
safety_focused	MALAT1_A549_NGG_0026	70	0.00513333
safety_focused	MALAT1_A549_NGG_0026	71	0.00623333
safety_focused	MALAT1_A549_NGG_0026	72	0.0065
safety_focused	MALAT1_A549_NGG_0026	73	0.00943333
safety_focused	MALAT1_A549_NGG_0026	74	0.01226667
safety_focused	MALAT1_A549_NGG_0026	75	0.0182
safety_focused	MALAT1_A549_NGG_0026	76	0.02426667
safety_focused	MALAT1_A549_NGG_0026	77	0.03106667
safety_focused	MALAT1_A549_NGG_0026	78	0.04246667
safety_focused	MALAT1_A549_NGG_0026	79	0.0747
safety_focused	MALAT1_A549_NGG_0026	80	0.116
safety_focused	MALAT1_A549_NGG_0026	81	0.1436
safety_focused	MALAT1_A549_NGG_0026	82	0.14096667
safety_focused	MALAT1_A549_NGG_0026	83	0.1287
safety_focused	MALAT1_A549_NGG_0026	84	0.10863333
safety_focused	MALAT1_A549_NGG_0026	85	0.07846667
safety_focused	MALAT1_A549_NGG_0026	86	0.044
safety_focused	MALAT1_A549_NGG_0027	1	0.0
safety_focused	MALAT1_A549_NGG_0027	2	0.0
safety_focused	MALAT1_A549_NGG_0027	3	0.0
safety_focused	MALAT1_A549_NGG_0027	4	0.0
safety_focused	MALAT1_A549_NGG_0027	5	0.0
safety_focused	MALAT1_A549_NGG_0027	6	0.0
safety_focused	MALAT1_A549_NGG_0027	7	0.0
safety_focused	MALAT1_A549_NGG_0027	8	0.0
safety_focused	MALAT1_A549_NGG_0027	9	0.0
safety_focused	MALAT1_A549_NGG_0027	10	0.0
safety_focused	MALAT1_A549_NGG_0027	11	0.0
safety_focused	MALAT1_A549_NGG_0027	12	0.0
safety_focused	MALAT1_A549_NGG_0027	13	0.0
safety_focused	MALAT1_A549_NGG_0027	14	0.0
safety_focused	MALAT1_A549_NGG_0027	15	0.0
safety_focused	MALAT1_A549_NGG_0027	16	0.0
safety_focused	MALAT1_A549_NGG_0027	17	0.0
safety_focused	MALAT1_A549_NGG_0027	18	0.0
safety_focused	MALAT1_A549_NGG_0027	19	3.333e-05
safety_focused	MALAT1_A549_NGG_0027	20	0.0
safety_focused	MALAT1_A549_NGG_0027	21	3.333e-05
safety_focused	MALAT1_A549_NGG_0027	22	3.333e-05
safety_focused	MALAT1_A549_NGG_0027	23	3.333e-05
safety_focused	MALAT1_A549_NGG_0027	24	3.333e-05
safety_focused	MALAT1_A549_NGG_0027	25	6.667e-05
safety_focused	MALAT1_A549_NGG_0027	26	0.00016667
safety_focused	MALAT1_A549_NGG_0027	27	0.0001
safety_focused	MALAT1_A549_NGG_0027	28	0.00023333
safety_focused	MALAT1_A549_NGG_0027	29	0.0001
safety_focused	MALAT1_A549_NGG_0027	30	0.00023333
safety_focused	MALAT1_A549_NGG_0027	31	0.0004
safety_focused	MALAT1_A549_NGG_0027	32	0.00043333
safety_focused	MALAT1_A549_NGG_0027	33	0.00053333
safety_focused	MALAT1_A549_NGG_0027	34	0.00066667
safety_focused	MALAT1_A549_NGG_0027	35	0.00056667
safety_focused	MALAT1_A549_NGG_0027	36	0.00066667
safety_focused	MALAT1_A549_NGG_0027	37	0.00093333
safety_focused	MALAT1_A549_NGG_0027	38	0.0012
safety_focused	MALAT1_A549_NGG_0027	39	0.00086667
safety_focused	MALAT1_A549_NGG_0027	40	0.00146667
safety_focused	MALAT1_A549_NGG_0027	41	0.0014
safety_focused	MALAT1_A549_NGG_0027	42	0.00193333
safety_focused	MALAT1_A549_NGG_0027	43	0.0019
safety_focused	MALAT1_A549_NGG_0027	44	0.0031
safety_focused	MALAT1_A549_NGG_0027	45	0.0036
safety_focused	MALAT1_A549_NGG_0027	46	0.00413333
safety_focused	MALAT1_A549_NGG_0027	47	0.0056
safety_focused	MALAT1_A549_NGG_0027	48	0.00703333
safety_focused	MALAT1_A549_NGG_0027	49	0.0071
safety_focused	MALAT1_A549_NGG_0027	50	0.00836667
safety_focused	MALAT1_A549_NGG_0027	51	0.01016667
safety_focused	MALAT1_A549_NGG_0027	52	0.01196667
safety_focused	MALAT1_A549_NGG_0027	53	0.0126
safety_focused	MALAT1_A549_NGG_0027	54	0.0154
safety_focused	MALAT1_A549_NGG_0027	55	0.0165
safety_focused	MALAT1_A549_NGG_0027	56	0.0174
safety_focused	MALAT1_A549_NGG_0027	57	0.02103333
safety_focused	MALAT1_A549_NGG_0027	58	0.02043333
safety_focused	MALAT1_A549_NGG_0027	59	0.01983333
safety_focused	MALAT1_A549_NGG_0027	60	0.0208
safety_focused	MALAT1_A549_NGG_0027	61	0.02583333
safety_focused	MALAT1_A549_NGG_0027	62	0.04316667
safety_focused	MALAT1_A549_NGG_0027	63	0.0672
safety_focused	MALAT1_A549_NGG_0027	64	0.0695
safety_focused	MALAT1_A549_NGG_0027	65	0.06126667
safety_focused	MALAT1_A549_NGG_0027	66	0.0506
safety_focused	MALAT1_A549_NGG_0027	67	0.04213333
safety_focused	MALAT1_A549_NGG_0027	68	0.0446
safety_focused	MALAT1_A549_NGG_0027	69	0.04893333
safety_focused	MALAT1_A549_NGG_0027	70	0.0494
safety_focused	MALAT1_A549_NGG_0027	71	0.0451
safety_focused	MALAT1_A549_NGG_0027	72	0.03836667
safety_focused	MALAT1_A549_NGG_0027	73	0.0399
safety_focused	MALAT1_A549_NGG_0027	74	0.03603333
safety_focused	MALAT1_A549_NGG_0027	75	0.03643333
safety_focused	MALAT1_A549_NGG_0027	76	0.03286667
safety_focused	MALAT1_A549_NGG_0027	77	0.02306667
safety_focused	MALAT1_A549_NGG_0027	78	0.02186667
safety_focused	MALAT1_A549_NGG_0027	79	0.00366667
safety_focused	MALAT1_A549_NGG_0027	80	0.00086667
safety_focused	MALAT1_A549_NGG_0027	81	6.667e-05
safety_focused	MALAT1_A549_NGG_0027	82	0.0
safety_focused	MALAT1_A549_NGG_0027	83	3.333e-05
safety_focused	MALAT1_A549_NGG_0027	84	0.0
safety_focused	MALAT1_A549_NGG_0027	85	0.0
safety_focused	MALAT1_A549_NGG_0027	86	0.0
safety_focused	MALAT1_A549_NGG_0028	1	0.0
safety_focused	MALAT1_A549_NGG_0028	2	0.0
safety_focused	MALAT1_A549_NGG_0028	3	0.0
safety_focused	MALAT1_A549_NGG_0028	4	0.0
safety_focused	MALAT1_A549_NGG_0028	5	3.333e-05
safety_focused	MALAT1_A549_NGG_0028	6	0.0
safety_focused	MALAT1_A549_NGG_0028	7	0.0
safety_focused	MALAT1_A549_NGG_0028	8	3.333e-05
safety_focused	MALAT1_A549_NGG_0028	9	0.0001
safety_focused	MALAT1_A549_NGG_0028	10	0.00016667
safety_focused	MALAT1_A549_NGG_0028	11	0.0002
safety_focused	MALAT1_A549_NGG_0028	12	0.00056667
safety_focused	MALAT1_A549_NGG_0028	13	0.00043333
safety_focused	MALAT1_A549_NGG_0028	14	0.001
safety_focused	MALAT1_A549_NGG_0028	15	0.00136667
safety_focused	MALAT1_A549_NGG_0028	16	0.0017
safety_focused	MALAT1_A549_NGG_0028	17	0.00196667
safety_focused	MALAT1_A549_NGG_0028	18	0.00303333
safety_focused	MALAT1_A549_NGG_0028	19	0.00343333
safety_focused	MALAT1_A549_NGG_0028	20	0.00426667
safety_focused	MALAT1_A549_NGG_0028	21	0.00473333
safety_focused	MALAT1_A549_NGG_0028	22	0.0049
safety_focused	MALAT1_A549_NGG_0028	23	0.0063
safety_focused	MALAT1_A549_NGG_0028	24	0.00623333
safety_focused	MALAT1_A549_NGG_0028	25	0.00663333
safety_focused	MALAT1_A549_NGG_0028	26	0.00776667
safety_focused	MALAT1_A549_NGG_0028	27	0.00796667
safety_focused	MALAT1_A549_NGG_0028	28	0.00786667
safety_focused	MALAT1_A549_NGG_0028	29	0.00866667
safety_focused	MALAT1_A549_NGG_0028	30	0.00926667
safety_focused	MALAT1_A549_NGG_0028	31	0.0102
safety_focused	MALAT1_A549_NGG_0028	32	0.0108
safety_focused	MALAT1_A549_NGG_0028	33	0.01173333
safety_focused	MALAT1_A549_NGG_0028	34	0.01203333
safety_focused	MALAT1_A549_NGG_0028	35	0.013
safety_focused	MALAT1_A549_NGG_0028	36	0.01366667
safety_focused	MALAT1_A549_NGG_0028	37	0.01453333
safety_focused	MALAT1_A549_NGG_0028	38	0.0164
safety_focused	MALAT1_A549_NGG_0028	39	0.0194
safety_focused	MALAT1_A549_NGG_0028	40	0.01953333
safety_focused	MALAT1_A549_NGG_0028	41	0.02313333
safety_focused	MALAT1_A549_NGG_0028	42	0.02433333
safety_focused	MALAT1_A549_NGG_0028	43	0.03176667
safety_focused	MALAT1_A549_NGG_0028	44	0.0342
safety_focused	MALAT1_A549_NGG_0028	45	0.0354
safety_focused	MALAT1_A549_NGG_0028	46	0.0349
safety_focused	MALAT1_A549_NGG_0028	47	0.03333333
safety_focused	MALAT1_A549_NGG_0028	48	0.0322
safety_focused	MALAT1_A549_NGG_0028	49	0.0316
safety_focused	MALAT1_A549_NGG_0028	50	0.03176667
safety_focused	MALAT1_A549_NGG_0028	51	0.03203333
safety_focused	MALAT1_A549_NGG_0028	52	0.03173333
safety_focused	MALAT1_A549_NGG_0028	53	0.03103333
safety_focused	MALAT1_A549_NGG_0028	54	0.02706667
safety_focused	MALAT1_A549_NGG_0028	55	0.0245
safety_focused	MALAT1_A549_NGG_0028	56	0.0222
safety_focused	MALAT1_A549_NGG_0028	57	0.0201
safety_focused	MALAT1_A549_NGG_0028	58	0.01896667
safety_focused	MALAT1_A549_NGG_0028	59	0.0224
safety_focused	MALAT1_A549_NGG_0028	60	0.03976667
safety_focused	MALAT1_A549_NGG_0028	61	0.07006667
safety_focused	MALAT1_A549_NGG_0028	62	0.03173333
safety_focused	MALAT1_A549_NGG_0028	63	0.01933333
safety_focused	MALAT1_A549_NGG_0028	64	0.01173333
safety_focused	MALAT1_A549_NGG_0028	65	0.0101
safety_focused	MALAT1_A549_NGG_0028	66	0.0096
safety_focused	MALAT1_A549_NGG_0028	67	0.00903333
safety_focused	MALAT1_A549_NGG_0028	68	0.00836667
safety_focused	MALAT1_A549_NGG_0028	69	0.0053
safety_focused	MALAT1_A549_NGG_0028	70	0.0038
safety_focused	MALAT1_A549_NGG_0028	71	0.0023
safety_focused	MALAT1_A549_NGG_0028	72	0.0022
safety_focused	MALAT1_A549_NGG_0028	73	0.00193333
safety_focused	MALAT1_A549_NGG_0028	74	0.00113333
safety_focused	MALAT1_A549_NGG_0028	75	0.00063333
safety_focused	MALAT1_A549_NGG_0028	76	0.0002
safety_focused	MALAT1_A549_NGG_0028	77	0.00016667
safety_focused	MALAT1_A549_NGG_0028	78	0.0
safety_focused	MALAT1_A549_NGG_0028	79	0.0
safety_focused	MALAT1_A549_NGG_0028	80	0.0
safety_focused	MALAT1_A549_NGG_0028	81	0.0
safety_focused	MALAT1_A549_NGG_0028	82	0.0
safety_focused	MALAT1_A549_NGG_0028	83	0.0
safety_focused	MALAT1_A549_NGG_0028	84	0.0
safety_focused	MALAT1_A549_NGG_0028	85	0.0
safety_focused	MALAT1_A549_NGG_0028	86	0.0
safety_focused	MALAT1_A549_NGG_0029	1	0.0
safety_focused	MALAT1_A549_NGG_0029	2	0.0
safety_focused	MALAT1_A549_NGG_0029	3	0.0
safety_focused	MALAT1_A549_NGG_0029	4	0.0
safety_focused	MALAT1_A549_NGG_0029	5	0.0
safety_focused	MALAT1_A549_NGG_0029	6	0.0
safety_focused	MALAT1_A549_NGG_0029	7	0.0
safety_focused	MALAT1_A549_NGG_0029	8	0.0
safety_focused	MALAT1_A549_NGG_0029	9	0.0
safety_focused	MALAT1_A549_NGG_0029	10	0.0
safety_focused	MALAT1_A549_NGG_0029	11	0.0
safety_focused	MALAT1_A549_NGG_0029	12	0.0
safety_focused	MALAT1_A549_NGG_0029	13	0.0
safety_focused	MALAT1_A549_NGG_0029	14	0.0
safety_focused	MALAT1_A549_NGG_0029	15	0.0
safety_focused	MALAT1_A549_NGG_0029	16	0.0
safety_focused	MALAT1_A549_NGG_0029	17	0.0
safety_focused	MALAT1_A549_NGG_0029	18	0.0
safety_focused	MALAT1_A549_NGG_0029	19	0.0
safety_focused	MALAT1_A549_NGG_0029	20	0.0
safety_focused	MALAT1_A549_NGG_0029	21	0.0
safety_focused	MALAT1_A549_NGG_0029	22	0.0
safety_focused	MALAT1_A549_NGG_0029	23	0.0
safety_focused	MALAT1_A549_NGG_0029	24	0.0
safety_focused	MALAT1_A549_NGG_0029	25	0.0
safety_focused	MALAT1_A549_NGG_0029	26	0.0
safety_focused	MALAT1_A549_NGG_0029	27	0.0
safety_focused	MALAT1_A549_NGG_0029	28	0.0
safety_focused	MALAT1_A549_NGG_0029	29	0.0
safety_focused	MALAT1_A549_NGG_0029	30	0.0
safety_focused	MALAT1_A549_NGG_0029	31	0.0
safety_focused	MALAT1_A549_NGG_0029	32	0.0
safety_focused	MALAT1_A549_NGG_0029	33	0.0
safety_focused	MALAT1_A549_NGG_0029	34	0.0
safety_focused	MALAT1_A549_NGG_0029	35	0.0
safety_focused	MALAT1_A549_NGG_0029	36	0.0
safety_focused	MALAT1_A549_NGG_0029	37	3.333e-05
safety_focused	MALAT1_A549_NGG_0029	38	0.0
safety_focused	MALAT1_A549_NGG_0029	39	0.0
safety_focused	MALAT1_A549_NGG_0029	40	0.0
safety_focused	MALAT1_A549_NGG_0029	41	0.0
safety_focused	MALAT1_A549_NGG_0029	42	0.0
safety_focused	MALAT1_A549_NGG_0029	43	0.0
safety_focused	MALAT1_A549_NGG_0029	44	3.333e-05
safety_focused	MALAT1_A549_NGG_0029	45	0.0
safety_focused	MALAT1_A549_NGG_0029	46	0.0
safety_focused	MALAT1_A549_NGG_0029	47	0.0
safety_focused	MALAT1_A549_NGG_0029	48	3.333e-05
safety_focused	MALAT1_A549_NGG_0029	49	0.0
safety_focused	MALAT1_A549_NGG_0029	50	6.667e-05
safety_focused	MALAT1_A549_NGG_0029	51	3.333e-05
safety_focused	MALAT1_A549_NGG_0029	52	0.00016667
safety_focused	MALAT1_A549_NGG_0029	53	0.00016667
safety_focused	MALAT1_A549_NGG_0029	54	0.00046667
safety_focused	MALAT1_A549_NGG_0029	55	0.00043333
safety_focused	MALAT1_A549_NGG_0029	56	0.00016667
safety_focused	MALAT1_A549_NGG_0029	57	0.00046667
safety_focused	MALAT1_A549_NGG_0029	58	0.0008
safety_focused	MALAT1_A549_NGG_0029	59	0.001
safety_focused	MALAT1_A549_NGG_0029	60	0.00106667
safety_focused	MALAT1_A549_NGG_0029	61	0.001
safety_focused	MALAT1_A549_NGG_0029	62	0.00163333
safety_focused	MALAT1_A549_NGG_0029	63	0.0024
safety_focused	MALAT1_A549_NGG_0029	64	0.00326667
safety_focused	MALAT1_A549_NGG_0029	65	0.00703333
safety_focused	MALAT1_A549_NGG_0029	66	0.0102
safety_focused	MALAT1_A549_NGG_0029	67	0.01373333
safety_focused	MALAT1_A549_NGG_0029	68	0.017
safety_focused	MALAT1_A549_NGG_0029	69	0.01736667
safety_focused	MALAT1_A549_NGG_0029	70	0.02076667
safety_focused	MALAT1_A549_NGG_0029	71	0.02516667
safety_focused	MALAT1_A549_NGG_0029	72	0.02993333
safety_focused	MALAT1_A549_NGG_0029	73	0.03986667
safety_focused	MALAT1_A549_NGG_0029	74	0.04736667
safety_focused	MALAT1_A549_NGG_0029	75	0.05403333
safety_focused	MALAT1_A549_NGG_0029	76	0.0652
safety_focused	MALAT1_A549_NGG_0029	77	0.08226667
safety_focused	MALAT1_A549_NGG_0029	78	0.10066667
safety_focused	MALAT1_A549_NGG_0029	79	0.18953333
safety_focused	MALAT1_A549_NGG_0029	80	0.1309
safety_focused	MALAT1_A549_NGG_0029	81	0.0693
safety_focused	MALAT1_A549_NGG_0029	82	0.03633333
safety_focused	MALAT1_A549_NGG_0029	83	0.01863333
safety_focused	MALAT1_A549_NGG_0029	84	0.0081
safety_focused	MALAT1_A549_NGG_0029	85	0.0029
safety_focused	MALAT1_A549_NGG_0029	86	0.00046667
safety_focused	MALAT1_A549_NGG_0030	1	0.0
safety_focused	MALAT1_A549_NGG_0030	2	0.0
safety_focused	MALAT1_A549_NGG_0030	3	0.0
safety_focused	MALAT1_A549_NGG_0030	4	0.0
safety_focused	MALAT1_A549_NGG_0030	5	0.0
safety_focused	MALAT1_A549_NGG_0030	6	0.0
safety_focused	MALAT1_A549_NGG_0030	7	0.0
safety_focused	MALAT1_A549_NGG_0030	8	0.0
safety_focused	MALAT1_A549_NGG_0030	9	0.0
safety_focused	MALAT1_A549_NGG_0030	10	0.0
safety_focused	MALAT1_A549_NGG_0030	11	0.0
safety_focused	MALAT1_A549_NGG_0030	12	0.0
safety_focused	MALAT1_A549_NGG_0030	13	0.0
safety_focused	MALAT1_A549_NGG_0030	14	0.0
safety_focused	MALAT1_A549_NGG_0030	15	0.0
safety_focused	MALAT1_A549_NGG_0030	16	0.0
safety_focused	MALAT1_A549_NGG_0030	17	0.0
safety_focused	MALAT1_A549_NGG_0030	18	0.0
safety_focused	MALAT1_A549_NGG_0030	19	3.333e-05
safety_focused	MALAT1_A549_NGG_0030	20	0.0
safety_focused	MALAT1_A549_NGG_0030	21	0.0
safety_focused	MALAT1_A549_NGG_0030	22	0.0
safety_focused	MALAT1_A549_NGG_0030	23	0.0
safety_focused	MALAT1_A549_NGG_0030	24	0.0001
safety_focused	MALAT1_A549_NGG_0030	25	0.00013333
safety_focused	MALAT1_A549_NGG_0030	26	0.0001
safety_focused	MALAT1_A549_NGG_0030	27	6.667e-05
safety_focused	MALAT1_A549_NGG_0030	28	0.0003
safety_focused	MALAT1_A549_NGG_0030	29	0.0002
safety_focused	MALAT1_A549_NGG_0030	30	0.0003
safety_focused	MALAT1_A549_NGG_0030	31	0.0007
safety_focused	MALAT1_A549_NGG_0030	32	0.0008
safety_focused	MALAT1_A549_NGG_0030	33	0.00093333
safety_focused	MALAT1_A549_NGG_0030	34	0.0009
safety_focused	MALAT1_A549_NGG_0030	35	0.00176667
safety_focused	MALAT1_A549_NGG_0030	36	0.00203333
safety_focused	MALAT1_A549_NGG_0030	37	0.00203333
safety_focused	MALAT1_A549_NGG_0030	38	0.00333333
safety_focused	MALAT1_A549_NGG_0030	39	0.00413333
safety_focused	MALAT1_A549_NGG_0030	40	0.0052
safety_focused	MALAT1_A549_NGG_0030	41	0.00726667
safety_focused	MALAT1_A549_NGG_0030	42	0.01183333
safety_focused	MALAT1_A549_NGG_0030	43	0.01773333
safety_focused	MALAT1_A549_NGG_0030	44	0.02446667
safety_focused	MALAT1_A549_NGG_0030	45	0.0355
safety_focused	MALAT1_A549_NGG_0030	46	0.0447
safety_focused	MALAT1_A549_NGG_0030	47	0.0592
safety_focused	MALAT1_A549_NGG_0030	48	0.06876667
safety_focused	MALAT1_A549_NGG_0030	49	0.0787
safety_focused	MALAT1_A549_NGG_0030	50	0.0875
safety_focused	MALAT1_A549_NGG_0030	51	0.08586667
safety_focused	MALAT1_A549_NGG_0030	52	0.07833333
safety_focused	MALAT1_A549_NGG_0030	53	0.06876667
safety_focused	MALAT1_A549_NGG_0030	54	0.05743333
safety_focused	MALAT1_A549_NGG_0030	55	0.04903333
safety_focused	MALAT1_A549_NGG_0030	56	0.0412
safety_focused	MALAT1_A549_NGG_0030	57	0.0336
safety_focused	MALAT1_A549_NGG_0030	58	0.02626667
safety_focused	MALAT1_A549_NGG_0030	59	0.02213333
safety_focused	MALAT1_A549_NGG_0030	60	0.01693333
safety_focused	MALAT1_A549_NGG_0030	61	0.01333333
safety_focused	MALAT1_A549_NGG_0030	62	0.01153333
safety_focused	MALAT1_A549_NGG_0030	63	0.00893333
safety_focused	MALAT1_A549_NGG_0030	64	0.008
safety_focused	MALAT1_A549_NGG_0030	65	0.00593333
safety_focused	MALAT1_A549_NGG_0030	66	0.0045
safety_focused	MALAT1_A549_NGG_0030	67	0.0031
safety_focused	MALAT1_A549_NGG_0030	68	0.00256667
safety_focused	MALAT1_A549_NGG_0030	69	0.0013
safety_focused	MALAT1_A549_NGG_0030	70	0.00136667
safety_focused	MALAT1_A549_NGG_0030	71	0.0007
safety_focused	MALAT1_A549_NGG_0030	72	0.0002
safety_focused	MALAT1_A549_NGG_0030	73	0.0001
safety_focused	MALAT1_A549_NGG_0030	74	6.667e-05
safety_focused	MALAT1_A549_NGG_0030	75	3.333e-05
safety_focused	MALAT1_A549_NGG_0030	76	0.0
safety_focused	MALAT1_A549_NGG_0030	77	3.333e-05
safety_focused	MALAT1_A549_NGG_0030	78	0.0
safety_focused	MALAT1_A549_NGG_0030	79	0.0
safety_focused	MALAT1_A549_NGG_0030	80	0.0
safety_focused	MALAT1_A549_NGG_0030	81	0.0
safety_focused	MALAT1_A549_NGG_0030	82	0.0
safety_focused	MALAT1_A549_NGG_0030	83	0.0
safety_focused	MALAT1_A549_NGG_0030	84	0.0
safety_focused	MALAT1_A549_NGG_0030	85	0.0
safety_focused	MALAT1_A549_NGG_0030	86	0.0
safety_focused	MALAT1_A549_NGG_0031	1	0.0
safety_focused	MALAT1_A549_NGG_0031	2	0.0
safety_focused	MALAT1_A549_NGG_0031	3	0.0
safety_focused	MALAT1_A549_NGG_0031	4	0.0
safety_focused	MALAT1_A549_NGG_0031	5	0.0
safety_focused	MALAT1_A549_NGG_0031	6	0.0
safety_focused	MALAT1_A549_NGG_0031	7	0.0
safety_focused	MALAT1_A549_NGG_0031	8	0.0
safety_focused	MALAT1_A549_NGG_0031	9	0.0
safety_focused	MALAT1_A549_NGG_0031	10	0.0
safety_focused	MALAT1_A549_NGG_0031	11	0.0
safety_focused	MALAT1_A549_NGG_0031	12	0.0
safety_focused	MALAT1_A549_NGG_0031	13	0.0
safety_focused	MALAT1_A549_NGG_0031	14	0.0
safety_focused	MALAT1_A549_NGG_0031	15	0.0
safety_focused	MALAT1_A549_NGG_0031	16	0.0
safety_focused	MALAT1_A549_NGG_0031	17	0.0
safety_focused	MALAT1_A549_NGG_0031	18	0.0
safety_focused	MALAT1_A549_NGG_0031	19	0.0
safety_focused	MALAT1_A549_NGG_0031	20	0.0
safety_focused	MALAT1_A549_NGG_0031	21	0.0
safety_focused	MALAT1_A549_NGG_0031	22	0.0
safety_focused	MALAT1_A549_NGG_0031	23	0.0
safety_focused	MALAT1_A549_NGG_0031	24	0.0
safety_focused	MALAT1_A549_NGG_0031	25	0.0
safety_focused	MALAT1_A549_NGG_0031	26	0.0
safety_focused	MALAT1_A549_NGG_0031	27	0.0
safety_focused	MALAT1_A549_NGG_0031	28	0.0
safety_focused	MALAT1_A549_NGG_0031	29	0.0
safety_focused	MALAT1_A549_NGG_0031	30	0.0
safety_focused	MALAT1_A549_NGG_0031	31	0.0
safety_focused	MALAT1_A549_NGG_0031	32	0.0
safety_focused	MALAT1_A549_NGG_0031	33	0.0
safety_focused	MALAT1_A549_NGG_0031	34	0.0
safety_focused	MALAT1_A549_NGG_0031	35	0.0
safety_focused	MALAT1_A549_NGG_0031	36	0.0
safety_focused	MALAT1_A549_NGG_0031	37	0.0
safety_focused	MALAT1_A549_NGG_0031	38	0.0
safety_focused	MALAT1_A549_NGG_0031	39	0.0
safety_focused	MALAT1_A549_NGG_0031	40	0.0
safety_focused	MALAT1_A549_NGG_0031	41	0.0
safety_focused	MALAT1_A549_NGG_0031	42	0.0
safety_focused	MALAT1_A549_NGG_0031	43	0.0
safety_focused	MALAT1_A549_NGG_0031	44	0.0
safety_focused	MALAT1_A549_NGG_0031	45	0.0
safety_focused	MALAT1_A549_NGG_0031	46	0.0
safety_focused	MALAT1_A549_NGG_0031	47	0.0
safety_focused	MALAT1_A549_NGG_0031	48	0.0
safety_focused	MALAT1_A549_NGG_0031	49	0.0
safety_focused	MALAT1_A549_NGG_0031	50	0.0
safety_focused	MALAT1_A549_NGG_0031	51	0.0
safety_focused	MALAT1_A549_NGG_0031	52	0.0
safety_focused	MALAT1_A549_NGG_0031	53	0.0
safety_focused	MALAT1_A549_NGG_0031	54	0.0
safety_focused	MALAT1_A549_NGG_0031	55	0.0
safety_focused	MALAT1_A549_NGG_0031	56	0.0
safety_focused	MALAT1_A549_NGG_0031	57	0.0
safety_focused	MALAT1_A549_NGG_0031	58	0.0
safety_focused	MALAT1_A549_NGG_0031	59	0.0
safety_focused	MALAT1_A549_NGG_0031	60	3.333e-05
safety_focused	MALAT1_A549_NGG_0031	61	0.0
safety_focused	MALAT1_A549_NGG_0031	62	0.0
safety_focused	MALAT1_A549_NGG_0031	63	3.333e-05
safety_focused	MALAT1_A549_NGG_0031	64	0.0
safety_focused	MALAT1_A549_NGG_0031	65	0.0
safety_focused	MALAT1_A549_NGG_0031	66	0.00036667
safety_focused	MALAT1_A549_NGG_0031	67	0.00056667
safety_focused	MALAT1_A549_NGG_0031	68	0.00073333
safety_focused	MALAT1_A549_NGG_0031	69	0.00176667
safety_focused	MALAT1_A549_NGG_0031	70	0.00186667
safety_focused	MALAT1_A549_NGG_0031	71	0.00276667
safety_focused	MALAT1_A549_NGG_0031	72	0.00436667
safety_focused	MALAT1_A549_NGG_0031	73	0.005
safety_focused	MALAT1_A549_NGG_0031	74	0.00713333
safety_focused	MALAT1_A549_NGG_0031	75	0.01013333
safety_focused	MALAT1_A549_NGG_0031	76	0.01636667
safety_focused	MALAT1_A549_NGG_0031	77	0.02483333
safety_focused	MALAT1_A549_NGG_0031	78	0.03403333
safety_focused	MALAT1_A549_NGG_0031	79	0.05813333
safety_focused	MALAT1_A549_NGG_0031	80	0.09783333
safety_focused	MALAT1_A549_NGG_0031	81	0.14306667
safety_focused	MALAT1_A549_NGG_0031	82	0.17656667
safety_focused	MALAT1_A549_NGG_0031	83	0.1719
safety_focused	MALAT1_A549_NGG_0031	84	0.1396
safety_focused	MALAT1_A549_NGG_0031	85	0.07783333
safety_focused	MALAT1_A549_NGG_0031	86	0.02506667
safety_focused	MALAT1_A549_NGG_0032	1	0.0
safety_focused	MALAT1_A549_NGG_0032	2	0.0
safety_focused	MALAT1_A549_NGG_0032	3	0.0
safety_focused	MALAT1_A549_NGG_0032	4	0.0
safety_focused	MALAT1_A549_NGG_0032	5	0.0
safety_focused	MALAT1_A549_NGG_0032	6	0.0
safety_focused	MALAT1_A549_NGG_0032	7	0.0
safety_focused	MALAT1_A549_NGG_0032	8	0.0
safety_focused	MALAT1_A549_NGG_0032	9	0.0
safety_focused	MALAT1_A549_NGG_0032	10	0.0
safety_focused	MALAT1_A549_NGG_0032	11	0.0
safety_focused	MALAT1_A549_NGG_0032	12	0.0
safety_focused	MALAT1_A549_NGG_0032	13	0.0
safety_focused	MALAT1_A549_NGG_0032	14	0.0
safety_focused	MALAT1_A549_NGG_0032	15	0.0
safety_focused	MALAT1_A549_NGG_0032	16	0.0
safety_focused	MALAT1_A549_NGG_0032	17	0.0
safety_focused	MALAT1_A549_NGG_0032	18	0.0
safety_focused	MALAT1_A549_NGG_0032	19	0.0
safety_focused	MALAT1_A549_NGG_0032	20	0.0
safety_focused	MALAT1_A549_NGG_0032	21	0.0
safety_focused	MALAT1_A549_NGG_0032	22	0.0
safety_focused	MALAT1_A549_NGG_0032	23	0.0
safety_focused	MALAT1_A549_NGG_0032	24	0.0
safety_focused	MALAT1_A549_NGG_0032	25	0.0
safety_focused	MALAT1_A549_NGG_0032	26	0.0
safety_focused	MALAT1_A549_NGG_0032	27	0.0
safety_focused	MALAT1_A549_NGG_0032	28	0.0
safety_focused	MALAT1_A549_NGG_0032	29	0.0
safety_focused	MALAT1_A549_NGG_0032	30	0.0
safety_focused	MALAT1_A549_NGG_0032	31	0.0
safety_focused	MALAT1_A549_NGG_0032	32	0.0
safety_focused	MALAT1_A549_NGG_0032	33	0.0
safety_focused	MALAT1_A549_NGG_0032	34	0.0
safety_focused	MALAT1_A549_NGG_0032	35	0.0
safety_focused	MALAT1_A549_NGG_0032	36	0.0
safety_focused	MALAT1_A549_NGG_0032	37	0.0
safety_focused	MALAT1_A549_NGG_0032	38	0.0
safety_focused	MALAT1_A549_NGG_0032	39	0.0
safety_focused	MALAT1_A549_NGG_0032	40	0.0
safety_focused	MALAT1_A549_NGG_0032	41	0.0
safety_focused	MALAT1_A549_NGG_0032	42	0.0
safety_focused	MALAT1_A549_NGG_0032	43	0.0
safety_focused	MALAT1_A549_NGG_0032	44	0.0
safety_focused	MALAT1_A549_NGG_0032	45	0.0
safety_focused	MALAT1_A549_NGG_0032	46	0.0
safety_focused	MALAT1_A549_NGG_0032	47	0.0
safety_focused	MALAT1_A549_NGG_0032	48	0.0
safety_focused	MALAT1_A549_NGG_0032	49	0.0
safety_focused	MALAT1_A549_NGG_0032	50	0.0
safety_focused	MALAT1_A549_NGG_0032	51	0.0
safety_focused	MALAT1_A549_NGG_0032	52	0.0
safety_focused	MALAT1_A549_NGG_0032	53	0.0
safety_focused	MALAT1_A549_NGG_0032	54	0.0
safety_focused	MALAT1_A549_NGG_0032	55	0.0
safety_focused	MALAT1_A549_NGG_0032	56	0.0
safety_focused	MALAT1_A549_NGG_0032	57	0.0
safety_focused	MALAT1_A549_NGG_0032	58	0.0
safety_focused	MALAT1_A549_NGG_0032	59	0.0
safety_focused	MALAT1_A549_NGG_0032	60	0.0
safety_focused	MALAT1_A549_NGG_0032	61	0.0
safety_focused	MALAT1_A549_NGG_0032	62	0.0
safety_focused	MALAT1_A549_NGG_0032	63	0.0
safety_focused	MALAT1_A549_NGG_0032	64	0.0
safety_focused	MALAT1_A549_NGG_0032	65	0.0
safety_focused	MALAT1_A549_NGG_0032	66	0.0
safety_focused	MALAT1_A549_NGG_0032	67	0.0
safety_focused	MALAT1_A549_NGG_0032	68	3.333e-05
safety_focused	MALAT1_A549_NGG_0032	69	3.333e-05
safety_focused	MALAT1_A549_NGG_0032	70	0.00013333
safety_focused	MALAT1_A549_NGG_0032	71	0.00016667
safety_focused	MALAT1_A549_NGG_0032	72	0.00033333
safety_focused	MALAT1_A549_NGG_0032	73	0.00073333
safety_focused	MALAT1_A549_NGG_0032	74	0.0008
safety_focused	MALAT1_A549_NGG_0032	75	0.00173333
safety_focused	MALAT1_A549_NGG_0032	76	0.00203333
safety_focused	MALAT1_A549_NGG_0032	77	0.00326667
safety_focused	MALAT1_A549_NGG_0032	78	0.0047
safety_focused	MALAT1_A549_NGG_0032	79	0.00776667
safety_focused	MALAT1_A549_NGG_0032	80	0.01443333
safety_focused	MALAT1_A549_NGG_0032	81	0.02876667
safety_focused	MALAT1_A549_NGG_0032	82	0.04616667
safety_focused	MALAT1_A549_NGG_0032	83	0.0806
safety_focused	MALAT1_A549_NGG_0032	84	0.1465
safety_focused	MALAT1_A549_NGG_0032	85	0.2719
safety_focused	MALAT1_A549_NGG_0032	86	0.3899
safety_focused	MALAT1_A549_NGG_0033	1	0.0
safety_focused	MALAT1_A549_NGG_0033	2	0.0
safety_focused	MALAT1_A549_NGG_0033	3	0.0
safety_focused	MALAT1_A549_NGG_0033	4	0.0
safety_focused	MALAT1_A549_NGG_0033	5	0.0
safety_focused	MALAT1_A549_NGG_0033	6	0.0
safety_focused	MALAT1_A549_NGG_0033	7	0.0
safety_focused	MALAT1_A549_NGG_0033	8	0.0
safety_focused	MALAT1_A549_NGG_0033	9	0.0
safety_focused	MALAT1_A549_NGG_0033	10	0.0
safety_focused	MALAT1_A549_NGG_0033	11	0.0
safety_focused	MALAT1_A549_NGG_0033	12	0.0
safety_focused	MALAT1_A549_NGG_0033	13	0.0
safety_focused	MALAT1_A549_NGG_0033	14	0.0
safety_focused	MALAT1_A549_NGG_0033	15	0.0
safety_focused	MALAT1_A549_NGG_0033	16	0.0
safety_focused	MALAT1_A549_NGG_0033	17	0.0
safety_focused	MALAT1_A549_NGG_0033	18	0.0
safety_focused	MALAT1_A549_NGG_0033	19	0.0
safety_focused	MALAT1_A549_NGG_0033	20	0.0
safety_focused	MALAT1_A549_NGG_0033	21	0.0
safety_focused	MALAT1_A549_NGG_0033	22	0.0
safety_focused	MALAT1_A549_NGG_0033	23	0.0
safety_focused	MALAT1_A549_NGG_0033	24	0.0
safety_focused	MALAT1_A549_NGG_0033	25	0.0
safety_focused	MALAT1_A549_NGG_0033	26	0.0
safety_focused	MALAT1_A549_NGG_0033	27	0.0
safety_focused	MALAT1_A549_NGG_0033	28	0.0
safety_focused	MALAT1_A549_NGG_0033	29	0.0
safety_focused	MALAT1_A549_NGG_0033	30	0.0
safety_focused	MALAT1_A549_NGG_0033	31	0.0
safety_focused	MALAT1_A549_NGG_0033	32	0.0
safety_focused	MALAT1_A549_NGG_0033	33	0.0
safety_focused	MALAT1_A549_NGG_0033	34	0.0
safety_focused	MALAT1_A549_NGG_0033	35	0.0
safety_focused	MALAT1_A549_NGG_0033	36	0.0
safety_focused	MALAT1_A549_NGG_0033	37	0.0
safety_focused	MALAT1_A549_NGG_0033	38	0.0
safety_focused	MALAT1_A549_NGG_0033	39	0.0
safety_focused	MALAT1_A549_NGG_0033	40	0.0
safety_focused	MALAT1_A549_NGG_0033	41	0.0
safety_focused	MALAT1_A549_NGG_0033	42	0.0
safety_focused	MALAT1_A549_NGG_0033	43	0.0
safety_focused	MALAT1_A549_NGG_0033	44	0.0
safety_focused	MALAT1_A549_NGG_0033	45	0.0
safety_focused	MALAT1_A549_NGG_0033	46	0.0
safety_focused	MALAT1_A549_NGG_0033	47	0.0
safety_focused	MALAT1_A549_NGG_0033	48	0.0
safety_focused	MALAT1_A549_NGG_0033	49	0.0
safety_focused	MALAT1_A549_NGG_0033	50	0.0
safety_focused	MALAT1_A549_NGG_0033	51	0.0
safety_focused	MALAT1_A549_NGG_0033	52	0.0
safety_focused	MALAT1_A549_NGG_0033	53	3.333e-05
safety_focused	MALAT1_A549_NGG_0033	54	0.0
safety_focused	MALAT1_A549_NGG_0033	55	0.0
safety_focused	MALAT1_A549_NGG_0033	56	0.0
safety_focused	MALAT1_A549_NGG_0033	57	0.0
safety_focused	MALAT1_A549_NGG_0033	58	0.0
safety_focused	MALAT1_A549_NGG_0033	59	0.0
safety_focused	MALAT1_A549_NGG_0033	60	0.0
safety_focused	MALAT1_A549_NGG_0033	61	0.0
safety_focused	MALAT1_A549_NGG_0033	62	0.0
safety_focused	MALAT1_A549_NGG_0033	63	0.0
safety_focused	MALAT1_A549_NGG_0033	64	0.0
safety_focused	MALAT1_A549_NGG_0033	65	0.0
safety_focused	MALAT1_A549_NGG_0033	66	3.333e-05
safety_focused	MALAT1_A549_NGG_0033	67	6.667e-05
safety_focused	MALAT1_A549_NGG_0033	68	0.00016667
safety_focused	MALAT1_A549_NGG_0033	69	0.00023333
safety_focused	MALAT1_A549_NGG_0033	70	0.0005
safety_focused	MALAT1_A549_NGG_0033	71	0.00083333
safety_focused	MALAT1_A549_NGG_0033	72	0.00136667
safety_focused	MALAT1_A549_NGG_0033	73	0.00163333
safety_focused	MALAT1_A549_NGG_0033	74	0.00283333
safety_focused	MALAT1_A549_NGG_0033	75	0.00366667
safety_focused	MALAT1_A549_NGG_0033	76	0.00636667
safety_focused	MALAT1_A549_NGG_0033	77	0.00886667
safety_focused	MALAT1_A549_NGG_0033	78	0.01516667
safety_focused	MALAT1_A549_NGG_0033	79	0.0272
safety_focused	MALAT1_A549_NGG_0033	80	0.0468
safety_focused	MALAT1_A549_NGG_0033	81	0.08393333
safety_focused	MALAT1_A549_NGG_0033	82	0.12656667
safety_focused	MALAT1_A549_NGG_0033	83	0.1798
safety_focused	MALAT1_A549_NGG_0033	84	0.2265
safety_focused	MALAT1_A549_NGG_0033	85	0.19823333
safety_focused	MALAT1_A549_NGG_0033	86	0.0692
safety_focused	MALAT1_A549_NGG_0034	1	0.0
safety_focused	MALAT1_A549_NGG_0034	2	0.0
safety_focused	MALAT1_A549_NGG_0034	3	0.0
safety_focused	MALAT1_A549_NGG_0034	4	0.0
safety_focused	MALAT1_A549_NGG_0034	5	0.0
safety_focused	MALAT1_A549_NGG_0034	6	3.333e-05
safety_focused	MALAT1_A549_NGG_0034	7	0.0003
safety_focused	MALAT1_A549_NGG_0034	8	0.00046667
safety_focused	MALAT1_A549_NGG_0034	9	0.00163333
safety_focused	MALAT1_A549_NGG_0034	10	0.0024
safety_focused	MALAT1_A549_NGG_0034	11	0.0048
safety_focused	MALAT1_A549_NGG_0034	12	0.007
safety_focused	MALAT1_A549_NGG_0034	13	0.0107
safety_focused	MALAT1_A549_NGG_0034	14	0.01433333
safety_focused	MALAT1_A549_NGG_0034	15	0.0171
safety_focused	MALAT1_A549_NGG_0034	16	0.02293333
safety_focused	MALAT1_A549_NGG_0034	17	0.02643333
safety_focused	MALAT1_A549_NGG_0034	18	0.02863333
safety_focused	MALAT1_A549_NGG_0034	19	0.03356667
safety_focused	MALAT1_A549_NGG_0034	20	0.03526667
safety_focused	MALAT1_A549_NGG_0034	21	0.03736667
safety_focused	MALAT1_A549_NGG_0034	22	0.03796667
safety_focused	MALAT1_A549_NGG_0034	23	0.03736667
safety_focused	MALAT1_A549_NGG_0034	24	0.03626667
safety_focused	MALAT1_A549_NGG_0034	25	0.0383
safety_focused	MALAT1_A549_NGG_0034	26	0.0386
safety_focused	MALAT1_A549_NGG_0034	27	0.04046667
safety_focused	MALAT1_A549_NGG_0034	28	0.03906667
safety_focused	MALAT1_A549_NGG_0034	29	0.04243333
safety_focused	MALAT1_A549_NGG_0034	30	0.0417
safety_focused	MALAT1_A549_NGG_0034	31	0.0439
safety_focused	MALAT1_A549_NGG_0034	32	0.04003333
safety_focused	MALAT1_A549_NGG_0034	33	0.03796667
safety_focused	MALAT1_A549_NGG_0034	34	0.03843333
safety_focused	MALAT1_A549_NGG_0034	35	0.03546667
safety_focused	MALAT1_A549_NGG_0034	36	0.0342
safety_focused	MALAT1_A549_NGG_0034	37	0.03243333
safety_focused	MALAT1_A549_NGG_0034	38	0.0283
safety_focused	MALAT1_A549_NGG_0034	39	0.02783333
safety_focused	MALAT1_A549_NGG_0034	40	0.0302
safety_focused	MALAT1_A549_NGG_0034	41	0.0233
safety_focused	MALAT1_A549_NGG_0034	42	0.0155
safety_focused	MALAT1_A549_NGG_0034	43	0.00723333
safety_focused	MALAT1_A549_NGG_0034	44	0.00393333
safety_focused	MALAT1_A549_NGG_0034	45	0.00246667
safety_focused	MALAT1_A549_NGG_0034	46	0.00133333
safety_focused	MALAT1_A549_NGG_0034	47	0.00083333
safety_focused	MALAT1_A549_NGG_0034	48	0.00056667
safety_focused	MALAT1_A549_NGG_0034	49	0.00046667
safety_focused	MALAT1_A549_NGG_0034	50	0.00023333
safety_focused	MALAT1_A549_NGG_0034	51	0.00013333
safety_focused	MALAT1_A549_NGG_0034	52	3.333e-05
safety_focused	MALAT1_A549_NGG_0034	53	0.0
safety_focused	MALAT1_A549_NGG_0034	54	0.0
safety_focused	MALAT1_A549_NGG_0034	55	3.333e-05
safety_focused	MALAT1_A549_NGG_0034	56	0.0
safety_focused	MALAT1_A549_NGG_0034	57	0.0
safety_focused	MALAT1_A549_NGG_0034	58	0.0
safety_focused	MALAT1_A549_NGG_0034	59	0.0
safety_focused	MALAT1_A549_NGG_0034	60	0.0
safety_focused	MALAT1_A549_NGG_0034	61	3.333e-05
safety_focused	MALAT1_A549_NGG_0034	62	0.0
safety_focused	MALAT1_A549_NGG_0034	63	0.0
safety_focused	MALAT1_A549_NGG_0034	64	0.0
safety_focused	MALAT1_A549_NGG_0034	65	0.0
safety_focused	MALAT1_A549_NGG_0034	66	0.0
safety_focused	MALAT1_A549_NGG_0034	67	0.0
safety_focused	MALAT1_A549_NGG_0034	68	0.0
safety_focused	MALAT1_A549_NGG_0034	69	0.0
safety_focused	MALAT1_A549_NGG_0034	70	0.0
safety_focused	MALAT1_A549_NGG_0034	71	0.0
safety_focused	MALAT1_A549_NGG_0034	72	0.0
safety_focused	MALAT1_A549_NGG_0034	73	0.0
safety_focused	MALAT1_A549_NGG_0034	74	0.0
safety_focused	MALAT1_A549_NGG_0034	75	0.0
safety_focused	MALAT1_A549_NGG_0034	76	0.0
safety_focused	MALAT1_A549_NGG_0034	77	0.0
safety_focused	MALAT1_A549_NGG_0034	78	0.0
safety_focused	MALAT1_A549_NGG_0034	79	0.0
safety_focused	MALAT1_A549_NGG_0034	80	0.0
safety_focused	MALAT1_A549_NGG_0034	81	0.0
safety_focused	MALAT1_A549_NGG_0034	82	0.0
safety_focused	MALAT1_A549_NGG_0034	83	0.0
safety_focused	MALAT1_A549_NGG_0034	84	0.0
safety_focused	MALAT1_A549_NGG_0034	85	0.0
safety_focused	MALAT1_A549_NGG_0034	86	0.0
safety_focused	MALAT1_A549_NGG_0035	1	0.0
safety_focused	MALAT1_A549_NGG_0035	2	0.0
safety_focused	MALAT1_A549_NGG_0035	3	0.0
safety_focused	MALAT1_A549_NGG_0035	4	0.0
safety_focused	MALAT1_A549_NGG_0035	5	0.0
safety_focused	MALAT1_A549_NGG_0035	6	0.0
safety_focused	MALAT1_A549_NGG_0035	7	0.0
safety_focused	MALAT1_A549_NGG_0035	8	0.0
safety_focused	MALAT1_A549_NGG_0035	9	0.0
safety_focused	MALAT1_A549_NGG_0035	10	0.0
safety_focused	MALAT1_A549_NGG_0035	11	0.0
safety_focused	MALAT1_A549_NGG_0035	12	0.0
safety_focused	MALAT1_A549_NGG_0035	13	0.0
safety_focused	MALAT1_A549_NGG_0035	14	0.0
safety_focused	MALAT1_A549_NGG_0035	15	0.0
safety_focused	MALAT1_A549_NGG_0035	16	0.0
safety_focused	MALAT1_A549_NGG_0035	17	0.0
safety_focused	MALAT1_A549_NGG_0035	18	0.0
safety_focused	MALAT1_A549_NGG_0035	19	0.0
safety_focused	MALAT1_A549_NGG_0035	20	0.0
safety_focused	MALAT1_A549_NGG_0035	21	0.0
safety_focused	MALAT1_A549_NGG_0035	22	0.0
safety_focused	MALAT1_A549_NGG_0035	23	0.0
safety_focused	MALAT1_A549_NGG_0035	24	0.0
safety_focused	MALAT1_A549_NGG_0035	25	0.0
safety_focused	MALAT1_A549_NGG_0035	26	0.0
safety_focused	MALAT1_A549_NGG_0035	27	0.0
safety_focused	MALAT1_A549_NGG_0035	28	0.0
safety_focused	MALAT1_A549_NGG_0035	29	0.0
safety_focused	MALAT1_A549_NGG_0035	30	0.0
safety_focused	MALAT1_A549_NGG_0035	31	0.0
safety_focused	MALAT1_A549_NGG_0035	32	0.0
safety_focused	MALAT1_A549_NGG_0035	33	0.0
safety_focused	MALAT1_A549_NGG_0035	34	0.0
safety_focused	MALAT1_A549_NGG_0035	35	0.0
safety_focused	MALAT1_A549_NGG_0035	36	0.0
safety_focused	MALAT1_A549_NGG_0035	37	0.0
safety_focused	MALAT1_A549_NGG_0035	38	0.0
safety_focused	MALAT1_A549_NGG_0035	39	0.0
safety_focused	MALAT1_A549_NGG_0035	40	0.0
safety_focused	MALAT1_A549_NGG_0035	41	0.0
safety_focused	MALAT1_A549_NGG_0035	42	0.0
safety_focused	MALAT1_A549_NGG_0035	43	0.0
safety_focused	MALAT1_A549_NGG_0035	44	0.0
safety_focused	MALAT1_A549_NGG_0035	45	0.0
safety_focused	MALAT1_A549_NGG_0035	46	0.0
safety_focused	MALAT1_A549_NGG_0035	47	0.0
safety_focused	MALAT1_A549_NGG_0035	48	0.0
safety_focused	MALAT1_A549_NGG_0035	49	0.0
safety_focused	MALAT1_A549_NGG_0035	50	0.0
safety_focused	MALAT1_A549_NGG_0035	51	0.0
safety_focused	MALAT1_A549_NGG_0035	52	0.0
safety_focused	MALAT1_A549_NGG_0035	53	0.0
safety_focused	MALAT1_A549_NGG_0035	54	3.333e-05
safety_focused	MALAT1_A549_NGG_0035	55	0.0
safety_focused	MALAT1_A549_NGG_0035	56	0.0
safety_focused	MALAT1_A549_NGG_0035	57	0.0
safety_focused	MALAT1_A549_NGG_0035	58	0.0
safety_focused	MALAT1_A549_NGG_0035	59	0.0
safety_focused	MALAT1_A549_NGG_0035	60	0.0001
safety_focused	MALAT1_A549_NGG_0035	61	3.333e-05
safety_focused	MALAT1_A549_NGG_0035	62	3.333e-05
safety_focused	MALAT1_A549_NGG_0035	63	6.667e-05
safety_focused	MALAT1_A549_NGG_0035	64	3.333e-05
safety_focused	MALAT1_A549_NGG_0035	65	0.00023333
safety_focused	MALAT1_A549_NGG_0035	66	0.00053333
safety_focused	MALAT1_A549_NGG_0035	67	0.00063333
safety_focused	MALAT1_A549_NGG_0035	68	0.00083333
safety_focused	MALAT1_A549_NGG_0035	69	0.0021
safety_focused	MALAT1_A549_NGG_0035	70	0.00256667
safety_focused	MALAT1_A549_NGG_0035	71	0.0038
safety_focused	MALAT1_A549_NGG_0035	72	0.0048
safety_focused	MALAT1_A549_NGG_0035	73	0.00736667
safety_focused	MALAT1_A549_NGG_0035	74	0.01256667
safety_focused	MALAT1_A549_NGG_0035	75	0.01996667
safety_focused	MALAT1_A549_NGG_0035	76	0.03303333
safety_focused	MALAT1_A549_NGG_0035	77	0.0472
safety_focused	MALAT1_A549_NGG_0035	78	0.06246667
safety_focused	MALAT1_A549_NGG_0035	79	0.12246667
safety_focused	MALAT1_A549_NGG_0035	80	0.17353333
safety_focused	MALAT1_A549_NGG_0035	81	0.17826667
safety_focused	MALAT1_A549_NGG_0035	82	0.15283333
safety_focused	MALAT1_A549_NGG_0035	83	0.10636667
safety_focused	MALAT1_A549_NGG_0035	84	0.0503
safety_focused	MALAT1_A549_NGG_0035	85	0.016
safety_focused	MALAT1_A549_NGG_0035	86	0.00183333
safety_focused	MALAT1_A549_NGG_0036	1	0.0
safety_focused	MALAT1_A549_NGG_0036	2	0.0
safety_focused	MALAT1_A549_NGG_0036	3	0.0
safety_focused	MALAT1_A549_NGG_0036	4	0.0
safety_focused	MALAT1_A549_NGG_0036	5	0.0
safety_focused	MALAT1_A549_NGG_0036	6	0.0
safety_focused	MALAT1_A549_NGG_0036	7	0.0
safety_focused	MALAT1_A549_NGG_0036	8	0.0
safety_focused	MALAT1_A549_NGG_0036	9	0.0
safety_focused	MALAT1_A549_NGG_0036	10	0.0
safety_focused	MALAT1_A549_NGG_0036	11	0.0
safety_focused	MALAT1_A549_NGG_0036	12	0.0
safety_focused	MALAT1_A549_NGG_0036	13	0.0
safety_focused	MALAT1_A549_NGG_0036	14	0.0
safety_focused	MALAT1_A549_NGG_0036	15	0.0
safety_focused	MALAT1_A549_NGG_0036	16	0.0
safety_focused	MALAT1_A549_NGG_0036	17	0.0
safety_focused	MALAT1_A549_NGG_0036	18	0.0
safety_focused	MALAT1_A549_NGG_0036	19	3.333e-05
safety_focused	MALAT1_A549_NGG_0036	20	6.667e-05
safety_focused	MALAT1_A549_NGG_0036	21	0.00016667
safety_focused	MALAT1_A549_NGG_0036	22	0.00016667
safety_focused	MALAT1_A549_NGG_0036	23	0.00026667
safety_focused	MALAT1_A549_NGG_0036	24	0.00026667
safety_focused	MALAT1_A549_NGG_0036	25	0.00026667
safety_focused	MALAT1_A549_NGG_0036	26	0.00043333
safety_focused	MALAT1_A549_NGG_0036	27	0.00033333
safety_focused	MALAT1_A549_NGG_0036	28	0.00063333
safety_focused	MALAT1_A549_NGG_0036	29	0.0006
safety_focused	MALAT1_A549_NGG_0036	30	0.0009
safety_focused	MALAT1_A549_NGG_0036	31	0.00086667
safety_focused	MALAT1_A549_NGG_0036	32	0.0012
safety_focused	MALAT1_A549_NGG_0036	33	0.0015
safety_focused	MALAT1_A549_NGG_0036	34	0.00186667
safety_focused	MALAT1_A549_NGG_0036	35	0.00186667
safety_focused	MALAT1_A549_NGG_0036	36	0.00213333
safety_focused	MALAT1_A549_NGG_0036	37	0.0029
safety_focused	MALAT1_A549_NGG_0036	38	0.00266667
safety_focused	MALAT1_A549_NGG_0036	39	0.00406667
safety_focused	MALAT1_A549_NGG_0036	40	0.00473333
safety_focused	MALAT1_A549_NGG_0036	41	0.00573333
safety_focused	MALAT1_A549_NGG_0036	42	0.00703333
safety_focused	MALAT1_A549_NGG_0036	43	0.00913333
safety_focused	MALAT1_A549_NGG_0036	44	0.00956667
safety_focused	MALAT1_A549_NGG_0036	45	0.01223333
safety_focused	MALAT1_A549_NGG_0036	46	0.0144
safety_focused	MALAT1_A549_NGG_0036	47	0.01793333
safety_focused	MALAT1_A549_NGG_0036	48	0.01836667
safety_focused	MALAT1_A549_NGG_0036	49	0.0201
safety_focused	MALAT1_A549_NGG_0036	50	0.0224
safety_focused	MALAT1_A549_NGG_0036	51	0.02303333
safety_focused	MALAT1_A549_NGG_0036	52	0.02583333
safety_focused	MALAT1_A549_NGG_0036	53	0.02913333
safety_focused	MALAT1_A549_NGG_0036	54	0.03116667
safety_focused	MALAT1_A549_NGG_0036	55	0.03263333
safety_focused	MALAT1_A549_NGG_0036	56	0.0305
safety_focused	MALAT1_A549_NGG_0036	57	0.02943333
safety_focused	MALAT1_A549_NGG_0036	58	0.0292
safety_focused	MALAT1_A549_NGG_0036	59	0.0293
safety_focused	MALAT1_A549_NGG_0036	60	0.03143333
safety_focused	MALAT1_A549_NGG_0036	61	0.04486667
safety_focused	MALAT1_A549_NGG_0036	62	0.08723333
safety_focused	MALAT1_A549_NGG_0036	63	0.08066667
safety_focused	MALAT1_A549_NGG_0036	64	0.06456667
safety_focused	MALAT1_A549_NGG_0036	65	0.04703333
safety_focused	MALAT1_A549_NGG_0036	66	0.03623333
safety_focused	MALAT1_A549_NGG_0036	67	0.0359
safety_focused	MALAT1_A549_NGG_0036	68	0.03276667
safety_focused	MALAT1_A549_NGG_0036	69	0.03466667
safety_focused	MALAT1_A549_NGG_0036	70	0.02536667
safety_focused	MALAT1_A549_NGG_0036	71	0.0173
safety_focused	MALAT1_A549_NGG_0036	72	0.0118
safety_focused	MALAT1_A549_NGG_0036	73	0.00833333
safety_focused	MALAT1_A549_NGG_0036	74	0.00866667
safety_focused	MALAT1_A549_NGG_0036	75	0.00506667
safety_focused	MALAT1_A549_NGG_0036	76	0.0021
safety_focused	MALAT1_A549_NGG_0036	77	0.00073333
safety_focused	MALAT1_A549_NGG_0036	78	0.00013333
safety_focused	MALAT1_A549_NGG_0036	79	6.667e-05
safety_focused	MALAT1_A549_NGG_0036	80	0.0
safety_focused	MALAT1_A549_NGG_0036	81	0.0
safety_focused	MALAT1_A549_NGG_0036	82	0.0
safety_focused	MALAT1_A549_NGG_0036	83	0.0
safety_focused	MALAT1_A549_NGG_0036	84	0.0
safety_focused	MALAT1_A549_NGG_0036	85	0.0
safety_focused	MALAT1_A549_NGG_0036	86	0.0
safety_focused	MALAT1_A549_NGG_0037	1	0.0
safety_focused	MALAT1_A549_NGG_0037	2	0.0
safety_focused	MALAT1_A549_NGG_0037	3	0.0
safety_focused	MALAT1_A549_NGG_0037	4	0.0
safety_focused	MALAT1_A549_NGG_0037	5	0.0
safety_focused	MALAT1_A549_NGG_0037	6	0.0
safety_focused	MALAT1_A549_NGG_0037	7	0.0
safety_focused	MALAT1_A549_NGG_0037	8	0.0
safety_focused	MALAT1_A549_NGG_0037	9	0.0
safety_focused	MALAT1_A549_NGG_0037	10	0.0
safety_focused	MALAT1_A549_NGG_0037	11	0.0
safety_focused	MALAT1_A549_NGG_0037	12	0.0
safety_focused	MALAT1_A549_NGG_0037	13	0.0
safety_focused	MALAT1_A549_NGG_0037	14	0.0
safety_focused	MALAT1_A549_NGG_0037	15	0.0
safety_focused	MALAT1_A549_NGG_0037	16	0.0
safety_focused	MALAT1_A549_NGG_0037	17	0.0
safety_focused	MALAT1_A549_NGG_0037	18	0.0
safety_focused	MALAT1_A549_NGG_0037	19	0.0
safety_focused	MALAT1_A549_NGG_0037	20	0.0
safety_focused	MALAT1_A549_NGG_0037	21	0.0
safety_focused	MALAT1_A549_NGG_0037	22	0.0
safety_focused	MALAT1_A549_NGG_0037	23	0.0
safety_focused	MALAT1_A549_NGG_0037	24	0.0
safety_focused	MALAT1_A549_NGG_0037	25	0.0
safety_focused	MALAT1_A549_NGG_0037	26	0.0
safety_focused	MALAT1_A549_NGG_0037	27	0.0
safety_focused	MALAT1_A549_NGG_0037	28	0.0
safety_focused	MALAT1_A549_NGG_0037	29	3.333e-05
safety_focused	MALAT1_A549_NGG_0037	30	0.0
safety_focused	MALAT1_A549_NGG_0037	31	0.0
safety_focused	MALAT1_A549_NGG_0037	32	0.0
safety_focused	MALAT1_A549_NGG_0037	33	0.0
safety_focused	MALAT1_A549_NGG_0037	34	3.333e-05
safety_focused	MALAT1_A549_NGG_0037	35	6.667e-05
safety_focused	MALAT1_A549_NGG_0037	36	0.0
safety_focused	MALAT1_A549_NGG_0037	37	3.333e-05
safety_focused	MALAT1_A549_NGG_0037	38	3.333e-05
safety_focused	MALAT1_A549_NGG_0037	39	3.333e-05
safety_focused	MALAT1_A549_NGG_0037	40	6.667e-05
safety_focused	MALAT1_A549_NGG_0037	41	0.0001
safety_focused	MALAT1_A549_NGG_0037	42	0.00016667
safety_focused	MALAT1_A549_NGG_0037	43	6.667e-05
safety_focused	MALAT1_A549_NGG_0037	44	0.0002
safety_focused	MALAT1_A549_NGG_0037	45	0.00036667
safety_focused	MALAT1_A549_NGG_0037	46	0.00023333
safety_focused	MALAT1_A549_NGG_0037	47	0.00043333
safety_focused	MALAT1_A549_NGG_0037	48	0.00066667
safety_focused	MALAT1_A549_NGG_0037	49	0.00086667
safety_focused	MALAT1_A549_NGG_0037	50	0.0013
safety_focused	MALAT1_A549_NGG_0037	51	0.0012
safety_focused	MALAT1_A549_NGG_0037	52	0.00163333
safety_focused	MALAT1_A549_NGG_0037	53	0.002
safety_focused	MALAT1_A549_NGG_0037	54	0.00296667
safety_focused	MALAT1_A549_NGG_0037	55	0.0038
safety_focused	MALAT1_A549_NGG_0037	56	0.00566667
safety_focused	MALAT1_A549_NGG_0037	57	0.00543333
safety_focused	MALAT1_A549_NGG_0037	58	0.00616667
safety_focused	MALAT1_A549_NGG_0037	59	0.00793333
safety_focused	MALAT1_A549_NGG_0037	60	0.00843333
safety_focused	MALAT1_A549_NGG_0037	61	0.01006667
safety_focused	MALAT1_A549_NGG_0037	62	0.01366667
safety_focused	MALAT1_A549_NGG_0037	63	0.01923333
safety_focused	MALAT1_A549_NGG_0037	64	0.02716667
safety_focused	MALAT1_A549_NGG_0037	65	0.03476667
safety_focused	MALAT1_A549_NGG_0037	66	0.0437
safety_focused	MALAT1_A549_NGG_0037	67	0.04666667
safety_focused	MALAT1_A549_NGG_0037	68	0.0505
safety_focused	MALAT1_A549_NGG_0037	69	0.05083333
safety_focused	MALAT1_A549_NGG_0037	70	0.0564
safety_focused	MALAT1_A549_NGG_0037	71	0.06796667
safety_focused	MALAT1_A549_NGG_0037	72	0.07786667
safety_focused	MALAT1_A549_NGG_0037	73	0.07546667
safety_focused	MALAT1_A549_NGG_0037	74	0.07356667
safety_focused	MALAT1_A549_NGG_0037	75	0.0719
safety_focused	MALAT1_A549_NGG_0037	76	0.06776667
safety_focused	MALAT1_A549_NGG_0037	77	0.0739
safety_focused	MALAT1_A549_NGG_0037	78	0.06013333
safety_focused	MALAT1_A549_NGG_0037	79	0.021
safety_focused	MALAT1_A549_NGG_0037	80	0.0058
safety_focused	MALAT1_A549_NGG_0037	81	0.0014
safety_focused	MALAT1_A549_NGG_0037	82	0.00023333
safety_focused	MALAT1_A549_NGG_0037	83	6.667e-05
safety_focused	MALAT1_A549_NGG_0037	84	0.0
safety_focused	MALAT1_A549_NGG_0037	85	0.0
safety_focused	MALAT1_A549_NGG_0037	86	0.0
safety_focused	MALAT1_A549_NGG_0038	1	0.0
safety_focused	MALAT1_A549_NGG_0038	2	0.0
safety_focused	MALAT1_A549_NGG_0038	3	0.0
safety_focused	MALAT1_A549_NGG_0038	4	0.0
safety_focused	MALAT1_A549_NGG_0038	5	0.0
safety_focused	MALAT1_A549_NGG_0038	6	0.0
safety_focused	MALAT1_A549_NGG_0038	7	0.0
safety_focused	MALAT1_A549_NGG_0038	8	0.0
safety_focused	MALAT1_A549_NGG_0038	9	0.0
safety_focused	MALAT1_A549_NGG_0038	10	0.0
safety_focused	MALAT1_A549_NGG_0038	11	0.0
safety_focused	MALAT1_A549_NGG_0038	12	0.0
safety_focused	MALAT1_A549_NGG_0038	13	0.0
safety_focused	MALAT1_A549_NGG_0038	14	0.0
safety_focused	MALAT1_A549_NGG_0038	15	0.0
safety_focused	MALAT1_A549_NGG_0038	16	0.0
safety_focused	MALAT1_A549_NGG_0038	17	0.0
safety_focused	MALAT1_A549_NGG_0038	18	0.0
safety_focused	MALAT1_A549_NGG_0038	19	0.0
safety_focused	MALAT1_A549_NGG_0038	20	0.0
safety_focused	MALAT1_A549_NGG_0038	21	0.0
safety_focused	MALAT1_A549_NGG_0038	22	0.0
safety_focused	MALAT1_A549_NGG_0038	23	0.0
safety_focused	MALAT1_A549_NGG_0038	24	0.0
safety_focused	MALAT1_A549_NGG_0038	25	0.0
safety_focused	MALAT1_A549_NGG_0038	26	0.0
safety_focused	MALAT1_A549_NGG_0038	27	0.0
safety_focused	MALAT1_A549_NGG_0038	28	0.0
safety_focused	MALAT1_A549_NGG_0038	29	0.0
safety_focused	MALAT1_A549_NGG_0038	30	0.0
safety_focused	MALAT1_A549_NGG_0038	31	0.0
safety_focused	MALAT1_A549_NGG_0038	32	0.0
safety_focused	MALAT1_A549_NGG_0038	33	0.0
safety_focused	MALAT1_A549_NGG_0038	34	0.0
safety_focused	MALAT1_A549_NGG_0038	35	0.0
safety_focused	MALAT1_A549_NGG_0038	36	0.0
safety_focused	MALAT1_A549_NGG_0038	37	0.0
safety_focused	MALAT1_A549_NGG_0038	38	3.333e-05
safety_focused	MALAT1_A549_NGG_0038	39	0.0
safety_focused	MALAT1_A549_NGG_0038	40	3.333e-05
safety_focused	MALAT1_A549_NGG_0038	41	0.0
safety_focused	MALAT1_A549_NGG_0038	42	3.333e-05
safety_focused	MALAT1_A549_NGG_0038	43	6.667e-05
safety_focused	MALAT1_A549_NGG_0038	44	0.00016667
safety_focused	MALAT1_A549_NGG_0038	45	6.667e-05
safety_focused	MALAT1_A549_NGG_0038	46	0.00033333
safety_focused	MALAT1_A549_NGG_0038	47	0.00013333
safety_focused	MALAT1_A549_NGG_0038	48	0.0003
safety_focused	MALAT1_A549_NGG_0038	49	0.00033333
safety_focused	MALAT1_A549_NGG_0038	50	0.0003
safety_focused	MALAT1_A549_NGG_0038	51	0.00076667
safety_focused	MALAT1_A549_NGG_0038	52	0.00086667
safety_focused	MALAT1_A549_NGG_0038	53	0.0008
safety_focused	MALAT1_A549_NGG_0038	54	0.0012
safety_focused	MALAT1_A549_NGG_0038	55	0.002
safety_focused	MALAT1_A549_NGG_0038	56	0.00203333
safety_focused	MALAT1_A549_NGG_0038	57	0.00226667
safety_focused	MALAT1_A549_NGG_0038	58	0.00316667
safety_focused	MALAT1_A549_NGG_0038	59	0.0039
safety_focused	MALAT1_A549_NGG_0038	60	0.00466667
safety_focused	MALAT1_A549_NGG_0038	61	0.00556667
safety_focused	MALAT1_A549_NGG_0038	62	0.00746667
safety_focused	MALAT1_A549_NGG_0038	63	0.01083333
safety_focused	MALAT1_A549_NGG_0038	64	0.01513333
safety_focused	MALAT1_A549_NGG_0038	65	0.02073333
safety_focused	MALAT1_A549_NGG_0038	66	0.0288
safety_focused	MALAT1_A549_NGG_0038	67	0.03193333
safety_focused	MALAT1_A549_NGG_0038	68	0.03506667
safety_focused	MALAT1_A549_NGG_0038	69	0.0406
safety_focused	MALAT1_A549_NGG_0038	70	0.04676667
safety_focused	MALAT1_A549_NGG_0038	71	0.05536667
safety_focused	MALAT1_A549_NGG_0038	72	0.0687
safety_focused	MALAT1_A549_NGG_0038	73	0.07806667
safety_focused	MALAT1_A549_NGG_0038	74	0.0815
safety_focused	MALAT1_A549_NGG_0038	75	0.08453333
safety_focused	MALAT1_A549_NGG_0038	76	0.08466667
safety_focused	MALAT1_A549_NGG_0038	77	0.09096667
safety_focused	MALAT1_A549_NGG_0038	78	0.11226667
safety_focused	MALAT1_A549_NGG_0038	79	0.05353333
safety_focused	MALAT1_A549_NGG_0038	80	0.01746667
safety_focused	MALAT1_A549_NGG_0038	81	0.00516667
safety_focused	MALAT1_A549_NGG_0038	82	0.0011
safety_focused	MALAT1_A549_NGG_0038	83	0.00026667
safety_focused	MALAT1_A549_NGG_0038	84	0.0
safety_focused	MALAT1_A549_NGG_0038	85	3.333e-05
safety_focused	MALAT1_A549_NGG_0038	86	0.0
safety_focused	MALAT1_A549_NGG_0039	1	0.0
safety_focused	MALAT1_A549_NGG_0039	2	0.0
safety_focused	MALAT1_A549_NGG_0039	3	0.0
safety_focused	MALAT1_A549_NGG_0039	4	0.0
safety_focused	MALAT1_A549_NGG_0039	5	0.0
safety_focused	MALAT1_A549_NGG_0039	6	0.0
safety_focused	MALAT1_A549_NGG_0039	7	0.0
safety_focused	MALAT1_A549_NGG_0039	8	0.0
safety_focused	MALAT1_A549_NGG_0039	9	0.0
safety_focused	MALAT1_A549_NGG_0039	10	0.0
safety_focused	MALAT1_A549_NGG_0039	11	0.0
safety_focused	MALAT1_A549_NGG_0039	12	0.0
safety_focused	MALAT1_A549_NGG_0039	13	0.0
safety_focused	MALAT1_A549_NGG_0039	14	0.0
safety_focused	MALAT1_A549_NGG_0039	15	0.0
safety_focused	MALAT1_A549_NGG_0039	16	0.0
safety_focused	MALAT1_A549_NGG_0039	17	0.0
safety_focused	MALAT1_A549_NGG_0039	18	0.0
safety_focused	MALAT1_A549_NGG_0039	19	0.0
safety_focused	MALAT1_A549_NGG_0039	20	0.0
safety_focused	MALAT1_A549_NGG_0039	21	0.0
safety_focused	MALAT1_A549_NGG_0039	22	0.0
safety_focused	MALAT1_A549_NGG_0039	23	0.0
safety_focused	MALAT1_A549_NGG_0039	24	0.0
safety_focused	MALAT1_A549_NGG_0039	25	0.0
safety_focused	MALAT1_A549_NGG_0039	26	0.0
safety_focused	MALAT1_A549_NGG_0039	27	0.0
safety_focused	MALAT1_A549_NGG_0039	28	0.0
safety_focused	MALAT1_A549_NGG_0039	29	0.0
safety_focused	MALAT1_A549_NGG_0039	30	6.667e-05
safety_focused	MALAT1_A549_NGG_0039	31	0.0
safety_focused	MALAT1_A549_NGG_0039	32	3.333e-05
safety_focused	MALAT1_A549_NGG_0039	33	0.0
safety_focused	MALAT1_A549_NGG_0039	34	0.0001
safety_focused	MALAT1_A549_NGG_0039	35	3.333e-05
safety_focused	MALAT1_A549_NGG_0039	36	6.667e-05
safety_focused	MALAT1_A549_NGG_0039	37	6.667e-05
safety_focused	MALAT1_A549_NGG_0039	38	0.00016667
safety_focused	MALAT1_A549_NGG_0039	39	0.00023333
safety_focused	MALAT1_A549_NGG_0039	40	0.00023333
safety_focused	MALAT1_A549_NGG_0039	41	0.0004
safety_focused	MALAT1_A549_NGG_0039	42	0.00046667
safety_focused	MALAT1_A549_NGG_0039	43	0.00056667
safety_focused	MALAT1_A549_NGG_0039	44	0.00086667
safety_focused	MALAT1_A549_NGG_0039	45	0.00123333
safety_focused	MALAT1_A549_NGG_0039	46	0.00166667
safety_focused	MALAT1_A549_NGG_0039	47	0.0023
safety_focused	MALAT1_A549_NGG_0039	48	0.00266667
safety_focused	MALAT1_A549_NGG_0039	49	0.00333333
safety_focused	MALAT1_A549_NGG_0039	50	0.0043
safety_focused	MALAT1_A549_NGG_0039	51	0.00423333
safety_focused	MALAT1_A549_NGG_0039	52	0.00523333
safety_focused	MALAT1_A549_NGG_0039	53	0.0062
safety_focused	MALAT1_A549_NGG_0039	54	0.00753333
safety_focused	MALAT1_A549_NGG_0039	55	0.00936667
safety_focused	MALAT1_A549_NGG_0039	56	0.0099
safety_focused	MALAT1_A549_NGG_0039	57	0.01206667
safety_focused	MALAT1_A549_NGG_0039	58	0.015
safety_focused	MALAT1_A549_NGG_0039	59	0.0161
safety_focused	MALAT1_A549_NGG_0039	60	0.0181
safety_focused	MALAT1_A549_NGG_0039	61	0.019
safety_focused	MALAT1_A549_NGG_0039	62	0.0249
safety_focused	MALAT1_A549_NGG_0039	63	0.03976667
safety_focused	MALAT1_A549_NGG_0039	64	0.0482
safety_focused	MALAT1_A549_NGG_0039	65	0.0608
safety_focused	MALAT1_A549_NGG_0039	66	0.06143333
safety_focused	MALAT1_A549_NGG_0039	67	0.05546667
safety_focused	MALAT1_A549_NGG_0039	68	0.05666667
safety_focused	MALAT1_A549_NGG_0039	69	0.05936667
safety_focused	MALAT1_A549_NGG_0039	70	0.06656667
safety_focused	MALAT1_A549_NGG_0039	71	0.0711
safety_focused	MALAT1_A549_NGG_0039	72	0.0661
safety_focused	MALAT1_A549_NGG_0039	73	0.057
safety_focused	MALAT1_A549_NGG_0039	74	0.04743333
safety_focused	MALAT1_A549_NGG_0039	75	0.04596667
safety_focused	MALAT1_A549_NGG_0039	76	0.04353333
safety_focused	MALAT1_A549_NGG_0039	77	0.03153333
safety_focused	MALAT1_A549_NGG_0039	78	0.0166
safety_focused	MALAT1_A549_NGG_0039	79	0.00466667
safety_focused	MALAT1_A549_NGG_0039	80	0.00103333
safety_focused	MALAT1_A549_NGG_0039	81	0.0003
safety_focused	MALAT1_A549_NGG_0039	82	3.333e-05
safety_focused	MALAT1_A549_NGG_0039	83	0.0
safety_focused	MALAT1_A549_NGG_0039	84	0.0
safety_focused	MALAT1_A549_NGG_0039	85	0.0
safety_focused	MALAT1_A549_NGG_0039	86	0.0
safety_focused	MALAT1_A549_NGG_0040	1	0.0
safety_focused	MALAT1_A549_NGG_0040	2	0.0
safety_focused	MALAT1_A549_NGG_0040	3	0.0
safety_focused	MALAT1_A549_NGG_0040	4	0.0001
safety_focused	MALAT1_A549_NGG_0040	5	0.00063333
safety_focused	MALAT1_A549_NGG_0040	6	0.00216667
safety_focused	MALAT1_A549_NGG_0040	7	0.0065
safety_focused	MALAT1_A549_NGG_0040	8	0.0134
safety_focused	MALAT1_A549_NGG_0040	9	0.02163333
safety_focused	MALAT1_A549_NGG_0040	10	0.0293
safety_focused	MALAT1_A549_NGG_0040	11	0.0355
safety_focused	MALAT1_A549_NGG_0040	12	0.04573333
safety_focused	MALAT1_A549_NGG_0040	13	0.04866667
safety_focused	MALAT1_A549_NGG_0040	14	0.05676667
safety_focused	MALAT1_A549_NGG_0040	15	0.05723333
safety_focused	MALAT1_A549_NGG_0040	16	0.05613333
safety_focused	MALAT1_A549_NGG_0040	17	0.05803333
safety_focused	MALAT1_A549_NGG_0040	18	0.05556667
safety_focused	MALAT1_A549_NGG_0040	19	0.05236667
safety_focused	MALAT1_A549_NGG_0040	20	0.04813333
safety_focused	MALAT1_A549_NGG_0040	21	0.04733333
safety_focused	MALAT1_A549_NGG_0040	22	0.04173333
safety_focused	MALAT1_A549_NGG_0040	23	0.03693333
safety_focused	MALAT1_A549_NGG_0040	24	0.0336
safety_focused	MALAT1_A549_NGG_0040	25	0.0314
safety_focused	MALAT1_A549_NGG_0040	26	0.03033333
safety_focused	MALAT1_A549_NGG_0040	27	0.0277
safety_focused	MALAT1_A549_NGG_0040	28	0.0265
safety_focused	MALAT1_A549_NGG_0040	29	0.02593333
safety_focused	MALAT1_A549_NGG_0040	30	0.0191
safety_focused	MALAT1_A549_NGG_0040	31	0.0178
safety_focused	MALAT1_A549_NGG_0040	32	0.01483333
safety_focused	MALAT1_A549_NGG_0040	33	0.01226667
safety_focused	MALAT1_A549_NGG_0040	34	0.01083333
safety_focused	MALAT1_A549_NGG_0040	35	0.00873333
safety_focused	MALAT1_A549_NGG_0040	36	0.00733333
safety_focused	MALAT1_A549_NGG_0040	37	0.006
safety_focused	MALAT1_A549_NGG_0040	38	0.00456667
safety_focused	MALAT1_A549_NGG_0040	39	0.00386667
safety_focused	MALAT1_A549_NGG_0040	40	0.00236667
safety_focused	MALAT1_A549_NGG_0040	41	0.0015
safety_focused	MALAT1_A549_NGG_0040	42	0.00093333
safety_focused	MALAT1_A549_NGG_0040	43	0.0002
safety_focused	MALAT1_A549_NGG_0040	44	6.667e-05
safety_focused	MALAT1_A549_NGG_0040	45	0.0002
safety_focused	MALAT1_A549_NGG_0040	46	3.333e-05
safety_focused	MALAT1_A549_NGG_0040	47	3.333e-05
safety_focused	MALAT1_A549_NGG_0040	48	0.0
safety_focused	MALAT1_A549_NGG_0040	49	0.0
safety_focused	MALAT1_A549_NGG_0040	50	0.0
safety_focused	MALAT1_A549_NGG_0040	51	0.0
safety_focused	MALAT1_A549_NGG_0040	52	0.0
safety_focused	MALAT1_A549_NGG_0040	53	0.0
safety_focused	MALAT1_A549_NGG_0040	54	0.0
safety_focused	MALAT1_A549_NGG_0040	55	0.0
safety_focused	MALAT1_A549_NGG_0040	56	0.0
safety_focused	MALAT1_A549_NGG_0040	57	0.0
safety_focused	MALAT1_A549_NGG_0040	58	0.0
safety_focused	MALAT1_A549_NGG_0040	59	0.0
safety_focused	MALAT1_A549_NGG_0040	60	0.0
safety_focused	MALAT1_A549_NGG_0040	61	0.0
safety_focused	MALAT1_A549_NGG_0040	62	0.0
safety_focused	MALAT1_A549_NGG_0040	63	0.0
safety_focused	MALAT1_A549_NGG_0040	64	0.0
safety_focused	MALAT1_A549_NGG_0040	65	0.0
safety_focused	MALAT1_A549_NGG_0040	66	0.0
safety_focused	MALAT1_A549_NGG_0040	67	0.0
safety_focused	MALAT1_A549_NGG_0040	68	0.0
safety_focused	MALAT1_A549_NGG_0040	69	0.0
safety_focused	MALAT1_A549_NGG_0040	70	0.0
safety_focused	MALAT1_A549_NGG_0040	71	0.0
safety_focused	MALAT1_A549_NGG_0040	72	0.0
safety_focused	MALAT1_A549_NGG_0040	73	0.0
safety_focused	MALAT1_A549_NGG_0040	74	0.0
safety_focused	MALAT1_A549_NGG_0040	75	0.0
safety_focused	MALAT1_A549_NGG_0040	76	0.0
safety_focused	MALAT1_A549_NGG_0040	77	0.0
safety_focused	MALAT1_A549_NGG_0040	78	0.0
safety_focused	MALAT1_A549_NGG_0040	79	0.0
safety_focused	MALAT1_A549_NGG_0040	80	0.0
safety_focused	MALAT1_A549_NGG_0040	81	0.0
safety_focused	MALAT1_A549_NGG_0040	82	0.0
safety_focused	MALAT1_A549_NGG_0040	83	0.0
safety_focused	MALAT1_A549_NGG_0040	84	0.0
safety_focused	MALAT1_A549_NGG_0040	85	0.0
safety_focused	MALAT1_A549_NGG_0040	86	0.0
safety_focused	MALAT1_A549_NGG_0041	1	0.0
safety_focused	MALAT1_A549_NGG_0041	2	0.0
safety_focused	MALAT1_A549_NGG_0041	3	6.667e-05
safety_focused	MALAT1_A549_NGG_0041	4	0.0
safety_focused	MALAT1_A549_NGG_0041	5	0.0007
safety_focused	MALAT1_A549_NGG_0041	6	0.00286667
safety_focused	MALAT1_A549_NGG_0041	7	0.00856667
safety_focused	MALAT1_A549_NGG_0041	8	0.01603333
safety_focused	MALAT1_A549_NGG_0041	9	0.02633333
safety_focused	MALAT1_A549_NGG_0041	10	0.0335
safety_focused	MALAT1_A549_NGG_0041	11	0.04383333
safety_focused	MALAT1_A549_NGG_0041	12	0.0502
safety_focused	MALAT1_A549_NGG_0041	13	0.05366667
safety_focused	MALAT1_A549_NGG_0041	14	0.0575
safety_focused	MALAT1_A549_NGG_0041	15	0.05946667
safety_focused	MALAT1_A549_NGG_0041	16	0.06126667
safety_focused	MALAT1_A549_NGG_0041	17	0.05763333
safety_focused	MALAT1_A549_NGG_0041	18	0.05356667
safety_focused	MALAT1_A549_NGG_0041	19	0.05046667
safety_focused	MALAT1_A549_NGG_0041	20	0.0467
safety_focused	MALAT1_A549_NGG_0041	21	0.04243333
safety_focused	MALAT1_A549_NGG_0041	22	0.04043333
safety_focused	MALAT1_A549_NGG_0041	23	0.03696667
safety_focused	MALAT1_A549_NGG_0041	24	0.03216667
safety_focused	MALAT1_A549_NGG_0041	25	0.02886667
safety_focused	MALAT1_A549_NGG_0041	26	0.02816667
safety_focused	MALAT1_A549_NGG_0041	27	0.02873333
safety_focused	MALAT1_A549_NGG_0041	28	0.02326667
safety_focused	MALAT1_A549_NGG_0041	29	0.02176667
safety_focused	MALAT1_A549_NGG_0041	30	0.01806667
safety_focused	MALAT1_A549_NGG_0041	31	0.0161
safety_focused	MALAT1_A549_NGG_0041	32	0.01283333
safety_focused	MALAT1_A549_NGG_0041	33	0.00933333
safety_focused	MALAT1_A549_NGG_0041	34	0.00956667
safety_focused	MALAT1_A549_NGG_0041	35	0.00656667
safety_focused	MALAT1_A549_NGG_0041	36	0.00596667
safety_focused	MALAT1_A549_NGG_0041	37	0.00453333
safety_focused	MALAT1_A549_NGG_0041	38	0.00443333
safety_focused	MALAT1_A549_NGG_0041	39	0.00323333
safety_focused	MALAT1_A549_NGG_0041	40	0.00186667
safety_focused	MALAT1_A549_NGG_0041	41	0.00106667
safety_focused	MALAT1_A549_NGG_0041	42	0.00053333
safety_focused	MALAT1_A549_NGG_0041	43	0.00043333
safety_focused	MALAT1_A549_NGG_0041	44	0.00013333
safety_focused	MALAT1_A549_NGG_0041	45	0.0001
safety_focused	MALAT1_A549_NGG_0041	46	6.667e-05
safety_focused	MALAT1_A549_NGG_0041	47	0.0
safety_focused	MALAT1_A549_NGG_0041	48	0.0
safety_focused	MALAT1_A549_NGG_0041	49	0.0
safety_focused	MALAT1_A549_NGG_0041	50	0.0
safety_focused	MALAT1_A549_NGG_0041	51	0.0
safety_focused	MALAT1_A549_NGG_0041	52	0.0
safety_focused	MALAT1_A549_NGG_0041	53	0.0
safety_focused	MALAT1_A549_NGG_0041	54	0.0
safety_focused	MALAT1_A549_NGG_0041	55	0.0
safety_focused	MALAT1_A549_NGG_0041	56	0.0
safety_focused	MALAT1_A549_NGG_0041	57	0.0
safety_focused	MALAT1_A549_NGG_0041	58	0.0
safety_focused	MALAT1_A549_NGG_0041	59	0.0
safety_focused	MALAT1_A549_NGG_0041	60	0.0
safety_focused	MALAT1_A549_NGG_0041	61	0.0
safety_focused	MALAT1_A549_NGG_0041	62	0.0
safety_focused	MALAT1_A549_NGG_0041	63	0.0
safety_focused	MALAT1_A549_NGG_0041	64	0.0
safety_focused	MALAT1_A549_NGG_0041	65	0.0
safety_focused	MALAT1_A549_NGG_0041	66	0.0
safety_focused	MALAT1_A549_NGG_0041	67	0.0
safety_focused	MALAT1_A549_NGG_0041	68	0.0
safety_focused	MALAT1_A549_NGG_0041	69	0.0
safety_focused	MALAT1_A549_NGG_0041	70	0.0
safety_focused	MALAT1_A549_NGG_0041	71	0.0
safety_focused	MALAT1_A549_NGG_0041	72	0.0
safety_focused	MALAT1_A549_NGG_0041	73	0.0
safety_focused	MALAT1_A549_NGG_0041	74	0.0
safety_focused	MALAT1_A549_NGG_0041	75	0.0
safety_focused	MALAT1_A549_NGG_0041	76	0.0
safety_focused	MALAT1_A549_NGG_0041	77	0.0
safety_focused	MALAT1_A549_NGG_0041	78	0.0
safety_focused	MALAT1_A549_NGG_0041	79	0.0
safety_focused	MALAT1_A549_NGG_0041	80	0.0
safety_focused	MALAT1_A549_NGG_0041	81	0.0
safety_focused	MALAT1_A549_NGG_0041	82	0.0
safety_focused	MALAT1_A549_NGG_0041	83	0.0
safety_focused	MALAT1_A549_NGG_0041	84	0.0
safety_focused	MALAT1_A549_NGG_0041	85	0.0
safety_focused	MALAT1_A549_NGG_0041	86	0.0
safety_focused	MALAT1_A549_NGG_0042	1	3.333e-05
safety_focused	MALAT1_A549_NGG_0042	2	0.00023333
safety_focused	MALAT1_A549_NGG_0042	3	0.00183333
safety_focused	MALAT1_A549_NGG_0042	4	0.00843333
safety_focused	MALAT1_A549_NGG_0042	5	0.0255
safety_focused	MALAT1_A549_NGG_0042	6	0.05923333
safety_focused	MALAT1_A549_NGG_0042	7	0.09586667
safety_focused	MALAT1_A549_NGG_0042	8	0.10343333
safety_focused	MALAT1_A549_NGG_0042	9	0.10436667
safety_focused	MALAT1_A549_NGG_0042	10	0.09316667
safety_focused	MALAT1_A549_NGG_0042	11	0.08183333
safety_focused	MALAT1_A549_NGG_0042	12	0.07173333
safety_focused	MALAT1_A549_NGG_0042	13	0.06246667
safety_focused	MALAT1_A549_NGG_0042	14	0.05043333
safety_focused	MALAT1_A549_NGG_0042	15	0.03876667
safety_focused	MALAT1_A549_NGG_0042	16	0.03276667
safety_focused	MALAT1_A549_NGG_0042	17	0.0281
safety_focused	MALAT1_A549_NGG_0042	18	0.02203333
safety_focused	MALAT1_A549_NGG_0042	19	0.0203
safety_focused	MALAT1_A549_NGG_0042	20	0.01703333
safety_focused	MALAT1_A549_NGG_0042	21	0.01243333
safety_focused	MALAT1_A549_NGG_0042	22	0.0128
safety_focused	MALAT1_A549_NGG_0042	23	0.01123333
safety_focused	MALAT1_A549_NGG_0042	24	0.01056667
safety_focused	MALAT1_A549_NGG_0042	25	0.00813333
safety_focused	MALAT1_A549_NGG_0042	26	0.00646667
safety_focused	MALAT1_A549_NGG_0042	27	0.00486667
safety_focused	MALAT1_A549_NGG_0042	28	0.00373333
safety_focused	MALAT1_A549_NGG_0042	29	0.00316667
safety_focused	MALAT1_A549_NGG_0042	30	0.00216667
safety_focused	MALAT1_A549_NGG_0042	31	0.00203333
safety_focused	MALAT1_A549_NGG_0042	32	0.00166667
safety_focused	MALAT1_A549_NGG_0042	33	0.00083333
safety_focused	MALAT1_A549_NGG_0042	34	0.00053333
safety_focused	MALAT1_A549_NGG_0042	35	0.00046667
safety_focused	MALAT1_A549_NGG_0042	36	0.00066667
safety_focused	MALAT1_A549_NGG_0042	37	0.00023333
safety_focused	MALAT1_A549_NGG_0042	38	0.0002
safety_focused	MALAT1_A549_NGG_0042	39	0.0001
safety_focused	MALAT1_A549_NGG_0042	40	6.667e-05
safety_focused	MALAT1_A549_NGG_0042	41	3.333e-05
safety_focused	MALAT1_A549_NGG_0042	42	3.333e-05
safety_focused	MALAT1_A549_NGG_0042	43	0.0
safety_focused	MALAT1_A549_NGG_0042	44	0.0
safety_focused	MALAT1_A549_NGG_0042	45	0.0
safety_focused	MALAT1_A549_NGG_0042	46	0.0
safety_focused	MALAT1_A549_NGG_0042	47	0.0
safety_focused	MALAT1_A549_NGG_0042	48	0.0
safety_focused	MALAT1_A549_NGG_0042	49	0.0
safety_focused	MALAT1_A549_NGG_0042	50	0.0
safety_focused	MALAT1_A549_NGG_0042	51	0.0
safety_focused	MALAT1_A549_NGG_0042	52	0.0
safety_focused	MALAT1_A549_NGG_0042	53	0.0
safety_focused	MALAT1_A549_NGG_0042	54	0.0
safety_focused	MALAT1_A549_NGG_0042	55	0.0
safety_focused	MALAT1_A549_NGG_0042	56	0.0
safety_focused	MALAT1_A549_NGG_0042	57	0.0
safety_focused	MALAT1_A549_NGG_0042	58	0.0
safety_focused	MALAT1_A549_NGG_0042	59	0.0
safety_focused	MALAT1_A549_NGG_0042	60	0.0
safety_focused	MALAT1_A549_NGG_0042	61	0.0
safety_focused	MALAT1_A549_NGG_0042	62	0.0
safety_focused	MALAT1_A549_NGG_0042	63	0.0
safety_focused	MALAT1_A549_NGG_0042	64	0.0
safety_focused	MALAT1_A549_NGG_0042	65	0.0
safety_focused	MALAT1_A549_NGG_0042	66	0.0
safety_focused	MALAT1_A549_NGG_0042	67	0.0
safety_focused	MALAT1_A549_NGG_0042	68	0.0
safety_focused	MALAT1_A549_NGG_0042	69	0.0
safety_focused	MALAT1_A549_NGG_0042	70	0.0
safety_focused	MALAT1_A549_NGG_0042	71	0.0
safety_focused	MALAT1_A549_NGG_0042	72	0.0
safety_focused	MALAT1_A549_NGG_0042	73	0.0
safety_focused	MALAT1_A549_NGG_0042	74	0.0
safety_focused	MALAT1_A549_NGG_0042	75	0.0
safety_focused	MALAT1_A549_NGG_0042	76	0.0
safety_focused	MALAT1_A549_NGG_0042	77	0.0
safety_focused	MALAT1_A549_NGG_0042	78	0.0
safety_focused	MALAT1_A549_NGG_0042	79	0.0
safety_focused	MALAT1_A549_NGG_0042	80	0.0
safety_focused	MALAT1_A549_NGG_0042	81	0.0
safety_focused	MALAT1_A549_NGG_0042	82	0.0
safety_focused	MALAT1_A549_NGG_0042	83	0.0
safety_focused	MALAT1_A549_NGG_0042	84	0.0
safety_focused	MALAT1_A549_NGG_0042	85	0.0
safety_focused	MALAT1_A549_NGG_0042	86	0.0
safety_focused	MALAT1_A549_NGG_0043	1	0.0
safety_focused	MALAT1_A549_NGG_0043	2	0.0
safety_focused	MALAT1_A549_NGG_0043	3	3.333e-05
safety_focused	MALAT1_A549_NGG_0043	4	0.0004
safety_focused	MALAT1_A549_NGG_0043	5	0.00183333
safety_focused	MALAT1_A549_NGG_0043	6	0.006
safety_focused	MALAT1_A549_NGG_0043	7	0.01386667
safety_focused	MALAT1_A549_NGG_0043	8	0.0258
safety_focused	MALAT1_A549_NGG_0043	9	0.0367
safety_focused	MALAT1_A549_NGG_0043	10	0.0475
safety_focused	MALAT1_A549_NGG_0043	11	0.05373333
safety_focused	MALAT1_A549_NGG_0043	12	0.05986667
safety_focused	MALAT1_A549_NGG_0043	13	0.06276667
safety_focused	MALAT1_A549_NGG_0043	14	0.0665
safety_focused	MALAT1_A549_NGG_0043	15	0.06496667
safety_focused	MALAT1_A549_NGG_0043	16	0.06196667
safety_focused	MALAT1_A549_NGG_0043	17	0.05546667
safety_focused	MALAT1_A549_NGG_0043	18	0.05283333
safety_focused	MALAT1_A549_NGG_0043	19	0.0467
safety_focused	MALAT1_A549_NGG_0043	20	0.0414
safety_focused	MALAT1_A549_NGG_0043	21	0.03726667
safety_focused	MALAT1_A549_NGG_0043	22	0.03496667
safety_focused	MALAT1_A549_NGG_0043	23	0.02996667
safety_focused	MALAT1_A549_NGG_0043	24	0.02776667
safety_focused	MALAT1_A549_NGG_0043	25	0.02476667
safety_focused	MALAT1_A549_NGG_0043	26	0.02546667
safety_focused	MALAT1_A549_NGG_0043	27	0.0205
safety_focused	MALAT1_A549_NGG_0043	28	0.01923333
safety_focused	MALAT1_A549_NGG_0043	29	0.01633333
safety_focused	MALAT1_A549_NGG_0043	30	0.01303333
safety_focused	MALAT1_A549_NGG_0043	31	0.01146667
safety_focused	MALAT1_A549_NGG_0043	32	0.00863333
safety_focused	MALAT1_A549_NGG_0043	33	0.00763333
safety_focused	MALAT1_A549_NGG_0043	34	0.0055
safety_focused	MALAT1_A549_NGG_0043	35	0.0051
safety_focused	MALAT1_A549_NGG_0043	36	0.00456667
safety_focused	MALAT1_A549_NGG_0043	37	0.00326667
safety_focused	MALAT1_A549_NGG_0043	38	0.0026
safety_focused	MALAT1_A549_NGG_0043	39	0.00156667
safety_focused	MALAT1_A549_NGG_0043	40	0.0009
safety_focused	MALAT1_A549_NGG_0043	41	0.0004
safety_focused	MALAT1_A549_NGG_0043	42	0.00026667
safety_focused	MALAT1_A549_NGG_0043	43	0.00016667
safety_focused	MALAT1_A549_NGG_0043	44	0.00016667
safety_focused	MALAT1_A549_NGG_0043	45	6.667e-05
safety_focused	MALAT1_A549_NGG_0043	46	0.0
safety_focused	MALAT1_A549_NGG_0043	47	3.333e-05
safety_focused	MALAT1_A549_NGG_0043	48	3.333e-05
safety_focused	MALAT1_A549_NGG_0043	49	0.0
safety_focused	MALAT1_A549_NGG_0043	50	0.0
safety_focused	MALAT1_A549_NGG_0043	51	0.0
safety_focused	MALAT1_A549_NGG_0043	52	0.0
safety_focused	MALAT1_A549_NGG_0043	53	0.0
safety_focused	MALAT1_A549_NGG_0043	54	0.0
safety_focused	MALAT1_A549_NGG_0043	55	0.0
safety_focused	MALAT1_A549_NGG_0043	56	0.0
safety_focused	MALAT1_A549_NGG_0043	57	0.0
safety_focused	MALAT1_A549_NGG_0043	58	0.0
safety_focused	MALAT1_A549_NGG_0043	59	0.0
safety_focused	MALAT1_A549_NGG_0043	60	0.0
safety_focused	MALAT1_A549_NGG_0043	61	0.0
safety_focused	MALAT1_A549_NGG_0043	62	0.0
safety_focused	MALAT1_A549_NGG_0043	63	0.0
safety_focused	MALAT1_A549_NGG_0043	64	0.0
safety_focused	MALAT1_A549_NGG_0043	65	0.0
safety_focused	MALAT1_A549_NGG_0043	66	0.0
safety_focused	MALAT1_A549_NGG_0043	67	0.0
safety_focused	MALAT1_A549_NGG_0043	68	0.0
safety_focused	MALAT1_A549_NGG_0043	69	0.0
safety_focused	MALAT1_A549_NGG_0043	70	0.0
safety_focused	MALAT1_A549_NGG_0043	71	0.0
safety_focused	MALAT1_A549_NGG_0043	72	0.0
safety_focused	MALAT1_A549_NGG_0043	73	0.0
safety_focused	MALAT1_A549_NGG_0043	74	0.0
safety_focused	MALAT1_A549_NGG_0043	75	0.0
safety_focused	MALAT1_A549_NGG_0043	76	0.0
safety_focused	MALAT1_A549_NGG_0043	77	0.0
safety_focused	MALAT1_A549_NGG_0043	78	0.0
safety_focused	MALAT1_A549_NGG_0043	79	0.0
safety_focused	MALAT1_A549_NGG_0043	80	0.0
safety_focused	MALAT1_A549_NGG_0043	81	0.0
safety_focused	MALAT1_A549_NGG_0043	82	0.0
safety_focused	MALAT1_A549_NGG_0043	83	0.0
safety_focused	MALAT1_A549_NGG_0043	84	0.0
safety_focused	MALAT1_A549_NGG_0043	85	0.0
safety_focused	MALAT1_A549_NGG_0043	86	0.0
safety_focused	MALAT1_A549_NGG_0044	1	0.0
safety_focused	MALAT1_A549_NGG_0044	2	0.0
safety_focused	MALAT1_A549_NGG_0044	3	0.0
safety_focused	MALAT1_A549_NGG_0044	4	0.0
safety_focused	MALAT1_A549_NGG_0044	5	0.0
safety_focused	MALAT1_A549_NGG_0044	6	3.333e-05
safety_focused	MALAT1_A549_NGG_0044	7	3.333e-05
safety_focused	MALAT1_A549_NGG_0044	8	0.00023333
safety_focused	MALAT1_A549_NGG_0044	9	0.0006
safety_focused	MALAT1_A549_NGG_0044	10	0.0008
safety_focused	MALAT1_A549_NGG_0044	11	0.00226667
safety_focused	MALAT1_A549_NGG_0044	12	0.0033
safety_focused	MALAT1_A549_NGG_0044	13	0.0052
safety_focused	MALAT1_A549_NGG_0044	14	0.00826667
safety_focused	MALAT1_A549_NGG_0044	15	0.011
safety_focused	MALAT1_A549_NGG_0044	16	0.01433333
safety_focused	MALAT1_A549_NGG_0044	17	0.0153
safety_focused	MALAT1_A549_NGG_0044	18	0.02183333
safety_focused	MALAT1_A549_NGG_0044	19	0.02403333
safety_focused	MALAT1_A549_NGG_0044	20	0.02653333
safety_focused	MALAT1_A549_NGG_0044	21	0.02966667
safety_focused	MALAT1_A549_NGG_0044	22	0.03346667
safety_focused	MALAT1_A549_NGG_0044	23	0.03486667
safety_focused	MALAT1_A549_NGG_0044	24	0.03566667
safety_focused	MALAT1_A549_NGG_0044	25	0.03923333
safety_focused	MALAT1_A549_NGG_0044	26	0.04053333
safety_focused	MALAT1_A549_NGG_0044	27	0.04166667
safety_focused	MALAT1_A549_NGG_0044	28	0.04516667
safety_focused	MALAT1_A549_NGG_0044	29	0.04306667
safety_focused	MALAT1_A549_NGG_0044	30	0.0469
safety_focused	MALAT1_A549_NGG_0044	31	0.04696667
safety_focused	MALAT1_A549_NGG_0044	32	0.05146667
safety_focused	MALAT1_A549_NGG_0044	33	0.04796667
safety_focused	MALAT1_A549_NGG_0044	34	0.04453333
safety_focused	MALAT1_A549_NGG_0044	35	0.04026667
safety_focused	MALAT1_A549_NGG_0044	36	0.03913333
safety_focused	MALAT1_A549_NGG_0044	37	0.03606667
safety_focused	MALAT1_A549_NGG_0044	38	0.0326
safety_focused	MALAT1_A549_NGG_0044	39	0.03353333
safety_focused	MALAT1_A549_NGG_0044	40	0.03266667
safety_focused	MALAT1_A549_NGG_0044	41	0.02496667
safety_focused	MALAT1_A549_NGG_0044	42	0.02003333
safety_focused	MALAT1_A549_NGG_0044	43	0.01053333
safety_focused	MALAT1_A549_NGG_0044	44	0.00613333
safety_focused	MALAT1_A549_NGG_0044	45	0.00336667
safety_focused	MALAT1_A549_NGG_0044	46	0.00233333
safety_focused	MALAT1_A549_NGG_0044	47	0.00123333
safety_focused	MALAT1_A549_NGG_0044	48	0.00066667
safety_focused	MALAT1_A549_NGG_0044	49	0.0007
safety_focused	MALAT1_A549_NGG_0044	50	0.00046667
safety_focused	MALAT1_A549_NGG_0044	51	0.00013333
safety_focused	MALAT1_A549_NGG_0044	52	6.667e-05
safety_focused	MALAT1_A549_NGG_0044	53	0.00013333
safety_focused	MALAT1_A549_NGG_0044	54	3.333e-05
safety_focused	MALAT1_A549_NGG_0044	55	0.0
safety_focused	MALAT1_A549_NGG_0044	56	0.0
safety_focused	MALAT1_A549_NGG_0044	57	0.0
safety_focused	MALAT1_A549_NGG_0044	58	0.0
safety_focused	MALAT1_A549_NGG_0044	59	0.0
safety_focused	MALAT1_A549_NGG_0044	60	0.0
safety_focused	MALAT1_A549_NGG_0044	61	0.0
safety_focused	MALAT1_A549_NGG_0044	62	0.0
safety_focused	MALAT1_A549_NGG_0044	63	0.0
safety_focused	MALAT1_A549_NGG_0044	64	0.0
safety_focused	MALAT1_A549_NGG_0044	65	0.0
safety_focused	MALAT1_A549_NGG_0044	66	0.0
safety_focused	MALAT1_A549_NGG_0044	67	0.0
safety_focused	MALAT1_A549_NGG_0044	68	0.0
safety_focused	MALAT1_A549_NGG_0044	69	0.0
safety_focused	MALAT1_A549_NGG_0044	70	0.0
safety_focused	MALAT1_A549_NGG_0044	71	0.0
safety_focused	MALAT1_A549_NGG_0044	72	0.0
safety_focused	MALAT1_A549_NGG_0044	73	0.0
safety_focused	MALAT1_A549_NGG_0044	74	0.0
safety_focused	MALAT1_A549_NGG_0044	75	0.0
safety_focused	MALAT1_A549_NGG_0044	76	0.0
safety_focused	MALAT1_A549_NGG_0044	77	0.0
safety_focused	MALAT1_A549_NGG_0044	78	0.0
safety_focused	MALAT1_A549_NGG_0044	79	0.0
safety_focused	MALAT1_A549_NGG_0044	80	0.0
safety_focused	MALAT1_A549_NGG_0044	81	0.0
safety_focused	MALAT1_A549_NGG_0044	82	0.0
safety_focused	MALAT1_A549_NGG_0044	83	0.0
safety_focused	MALAT1_A549_NGG_0044	84	0.0
safety_focused	MALAT1_A549_NGG_0044	85	0.0
safety_focused	MALAT1_A549_NGG_0044	86	0.0
safety_focused	MALAT1_A549_NGG_0045	1	0.00333333
safety_focused	MALAT1_A549_NGG_0045	2	0.02953333
safety_focused	MALAT1_A549_NGG_0045	3	0.1217
safety_focused	MALAT1_A549_NGG_0045	4	0.21166667
safety_focused	MALAT1_A549_NGG_0045	5	0.20623333
safety_focused	MALAT1_A549_NGG_0045	6	0.14603333
safety_focused	MALAT1_A549_NGG_0045	7	0.08083333
safety_focused	MALAT1_A549_NGG_0045	8	0.05373333
safety_focused	MALAT1_A549_NGG_0045	9	0.0383
safety_focused	MALAT1_A549_NGG_0045	10	0.0277
safety_focused	MALAT1_A549_NGG_0045	11	0.02113333
safety_focused	MALAT1_A549_NGG_0045	12	0.0166
safety_focused	MALAT1_A549_NGG_0045	13	0.01136667
safety_focused	MALAT1_A549_NGG_0045	14	0.0081
safety_focused	MALAT1_A549_NGG_0045	15	0.00606667
safety_focused	MALAT1_A549_NGG_0045	16	0.00456667
safety_focused	MALAT1_A549_NGG_0045	17	0.0026
safety_focused	MALAT1_A549_NGG_0045	18	0.00193333
safety_focused	MALAT1_A549_NGG_0045	19	0.0016
safety_focused	MALAT1_A549_NGG_0045	20	0.00163333
safety_focused	MALAT1_A549_NGG_0045	21	0.00163333
safety_focused	MALAT1_A549_NGG_0045	22	0.00116667
safety_focused	MALAT1_A549_NGG_0045	23	0.0012
safety_focused	MALAT1_A549_NGG_0045	24	0.00056667
safety_focused	MALAT1_A549_NGG_0045	25	0.0002
safety_focused	MALAT1_A549_NGG_0045	26	0.00026667
safety_focused	MALAT1_A549_NGG_0045	27	0.00013333
safety_focused	MALAT1_A549_NGG_0045	28	6.667e-05
safety_focused	MALAT1_A549_NGG_0045	29	6.667e-05
safety_focused	MALAT1_A549_NGG_0045	30	0.0
safety_focused	MALAT1_A549_NGG_0045	31	3.333e-05
safety_focused	MALAT1_A549_NGG_0045	32	0.0
safety_focused	MALAT1_A549_NGG_0045	33	0.0
safety_focused	MALAT1_A549_NGG_0045	34	0.0
safety_focused	MALAT1_A549_NGG_0045	35	0.0
safety_focused	MALAT1_A549_NGG_0045	36	0.0
safety_focused	MALAT1_A549_NGG_0045	37	0.0
safety_focused	MALAT1_A549_NGG_0045	38	0.0
safety_focused	MALAT1_A549_NGG_0045	39	0.0
safety_focused	MALAT1_A549_NGG_0045	40	0.0
safety_focused	MALAT1_A549_NGG_0045	41	0.0
safety_focused	MALAT1_A549_NGG_0045	42	0.0
safety_focused	MALAT1_A549_NGG_0045	43	0.0
safety_focused	MALAT1_A549_NGG_0045	44	0.0
safety_focused	MALAT1_A549_NGG_0045	45	0.0
safety_focused	MALAT1_A549_NGG_0045	46	0.0
safety_focused	MALAT1_A549_NGG_0045	47	0.0
safety_focused	MALAT1_A549_NGG_0045	48	0.0
safety_focused	MALAT1_A549_NGG_0045	49	0.0
safety_focused	MALAT1_A549_NGG_0045	50	0.0
safety_focused	MALAT1_A549_NGG_0045	51	0.0
safety_focused	MALAT1_A549_NGG_0045	52	0.0
safety_focused	MALAT1_A549_NGG_0045	53	0.0
safety_focused	MALAT1_A549_NGG_0045	54	0.0
safety_focused	MALAT1_A549_NGG_0045	55	0.0
safety_focused	MALAT1_A549_NGG_0045	56	0.0
safety_focused	MALAT1_A549_NGG_0045	57	0.0
safety_focused	MALAT1_A549_NGG_0045	58	0.0
safety_focused	MALAT1_A549_NGG_0045	59	0.0
safety_focused	MALAT1_A549_NGG_0045	60	0.0
safety_focused	MALAT1_A549_NGG_0045	61	0.0
safety_focused	MALAT1_A549_NGG_0045	62	0.0
safety_focused	MALAT1_A549_NGG_0045	63	0.0
safety_focused	MALAT1_A549_NGG_0045	64	0.0
safety_focused	MALAT1_A549_NGG_0045	65	0.0
safety_focused	MALAT1_A549_NGG_0045	66	0.0
safety_focused	MALAT1_A549_NGG_0045	67	0.0
safety_focused	MALAT1_A549_NGG_0045	68	0.0
safety_focused	MALAT1_A549_NGG_0045	69	0.0
safety_focused	MALAT1_A549_NGG_0045	70	0.0
safety_focused	MALAT1_A549_NGG_0045	71	0.0
safety_focused	MALAT1_A549_NGG_0045	72	0.0
safety_focused	MALAT1_A549_NGG_0045	73	0.0
safety_focused	MALAT1_A549_NGG_0045	74	0.0
safety_focused	MALAT1_A549_NGG_0045	75	0.0
safety_focused	MALAT1_A549_NGG_0045	76	0.0
safety_focused	MALAT1_A549_NGG_0045	77	0.0
safety_focused	MALAT1_A549_NGG_0045	78	0.0
safety_focused	MALAT1_A549_NGG_0045	79	0.0
safety_focused	MALAT1_A549_NGG_0045	80	0.0
safety_focused	MALAT1_A549_NGG_0045	81	0.0
safety_focused	MALAT1_A549_NGG_0045	82	0.0
safety_focused	MALAT1_A549_NGG_0045	83	0.0
safety_focused	MALAT1_A549_NGG_0045	84	0.0
safety_focused	MALAT1_A549_NGG_0045	85	0.0
safety_focused	MALAT1_A549_NGG_0045	86	0.0
safety_focused	MALAT1_A549_NGG_0046	1	0.50583333
safety_focused	MALAT1_A549_NGG_0046	2	0.2988
safety_focused	MALAT1_A549_NGG_0046	3	0.12056667
safety_focused	MALAT1_A549_NGG_0046	4	0.03956667
safety_focused	MALAT1_A549_NGG_0046	5	0.0152
safety_focused	MALAT1_A549_NGG_0046	6	0.00806667
safety_focused	MALAT1_A549_NGG_0046	7	0.005
safety_focused	MALAT1_A549_NGG_0046	8	0.0026
safety_focused	MALAT1_A549_NGG_0046	9	0.00126667
safety_focused	MALAT1_A549_NGG_0046	10	0.0009
safety_focused	MALAT1_A549_NGG_0046	11	0.0006
safety_focused	MALAT1_A549_NGG_0046	12	0.00026667
safety_focused	MALAT1_A549_NGG_0046	13	0.00033333
safety_focused	MALAT1_A549_NGG_0046	14	0.00016667
safety_focused	MALAT1_A549_NGG_0046	15	0.0001
safety_focused	MALAT1_A549_NGG_0046	16	0.00023333
safety_focused	MALAT1_A549_NGG_0046	17	0.0001
safety_focused	MALAT1_A549_NGG_0046	18	0.0001
safety_focused	MALAT1_A549_NGG_0046	19	0.00026667
safety_focused	MALAT1_A549_NGG_0046	20	3.333e-05
safety_focused	MALAT1_A549_NGG_0046	21	0.0
safety_focused	MALAT1_A549_NGG_0046	22	0.0
safety_focused	MALAT1_A549_NGG_0046	23	0.0
safety_focused	MALAT1_A549_NGG_0046	24	0.0
safety_focused	MALAT1_A549_NGG_0046	25	0.0
safety_focused	MALAT1_A549_NGG_0046	26	0.0
safety_focused	MALAT1_A549_NGG_0046	27	0.0
safety_focused	MALAT1_A549_NGG_0046	28	0.0
safety_focused	MALAT1_A549_NGG_0046	29	0.0
safety_focused	MALAT1_A549_NGG_0046	30	0.0
safety_focused	MALAT1_A549_NGG_0046	31	0.0
safety_focused	MALAT1_A549_NGG_0046	32	0.0
safety_focused	MALAT1_A549_NGG_0046	33	0.0
safety_focused	MALAT1_A549_NGG_0046	34	0.0
safety_focused	MALAT1_A549_NGG_0046	35	0.0
safety_focused	MALAT1_A549_NGG_0046	36	0.0
safety_focused	MALAT1_A549_NGG_0046	37	0.0
safety_focused	MALAT1_A549_NGG_0046	38	0.0
safety_focused	MALAT1_A549_NGG_0046	39	0.0
safety_focused	MALAT1_A549_NGG_0046	40	0.0
safety_focused	MALAT1_A549_NGG_0046	41	0.0
safety_focused	MALAT1_A549_NGG_0046	42	0.0
safety_focused	MALAT1_A549_NGG_0046	43	0.0
safety_focused	MALAT1_A549_NGG_0046	44	0.0
safety_focused	MALAT1_A549_NGG_0046	45	0.0
safety_focused	MALAT1_A549_NGG_0046	46	0.0
safety_focused	MALAT1_A549_NGG_0046	47	0.0
safety_focused	MALAT1_A549_NGG_0046	48	0.0
safety_focused	MALAT1_A549_NGG_0046	49	0.0
safety_focused	MALAT1_A549_NGG_0046	50	0.0
safety_focused	MALAT1_A549_NGG_0046	51	0.0
safety_focused	MALAT1_A549_NGG_0046	52	0.0
safety_focused	MALAT1_A549_NGG_0046	53	0.0
safety_focused	MALAT1_A549_NGG_0046	54	0.0
safety_focused	MALAT1_A549_NGG_0046	55	0.0
safety_focused	MALAT1_A549_NGG_0046	56	0.0
safety_focused	MALAT1_A549_NGG_0046	57	0.0
safety_focused	MALAT1_A549_NGG_0046	58	0.0
safety_focused	MALAT1_A549_NGG_0046	59	0.0
safety_focused	MALAT1_A549_NGG_0046	60	0.0
safety_focused	MALAT1_A549_NGG_0046	61	0.0
safety_focused	MALAT1_A549_NGG_0046	62	0.0
safety_focused	MALAT1_A549_NGG_0046	63	0.0
safety_focused	MALAT1_A549_NGG_0046	64	0.0
safety_focused	MALAT1_A549_NGG_0046	65	0.0
safety_focused	MALAT1_A549_NGG_0046	66	0.0
safety_focused	MALAT1_A549_NGG_0046	67	0.0
safety_focused	MALAT1_A549_NGG_0046	68	0.0
safety_focused	MALAT1_A549_NGG_0046	69	0.0
safety_focused	MALAT1_A549_NGG_0046	70	0.0
safety_focused	MALAT1_A549_NGG_0046	71	0.0
safety_focused	MALAT1_A549_NGG_0046	72	0.0
safety_focused	MALAT1_A549_NGG_0046	73	0.0
safety_focused	MALAT1_A549_NGG_0046	74	0.0
safety_focused	MALAT1_A549_NGG_0046	75	0.0
safety_focused	MALAT1_A549_NGG_0046	76	0.0
safety_focused	MALAT1_A549_NGG_0046	77	0.0
safety_focused	MALAT1_A549_NGG_0046	78	0.0
safety_focused	MALAT1_A549_NGG_0046	79	0.0
safety_focused	MALAT1_A549_NGG_0046	80	0.0
safety_focused	MALAT1_A549_NGG_0046	81	0.0
safety_focused	MALAT1_A549_NGG_0046	82	0.0
safety_focused	MALAT1_A549_NGG_0046	83	0.0
safety_focused	MALAT1_A549_NGG_0046	84	0.0
safety_focused	MALAT1_A549_NGG_0046	85	0.0
safety_focused	MALAT1_A549_NGG_0046	86	0.0
safety_focused	MALAT1_A549_NGG_0047	1	0.1095
safety_focused	MALAT1_A549_NGG_0047	2	0.32696667
safety_focused	MALAT1_A549_NGG_0047	3	0.27146667
safety_focused	MALAT1_A549_NGG_0047	4	0.15003333
safety_focused	MALAT1_A549_NGG_0047	5	0.0614
safety_focused	MALAT1_A549_NGG_0047	6	0.03186667
safety_focused	MALAT1_A549_NGG_0047	7	0.01776667
safety_focused	MALAT1_A549_NGG_0047	8	0.01063333
safety_focused	MALAT1_A549_NGG_0047	9	0.00713333
safety_focused	MALAT1_A549_NGG_0047	10	0.00453333
safety_focused	MALAT1_A549_NGG_0047	11	0.0021
safety_focused	MALAT1_A549_NGG_0047	12	0.00176667
safety_focused	MALAT1_A549_NGG_0047	13	0.00126667
safety_focused	MALAT1_A549_NGG_0047	14	0.0008
safety_focused	MALAT1_A549_NGG_0047	15	0.0007
safety_focused	MALAT1_A549_NGG_0047	16	0.0005
safety_focused	MALAT1_A549_NGG_0047	17	0.00036667
safety_focused	MALAT1_A549_NGG_0047	18	0.0002
safety_focused	MALAT1_A549_NGG_0047	19	0.00026667
safety_focused	MALAT1_A549_NGG_0047	20	0.0004
safety_focused	MALAT1_A549_NGG_0047	21	0.0002
safety_focused	MALAT1_A549_NGG_0047	22	6.667e-05
safety_focused	MALAT1_A549_NGG_0047	23	6.667e-05
safety_focused	MALAT1_A549_NGG_0047	24	0.0
safety_focused	MALAT1_A549_NGG_0047	25	0.0
safety_focused	MALAT1_A549_NGG_0047	26	0.0
safety_focused	MALAT1_A549_NGG_0047	27	0.0
safety_focused	MALAT1_A549_NGG_0047	28	0.0
safety_focused	MALAT1_A549_NGG_0047	29	0.0
safety_focused	MALAT1_A549_NGG_0047	30	0.0
safety_focused	MALAT1_A549_NGG_0047	31	0.0
safety_focused	MALAT1_A549_NGG_0047	32	0.0
safety_focused	MALAT1_A549_NGG_0047	33	0.0
safety_focused	MALAT1_A549_NGG_0047	34	0.0
safety_focused	MALAT1_A549_NGG_0047	35	0.0
safety_focused	MALAT1_A549_NGG_0047	36	0.0
safety_focused	MALAT1_A549_NGG_0047	37	0.0
safety_focused	MALAT1_A549_NGG_0047	38	0.0
safety_focused	MALAT1_A549_NGG_0047	39	0.0
safety_focused	MALAT1_A549_NGG_0047	40	0.0
safety_focused	MALAT1_A549_NGG_0047	41	0.0
safety_focused	MALAT1_A549_NGG_0047	42	0.0
safety_focused	MALAT1_A549_NGG_0047	43	0.0
safety_focused	MALAT1_A549_NGG_0047	44	0.0
safety_focused	MALAT1_A549_NGG_0047	45	0.0
safety_focused	MALAT1_A549_NGG_0047	46	0.0
safety_focused	MALAT1_A549_NGG_0047	47	0.0
safety_focused	MALAT1_A549_NGG_0047	48	0.0
safety_focused	MALAT1_A549_NGG_0047	49	0.0
safety_focused	MALAT1_A549_NGG_0047	50	0.0
safety_focused	MALAT1_A549_NGG_0047	51	0.0
safety_focused	MALAT1_A549_NGG_0047	52	0.0
safety_focused	MALAT1_A549_NGG_0047	53	0.0
safety_focused	MALAT1_A549_NGG_0047	54	0.0
safety_focused	MALAT1_A549_NGG_0047	55	0.0
safety_focused	MALAT1_A549_NGG_0047	56	0.0
safety_focused	MALAT1_A549_NGG_0047	57	0.0
safety_focused	MALAT1_A549_NGG_0047	58	0.0
safety_focused	MALAT1_A549_NGG_0047	59	0.0
safety_focused	MALAT1_A549_NGG_0047	60	0.0
safety_focused	MALAT1_A549_NGG_0047	61	0.0
safety_focused	MALAT1_A549_NGG_0047	62	0.0
safety_focused	MALAT1_A549_NGG_0047	63	0.0
safety_focused	MALAT1_A549_NGG_0047	64	0.0
safety_focused	MALAT1_A549_NGG_0047	65	0.0
safety_focused	MALAT1_A549_NGG_0047	66	0.0
safety_focused	MALAT1_A549_NGG_0047	67	0.0
safety_focused	MALAT1_A549_NGG_0047	68	0.0
safety_focused	MALAT1_A549_NGG_0047	69	0.0
safety_focused	MALAT1_A549_NGG_0047	70	0.0
safety_focused	MALAT1_A549_NGG_0047	71	0.0
safety_focused	MALAT1_A549_NGG_0047	72	0.0
safety_focused	MALAT1_A549_NGG_0047	73	0.0
safety_focused	MALAT1_A549_NGG_0047	74	0.0
safety_focused	MALAT1_A549_NGG_0047	75	0.0
safety_focused	MALAT1_A549_NGG_0047	76	0.0
safety_focused	MALAT1_A549_NGG_0047	77	0.0
safety_focused	MALAT1_A549_NGG_0047	78	0.0
safety_focused	MALAT1_A549_NGG_0047	79	0.0
safety_focused	MALAT1_A549_NGG_0047	80	0.0
safety_focused	MALAT1_A549_NGG_0047	81	0.0
safety_focused	MALAT1_A549_NGG_0047	82	0.0
safety_focused	MALAT1_A549_NGG_0047	83	0.0
safety_focused	MALAT1_A549_NGG_0047	84	0.0
safety_focused	MALAT1_A549_NGG_0047	85	0.0
safety_focused	MALAT1_A549_NGG_0047	86	0.0
safety_focused	MALAT1_A549_NGG_0048	1	0.00403333
safety_focused	MALAT1_A549_NGG_0048	2	0.03713333
safety_focused	MALAT1_A549_NGG_0048	3	0.144
safety_focused	MALAT1_A549_NGG_0048	4	0.21466667
safety_focused	MALAT1_A549_NGG_0048	5	0.2009
safety_focused	MALAT1_A549_NGG_0048	6	0.13336667
safety_focused	MALAT1_A549_NGG_0048	7	0.0764
safety_focused	MALAT1_A549_NGG_0048	8	0.0505
safety_focused	MALAT1_A549_NGG_0048	9	0.0363
safety_focused	MALAT1_A549_NGG_0048	10	0.02783333
safety_focused	MALAT1_A549_NGG_0048	11	0.02043333
safety_focused	MALAT1_A549_NGG_0048	12	0.015
safety_focused	MALAT1_A549_NGG_0048	13	0.00986667
safety_focused	MALAT1_A549_NGG_0048	14	0.00743333
safety_focused	MALAT1_A549_NGG_0048	15	0.0056
safety_focused	MALAT1_A549_NGG_0048	16	0.0037
safety_focused	MALAT1_A549_NGG_0048	17	0.00293333
safety_focused	MALAT1_A549_NGG_0048	18	0.0024
safety_focused	MALAT1_A549_NGG_0048	19	0.0018
safety_focused	MALAT1_A549_NGG_0048	20	0.00123333
safety_focused	MALAT1_A549_NGG_0048	21	0.00136667
safety_focused	MALAT1_A549_NGG_0048	22	0.0014
safety_focused	MALAT1_A549_NGG_0048	23	0.00053333
safety_focused	MALAT1_A549_NGG_0048	24	0.00066667
safety_focused	MALAT1_A549_NGG_0048	25	0.00013333
safety_focused	MALAT1_A549_NGG_0048	26	0.0001
safety_focused	MALAT1_A549_NGG_0048	27	6.667e-05
safety_focused	MALAT1_A549_NGG_0048	28	0.0001
safety_focused	MALAT1_A549_NGG_0048	29	0.0001
safety_focused	MALAT1_A549_NGG_0048	30	0.0
safety_focused	MALAT1_A549_NGG_0048	31	0.0
safety_focused	MALAT1_A549_NGG_0048	32	0.0
safety_focused	MALAT1_A549_NGG_0048	33	0.0
safety_focused	MALAT1_A549_NGG_0048	34	0.0
safety_focused	MALAT1_A549_NGG_0048	35	0.0
safety_focused	MALAT1_A549_NGG_0048	36	0.0
safety_focused	MALAT1_A549_NGG_0048	37	0.0
safety_focused	MALAT1_A549_NGG_0048	38	0.0
safety_focused	MALAT1_A549_NGG_0048	39	0.0
safety_focused	MALAT1_A549_NGG_0048	40	0.0
safety_focused	MALAT1_A549_NGG_0048	41	0.0
safety_focused	MALAT1_A549_NGG_0048	42	0.0
safety_focused	MALAT1_A549_NGG_0048	43	0.0
safety_focused	MALAT1_A549_NGG_0048	44	0.0
safety_focused	MALAT1_A549_NGG_0048	45	0.0
safety_focused	MALAT1_A549_NGG_0048	46	0.0
safety_focused	MALAT1_A549_NGG_0048	47	0.0
safety_focused	MALAT1_A549_NGG_0048	48	0.0
safety_focused	MALAT1_A549_NGG_0048	49	0.0
safety_focused	MALAT1_A549_NGG_0048	50	0.0
safety_focused	MALAT1_A549_NGG_0048	51	0.0
safety_focused	MALAT1_A549_NGG_0048	52	0.0
safety_focused	MALAT1_A549_NGG_0048	53	0.0
safety_focused	MALAT1_A549_NGG_0048	54	0.0
safety_focused	MALAT1_A549_NGG_0048	55	0.0
safety_focused	MALAT1_A549_NGG_0048	56	0.0
safety_focused	MALAT1_A549_NGG_0048	57	0.0
safety_focused	MALAT1_A549_NGG_0048	58	0.0
safety_focused	MALAT1_A549_NGG_0048	59	0.0
safety_focused	MALAT1_A549_NGG_0048	60	0.0
safety_focused	MALAT1_A549_NGG_0048	61	0.0
safety_focused	MALAT1_A549_NGG_0048	62	0.0
safety_focused	MALAT1_A549_NGG_0048	63	0.0
safety_focused	MALAT1_A549_NGG_0048	64	0.0
safety_focused	MALAT1_A549_NGG_0048	65	0.0
safety_focused	MALAT1_A549_NGG_0048	66	0.0
safety_focused	MALAT1_A549_NGG_0048	67	0.0
safety_focused	MALAT1_A549_NGG_0048	68	0.0
safety_focused	MALAT1_A549_NGG_0048	69	0.0
safety_focused	MALAT1_A549_NGG_0048	70	0.0
safety_focused	MALAT1_A549_NGG_0048	71	0.0
safety_focused	MALAT1_A549_NGG_0048	72	0.0
safety_focused	MALAT1_A549_NGG_0048	73	0.0
safety_focused	MALAT1_A549_NGG_0048	74	0.0
safety_focused	MALAT1_A549_NGG_0048	75	0.0
safety_focused	MALAT1_A549_NGG_0048	76	0.0
safety_focused	MALAT1_A549_NGG_0048	77	0.0
safety_focused	MALAT1_A549_NGG_0048	78	0.0
safety_focused	MALAT1_A549_NGG_0048	79	0.0
safety_focused	MALAT1_A549_NGG_0048	80	0.0
safety_focused	MALAT1_A549_NGG_0048	81	0.0
safety_focused	MALAT1_A549_NGG_0048	82	0.0
safety_focused	MALAT1_A549_NGG_0048	83	0.0
safety_focused	MALAT1_A549_NGG_0048	84	0.0
safety_focused	MALAT1_A549_NGG_0048	85	0.0
safety_focused	MALAT1_A549_NGG_0048	86	0.0
safety_focused	MALAT1_A549_NGG_0049	1	0.0
safety_focused	MALAT1_A549_NGG_0049	2	3.333e-05
safety_focused	MALAT1_A549_NGG_0049	3	0.00023333
safety_focused	MALAT1_A549_NGG_0049	4	0.00093333
safety_focused	MALAT1_A549_NGG_0049	5	0.00486667
safety_focused	MALAT1_A549_NGG_0049	6	0.0099
safety_focused	MALAT1_A549_NGG_0049	7	0.0142
safety_focused	MALAT1_A549_NGG_0049	8	0.01926667
safety_focused	MALAT1_A549_NGG_0049	9	0.02143333
safety_focused	MALAT1_A549_NGG_0049	10	0.0228
safety_focused	MALAT1_A549_NGG_0049	11	0.02533333
safety_focused	MALAT1_A549_NGG_0049	12	0.02443333
safety_focused	MALAT1_A549_NGG_0049	13	0.0256
safety_focused	MALAT1_A549_NGG_0049	14	0.02386667
safety_focused	MALAT1_A549_NGG_0049	15	0.02766667
safety_focused	MALAT1_A549_NGG_0049	16	0.02753333
safety_focused	MALAT1_A549_NGG_0049	17	0.02696667
safety_focused	MALAT1_A549_NGG_0049	18	0.027
safety_focused	MALAT1_A549_NGG_0049	19	0.02716667
safety_focused	MALAT1_A549_NGG_0049	20	0.02556667
safety_focused	MALAT1_A549_NGG_0049	21	0.02526667
safety_focused	MALAT1_A549_NGG_0049	22	0.0242
safety_focused	MALAT1_A549_NGG_0049	23	0.02513333
safety_focused	MALAT1_A549_NGG_0049	24	0.02316667
safety_focused	MALAT1_A549_NGG_0049	25	0.0221
safety_focused	MALAT1_A549_NGG_0049	26	0.02183333
safety_focused	MALAT1_A549_NGG_0049	27	0.0218
safety_focused	MALAT1_A549_NGG_0049	28	0.02176667
safety_focused	MALAT1_A549_NGG_0049	29	0.02246667
safety_focused	MALAT1_A549_NGG_0049	30	0.02256667
safety_focused	MALAT1_A549_NGG_0049	31	0.02103333
safety_focused	MALAT1_A549_NGG_0049	32	0.02253333
safety_focused	MALAT1_A549_NGG_0049	33	0.02253333
safety_focused	MALAT1_A549_NGG_0049	34	0.02143333
safety_focused	MALAT1_A549_NGG_0049	35	0.02213333
safety_focused	MALAT1_A549_NGG_0049	36	0.0208
safety_focused	MALAT1_A549_NGG_0049	37	0.02123333
safety_focused	MALAT1_A549_NGG_0049	38	0.0206
safety_focused	MALAT1_A549_NGG_0049	39	0.0194
safety_focused	MALAT1_A549_NGG_0049	40	0.02166667
safety_focused	MALAT1_A549_NGG_0049	41	0.03383333
safety_focused	MALAT1_A549_NGG_0049	42	0.02326667
safety_focused	MALAT1_A549_NGG_0049	43	0.01616667
safety_focused	MALAT1_A549_NGG_0049	44	0.01533333
safety_focused	MALAT1_A549_NGG_0049	45	0.01143333
safety_focused	MALAT1_A549_NGG_0049	46	0.0122
safety_focused	MALAT1_A549_NGG_0049	47	0.00786667
safety_focused	MALAT1_A549_NGG_0049	48	0.00963333
safety_focused	MALAT1_A549_NGG_0049	49	0.0084
safety_focused	MALAT1_A549_NGG_0049	50	0.00723333
safety_focused	MALAT1_A549_NGG_0049	51	0.0062
safety_focused	MALAT1_A549_NGG_0049	52	0.0054
safety_focused	MALAT1_A549_NGG_0049	53	0.00453333
safety_focused	MALAT1_A549_NGG_0049	54	0.00416667
safety_focused	MALAT1_A549_NGG_0049	55	0.00316667
safety_focused	MALAT1_A549_NGG_0049	56	0.00333333
safety_focused	MALAT1_A549_NGG_0049	57	0.0031
safety_focused	MALAT1_A549_NGG_0049	58	0.0036
safety_focused	MALAT1_A549_NGG_0049	59	0.01726667
safety_focused	MALAT1_A549_NGG_0049	60	0.0032
safety_focused	MALAT1_A549_NGG_0049	61	0.0012
safety_focused	MALAT1_A549_NGG_0049	62	0.0004
safety_focused	MALAT1_A549_NGG_0049	63	0.00023333
safety_focused	MALAT1_A549_NGG_0049	64	3.333e-05
safety_focused	MALAT1_A549_NGG_0049	65	3.333e-05
safety_focused	MALAT1_A549_NGG_0049	66	0.00023333
safety_focused	MALAT1_A549_NGG_0049	67	3.333e-05
safety_focused	MALAT1_A549_NGG_0049	68	3.333e-05
safety_focused	MALAT1_A549_NGG_0049	69	0.0
safety_focused	MALAT1_A549_NGG_0049	70	0.0
safety_focused	MALAT1_A549_NGG_0049	71	0.0
safety_focused	MALAT1_A549_NGG_0049	72	0.0
safety_focused	MALAT1_A549_NGG_0049	73	0.0
safety_focused	MALAT1_A549_NGG_0049	74	0.0
safety_focused	MALAT1_A549_NGG_0049	75	0.0
safety_focused	MALAT1_A549_NGG_0049	76	0.0
safety_focused	MALAT1_A549_NGG_0049	77	0.0
safety_focused	MALAT1_A549_NGG_0049	78	0.0
safety_focused	MALAT1_A549_NGG_0049	79	0.0
safety_focused	MALAT1_A549_NGG_0049	80	0.0
safety_focused	MALAT1_A549_NGG_0049	81	0.0
safety_focused	MALAT1_A549_NGG_0049	82	0.0
safety_focused	MALAT1_A549_NGG_0049	83	0.0
safety_focused	MALAT1_A549_NGG_0049	84	0.0
safety_focused	MALAT1_A549_NGG_0049	85	0.0
safety_focused	MALAT1_A549_NGG_0049	86	0.0
safety_focused	MALAT1_A549_NGG_0050	1	0.0
safety_focused	MALAT1_A549_NGG_0050	2	0.0
safety_focused	MALAT1_A549_NGG_0050	3	0.0
safety_focused	MALAT1_A549_NGG_0050	4	3.333e-05
safety_focused	MALAT1_A549_NGG_0050	5	3.333e-05
safety_focused	MALAT1_A549_NGG_0050	6	3.333e-05
safety_focused	MALAT1_A549_NGG_0050	7	0.0004
safety_focused	MALAT1_A549_NGG_0050	8	0.00076667
safety_focused	MALAT1_A549_NGG_0050	9	0.0014
safety_focused	MALAT1_A549_NGG_0050	10	0.0027
safety_focused	MALAT1_A549_NGG_0050	11	0.00333333
safety_focused	MALAT1_A549_NGG_0050	12	0.0044
safety_focused	MALAT1_A549_NGG_0050	13	0.00493333
safety_focused	MALAT1_A549_NGG_0050	14	0.0061
safety_focused	MALAT1_A549_NGG_0050	15	0.0068
safety_focused	MALAT1_A549_NGG_0050	16	0.00836667
safety_focused	MALAT1_A549_NGG_0050	17	0.00903333
safety_focused	MALAT1_A549_NGG_0050	18	0.0103
safety_focused	MALAT1_A549_NGG_0050	19	0.0114
safety_focused	MALAT1_A549_NGG_0050	20	0.0115
safety_focused	MALAT1_A549_NGG_0050	21	0.01276667
safety_focused	MALAT1_A549_NGG_0050	22	0.01453333
safety_focused	MALAT1_A549_NGG_0050	23	0.01306667
safety_focused	MALAT1_A549_NGG_0050	24	0.0155
safety_focused	MALAT1_A549_NGG_0050	25	0.01533333
safety_focused	MALAT1_A549_NGG_0050	26	0.01626667
safety_focused	MALAT1_A549_NGG_0050	27	0.01626667
safety_focused	MALAT1_A549_NGG_0050	28	0.01583333
safety_focused	MALAT1_A549_NGG_0050	29	0.01936667
safety_focused	MALAT1_A549_NGG_0050	30	0.01816667
safety_focused	MALAT1_A549_NGG_0050	31	0.01873333
safety_focused	MALAT1_A549_NGG_0050	32	0.01916667
safety_focused	MALAT1_A549_NGG_0050	33	0.0209
safety_focused	MALAT1_A549_NGG_0050	34	0.02256667
safety_focused	MALAT1_A549_NGG_0050	35	0.02263333
safety_focused	MALAT1_A549_NGG_0050	36	0.02246667
safety_focused	MALAT1_A549_NGG_0050	37	0.02516667
safety_focused	MALAT1_A549_NGG_0050	38	0.0256
safety_focused	MALAT1_A549_NGG_0050	39	0.02586667
safety_focused	MALAT1_A549_NGG_0050	40	0.02746667
safety_focused	MALAT1_A549_NGG_0050	41	0.03066667
safety_focused	MALAT1_A549_NGG_0050	42	0.04956667
safety_focused	MALAT1_A549_NGG_0050	43	0.03476667
safety_focused	MALAT1_A549_NGG_0050	44	0.03106667
safety_focused	MALAT1_A549_NGG_0050	45	0.02843333
safety_focused	MALAT1_A549_NGG_0050	46	0.02466667
safety_focused	MALAT1_A549_NGG_0050	47	0.0237
safety_focused	MALAT1_A549_NGG_0050	48	0.02116667
safety_focused	MALAT1_A549_NGG_0050	49	0.0222
safety_focused	MALAT1_A549_NGG_0050	50	0.0207
safety_focused	MALAT1_A549_NGG_0050	51	0.01943333
safety_focused	MALAT1_A549_NGG_0050	52	0.01836667
safety_focused	MALAT1_A549_NGG_0050	53	0.01556667
safety_focused	MALAT1_A549_NGG_0050	54	0.01426667
safety_focused	MALAT1_A549_NGG_0050	55	0.01166667
safety_focused	MALAT1_A549_NGG_0050	56	0.01183333
safety_focused	MALAT1_A549_NGG_0050	57	0.01083333
safety_focused	MALAT1_A549_NGG_0050	58	0.01113333
safety_focused	MALAT1_A549_NGG_0050	59	0.01183333
safety_focused	MALAT1_A549_NGG_0050	60	0.04153333
safety_focused	MALAT1_A549_NGG_0050	61	0.03416667
safety_focused	MALAT1_A549_NGG_0050	62	0.01703333
safety_focused	MALAT1_A549_NGG_0050	63	0.00856667
safety_focused	MALAT1_A549_NGG_0050	64	0.00566667
safety_focused	MALAT1_A549_NGG_0050	65	0.00306667
safety_focused	MALAT1_A549_NGG_0050	66	0.0025
safety_focused	MALAT1_A549_NGG_0050	67	0.0024
safety_focused	MALAT1_A549_NGG_0050	68	0.0017
safety_focused	MALAT1_A549_NGG_0050	69	0.00106667
safety_focused	MALAT1_A549_NGG_0050	70	0.00073333
safety_focused	MALAT1_A549_NGG_0050	71	0.0002
safety_focused	MALAT1_A549_NGG_0050	72	6.667e-05
safety_focused	MALAT1_A549_NGG_0050	73	0.0001
safety_focused	MALAT1_A549_NGG_0050	74	3.333e-05
safety_focused	MALAT1_A549_NGG_0050	75	6.667e-05
safety_focused	MALAT1_A549_NGG_0050	76	0.0
safety_focused	MALAT1_A549_NGG_0050	77	0.0
safety_focused	MALAT1_A549_NGG_0050	78	0.0
safety_focused	MALAT1_A549_NGG_0050	79	0.0
safety_focused	MALAT1_A549_NGG_0050	80	3.333e-05
safety_focused	MALAT1_A549_NGG_0050	81	0.0
safety_focused	MALAT1_A549_NGG_0050	82	0.0
safety_focused	MALAT1_A549_NGG_0050	83	0.0
safety_focused	MALAT1_A549_NGG_0050	84	0.0
safety_focused	MALAT1_A549_NGG_0050	85	0.0
safety_focused	MALAT1_A549_NGG_0050	86	0.0
safety_focused	MALAT1_A549_NGG_0051	1	0.0
safety_focused	MALAT1_A549_NGG_0051	2	0.0
safety_focused	MALAT1_A549_NGG_0051	3	0.0
safety_focused	MALAT1_A549_NGG_0051	4	6.667e-05
safety_focused	MALAT1_A549_NGG_0051	5	0.00083333
safety_focused	MALAT1_A549_NGG_0051	6	0.00236667
safety_focused	MALAT1_A549_NGG_0051	7	0.00883333
safety_focused	MALAT1_A549_NGG_0051	8	0.01986667
safety_focused	MALAT1_A549_NGG_0051	9	0.0332
safety_focused	MALAT1_A549_NGG_0051	10	0.03606667
safety_focused	MALAT1_A549_NGG_0051	11	0.03846667
safety_focused	MALAT1_A549_NGG_0051	12	0.03853333
safety_focused	MALAT1_A549_NGG_0051	13	0.04436667
safety_focused	MALAT1_A549_NGG_0051	14	0.04416667
safety_focused	MALAT1_A549_NGG_0051	15	0.0458
safety_focused	MALAT1_A549_NGG_0051	16	0.0474
safety_focused	MALAT1_A549_NGG_0051	17	0.0475
safety_focused	MALAT1_A549_NGG_0051	18	0.04556667
safety_focused	MALAT1_A549_NGG_0051	19	0.04343333
safety_focused	MALAT1_A549_NGG_0051	20	0.04326667
safety_focused	MALAT1_A549_NGG_0051	21	0.0395
safety_focused	MALAT1_A549_NGG_0051	22	0.0377
safety_focused	MALAT1_A549_NGG_0051	23	0.034
safety_focused	MALAT1_A549_NGG_0051	24	0.03063333
safety_focused	MALAT1_A549_NGG_0051	25	0.02993333
safety_focused	MALAT1_A549_NGG_0051	26	0.02733333
safety_focused	MALAT1_A549_NGG_0051	27	0.02716667
safety_focused	MALAT1_A549_NGG_0051	28	0.02693333
safety_focused	MALAT1_A549_NGG_0051	29	0.02503333
safety_focused	MALAT1_A549_NGG_0051	30	0.0263
safety_focused	MALAT1_A549_NGG_0051	31	0.0268
safety_focused	MALAT1_A549_NGG_0051	32	0.02323333
safety_focused	MALAT1_A549_NGG_0051	33	0.02253333
safety_focused	MALAT1_A549_NGG_0051	34	0.01963333
safety_focused	MALAT1_A549_NGG_0051	35	0.01466667
safety_focused	MALAT1_A549_NGG_0051	36	0.01066667
safety_focused	MALAT1_A549_NGG_0051	37	0.00893333
safety_focused	MALAT1_A549_NGG_0051	38	0.00746667
safety_focused	MALAT1_A549_NGG_0051	39	0.00486667
safety_focused	MALAT1_A549_NGG_0051	40	0.0041
safety_focused	MALAT1_A549_NGG_0051	41	0.00303333
safety_focused	MALAT1_A549_NGG_0051	42	0.0022
safety_focused	MALAT1_A549_NGG_0051	43	0.00156667
safety_focused	MALAT1_A549_NGG_0051	44	0.0012
safety_focused	MALAT1_A549_NGG_0051	45	0.00086667
safety_focused	MALAT1_A549_NGG_0051	46	0.0009
safety_focused	MALAT1_A549_NGG_0051	47	0.00056667
safety_focused	MALAT1_A549_NGG_0051	48	0.0004
safety_focused	MALAT1_A549_NGG_0051	49	0.00043333
safety_focused	MALAT1_A549_NGG_0051	50	0.00033333
safety_focused	MALAT1_A549_NGG_0051	51	0.00016667
safety_focused	MALAT1_A549_NGG_0051	52	0.00023333
safety_focused	MALAT1_A549_NGG_0051	53	0.00016667
safety_focused	MALAT1_A549_NGG_0051	54	0.0002
safety_focused	MALAT1_A549_NGG_0051	55	0.00013333
safety_focused	MALAT1_A549_NGG_0051	56	0.0001
safety_focused	MALAT1_A549_NGG_0051	57	3.333e-05
safety_focused	MALAT1_A549_NGG_0051	58	0.00013333
safety_focused	MALAT1_A549_NGG_0051	59	0.0001
safety_focused	MALAT1_A549_NGG_0051	60	3.333e-05
safety_focused	MALAT1_A549_NGG_0051	61	3.333e-05
safety_focused	MALAT1_A549_NGG_0051	62	0.0
safety_focused	MALAT1_A549_NGG_0051	63	0.0
safety_focused	MALAT1_A549_NGG_0051	64	0.0
safety_focused	MALAT1_A549_NGG_0051	65	0.0
safety_focused	MALAT1_A549_NGG_0051	66	0.0
safety_focused	MALAT1_A549_NGG_0051	67	0.0
safety_focused	MALAT1_A549_NGG_0051	68	0.0
safety_focused	MALAT1_A549_NGG_0051	69	0.0
safety_focused	MALAT1_A549_NGG_0051	70	0.0
safety_focused	MALAT1_A549_NGG_0051	71	0.0
safety_focused	MALAT1_A549_NGG_0051	72	0.0
safety_focused	MALAT1_A549_NGG_0051	73	0.0
safety_focused	MALAT1_A549_NGG_0051	74	0.0
safety_focused	MALAT1_A549_NGG_0051	75	0.0
safety_focused	MALAT1_A549_NGG_0051	76	0.0
safety_focused	MALAT1_A549_NGG_0051	77	0.0
safety_focused	MALAT1_A549_NGG_0051	78	0.0
safety_focused	MALAT1_A549_NGG_0051	79	0.0
safety_focused	MALAT1_A549_NGG_0051	80	0.0
safety_focused	MALAT1_A549_NGG_0051	81	0.0
safety_focused	MALAT1_A549_NGG_0051	82	0.0
safety_focused	MALAT1_A549_NGG_0051	83	0.0
safety_focused	MALAT1_A549_NGG_0051	84	0.0
safety_focused	MALAT1_A549_NGG_0051	85	0.0
safety_focused	MALAT1_A549_NGG_0051	86	0.0
safety_focused	MALAT1_A549_NGG_0052	1	0.0
safety_focused	MALAT1_A549_NGG_0052	2	0.00026667
safety_focused	MALAT1_A549_NGG_0052	3	0.00116667
safety_focused	MALAT1_A549_NGG_0052	4	0.0063
safety_focused	MALAT1_A549_NGG_0052	5	0.02246667
safety_focused	MALAT1_A549_NGG_0052	6	0.05603333
safety_focused	MALAT1_A549_NGG_0052	7	0.09143333
safety_focused	MALAT1_A549_NGG_0052	8	0.09316667
safety_focused	MALAT1_A549_NGG_0052	9	0.07766667
safety_focused	MALAT1_A549_NGG_0052	10	0.0757
safety_focused	MALAT1_A549_NGG_0052	11	0.06586667
safety_focused	MALAT1_A549_NGG_0052	12	0.063
safety_focused	MALAT1_A549_NGG_0052	13	0.05683333
safety_focused	MALAT1_A549_NGG_0052	14	0.05156667
safety_focused	MALAT1_A549_NGG_0052	15	0.0474
safety_focused	MALAT1_A549_NGG_0052	16	0.03703333
safety_focused	MALAT1_A549_NGG_0052	17	0.0348
safety_focused	MALAT1_A549_NGG_0052	18	0.02923333
safety_focused	MALAT1_A549_NGG_0052	19	0.0257
safety_focused	MALAT1_A549_NGG_0052	20	0.02053333
safety_focused	MALAT1_A549_NGG_0052	21	0.01923333
safety_focused	MALAT1_A549_NGG_0052	22	0.01576667
safety_focused	MALAT1_A549_NGG_0052	23	0.0144
safety_focused	MALAT1_A549_NGG_0052	24	0.013
safety_focused	MALAT1_A549_NGG_0052	25	0.0138
safety_focused	MALAT1_A549_NGG_0052	26	0.0135
safety_focused	MALAT1_A549_NGG_0052	27	0.0109
safety_focused	MALAT1_A549_NGG_0052	28	0.0089
safety_focused	MALAT1_A549_NGG_0052	29	0.00936667
safety_focused	MALAT1_A549_NGG_0052	30	0.00756667
safety_focused	MALAT1_A549_NGG_0052	31	0.00573333
safety_focused	MALAT1_A549_NGG_0052	32	0.00396667
safety_focused	MALAT1_A549_NGG_0052	33	0.00256667
safety_focused	MALAT1_A549_NGG_0052	34	0.00176667
safety_focused	MALAT1_A549_NGG_0052	35	0.00093333
safety_focused	MALAT1_A549_NGG_0052	36	0.0007
safety_focused	MALAT1_A549_NGG_0052	37	0.00056667
safety_focused	MALAT1_A549_NGG_0052	38	0.0002
safety_focused	MALAT1_A549_NGG_0052	39	0.0003
safety_focused	MALAT1_A549_NGG_0052	40	0.0002
safety_focused	MALAT1_A549_NGG_0052	41	0.00016667
safety_focused	MALAT1_A549_NGG_0052	42	6.667e-05
safety_focused	MALAT1_A549_NGG_0052	43	3.333e-05
safety_focused	MALAT1_A549_NGG_0052	44	3.333e-05
safety_focused	MALAT1_A549_NGG_0052	45	3.333e-05
safety_focused	MALAT1_A549_NGG_0052	46	3.333e-05
safety_focused	MALAT1_A549_NGG_0052	47	0.0
safety_focused	MALAT1_A549_NGG_0052	48	3.333e-05
safety_focused	MALAT1_A549_NGG_0052	49	3.333e-05
safety_focused	MALAT1_A549_NGG_0052	50	0.0
safety_focused	MALAT1_A549_NGG_0052	51	3.333e-05
safety_focused	MALAT1_A549_NGG_0052	52	0.0
safety_focused	MALAT1_A549_NGG_0052	53	0.0
safety_focused	MALAT1_A549_NGG_0052	54	0.0
safety_focused	MALAT1_A549_NGG_0052	55	0.0
safety_focused	MALAT1_A549_NGG_0052	56	0.0
safety_focused	MALAT1_A549_NGG_0052	57	0.0
safety_focused	MALAT1_A549_NGG_0052	58	0.0
safety_focused	MALAT1_A549_NGG_0052	59	0.0
safety_focused	MALAT1_A549_NGG_0052	60	0.0
safety_focused	MALAT1_A549_NGG_0052	61	0.0
safety_focused	MALAT1_A549_NGG_0052	62	0.0
safety_focused	MALAT1_A549_NGG_0052	63	0.0
safety_focused	MALAT1_A549_NGG_0052	64	0.0
safety_focused	MALAT1_A549_NGG_0052	65	0.0
safety_focused	MALAT1_A549_NGG_0052	66	0.0
safety_focused	MALAT1_A549_NGG_0052	67	0.0
safety_focused	MALAT1_A549_NGG_0052	68	0.0
safety_focused	MALAT1_A549_NGG_0052	69	0.0
safety_focused	MALAT1_A549_NGG_0052	70	0.0
safety_focused	MALAT1_A549_NGG_0052	71	0.0
safety_focused	MALAT1_A549_NGG_0052	72	0.0
safety_focused	MALAT1_A549_NGG_0052	73	0.0
safety_focused	MALAT1_A549_NGG_0052	74	0.0
safety_focused	MALAT1_A549_NGG_0052	75	0.0
safety_focused	MALAT1_A549_NGG_0052	76	0.0
safety_focused	MALAT1_A549_NGG_0052	77	0.0
safety_focused	MALAT1_A549_NGG_0052	78	0.0
safety_focused	MALAT1_A549_NGG_0052	79	0.0
safety_focused	MALAT1_A549_NGG_0052	80	0.0
safety_focused	MALAT1_A549_NGG_0052	81	0.0
safety_focused	MALAT1_A549_NGG_0052	82	0.0
safety_focused	MALAT1_A549_NGG_0052	83	0.0
safety_focused	MALAT1_A549_NGG_0052	84	0.0
safety_focused	MALAT1_A549_NGG_0052	85	0.0
safety_focused	MALAT1_A549_NGG_0052	86	0.0
safety_focused	MALAT1_A549_NGG_0053	1	0.0
safety_focused	MALAT1_A549_NGG_0053	2	0.0007
safety_focused	MALAT1_A549_NGG_0053	3	0.0037
safety_focused	MALAT1_A549_NGG_0053	4	0.01313333
safety_focused	MALAT1_A549_NGG_0053	5	0.04533333
safety_focused	MALAT1_A549_NGG_0053	6	0.08466667
safety_focused	MALAT1_A549_NGG_0053	7	0.11633333
safety_focused	MALAT1_A549_NGG_0053	8	0.10393333
safety_focused	MALAT1_A549_NGG_0053	9	0.08823333
safety_focused	MALAT1_A549_NGG_0053	10	0.07483333
safety_focused	MALAT1_A549_NGG_0053	11	0.0668
safety_focused	MALAT1_A549_NGG_0053	12	0.0569
safety_focused	MALAT1_A549_NGG_0053	13	0.05073333
safety_focused	MALAT1_A549_NGG_0053	14	0.04326667
safety_focused	MALAT1_A549_NGG_0053	15	0.03626667
safety_focused	MALAT1_A549_NGG_0053	16	0.03136667
safety_focused	MALAT1_A549_NGG_0053	17	0.02746667
safety_focused	MALAT1_A549_NGG_0053	18	0.02296667
safety_focused	MALAT1_A549_NGG_0053	19	0.01746667
safety_focused	MALAT1_A549_NGG_0053	20	0.015
safety_focused	MALAT1_A549_NGG_0053	21	0.01356667
safety_focused	MALAT1_A549_NGG_0053	22	0.012
safety_focused	MALAT1_A549_NGG_0053	23	0.01203333
safety_focused	MALAT1_A549_NGG_0053	24	0.011
safety_focused	MALAT1_A549_NGG_0053	25	0.009
safety_focused	MALAT1_A549_NGG_0053	26	0.00883333
safety_focused	MALAT1_A549_NGG_0053	27	0.0081
safety_focused	MALAT1_A549_NGG_0053	28	0.00736667
safety_focused	MALAT1_A549_NGG_0053	29	0.00546667
safety_focused	MALAT1_A549_NGG_0053	30	0.0046
safety_focused	MALAT1_A549_NGG_0053	31	0.00343333
safety_focused	MALAT1_A549_NGG_0053	32	0.00206667
safety_focused	MALAT1_A549_NGG_0053	33	0.00116667
safety_focused	MALAT1_A549_NGG_0053	34	0.00073333
safety_focused	MALAT1_A549_NGG_0053	35	0.0005
safety_focused	MALAT1_A549_NGG_0053	36	0.0004
safety_focused	MALAT1_A549_NGG_0053	37	0.0002
safety_focused	MALAT1_A549_NGG_0053	38	0.0002
safety_focused	MALAT1_A549_NGG_0053	39	0.00013333
safety_focused	MALAT1_A549_NGG_0053	40	0.0
safety_focused	MALAT1_A549_NGG_0053	41	3.333e-05
safety_focused	MALAT1_A549_NGG_0053	42	0.0
safety_focused	MALAT1_A549_NGG_0053	43	3.333e-05
safety_focused	MALAT1_A549_NGG_0053	44	3.333e-05
safety_focused	MALAT1_A549_NGG_0053	45	0.0
safety_focused	MALAT1_A549_NGG_0053	46	0.0
safety_focused	MALAT1_A549_NGG_0053	47	0.0
safety_focused	MALAT1_A549_NGG_0053	48	0.0
safety_focused	MALAT1_A549_NGG_0053	49	0.0
safety_focused	MALAT1_A549_NGG_0053	50	0.0
safety_focused	MALAT1_A549_NGG_0053	51	0.0
safety_focused	MALAT1_A549_NGG_0053	52	0.0
safety_focused	MALAT1_A549_NGG_0053	53	0.0
safety_focused	MALAT1_A549_NGG_0053	54	0.0
safety_focused	MALAT1_A549_NGG_0053	55	0.0
safety_focused	MALAT1_A549_NGG_0053	56	0.0
safety_focused	MALAT1_A549_NGG_0053	57	0.0
safety_focused	MALAT1_A549_NGG_0053	58	0.0
safety_focused	MALAT1_A549_NGG_0053	59	0.0
safety_focused	MALAT1_A549_NGG_0053	60	0.0
safety_focused	MALAT1_A549_NGG_0053	61	0.0
safety_focused	MALAT1_A549_NGG_0053	62	0.0
safety_focused	MALAT1_A549_NGG_0053	63	0.0
safety_focused	MALAT1_A549_NGG_0053	64	0.0
safety_focused	MALAT1_A549_NGG_0053	65	0.0
safety_focused	MALAT1_A549_NGG_0053	66	0.0
safety_focused	MALAT1_A549_NGG_0053	67	0.0
safety_focused	MALAT1_A549_NGG_0053	68	0.0
safety_focused	MALAT1_A549_NGG_0053	69	0.0
safety_focused	MALAT1_A549_NGG_0053	70	0.0
safety_focused	MALAT1_A549_NGG_0053	71	0.0
safety_focused	MALAT1_A549_NGG_0053	72	0.0
safety_focused	MALAT1_A549_NGG_0053	73	0.0
safety_focused	MALAT1_A549_NGG_0053	74	0.0
safety_focused	MALAT1_A549_NGG_0053	75	0.0
safety_focused	MALAT1_A549_NGG_0053	76	0.0
safety_focused	MALAT1_A549_NGG_0053	77	0.0
safety_focused	MALAT1_A549_NGG_0053	78	0.0
safety_focused	MALAT1_A549_NGG_0053	79	0.0
safety_focused	MALAT1_A549_NGG_0053	80	0.0
safety_focused	MALAT1_A549_NGG_0053	81	0.0
safety_focused	MALAT1_A549_NGG_0053	82	0.0
safety_focused	MALAT1_A549_NGG_0053	83	0.0
safety_focused	MALAT1_A549_NGG_0053	84	0.0
safety_focused	MALAT1_A549_NGG_0053	85	0.0
safety_focused	MALAT1_A549_NGG_0053	86	0.0
safety_focused	MALAT1_A549_NGG_0054	1	0.0
safety_focused	MALAT1_A549_NGG_0054	2	0.0
safety_focused	MALAT1_A549_NGG_0054	3	0.0
safety_focused	MALAT1_A549_NGG_0054	4	0.0
safety_focused	MALAT1_A549_NGG_0054	5	0.0
safety_focused	MALAT1_A549_NGG_0054	6	0.00026667
safety_focused	MALAT1_A549_NGG_0054	7	0.0012
safety_focused	MALAT1_A549_NGG_0054	8	0.00333333
safety_focused	MALAT1_A549_NGG_0054	9	0.00846667
safety_focused	MALAT1_A549_NGG_0054	10	0.01316667
safety_focused	MALAT1_A549_NGG_0054	11	0.0161
safety_focused	MALAT1_A549_NGG_0054	12	0.01963333
safety_focused	MALAT1_A549_NGG_0054	13	0.0221
safety_focused	MALAT1_A549_NGG_0054	14	0.02486667
safety_focused	MALAT1_A549_NGG_0054	15	0.029
safety_focused	MALAT1_A549_NGG_0054	16	0.0295
safety_focused	MALAT1_A549_NGG_0054	17	0.03066667
safety_focused	MALAT1_A549_NGG_0054	18	0.03626667
safety_focused	MALAT1_A549_NGG_0054	19	0.03946667
safety_focused	MALAT1_A549_NGG_0054	20	0.03736667
safety_focused	MALAT1_A549_NGG_0054	21	0.0382
safety_focused	MALAT1_A549_NGG_0054	22	0.03796667
safety_focused	MALAT1_A549_NGG_0054	23	0.0375
safety_focused	MALAT1_A549_NGG_0054	24	0.03593333
safety_focused	MALAT1_A549_NGG_0054	25	0.03626667
safety_focused	MALAT1_A549_NGG_0054	26	0.0344
safety_focused	MALAT1_A549_NGG_0054	27	0.03466667
safety_focused	MALAT1_A549_NGG_0054	28	0.0327
safety_focused	MALAT1_A549_NGG_0054	29	0.03353333
safety_focused	MALAT1_A549_NGG_0054	30	0.03316667
safety_focused	MALAT1_A549_NGG_0054	31	0.03273333
safety_focused	MALAT1_A549_NGG_0054	32	0.03423333
safety_focused	MALAT1_A549_NGG_0054	33	0.03486667
safety_focused	MALAT1_A549_NGG_0054	34	0.0329
safety_focused	MALAT1_A549_NGG_0054	35	0.0325
safety_focused	MALAT1_A549_NGG_0054	36	0.03013333
safety_focused	MALAT1_A549_NGG_0054	37	0.0272
safety_focused	MALAT1_A549_NGG_0054	38	0.02106667
safety_focused	MALAT1_A549_NGG_0054	39	0.01823333
safety_focused	MALAT1_A549_NGG_0054	40	0.01393333
safety_focused	MALAT1_A549_NGG_0054	41	0.0117
safety_focused	MALAT1_A549_NGG_0054	42	0.0092
safety_focused	MALAT1_A549_NGG_0054	43	0.0072
safety_focused	MALAT1_A549_NGG_0054	44	0.00563333
safety_focused	MALAT1_A549_NGG_0054	45	0.00433333
safety_focused	MALAT1_A549_NGG_0054	46	0.0031
safety_focused	MALAT1_A549_NGG_0054	47	0.00316667
safety_focused	MALAT1_A549_NGG_0054	48	0.00236667
safety_focused	MALAT1_A549_NGG_0054	49	0.002
safety_focused	MALAT1_A549_NGG_0054	50	0.0015
safety_focused	MALAT1_A549_NGG_0054	51	0.0012
safety_focused	MALAT1_A549_NGG_0054	52	0.0011
safety_focused	MALAT1_A549_NGG_0054	53	0.00056667
safety_focused	MALAT1_A549_NGG_0054	54	0.00046667
safety_focused	MALAT1_A549_NGG_0054	55	0.00046667
safety_focused	MALAT1_A549_NGG_0054	56	0.00063333
safety_focused	MALAT1_A549_NGG_0054	57	0.00036667
safety_focused	MALAT1_A549_NGG_0054	58	0.0004
safety_focused	MALAT1_A549_NGG_0054	59	0.00036667
safety_focused	MALAT1_A549_NGG_0054	60	0.00013333
safety_focused	MALAT1_A549_NGG_0054	61	0.00023333
safety_focused	MALAT1_A549_NGG_0054	62	0.00013333
safety_focused	MALAT1_A549_NGG_0054	63	3.333e-05
safety_focused	MALAT1_A549_NGG_0054	64	6.667e-05
safety_focused	MALAT1_A549_NGG_0054	65	0.0
safety_focused	MALAT1_A549_NGG_0054	66	3.333e-05
safety_focused	MALAT1_A549_NGG_0054	67	3.333e-05
safety_focused	MALAT1_A549_NGG_0054	68	3.333e-05
safety_focused	MALAT1_A549_NGG_0054	69	0.0
safety_focused	MALAT1_A549_NGG_0054	70	0.0
safety_focused	MALAT1_A549_NGG_0054	71	0.0
safety_focused	MALAT1_A549_NGG_0054	72	0.0
safety_focused	MALAT1_A549_NGG_0054	73	0.0
safety_focused	MALAT1_A549_NGG_0054	74	0.0
safety_focused	MALAT1_A549_NGG_0054	75	0.0
safety_focused	MALAT1_A549_NGG_0054	76	0.0
safety_focused	MALAT1_A549_NGG_0054	77	0.0
safety_focused	MALAT1_A549_NGG_0054	78	0.0
safety_focused	MALAT1_A549_NGG_0054	79	0.0
safety_focused	MALAT1_A549_NGG_0054	80	0.0
safety_focused	MALAT1_A549_NGG_0054	81	0.0
safety_focused	MALAT1_A549_NGG_0054	82	0.0
safety_focused	MALAT1_A549_NGG_0054	83	0.0
safety_focused	MALAT1_A549_NGG_0054	84	0.0
safety_focused	MALAT1_A549_NGG_0054	85	0.0
safety_focused	MALAT1_A549_NGG_0054	86	0.0
safety_focused	MALAT1_A549_NGG_0055	1	0.0
safety_focused	MALAT1_A549_NGG_0055	2	0.0
safety_focused	MALAT1_A549_NGG_0055	3	0.0
safety_focused	MALAT1_A549_NGG_0055	4	6.667e-05
safety_focused	MALAT1_A549_NGG_0055	5	0.00033333
safety_focused	MALAT1_A549_NGG_0055	6	0.0016
safety_focused	MALAT1_A549_NGG_0055	7	0.00496667
safety_focused	MALAT1_A549_NGG_0055	8	0.01233333
safety_focused	MALAT1_A549_NGG_0055	9	0.0225
safety_focused	MALAT1_A549_NGG_0055	10	0.0269
safety_focused	MALAT1_A549_NGG_0055	11	0.03183333
safety_focused	MALAT1_A549_NGG_0055	12	0.03383333
safety_focused	MALAT1_A549_NGG_0055	13	0.0378
safety_focused	MALAT1_A549_NGG_0055	14	0.03756667
safety_focused	MALAT1_A549_NGG_0055	15	0.04053333
safety_focused	MALAT1_A549_NGG_0055	16	0.04436667
safety_focused	MALAT1_A549_NGG_0055	17	0.04573333
safety_focused	MALAT1_A549_NGG_0055	18	0.04583333
safety_focused	MALAT1_A549_NGG_0055	19	0.04596667
safety_focused	MALAT1_A549_NGG_0055	20	0.04356667
safety_focused	MALAT1_A549_NGG_0055	21	0.0413
safety_focused	MALAT1_A549_NGG_0055	22	0.03916667
safety_focused	MALAT1_A549_NGG_0055	23	0.0369
safety_focused	MALAT1_A549_NGG_0055	24	0.0345
safety_focused	MALAT1_A549_NGG_0055	25	0.033
safety_focused	MALAT1_A549_NGG_0055	26	0.03056667
safety_focused	MALAT1_A549_NGG_0055	27	0.0308
safety_focused	MALAT1_A549_NGG_0055	28	0.0283
safety_focused	MALAT1_A549_NGG_0055	29	0.02663333
safety_focused	MALAT1_A549_NGG_0055	30	0.02843333
safety_focused	MALAT1_A549_NGG_0055	31	0.02693333
safety_focused	MALAT1_A549_NGG_0055	32	0.02746667
safety_focused	MALAT1_A549_NGG_0055	33	0.02646667
safety_focused	MALAT1_A549_NGG_0055	34	0.02283333
safety_focused	MALAT1_A549_NGG_0055	35	0.018
safety_focused	MALAT1_A549_NGG_0055	36	0.01633333
safety_focused	MALAT1_A549_NGG_0055	37	0.01383333
safety_focused	MALAT1_A549_NGG_0055	38	0.01063333
safety_focused	MALAT1_A549_NGG_0055	39	0.00733333
safety_focused	MALAT1_A549_NGG_0055	40	0.00553333
safety_focused	MALAT1_A549_NGG_0055	41	0.00413333
safety_focused	MALAT1_A549_NGG_0055	42	0.00376667
safety_focused	MALAT1_A549_NGG_0055	43	0.0029
safety_focused	MALAT1_A549_NGG_0055	44	0.00183333
safety_focused	MALAT1_A549_NGG_0055	45	0.0016
safety_focused	MALAT1_A549_NGG_0055	46	0.0012
safety_focused	MALAT1_A549_NGG_0055	47	0.00056667
safety_focused	MALAT1_A549_NGG_0055	48	0.0005
safety_focused	MALAT1_A549_NGG_0055	49	0.0007
safety_focused	MALAT1_A549_NGG_0055	50	0.00043333
safety_focused	MALAT1_A549_NGG_0055	51	0.0001
safety_focused	MALAT1_A549_NGG_0055	52	0.0003
safety_focused	MALAT1_A549_NGG_0055	53	0.00033333
safety_focused	MALAT1_A549_NGG_0055	54	0.00033333
safety_focused	MALAT1_A549_NGG_0055	55	0.00013333
safety_focused	MALAT1_A549_NGG_0055	56	0.00016667
safety_focused	MALAT1_A549_NGG_0055	57	0.00013333
safety_focused	MALAT1_A549_NGG_0055	58	3.333e-05
safety_focused	MALAT1_A549_NGG_0055	59	6.667e-05
safety_focused	MALAT1_A549_NGG_0055	60	3.333e-05
safety_focused	MALAT1_A549_NGG_0055	61	0.0
safety_focused	MALAT1_A549_NGG_0055	62	0.0
safety_focused	MALAT1_A549_NGG_0055	63	3.333e-05
safety_focused	MALAT1_A549_NGG_0055	64	0.0
safety_focused	MALAT1_A549_NGG_0055	65	0.0
safety_focused	MALAT1_A549_NGG_0055	66	0.0
safety_focused	MALAT1_A549_NGG_0055	67	0.0
safety_focused	MALAT1_A549_NGG_0055	68	0.0
safety_focused	MALAT1_A549_NGG_0055	69	0.0
safety_focused	MALAT1_A549_NGG_0055	70	0.0
safety_focused	MALAT1_A549_NGG_0055	71	0.0
safety_focused	MALAT1_A549_NGG_0055	72	0.0
safety_focused	MALAT1_A549_NGG_0055	73	0.0
safety_focused	MALAT1_A549_NGG_0055	74	0.0
safety_focused	MALAT1_A549_NGG_0055	75	0.0
safety_focused	MALAT1_A549_NGG_0055	76	0.0
safety_focused	MALAT1_A549_NGG_0055	77	0.0
safety_focused	MALAT1_A549_NGG_0055	78	0.0
safety_focused	MALAT1_A549_NGG_0055	79	0.0
safety_focused	MALAT1_A549_NGG_0055	80	0.0
safety_focused	MALAT1_A549_NGG_0055	81	0.0
safety_focused	MALAT1_A549_NGG_0055	82	0.0
safety_focused	MALAT1_A549_NGG_0055	83	0.0
safety_focused	MALAT1_A549_NGG_0055	84	0.0
safety_focused	MALAT1_A549_NGG_0055	85	0.0
safety_focused	MALAT1_A549_NGG_0055	86	0.0
safety_focused	MALAT1_A549_NGG_0056	1	0.0
safety_focused	MALAT1_A549_NGG_0056	2	0.0
safety_focused	MALAT1_A549_NGG_0056	3	0.0
safety_focused	MALAT1_A549_NGG_0056	4	0.0
safety_focused	MALAT1_A549_NGG_0056	5	0.0
safety_focused	MALAT1_A549_NGG_0056	6	3.333e-05
safety_focused	MALAT1_A549_NGG_0056	7	0.00073333
safety_focused	MALAT1_A549_NGG_0056	8	0.00233333
safety_focused	MALAT1_A549_NGG_0056	9	0.00573333
safety_focused	MALAT1_A549_NGG_0056	10	0.00793333
safety_focused	MALAT1_A549_NGG_0056	11	0.0118
safety_focused	MALAT1_A549_NGG_0056	12	0.0151
safety_focused	MALAT1_A549_NGG_0056	13	0.0183
safety_focused	MALAT1_A549_NGG_0056	14	0.02096667
safety_focused	MALAT1_A549_NGG_0056	15	0.02343333
safety_focused	MALAT1_A549_NGG_0056	16	0.026
safety_focused	MALAT1_A549_NGG_0056	17	0.02813333
safety_focused	MALAT1_A549_NGG_0056	18	0.0289
safety_focused	MALAT1_A549_NGG_0056	19	0.0318
safety_focused	MALAT1_A549_NGG_0056	20	0.03483333
safety_focused	MALAT1_A549_NGG_0056	21	0.0359
safety_focused	MALAT1_A549_NGG_0056	22	0.03523333
safety_focused	MALAT1_A549_NGG_0056	23	0.03896667
safety_focused	MALAT1_A549_NGG_0056	24	0.037
safety_focused	MALAT1_A549_NGG_0056	25	0.03616667
safety_focused	MALAT1_A549_NGG_0056	26	0.03423333
safety_focused	MALAT1_A549_NGG_0056	27	0.03443333
safety_focused	MALAT1_A549_NGG_0056	28	0.03436667
safety_focused	MALAT1_A549_NGG_0056	29	0.03566667
safety_focused	MALAT1_A549_NGG_0056	30	0.034
safety_focused	MALAT1_A549_NGG_0056	31	0.0341
safety_focused	MALAT1_A549_NGG_0056	32	0.03633333
safety_focused	MALAT1_A549_NGG_0056	33	0.03583333
safety_focused	MALAT1_A549_NGG_0056	34	0.03453333
safety_focused	MALAT1_A549_NGG_0056	35	0.0351
safety_focused	MALAT1_A549_NGG_0056	36	0.0325
safety_focused	MALAT1_A549_NGG_0056	37	0.02893333
safety_focused	MALAT1_A549_NGG_0056	38	0.0278
safety_focused	MALAT1_A549_NGG_0056	39	0.02293333
safety_focused	MALAT1_A549_NGG_0056	40	0.01966667
safety_focused	MALAT1_A549_NGG_0056	41	0.01513333
safety_focused	MALAT1_A549_NGG_0056	42	0.0133
safety_focused	MALAT1_A549_NGG_0056	43	0.0101
safety_focused	MALAT1_A549_NGG_0056	44	0.00813333
safety_focused	MALAT1_A549_NGG_0056	45	0.00613333
safety_focused	MALAT1_A549_NGG_0056	46	0.00553333
safety_focused	MALAT1_A549_NGG_0056	47	0.0043
safety_focused	MALAT1_A549_NGG_0056	48	0.0033
safety_focused	MALAT1_A549_NGG_0056	49	0.00313333
safety_focused	MALAT1_A549_NGG_0056	50	0.0022
safety_focused	MALAT1_A549_NGG_0056	51	0.00183333
safety_focused	MALAT1_A549_NGG_0056	52	0.0012
safety_focused	MALAT1_A549_NGG_0056	53	0.0011
safety_focused	MALAT1_A549_NGG_0056	54	0.0008
safety_focused	MALAT1_A549_NGG_0056	55	0.00073333
safety_focused	MALAT1_A549_NGG_0056	56	0.00056667
safety_focused	MALAT1_A549_NGG_0056	57	0.0007
safety_focused	MALAT1_A549_NGG_0056	58	0.0004
safety_focused	MALAT1_A549_NGG_0056	59	0.0006
safety_focused	MALAT1_A549_NGG_0056	60	0.00026667
safety_focused	MALAT1_A549_NGG_0056	61	0.00023333
safety_focused	MALAT1_A549_NGG_0056	62	6.667e-05
safety_focused	MALAT1_A549_NGG_0056	63	0.0001
safety_focused	MALAT1_A549_NGG_0056	64	6.667e-05
safety_focused	MALAT1_A549_NGG_0056	65	0.0001
safety_focused	MALAT1_A549_NGG_0056	66	6.667e-05
safety_focused	MALAT1_A549_NGG_0056	67	6.667e-05
safety_focused	MALAT1_A549_NGG_0056	68	3.333e-05
safety_focused	MALAT1_A549_NGG_0056	69	3.333e-05
safety_focused	MALAT1_A549_NGG_0056	70	0.0
safety_focused	MALAT1_A549_NGG_0056	71	0.0
safety_focused	MALAT1_A549_NGG_0056	72	0.0
safety_focused	MALAT1_A549_NGG_0056	73	3.333e-05
safety_focused	MALAT1_A549_NGG_0056	74	0.0
safety_focused	MALAT1_A549_NGG_0056	75	0.0
safety_focused	MALAT1_A549_NGG_0056	76	0.0
safety_focused	MALAT1_A549_NGG_0056	77	0.0
safety_focused	MALAT1_A549_NGG_0056	78	0.0
safety_focused	MALAT1_A549_NGG_0056	79	0.0
safety_focused	MALAT1_A549_NGG_0056	80	0.0
safety_focused	MALAT1_A549_NGG_0056	81	0.0
safety_focused	MALAT1_A549_NGG_0056	82	0.0
safety_focused	MALAT1_A549_NGG_0056	83	0.0
safety_focused	MALAT1_A549_NGG_0056	84	0.0
safety_focused	MALAT1_A549_NGG_0056	85	0.0
safety_focused	MALAT1_A549_NGG_0056	86	0.0
safety_focused	MALAT1_A549_NGG_0057	1	0.0
safety_focused	MALAT1_A549_NGG_0057	2	0.0
safety_focused	MALAT1_A549_NGG_0057	3	0.0
safety_focused	MALAT1_A549_NGG_0057	4	0.0
safety_focused	MALAT1_A549_NGG_0057	5	0.0
safety_focused	MALAT1_A549_NGG_0057	6	0.0
safety_focused	MALAT1_A549_NGG_0057	7	0.0001
safety_focused	MALAT1_A549_NGG_0057	8	0.0002
safety_focused	MALAT1_A549_NGG_0057	9	0.0007
safety_focused	MALAT1_A549_NGG_0057	10	0.00183333
safety_focused	MALAT1_A549_NGG_0057	11	0.00373333
safety_focused	MALAT1_A549_NGG_0057	12	0.00513333
safety_focused	MALAT1_A549_NGG_0057	13	0.0073
safety_focused	MALAT1_A549_NGG_0057	14	0.00956667
safety_focused	MALAT1_A549_NGG_0057	15	0.0121
safety_focused	MALAT1_A549_NGG_0057	16	0.01253333
safety_focused	MALAT1_A549_NGG_0057	17	0.01726667
safety_focused	MALAT1_A549_NGG_0057	18	0.019
safety_focused	MALAT1_A549_NGG_0057	19	0.0206
safety_focused	MALAT1_A549_NGG_0057	20	0.02303333
safety_focused	MALAT1_A549_NGG_0057	21	0.0249
safety_focused	MALAT1_A549_NGG_0057	22	0.02716667
safety_focused	MALAT1_A549_NGG_0057	23	0.02966667
safety_focused	MALAT1_A549_NGG_0057	24	0.02976667
safety_focused	MALAT1_A549_NGG_0057	25	0.03126667
safety_focused	MALAT1_A549_NGG_0057	26	0.03136667
safety_focused	MALAT1_A549_NGG_0057	27	0.03496667
safety_focused	MALAT1_A549_NGG_0057	28	0.03403333
safety_focused	MALAT1_A549_NGG_0057	29	0.03416667
safety_focused	MALAT1_A549_NGG_0057	30	0.03516667
safety_focused	MALAT1_A549_NGG_0057	31	0.03526667
safety_focused	MALAT1_A549_NGG_0057	32	0.03293333
safety_focused	MALAT1_A549_NGG_0057	33	0.03556667
safety_focused	MALAT1_A549_NGG_0057	34	0.03636667
safety_focused	MALAT1_A549_NGG_0057	35	0.03776667
safety_focused	MALAT1_A549_NGG_0057	36	0.0423
safety_focused	MALAT1_A549_NGG_0057	37	0.04166667
safety_focused	MALAT1_A549_NGG_0057	38	0.04106667
safety_focused	MALAT1_A549_NGG_0057	39	0.03943333
safety_focused	MALAT1_A549_NGG_0057	40	0.03716667
safety_focused	MALAT1_A549_NGG_0057	41	0.02823333
safety_focused	MALAT1_A549_NGG_0057	42	0.02586667
safety_focused	MALAT1_A549_NGG_0057	43	0.0221
safety_focused	MALAT1_A549_NGG_0057	44	0.01846667
safety_focused	MALAT1_A549_NGG_0057	45	0.0145
safety_focused	MALAT1_A549_NGG_0057	46	0.01133333
safety_focused	MALAT1_A549_NGG_0057	47	0.0097
safety_focused	MALAT1_A549_NGG_0057	48	0.00833333
safety_focused	MALAT1_A549_NGG_0057	49	0.00613333
safety_focused	MALAT1_A549_NGG_0057	50	0.00473333
safety_focused	MALAT1_A549_NGG_0057	51	0.00423333
safety_focused	MALAT1_A549_NGG_0057	52	0.0044
safety_focused	MALAT1_A549_NGG_0057	53	0.0031
safety_focused	MALAT1_A549_NGG_0057	54	0.00236667
safety_focused	MALAT1_A549_NGG_0057	55	0.00276667
safety_focused	MALAT1_A549_NGG_0057	56	0.00193333
safety_focused	MALAT1_A549_NGG_0057	57	0.00156667
safety_focused	MALAT1_A549_NGG_0057	58	0.00113333
safety_focused	MALAT1_A549_NGG_0057	59	0.00093333
safety_focused	MALAT1_A549_NGG_0057	60	0.0009
safety_focused	MALAT1_A549_NGG_0057	61	0.00063333
safety_focused	MALAT1_A549_NGG_0057	62	0.00043333
safety_focused	MALAT1_A549_NGG_0057	63	0.00013333
safety_focused	MALAT1_A549_NGG_0057	64	0.00033333
safety_focused	MALAT1_A549_NGG_0057	65	0.00016667
safety_focused	MALAT1_A549_NGG_0057	66	0.0001
safety_focused	MALAT1_A549_NGG_0057	67	0.00016667
safety_focused	MALAT1_A549_NGG_0057	68	0.0001
safety_focused	MALAT1_A549_NGG_0057	69	3.333e-05
safety_focused	MALAT1_A549_NGG_0057	70	0.0
safety_focused	MALAT1_A549_NGG_0057	71	3.333e-05
safety_focused	MALAT1_A549_NGG_0057	72	0.0
safety_focused	MALAT1_A549_NGG_0057	73	3.333e-05
safety_focused	MALAT1_A549_NGG_0057	74	0.0
safety_focused	MALAT1_A549_NGG_0057	75	0.0
safety_focused	MALAT1_A549_NGG_0057	76	0.0
safety_focused	MALAT1_A549_NGG_0057	77	0.0
safety_focused	MALAT1_A549_NGG_0057	78	0.0
safety_focused	MALAT1_A549_NGG_0057	79	0.0
safety_focused	MALAT1_A549_NGG_0057	80	0.0
safety_focused	MALAT1_A549_NGG_0057	81	0.0
safety_focused	MALAT1_A549_NGG_0057	82	0.0
safety_focused	MALAT1_A549_NGG_0057	83	0.0
safety_focused	MALAT1_A549_NGG_0057	84	0.0
safety_focused	MALAT1_A549_NGG_0057	85	0.0
safety_focused	MALAT1_A549_NGG_0057	86	0.0
safety_focused	MALAT1_A549_NGG_0058	1	0.0
safety_focused	MALAT1_A549_NGG_0058	2	0.0
safety_focused	MALAT1_A549_NGG_0058	3	0.0
safety_focused	MALAT1_A549_NGG_0058	4	0.0
safety_focused	MALAT1_A549_NGG_0058	5	0.0
safety_focused	MALAT1_A549_NGG_0058	6	3.333e-05
safety_focused	MALAT1_A549_NGG_0058	7	0.00016667
safety_focused	MALAT1_A549_NGG_0058	8	0.00083333
safety_focused	MALAT1_A549_NGG_0058	9	0.00193333
safety_focused	MALAT1_A549_NGG_0058	10	0.00416667
safety_focused	MALAT1_A549_NGG_0058	11	0.00666667
safety_focused	MALAT1_A549_NGG_0058	12	0.00746667
safety_focused	MALAT1_A549_NGG_0058	13	0.01153333
safety_focused	MALAT1_A549_NGG_0058	14	0.01313333
safety_focused	MALAT1_A549_NGG_0058	15	0.01633333
safety_focused	MALAT1_A549_NGG_0058	16	0.01796667
safety_focused	MALAT1_A549_NGG_0058	17	0.02016667
safety_focused	MALAT1_A549_NGG_0058	18	0.02166667
safety_focused	MALAT1_A549_NGG_0058	19	0.02476667
safety_focused	MALAT1_A549_NGG_0058	20	0.02703333
safety_focused	MALAT1_A549_NGG_0058	21	0.02853333
safety_focused	MALAT1_A549_NGG_0058	22	0.0316
safety_focused	MALAT1_A549_NGG_0058	23	0.03333333
safety_focused	MALAT1_A549_NGG_0058	24	0.03386667
safety_focused	MALAT1_A549_NGG_0058	25	0.03323333
safety_focused	MALAT1_A549_NGG_0058	26	0.0352
safety_focused	MALAT1_A549_NGG_0058	27	0.03273333
safety_focused	MALAT1_A549_NGG_0058	28	0.03446667
safety_focused	MALAT1_A549_NGG_0058	29	0.03536667
safety_focused	MALAT1_A549_NGG_0058	30	0.03513333
safety_focused	MALAT1_A549_NGG_0058	31	0.0349
safety_focused	MALAT1_A549_NGG_0058	32	0.03616667
safety_focused	MALAT1_A549_NGG_0058	33	0.03603333
safety_focused	MALAT1_A549_NGG_0058	34	0.0379
safety_focused	MALAT1_A549_NGG_0058	35	0.04003333
safety_focused	MALAT1_A549_NGG_0058	36	0.03896667
safety_focused	MALAT1_A549_NGG_0058	37	0.03963333
safety_focused	MALAT1_A549_NGG_0058	38	0.0368
safety_focused	MALAT1_A549_NGG_0058	39	0.03223333
safety_focused	MALAT1_A549_NGG_0058	40	0.0286
safety_focused	MALAT1_A549_NGG_0058	41	0.0243
safety_focused	MALAT1_A549_NGG_0058	42	0.0187
safety_focused	MALAT1_A549_NGG_0058	43	0.01596667
safety_focused	MALAT1_A549_NGG_0058	44	0.0125
safety_focused	MALAT1_A549_NGG_0058	45	0.01123333
safety_focused	MALAT1_A549_NGG_0058	46	0.00863333
safety_focused	MALAT1_A549_NGG_0058	47	0.0075
safety_focused	MALAT1_A549_NGG_0058	48	0.0061
safety_focused	MALAT1_A549_NGG_0058	49	0.0053
safety_focused	MALAT1_A549_NGG_0058	50	0.00433333
safety_focused	MALAT1_A549_NGG_0058	51	0.0034
safety_focused	MALAT1_A549_NGG_0058	52	0.00273333
safety_focused	MALAT1_A549_NGG_0058	53	0.00223333
safety_focused	MALAT1_A549_NGG_0058	54	0.00156667
safety_focused	MALAT1_A549_NGG_0058	55	0.0015
safety_focused	MALAT1_A549_NGG_0058	56	0.00083333
safety_focused	MALAT1_A549_NGG_0058	57	0.00113333
safety_focused	MALAT1_A549_NGG_0058	58	0.0005
safety_focused	MALAT1_A549_NGG_0058	59	0.00066667
safety_focused	MALAT1_A549_NGG_0058	60	0.00056667
safety_focused	MALAT1_A549_NGG_0058	61	0.0005
safety_focused	MALAT1_A549_NGG_0058	62	0.00036667
safety_focused	MALAT1_A549_NGG_0058	63	0.00026667
safety_focused	MALAT1_A549_NGG_0058	64	0.0002
safety_focused	MALAT1_A549_NGG_0058	65	6.667e-05
safety_focused	MALAT1_A549_NGG_0058	66	0.0
safety_focused	MALAT1_A549_NGG_0058	67	0.00016667
safety_focused	MALAT1_A549_NGG_0058	68	3.333e-05
safety_focused	MALAT1_A549_NGG_0058	69	6.667e-05
safety_focused	MALAT1_A549_NGG_0058	70	3.333e-05
safety_focused	MALAT1_A549_NGG_0058	71	0.0
safety_focused	MALAT1_A549_NGG_0058	72	0.0
safety_focused	MALAT1_A549_NGG_0058	73	0.0
safety_focused	MALAT1_A549_NGG_0058	74	0.0
safety_focused	MALAT1_A549_NGG_0058	75	0.0
safety_focused	MALAT1_A549_NGG_0058	76	0.0
safety_focused	MALAT1_A549_NGG_0058	77	0.0
safety_focused	MALAT1_A549_NGG_0058	78	0.0
safety_focused	MALAT1_A549_NGG_0058	79	0.0
safety_focused	MALAT1_A549_NGG_0058	80	0.0
safety_focused	MALAT1_A549_NGG_0058	81	0.0
safety_focused	MALAT1_A549_NGG_0058	82	0.0
safety_focused	MALAT1_A549_NGG_0058	83	0.0
safety_focused	MALAT1_A549_NGG_0058	84	0.0
safety_focused	MALAT1_A549_NGG_0058	85	0.0
safety_focused	MALAT1_A549_NGG_0058	86	0.0
safety_focused	MALAT1_A549_NGG_0059	1	0.0
safety_focused	MALAT1_A549_NGG_0059	2	0.0
safety_focused	MALAT1_A549_NGG_0059	3	0.0
safety_focused	MALAT1_A549_NGG_0059	4	0.0
safety_focused	MALAT1_A549_NGG_0059	5	0.0
safety_focused	MALAT1_A549_NGG_0059	6	0.0
safety_focused	MALAT1_A549_NGG_0059	7	3.333e-05
safety_focused	MALAT1_A549_NGG_0059	8	3.333e-05
safety_focused	MALAT1_A549_NGG_0059	9	0.00026667
safety_focused	MALAT1_A549_NGG_0059	10	0.00023333
safety_focused	MALAT1_A549_NGG_0059	11	0.00063333
safety_focused	MALAT1_A549_NGG_0059	12	0.00116667
safety_focused	MALAT1_A549_NGG_0059	13	0.002
safety_focused	MALAT1_A549_NGG_0059	14	0.00376667
safety_focused	MALAT1_A549_NGG_0059	15	0.00463333
safety_focused	MALAT1_A549_NGG_0059	16	0.00633333
safety_focused	MALAT1_A549_NGG_0059	17	0.0079
safety_focused	MALAT1_A549_NGG_0059	18	0.01023333
safety_focused	MALAT1_A549_NGG_0059	19	0.01083333
safety_focused	MALAT1_A549_NGG_0059	20	0.01233333
safety_focused	MALAT1_A549_NGG_0059	21	0.01503333
safety_focused	MALAT1_A549_NGG_0059	22	0.01756667
safety_focused	MALAT1_A549_NGG_0059	23	0.0201
safety_focused	MALAT1_A549_NGG_0059	24	0.02333333
safety_focused	MALAT1_A549_NGG_0059	25	0.02363333
safety_focused	MALAT1_A549_NGG_0059	26	0.0249
safety_focused	MALAT1_A549_NGG_0059	27	0.02653333
safety_focused	MALAT1_A549_NGG_0059	28	0.029
safety_focused	MALAT1_A549_NGG_0059	29	0.02996667
safety_focused	MALAT1_A549_NGG_0059	30	0.03136667
safety_focused	MALAT1_A549_NGG_0059	31	0.0296
safety_focused	MALAT1_A549_NGG_0059	32	0.0324
safety_focused	MALAT1_A549_NGG_0059	33	0.0324
safety_focused	MALAT1_A549_NGG_0059	34	0.03433333
safety_focused	MALAT1_A549_NGG_0059	35	0.03516667
safety_focused	MALAT1_A549_NGG_0059	36	0.0397
safety_focused	MALAT1_A549_NGG_0059	37	0.04376667
safety_focused	MALAT1_A549_NGG_0059	38	0.04503333
safety_focused	MALAT1_A549_NGG_0059	39	0.04633333
safety_focused	MALAT1_A549_NGG_0059	40	0.0513
safety_focused	MALAT1_A549_NGG_0059	41	0.0477
safety_focused	MALAT1_A549_NGG_0059	42	0.03826667
safety_focused	MALAT1_A549_NGG_0059	43	0.03186667
safety_focused	MALAT1_A549_NGG_0059	44	0.0303
safety_focused	MALAT1_A549_NGG_0059	45	0.0269
safety_focused	MALAT1_A549_NGG_0059	46	0.0227
safety_focused	MALAT1_A549_NGG_0059	47	0.01733333
safety_focused	MALAT1_A549_NGG_0059	48	0.01546667
safety_focused	MALAT1_A549_NGG_0059	49	0.01333333
safety_focused	MALAT1_A549_NGG_0059	50	0.0111
safety_focused	MALAT1_A549_NGG_0059	51	0.01006667
safety_focused	MALAT1_A549_NGG_0059	52	0.0075
safety_focused	MALAT1_A549_NGG_0059	53	0.00616667
safety_focused	MALAT1_A549_NGG_0059	54	0.00486667
safety_focused	MALAT1_A549_NGG_0059	55	0.00433333
safety_focused	MALAT1_A549_NGG_0059	56	0.00386667
safety_focused	MALAT1_A549_NGG_0059	57	0.0033
safety_focused	MALAT1_A549_NGG_0059	58	0.00286667
safety_focused	MALAT1_A549_NGG_0059	59	0.0025
safety_focused	MALAT1_A549_NGG_0059	60	0.0019
safety_focused	MALAT1_A549_NGG_0059	61	0.0013
safety_focused	MALAT1_A549_NGG_0059	62	0.00116667
safety_focused	MALAT1_A549_NGG_0059	63	0.001
safety_focused	MALAT1_A549_NGG_0059	64	0.0006
safety_focused	MALAT1_A549_NGG_0059	65	0.00043333
safety_focused	MALAT1_A549_NGG_0059	66	0.00043333
safety_focused	MALAT1_A549_NGG_0059	67	0.00013333
safety_focused	MALAT1_A549_NGG_0059	68	0.0002
safety_focused	MALAT1_A549_NGG_0059	69	6.667e-05
safety_focused	MALAT1_A549_NGG_0059	70	6.667e-05
safety_focused	MALAT1_A549_NGG_0059	71	6.667e-05
safety_focused	MALAT1_A549_NGG_0059	72	0.00013333
safety_focused	MALAT1_A549_NGG_0059	73	0.0001
safety_focused	MALAT1_A549_NGG_0059	74	6.667e-05
safety_focused	MALAT1_A549_NGG_0059	75	3.333e-05
safety_focused	MALAT1_A549_NGG_0059	76	0.0
safety_focused	MALAT1_A549_NGG_0059	77	0.0
safety_focused	MALAT1_A549_NGG_0059	78	0.0
safety_focused	MALAT1_A549_NGG_0059	79	0.0
safety_focused	MALAT1_A549_NGG_0059	80	0.0
safety_focused	MALAT1_A549_NGG_0059	81	0.0
safety_focused	MALAT1_A549_NGG_0059	82	0.0
safety_focused	MALAT1_A549_NGG_0059	83	0.0
safety_focused	MALAT1_A549_NGG_0059	84	0.0
safety_focused	MALAT1_A549_NGG_0059	85	0.0
safety_focused	MALAT1_A549_NGG_0059	86	0.0
safety_focused	MALAT1_A549_NGG_0060	1	0.0
safety_focused	MALAT1_A549_NGG_0060	2	0.0
safety_focused	MALAT1_A549_NGG_0060	3	0.0
safety_focused	MALAT1_A549_NGG_0060	4	0.0
safety_focused	MALAT1_A549_NGG_0060	5	0.0
safety_focused	MALAT1_A549_NGG_0060	6	0.0
safety_focused	MALAT1_A549_NGG_0060	7	6.667e-05
safety_focused	MALAT1_A549_NGG_0060	8	0.00063333
safety_focused	MALAT1_A549_NGG_0060	9	0.00093333
safety_focused	MALAT1_A549_NGG_0060	10	0.00283333
safety_focused	MALAT1_A549_NGG_0060	11	0.00426667
safety_focused	MALAT1_A549_NGG_0060	12	0.00656667
safety_focused	MALAT1_A549_NGG_0060	13	0.00796667
safety_focused	MALAT1_A549_NGG_0060	14	0.01156667
safety_focused	MALAT1_A549_NGG_0060	15	0.0139
safety_focused	MALAT1_A549_NGG_0060	16	0.0168
safety_focused	MALAT1_A549_NGG_0060	17	0.01833333
safety_focused	MALAT1_A549_NGG_0060	18	0.0203
safety_focused	MALAT1_A549_NGG_0060	19	0.02476667
safety_focused	MALAT1_A549_NGG_0060	20	0.02426667
safety_focused	MALAT1_A549_NGG_0060	21	0.0284
safety_focused	MALAT1_A549_NGG_0060	22	0.02906667
safety_focused	MALAT1_A549_NGG_0060	23	0.03106667
safety_focused	MALAT1_A549_NGG_0060	24	0.03206667
safety_focused	MALAT1_A549_NGG_0060	25	0.03456667
safety_focused	MALAT1_A549_NGG_0060	26	0.03533333
safety_focused	MALAT1_A549_NGG_0060	27	0.0356
safety_focused	MALAT1_A549_NGG_0060	28	0.0337
safety_focused	MALAT1_A549_NGG_0060	29	0.03416667
safety_focused	MALAT1_A549_NGG_0060	30	0.03306667
safety_focused	MALAT1_A549_NGG_0060	31	0.0334
safety_focused	MALAT1_A549_NGG_0060	32	0.03376667
safety_focused	MALAT1_A549_NGG_0060	33	0.03666667
safety_focused	MALAT1_A549_NGG_0060	34	0.0388
safety_focused	MALAT1_A549_NGG_0060	35	0.03803333
safety_focused	MALAT1_A549_NGG_0060	36	0.04206667
safety_focused	MALAT1_A549_NGG_0060	37	0.03926667
safety_focused	MALAT1_A549_NGG_0060	38	0.03843333
safety_focused	MALAT1_A549_NGG_0060	39	0.0363
safety_focused	MALAT1_A549_NGG_0060	40	0.03293333
safety_focused	MALAT1_A549_NGG_0060	41	0.0292
safety_focused	MALAT1_A549_NGG_0060	42	0.021
safety_focused	MALAT1_A549_NGG_0060	43	0.01766667
safety_focused	MALAT1_A549_NGG_0060	44	0.01446667
safety_focused	MALAT1_A549_NGG_0060	45	0.01213333
safety_focused	MALAT1_A549_NGG_0060	46	0.01043333
safety_focused	MALAT1_A549_NGG_0060	47	0.00746667
safety_focused	MALAT1_A549_NGG_0060	48	0.0069
safety_focused	MALAT1_A549_NGG_0060	49	0.0061
safety_focused	MALAT1_A549_NGG_0060	50	0.0046
safety_focused	MALAT1_A549_NGG_0060	51	0.00343333
safety_focused	MALAT1_A549_NGG_0060	52	0.00313333
safety_focused	MALAT1_A549_NGG_0060	53	0.00303333
safety_focused	MALAT1_A549_NGG_0060	54	0.00163333
safety_focused	MALAT1_A549_NGG_0060	55	0.0015
safety_focused	MALAT1_A549_NGG_0060	56	0.00143333
safety_focused	MALAT1_A549_NGG_0060	57	0.00096667
safety_focused	MALAT1_A549_NGG_0060	58	0.00146667
safety_focused	MALAT1_A549_NGG_0060	59	0.00093333
safety_focused	MALAT1_A549_NGG_0060	60	0.0007
safety_focused	MALAT1_A549_NGG_0060	61	0.00036667
safety_focused	MALAT1_A549_NGG_0060	62	0.00043333
safety_focused	MALAT1_A549_NGG_0060	63	0.00026667
safety_focused	MALAT1_A549_NGG_0060	64	0.0002
safety_focused	MALAT1_A549_NGG_0060	65	0.00026667
safety_focused	MALAT1_A549_NGG_0060	66	6.667e-05
safety_focused	MALAT1_A549_NGG_0060	67	3.333e-05
safety_focused	MALAT1_A549_NGG_0060	68	0.0
safety_focused	MALAT1_A549_NGG_0060	69	0.00013333
safety_focused	MALAT1_A549_NGG_0060	70	3.333e-05
safety_focused	MALAT1_A549_NGG_0060	71	6.667e-05
safety_focused	MALAT1_A549_NGG_0060	72	0.0
safety_focused	MALAT1_A549_NGG_0060	73	3.333e-05
safety_focused	MALAT1_A549_NGG_0060	74	0.0
safety_focused	MALAT1_A549_NGG_0060	75	0.0
safety_focused	MALAT1_A549_NGG_0060	76	0.0
safety_focused	MALAT1_A549_NGG_0060	77	0.0
safety_focused	MALAT1_A549_NGG_0060	78	0.0
safety_focused	MALAT1_A549_NGG_0060	79	0.0
safety_focused	MALAT1_A549_NGG_0060	80	0.0
safety_focused	MALAT1_A549_NGG_0060	81	0.0
safety_focused	MALAT1_A549_NGG_0060	82	0.0
safety_focused	MALAT1_A549_NGG_0060	83	0.0
safety_focused	MALAT1_A549_NGG_0060	84	0.0
safety_focused	MALAT1_A549_NGG_0060	85	0.0
safety_focused	MALAT1_A549_NGG_0060	86	0.0
safety_focused	MALAT1_A549_NGG_0061	1	0.0
safety_focused	MALAT1_A549_NGG_0061	2	0.0
safety_focused	MALAT1_A549_NGG_0061	3	0.0
safety_focused	MALAT1_A549_NGG_0061	4	0.0
safety_focused	MALAT1_A549_NGG_0061	5	0.0
safety_focused	MALAT1_A549_NGG_0061	6	0.0
safety_focused	MALAT1_A549_NGG_0061	7	0.0
safety_focused	MALAT1_A549_NGG_0061	8	3.333e-05
safety_focused	MALAT1_A549_NGG_0061	9	0.00013333
safety_focused	MALAT1_A549_NGG_0061	10	0.00023333
safety_focused	MALAT1_A549_NGG_0061	11	0.00086667
safety_focused	MALAT1_A549_NGG_0061	12	0.0016
safety_focused	MALAT1_A549_NGG_0061	13	0.00253333
safety_focused	MALAT1_A549_NGG_0061	14	0.00353333
safety_focused	MALAT1_A549_NGG_0061	15	0.00443333
safety_focused	MALAT1_A549_NGG_0061	16	0.00616667
safety_focused	MALAT1_A549_NGG_0061	17	0.0086
safety_focused	MALAT1_A549_NGG_0061	18	0.01033333
safety_focused	MALAT1_A549_NGG_0061	19	0.01206667
safety_focused	MALAT1_A549_NGG_0061	20	0.01443333
safety_focused	MALAT1_A549_NGG_0061	21	0.01673333
safety_focused	MALAT1_A549_NGG_0061	22	0.0165
safety_focused	MALAT1_A549_NGG_0061	23	0.0189
safety_focused	MALAT1_A549_NGG_0061	24	0.0208
safety_focused	MALAT1_A549_NGG_0061	25	0.02583333
safety_focused	MALAT1_A549_NGG_0061	26	0.02463333
safety_focused	MALAT1_A549_NGG_0061	27	0.0276
safety_focused	MALAT1_A549_NGG_0061	28	0.02943333
safety_focused	MALAT1_A549_NGG_0061	29	0.03006667
safety_focused	MALAT1_A549_NGG_0061	30	0.03183333
safety_focused	MALAT1_A549_NGG_0061	31	0.03183333
safety_focused	MALAT1_A549_NGG_0061	32	0.03266667
safety_focused	MALAT1_A549_NGG_0061	33	0.03386667
safety_focused	MALAT1_A549_NGG_0061	34	0.0336
safety_focused	MALAT1_A549_NGG_0061	35	0.038
safety_focused	MALAT1_A549_NGG_0061	36	0.0382
safety_focused	MALAT1_A549_NGG_0061	37	0.0404
safety_focused	MALAT1_A549_NGG_0061	38	0.04383333
safety_focused	MALAT1_A549_NGG_0061	39	0.05046667
safety_focused	MALAT1_A549_NGG_0061	40	0.05073333
safety_focused	MALAT1_A549_NGG_0061	41	0.0456
safety_focused	MALAT1_A549_NGG_0061	42	0.03873333
safety_focused	MALAT1_A549_NGG_0061	43	0.03456667
safety_focused	MALAT1_A549_NGG_0061	44	0.02983333
safety_focused	MALAT1_A549_NGG_0061	45	0.02353333
safety_focused	MALAT1_A549_NGG_0061	46	0.0212
safety_focused	MALAT1_A549_NGG_0061	47	0.01803333
safety_focused	MALAT1_A549_NGG_0061	48	0.0144
safety_focused	MALAT1_A549_NGG_0061	49	0.0129
safety_focused	MALAT1_A549_NGG_0061	50	0.0099
safety_focused	MALAT1_A549_NGG_0061	51	0.00883333
safety_focused	MALAT1_A549_NGG_0061	52	0.00743333
safety_focused	MALAT1_A549_NGG_0061	53	0.0057
safety_focused	MALAT1_A549_NGG_0061	54	0.00543333
safety_focused	MALAT1_A549_NGG_0061	55	0.00386667
safety_focused	MALAT1_A549_NGG_0061	56	0.00353333
safety_focused	MALAT1_A549_NGG_0061	57	0.00353333
safety_focused	MALAT1_A549_NGG_0061	58	0.00263333
safety_focused	MALAT1_A549_NGG_0061	59	0.00223333
safety_focused	MALAT1_A549_NGG_0061	60	0.00136667
safety_focused	MALAT1_A549_NGG_0061	61	0.00123333
safety_focused	MALAT1_A549_NGG_0061	62	0.0011
safety_focused	MALAT1_A549_NGG_0061	63	0.00083333
safety_focused	MALAT1_A549_NGG_0061	64	0.00063333
safety_focused	MALAT1_A549_NGG_0061	65	0.0005
safety_focused	MALAT1_A549_NGG_0061	66	0.00046667
safety_focused	MALAT1_A549_NGG_0061	67	0.0003
safety_focused	MALAT1_A549_NGG_0061	68	0.0003
safety_focused	MALAT1_A549_NGG_0061	69	6.667e-05
safety_focused	MALAT1_A549_NGG_0061	70	0.0001
safety_focused	MALAT1_A549_NGG_0061	71	0.00013333
safety_focused	MALAT1_A549_NGG_0061	72	3.333e-05
safety_focused	MALAT1_A549_NGG_0061	73	3.333e-05
safety_focused	MALAT1_A549_NGG_0061	74	6.667e-05
safety_focused	MALAT1_A549_NGG_0061	75	3.333e-05
safety_focused	MALAT1_A549_NGG_0061	76	0.0
safety_focused	MALAT1_A549_NGG_0061	77	0.0
safety_focused	MALAT1_A549_NGG_0061	78	0.0
safety_focused	MALAT1_A549_NGG_0061	79	0.0
safety_focused	MALAT1_A549_NGG_0061	80	0.0
safety_focused	MALAT1_A549_NGG_0061	81	0.0
safety_focused	MALAT1_A549_NGG_0061	82	0.0
safety_focused	MALAT1_A549_NGG_0061	83	0.0
safety_focused	MALAT1_A549_NGG_0061	84	0.0
safety_focused	MALAT1_A549_NGG_0061	85	0.0
safety_focused	MALAT1_A549_NGG_0061	86	0.0
safety_focused	MALAT1_A549_NGG_0062	1	0.0
safety_focused	MALAT1_A549_NGG_0062	2	0.0
safety_focused	MALAT1_A549_NGG_0062	3	0.0
safety_focused	MALAT1_A549_NGG_0062	4	0.0
safety_focused	MALAT1_A549_NGG_0062	5	0.0
safety_focused	MALAT1_A549_NGG_0062	6	0.0
safety_focused	MALAT1_A549_NGG_0062	7	0.0
safety_focused	MALAT1_A549_NGG_0062	8	0.0
safety_focused	MALAT1_A549_NGG_0062	9	0.0
safety_focused	MALAT1_A549_NGG_0062	10	0.0
safety_focused	MALAT1_A549_NGG_0062	11	0.0
safety_focused	MALAT1_A549_NGG_0062	12	0.0
safety_focused	MALAT1_A549_NGG_0062	13	0.0
safety_focused	MALAT1_A549_NGG_0062	14	0.0
safety_focused	MALAT1_A549_NGG_0062	15	0.0
safety_focused	MALAT1_A549_NGG_0062	16	0.0
safety_focused	MALAT1_A549_NGG_0062	17	0.0
safety_focused	MALAT1_A549_NGG_0062	18	3.333e-05
safety_focused	MALAT1_A549_NGG_0062	19	0.0
safety_focused	MALAT1_A549_NGG_0062	20	0.0
safety_focused	MALAT1_A549_NGG_0062	21	0.0
safety_focused	MALAT1_A549_NGG_0062	22	3.333e-05
safety_focused	MALAT1_A549_NGG_0062	23	0.00013333
safety_focused	MALAT1_A549_NGG_0062	24	0.0001
safety_focused	MALAT1_A549_NGG_0062	25	3.333e-05
safety_focused	MALAT1_A549_NGG_0062	26	0.00016667
safety_focused	MALAT1_A549_NGG_0062	27	0.0001
safety_focused	MALAT1_A549_NGG_0062	28	0.00023333
safety_focused	MALAT1_A549_NGG_0062	29	0.00036667
safety_focused	MALAT1_A549_NGG_0062	30	0.00073333
safety_focused	MALAT1_A549_NGG_0062	31	0.00063333
safety_focused	MALAT1_A549_NGG_0062	32	0.0008
safety_focused	MALAT1_A549_NGG_0062	33	0.0012
safety_focused	MALAT1_A549_NGG_0062	34	0.0014
safety_focused	MALAT1_A549_NGG_0062	35	0.00176667
safety_focused	MALAT1_A549_NGG_0062	36	0.00186667
safety_focused	MALAT1_A549_NGG_0062	37	0.00223333
safety_focused	MALAT1_A549_NGG_0062	38	0.00273333
safety_focused	MALAT1_A549_NGG_0062	39	0.0032
safety_focused	MALAT1_A549_NGG_0062	40	0.00426667
safety_focused	MALAT1_A549_NGG_0062	41	0.00383333
safety_focused	MALAT1_A549_NGG_0062	42	0.00486667
safety_focused	MALAT1_A549_NGG_0062	43	0.0072
safety_focused	MALAT1_A549_NGG_0062	44	0.0082
safety_focused	MALAT1_A549_NGG_0062	45	0.00886667
safety_focused	MALAT1_A549_NGG_0062	46	0.0093
safety_focused	MALAT1_A549_NGG_0062	47	0.00903333
safety_focused	MALAT1_A549_NGG_0062	48	0.01103333
safety_focused	MALAT1_A549_NGG_0062	49	0.01076667
safety_focused	MALAT1_A549_NGG_0062	50	0.01093333
safety_focused	MALAT1_A549_NGG_0062	51	0.01263333
safety_focused	MALAT1_A549_NGG_0062	52	0.01336667
safety_focused	MALAT1_A549_NGG_0062	53	0.01553333
safety_focused	MALAT1_A549_NGG_0062	54	0.01566667
safety_focused	MALAT1_A549_NGG_0062	55	0.01593333
safety_focused	MALAT1_A549_NGG_0062	56	0.0173
safety_focused	MALAT1_A549_NGG_0062	57	0.01726667
safety_focused	MALAT1_A549_NGG_0062	58	0.01973333
safety_focused	MALAT1_A549_NGG_0062	59	0.018
safety_focused	MALAT1_A549_NGG_0062	60	0.0184
safety_focused	MALAT1_A549_NGG_0062	61	0.02263333
safety_focused	MALAT1_A549_NGG_0062	62	0.0297
safety_focused	MALAT1_A549_NGG_0062	63	0.0377
safety_focused	MALAT1_A549_NGG_0062	64	0.0426
safety_focused	MALAT1_A549_NGG_0062	65	0.04703333
safety_focused	MALAT1_A549_NGG_0062	66	0.04843333
safety_focused	MALAT1_A549_NGG_0062	67	0.05096667
safety_focused	MALAT1_A549_NGG_0062	68	0.04526667
safety_focused	MALAT1_A549_NGG_0062	69	0.04833333
safety_focused	MALAT1_A549_NGG_0062	70	0.0477
safety_focused	MALAT1_A549_NGG_0062	71	0.04903333
safety_focused	MALAT1_A549_NGG_0062	72	0.04616667
safety_focused	MALAT1_A549_NGG_0062	73	0.0437
safety_focused	MALAT1_A549_NGG_0062	74	0.03783333
safety_focused	MALAT1_A549_NGG_0062	75	0.03423333
safety_focused	MALAT1_A549_NGG_0062	76	0.0271
safety_focused	MALAT1_A549_NGG_0062	77	0.0217
safety_focused	MALAT1_A549_NGG_0062	78	0.01306667
safety_focused	MALAT1_A549_NGG_0062	79	0.0089
safety_focused	MALAT1_A549_NGG_0062	80	0.00666667
safety_focused	MALAT1_A549_NGG_0062	81	0.00526667
safety_focused	MALAT1_A549_NGG_0062	82	0.0058
safety_focused	MALAT1_A549_NGG_0062	83	0.00476667
safety_focused	MALAT1_A549_NGG_0062	84	0.00303333
safety_focused	MALAT1_A549_NGG_0062	85	0.0019
safety_focused	MALAT1_A549_NGG_0062	86	0.00056667
safety_focused	MALAT1_A549_NGG_0063	1	0.0
safety_focused	MALAT1_A549_NGG_0063	2	0.0
safety_focused	MALAT1_A549_NGG_0063	3	0.0
safety_focused	MALAT1_A549_NGG_0063	4	0.0
safety_focused	MALAT1_A549_NGG_0063	5	0.0
safety_focused	MALAT1_A549_NGG_0063	6	0.0
safety_focused	MALAT1_A549_NGG_0063	7	0.0
safety_focused	MALAT1_A549_NGG_0063	8	0.0
safety_focused	MALAT1_A549_NGG_0063	9	0.0
safety_focused	MALAT1_A549_NGG_0063	10	0.0
safety_focused	MALAT1_A549_NGG_0063	11	0.0
safety_focused	MALAT1_A549_NGG_0063	12	0.0
safety_focused	MALAT1_A549_NGG_0063	13	0.0
safety_focused	MALAT1_A549_NGG_0063	14	0.0
safety_focused	MALAT1_A549_NGG_0063	15	0.0
safety_focused	MALAT1_A549_NGG_0063	16	0.0
safety_focused	MALAT1_A549_NGG_0063	17	0.0
safety_focused	MALAT1_A549_NGG_0063	18	0.0
safety_focused	MALAT1_A549_NGG_0063	19	0.0
safety_focused	MALAT1_A549_NGG_0063	20	0.0
safety_focused	MALAT1_A549_NGG_0063	21	3.333e-05
safety_focused	MALAT1_A549_NGG_0063	22	3.333e-05
safety_focused	MALAT1_A549_NGG_0063	23	0.0
safety_focused	MALAT1_A549_NGG_0063	24	0.0
safety_focused	MALAT1_A549_NGG_0063	25	6.667e-05
safety_focused	MALAT1_A549_NGG_0063	26	0.0001
safety_focused	MALAT1_A549_NGG_0063	27	0.0001
safety_focused	MALAT1_A549_NGG_0063	28	3.333e-05
safety_focused	MALAT1_A549_NGG_0063	29	3.333e-05
safety_focused	MALAT1_A549_NGG_0063	30	0.0002
safety_focused	MALAT1_A549_NGG_0063	31	0.00013333
safety_focused	MALAT1_A549_NGG_0063	32	0.00036667
safety_focused	MALAT1_A549_NGG_0063	33	0.00043333
safety_focused	MALAT1_A549_NGG_0063	34	0.00073333
safety_focused	MALAT1_A549_NGG_0063	35	0.00093333
safety_focused	MALAT1_A549_NGG_0063	36	0.00103333
safety_focused	MALAT1_A549_NGG_0063	37	0.00116667
safety_focused	MALAT1_A549_NGG_0063	38	0.00136667
safety_focused	MALAT1_A549_NGG_0063	39	0.00193333
safety_focused	MALAT1_A549_NGG_0063	40	0.0026
safety_focused	MALAT1_A549_NGG_0063	41	0.00233333
safety_focused	MALAT1_A549_NGG_0063	42	0.0026
safety_focused	MALAT1_A549_NGG_0063	43	0.00403333
safety_focused	MALAT1_A549_NGG_0063	44	0.00343333
safety_focused	MALAT1_A549_NGG_0063	45	0.00513333
safety_focused	MALAT1_A549_NGG_0063	46	0.0057
safety_focused	MALAT1_A549_NGG_0063	47	0.00606667
safety_focused	MALAT1_A549_NGG_0063	48	0.0075
safety_focused	MALAT1_A549_NGG_0063	49	0.00676667
safety_focused	MALAT1_A549_NGG_0063	50	0.0072
safety_focused	MALAT1_A549_NGG_0063	51	0.0081
safety_focused	MALAT1_A549_NGG_0063	52	0.00913333
safety_focused	MALAT1_A549_NGG_0063	53	0.00793333
safety_focused	MALAT1_A549_NGG_0063	54	0.01103333
safety_focused	MALAT1_A549_NGG_0063	55	0.0119
safety_focused	MALAT1_A549_NGG_0063	56	0.01296667
safety_focused	MALAT1_A549_NGG_0063	57	0.01283333
safety_focused	MALAT1_A549_NGG_0063	58	0.01336667
safety_focused	MALAT1_A549_NGG_0063	59	0.01433333
safety_focused	MALAT1_A549_NGG_0063	60	0.01333333
safety_focused	MALAT1_A549_NGG_0063	61	0.01616667
safety_focused	MALAT1_A549_NGG_0063	62	0.01853333
safety_focused	MALAT1_A549_NGG_0063	63	0.0214
safety_focused	MALAT1_A549_NGG_0063	64	0.02623333
safety_focused	MALAT1_A549_NGG_0063	65	0.03106667
safety_focused	MALAT1_A549_NGG_0063	66	0.0377
safety_focused	MALAT1_A549_NGG_0063	67	0.04073333
safety_focused	MALAT1_A549_NGG_0063	68	0.0424
safety_focused	MALAT1_A549_NGG_0063	69	0.0461
safety_focused	MALAT1_A549_NGG_0063	70	0.04826667
safety_focused	MALAT1_A549_NGG_0063	71	0.05086667
safety_focused	MALAT1_A549_NGG_0063	72	0.05413333
safety_focused	MALAT1_A549_NGG_0063	73	0.0539
safety_focused	MALAT1_A549_NGG_0063	74	0.05516667
safety_focused	MALAT1_A549_NGG_0063	75	0.05003333
safety_focused	MALAT1_A549_NGG_0063	76	0.04926667
safety_focused	MALAT1_A549_NGG_0063	77	0.0436
safety_focused	MALAT1_A549_NGG_0063	78	0.03876667
safety_focused	MALAT1_A549_NGG_0063	79	0.02503333
safety_focused	MALAT1_A549_NGG_0063	80	0.0182
safety_focused	MALAT1_A549_NGG_0063	81	0.01276667
safety_focused	MALAT1_A549_NGG_0063	82	0.01016667
safety_focused	MALAT1_A549_NGG_0063	83	0.00863333
safety_focused	MALAT1_A549_NGG_0063	84	0.00866667
safety_focused	MALAT1_A549_NGG_0063	85	0.0088
safety_focused	MALAT1_A549_NGG_0063	86	0.0064
safety_focused	MALAT1_A549_NGG_0064	1	0.0
safety_focused	MALAT1_A549_NGG_0064	2	0.0
safety_focused	MALAT1_A549_NGG_0064	3	0.0
safety_focused	MALAT1_A549_NGG_0064	4	0.0
safety_focused	MALAT1_A549_NGG_0064	5	0.0
safety_focused	MALAT1_A549_NGG_0064	6	0.0
safety_focused	MALAT1_A549_NGG_0064	7	0.0
safety_focused	MALAT1_A549_NGG_0064	8	0.0
safety_focused	MALAT1_A549_NGG_0064	9	0.0
safety_focused	MALAT1_A549_NGG_0064	10	0.0
safety_focused	MALAT1_A549_NGG_0064	11	0.0
safety_focused	MALAT1_A549_NGG_0064	12	0.0
safety_focused	MALAT1_A549_NGG_0064	13	0.0
safety_focused	MALAT1_A549_NGG_0064	14	0.0
safety_focused	MALAT1_A549_NGG_0064	15	0.0
safety_focused	MALAT1_A549_NGG_0064	16	0.0
safety_focused	MALAT1_A549_NGG_0064	17	0.0
safety_focused	MALAT1_A549_NGG_0064	18	0.0
safety_focused	MALAT1_A549_NGG_0064	19	3.333e-05
safety_focused	MALAT1_A549_NGG_0064	20	0.0
safety_focused	MALAT1_A549_NGG_0064	21	3.333e-05
safety_focused	MALAT1_A549_NGG_0064	22	6.667e-05
safety_focused	MALAT1_A549_NGG_0064	23	3.333e-05
safety_focused	MALAT1_A549_NGG_0064	24	0.00013333
safety_focused	MALAT1_A549_NGG_0064	25	3.333e-05
safety_focused	MALAT1_A549_NGG_0064	26	3.333e-05
safety_focused	MALAT1_A549_NGG_0064	27	3.333e-05
safety_focused	MALAT1_A549_NGG_0064	28	6.667e-05
safety_focused	MALAT1_A549_NGG_0064	29	0.00016667
safety_focused	MALAT1_A549_NGG_0064	30	0.00023333
safety_focused	MALAT1_A549_NGG_0064	31	6.667e-05
safety_focused	MALAT1_A549_NGG_0064	32	0.00053333
safety_focused	MALAT1_A549_NGG_0064	33	0.00023333
safety_focused	MALAT1_A549_NGG_0064	34	0.0007
safety_focused	MALAT1_A549_NGG_0064	35	0.00066667
safety_focused	MALAT1_A549_NGG_0064	36	0.00083333
safety_focused	MALAT1_A549_NGG_0064	37	0.00133333
safety_focused	MALAT1_A549_NGG_0064	38	0.00206667
safety_focused	MALAT1_A549_NGG_0064	39	0.00233333
safety_focused	MALAT1_A549_NGG_0064	40	0.00266667
safety_focused	MALAT1_A549_NGG_0064	41	0.0026
safety_focused	MALAT1_A549_NGG_0064	42	0.00316667
safety_focused	MALAT1_A549_NGG_0064	43	0.00356667
safety_focused	MALAT1_A549_NGG_0064	44	0.00513333
safety_focused	MALAT1_A549_NGG_0064	45	0.00576667
safety_focused	MALAT1_A549_NGG_0064	46	0.00606667
safety_focused	MALAT1_A549_NGG_0064	47	0.0068
safety_focused	MALAT1_A549_NGG_0064	48	0.0081
safety_focused	MALAT1_A549_NGG_0064	49	0.00683333
safety_focused	MALAT1_A549_NGG_0064	50	0.009
safety_focused	MALAT1_A549_NGG_0064	51	0.00903333
safety_focused	MALAT1_A549_NGG_0064	52	0.00986667
safety_focused	MALAT1_A549_NGG_0064	53	0.00966667
safety_focused	MALAT1_A549_NGG_0064	54	0.0118
safety_focused	MALAT1_A549_NGG_0064	55	0.0121
safety_focused	MALAT1_A549_NGG_0064	56	0.01233333
safety_focused	MALAT1_A549_NGG_0064	57	0.01273333
safety_focused	MALAT1_A549_NGG_0064	58	0.01363333
safety_focused	MALAT1_A549_NGG_0064	59	0.0139
safety_focused	MALAT1_A549_NGG_0064	60	0.0169
safety_focused	MALAT1_A549_NGG_0064	61	0.01616667
safety_focused	MALAT1_A549_NGG_0064	62	0.02136667
safety_focused	MALAT1_A549_NGG_0064	63	0.02363333
safety_focused	MALAT1_A549_NGG_0064	64	0.0287
safety_focused	MALAT1_A549_NGG_0064	65	0.03456667
safety_focused	MALAT1_A549_NGG_0064	66	0.03893333
safety_focused	MALAT1_A549_NGG_0064	67	0.04183333
safety_focused	MALAT1_A549_NGG_0064	68	0.04693333
safety_focused	MALAT1_A549_NGG_0064	69	0.0486
safety_focused	MALAT1_A549_NGG_0064	70	0.04916667
safety_focused	MALAT1_A549_NGG_0064	71	0.05303333
safety_focused	MALAT1_A549_NGG_0064	72	0.05113333
safety_focused	MALAT1_A549_NGG_0064	73	0.0528
safety_focused	MALAT1_A549_NGG_0064	74	0.05093333
safety_focused	MALAT1_A549_NGG_0064	75	0.04876667
safety_focused	MALAT1_A549_NGG_0064	76	0.04476667
safety_focused	MALAT1_A549_NGG_0064	77	0.0403
safety_focused	MALAT1_A549_NGG_0064	78	0.03116667
safety_focused	MALAT1_A549_NGG_0064	79	0.02326667
safety_focused	MALAT1_A549_NGG_0064	80	0.01576667
safety_focused	MALAT1_A549_NGG_0064	81	0.0106
safety_focused	MALAT1_A549_NGG_0064	82	0.00896667
safety_focused	MALAT1_A549_NGG_0064	83	0.00843333
safety_focused	MALAT1_A549_NGG_0064	84	0.00716667
safety_focused	MALAT1_A549_NGG_0064	85	0.0068
safety_focused	MALAT1_A549_NGG_0064	86	0.0049
safety_focused	MALAT1_A549_NGG_0065	1	0.0
safety_focused	MALAT1_A549_NGG_0065	2	0.0
safety_focused	MALAT1_A549_NGG_0065	3	0.0
safety_focused	MALAT1_A549_NGG_0065	4	0.0
safety_focused	MALAT1_A549_NGG_0065	5	0.0
safety_focused	MALAT1_A549_NGG_0065	6	0.0
safety_focused	MALAT1_A549_NGG_0065	7	0.0
safety_focused	MALAT1_A549_NGG_0065	8	0.0
safety_focused	MALAT1_A549_NGG_0065	9	0.0
safety_focused	MALAT1_A549_NGG_0065	10	0.0
safety_focused	MALAT1_A549_NGG_0065	11	0.0
safety_focused	MALAT1_A549_NGG_0065	12	0.0
safety_focused	MALAT1_A549_NGG_0065	13	0.0
safety_focused	MALAT1_A549_NGG_0065	14	0.0
safety_focused	MALAT1_A549_NGG_0065	15	0.0
safety_focused	MALAT1_A549_NGG_0065	16	0.0
safety_focused	MALAT1_A549_NGG_0065	17	0.0
safety_focused	MALAT1_A549_NGG_0065	18	0.0
safety_focused	MALAT1_A549_NGG_0065	19	0.0
safety_focused	MALAT1_A549_NGG_0065	20	0.0
safety_focused	MALAT1_A549_NGG_0065	21	0.0
safety_focused	MALAT1_A549_NGG_0065	22	6.667e-05
safety_focused	MALAT1_A549_NGG_0065	23	3.333e-05
safety_focused	MALAT1_A549_NGG_0065	24	0.0
safety_focused	MALAT1_A549_NGG_0065	25	3.333e-05
safety_focused	MALAT1_A549_NGG_0065	26	3.333e-05
safety_focused	MALAT1_A549_NGG_0065	27	3.333e-05
safety_focused	MALAT1_A549_NGG_0065	28	0.00013333
safety_focused	MALAT1_A549_NGG_0065	29	6.667e-05
safety_focused	MALAT1_A549_NGG_0065	30	0.0001
safety_focused	MALAT1_A549_NGG_0065	31	0.00013333
safety_focused	MALAT1_A549_NGG_0065	32	0.0001
safety_focused	MALAT1_A549_NGG_0065	33	0.00013333
safety_focused	MALAT1_A549_NGG_0065	34	0.00036667
safety_focused	MALAT1_A549_NGG_0065	35	0.0004
safety_focused	MALAT1_A549_NGG_0065	36	0.0006
safety_focused	MALAT1_A549_NGG_0065	37	0.00063333
safety_focused	MALAT1_A549_NGG_0065	38	0.00083333
safety_focused	MALAT1_A549_NGG_0065	39	0.00176667
safety_focused	MALAT1_A549_NGG_0065	40	0.00156667
safety_focused	MALAT1_A549_NGG_0065	41	0.00216667
safety_focused	MALAT1_A549_NGG_0065	42	0.00266667
safety_focused	MALAT1_A549_NGG_0065	43	0.00273333
safety_focused	MALAT1_A549_NGG_0065	44	0.0034
safety_focused	MALAT1_A549_NGG_0065	45	0.00356667
safety_focused	MALAT1_A549_NGG_0065	46	0.00403333
safety_focused	MALAT1_A549_NGG_0065	47	0.00476667
safety_focused	MALAT1_A549_NGG_0065	48	0.0056
safety_focused	MALAT1_A549_NGG_0065	49	0.00626667
safety_focused	MALAT1_A549_NGG_0065	50	0.00606667
safety_focused	MALAT1_A549_NGG_0065	51	0.0062
safety_focused	MALAT1_A549_NGG_0065	52	0.00703333
safety_focused	MALAT1_A549_NGG_0065	53	0.0089
safety_focused	MALAT1_A549_NGG_0065	54	0.00886667
safety_focused	MALAT1_A549_NGG_0065	55	0.00996667
safety_focused	MALAT1_A549_NGG_0065	56	0.01103333
safety_focused	MALAT1_A549_NGG_0065	57	0.01063333
safety_focused	MALAT1_A549_NGG_0065	58	0.01203333
safety_focused	MALAT1_A549_NGG_0065	59	0.01206667
safety_focused	MALAT1_A549_NGG_0065	60	0.01356667
safety_focused	MALAT1_A549_NGG_0065	61	0.0136
safety_focused	MALAT1_A549_NGG_0065	62	0.01583333
safety_focused	MALAT1_A549_NGG_0065	63	0.01763333
safety_focused	MALAT1_A549_NGG_0065	64	0.02146667
safety_focused	MALAT1_A549_NGG_0065	65	0.02523333
safety_focused	MALAT1_A549_NGG_0065	66	0.02936667
safety_focused	MALAT1_A549_NGG_0065	67	0.0356
safety_focused	MALAT1_A549_NGG_0065	68	0.0396
safety_focused	MALAT1_A549_NGG_0065	69	0.0429
safety_focused	MALAT1_A549_NGG_0065	70	0.04696667
safety_focused	MALAT1_A549_NGG_0065	71	0.04753333
safety_focused	MALAT1_A549_NGG_0065	72	0.05376667
safety_focused	MALAT1_A549_NGG_0065	73	0.05093333
safety_focused	MALAT1_A549_NGG_0065	74	0.05413333
safety_focused	MALAT1_A549_NGG_0065	75	0.05506667
safety_focused	MALAT1_A549_NGG_0065	76	0.05506667
safety_focused	MALAT1_A549_NGG_0065	77	0.0533
safety_focused	MALAT1_A549_NGG_0065	78	0.0492
safety_focused	MALAT1_A549_NGG_0065	79	0.03783333
safety_focused	MALAT1_A549_NGG_0065	80	0.02636667
safety_focused	MALAT1_A549_NGG_0065	81	0.0179
safety_focused	MALAT1_A549_NGG_0065	82	0.01366667
safety_focused	MALAT1_A549_NGG_0065	83	0.0116
safety_focused	MALAT1_A549_NGG_0065	84	0.01043333
safety_focused	MALAT1_A549_NGG_0065	85	0.01086667
safety_focused	MALAT1_A549_NGG_0065	86	0.01553333
safety_focused	MALAT1_A549_NGG_0066	1	0.0
safety_focused	MALAT1_A549_NGG_0066	2	0.0
safety_focused	MALAT1_A549_NGG_0066	3	0.0
safety_focused	MALAT1_A549_NGG_0066	4	0.0
safety_focused	MALAT1_A549_NGG_0066	5	0.0
safety_focused	MALAT1_A549_NGG_0066	6	0.0
safety_focused	MALAT1_A549_NGG_0066	7	0.0
safety_focused	MALAT1_A549_NGG_0066	8	0.0
safety_focused	MALAT1_A549_NGG_0066	9	0.0
safety_focused	MALAT1_A549_NGG_0066	10	0.0
safety_focused	MALAT1_A549_NGG_0066	11	0.0
safety_focused	MALAT1_A549_NGG_0066	12	0.0
safety_focused	MALAT1_A549_NGG_0066	13	0.0
safety_focused	MALAT1_A549_NGG_0066	14	0.0
safety_focused	MALAT1_A549_NGG_0066	15	0.0
safety_focused	MALAT1_A549_NGG_0066	16	0.0
safety_focused	MALAT1_A549_NGG_0066	17	0.0
safety_focused	MALAT1_A549_NGG_0066	18	0.0
safety_focused	MALAT1_A549_NGG_0066	19	0.0
safety_focused	MALAT1_A549_NGG_0066	20	0.0
safety_focused	MALAT1_A549_NGG_0066	21	6.667e-05
safety_focused	MALAT1_A549_NGG_0066	22	6.667e-05
safety_focused	MALAT1_A549_NGG_0066	23	6.667e-05
safety_focused	MALAT1_A549_NGG_0066	24	3.333e-05
safety_focused	MALAT1_A549_NGG_0066	25	3.333e-05
safety_focused	MALAT1_A549_NGG_0066	26	0.00016667
safety_focused	MALAT1_A549_NGG_0066	27	0.00013333
safety_focused	MALAT1_A549_NGG_0066	28	0.0001
safety_focused	MALAT1_A549_NGG_0066	29	0.0001
safety_focused	MALAT1_A549_NGG_0066	30	0.0003
safety_focused	MALAT1_A549_NGG_0066	31	0.00046667
safety_focused	MALAT1_A549_NGG_0066	32	0.00036667
safety_focused	MALAT1_A549_NGG_0066	33	0.00046667
safety_focused	MALAT1_A549_NGG_0066	34	0.00073333
safety_focused	MALAT1_A549_NGG_0066	35	0.00106667
safety_focused	MALAT1_A549_NGG_0066	36	0.00133333
safety_focused	MALAT1_A549_NGG_0066	37	0.0014
safety_focused	MALAT1_A549_NGG_0066	38	0.0024
safety_focused	MALAT1_A549_NGG_0066	39	0.0032
safety_focused	MALAT1_A549_NGG_0066	40	0.0037
safety_focused	MALAT1_A549_NGG_0066	41	0.0038
safety_focused	MALAT1_A549_NGG_0066	42	0.00363333
safety_focused	MALAT1_A549_NGG_0066	43	0.00516667
safety_focused	MALAT1_A549_NGG_0066	44	0.00553333
safety_focused	MALAT1_A549_NGG_0066	45	0.00806667
safety_focused	MALAT1_A549_NGG_0066	46	0.0073
safety_focused	MALAT1_A549_NGG_0066	47	0.00843333
safety_focused	MALAT1_A549_NGG_0066	48	0.0083
safety_focused	MALAT1_A549_NGG_0066	49	0.00823333
safety_focused	MALAT1_A549_NGG_0066	50	0.00976667
safety_focused	MALAT1_A549_NGG_0066	51	0.0103
safety_focused	MALAT1_A549_NGG_0066	52	0.01073333
safety_focused	MALAT1_A549_NGG_0066	53	0.01173333
safety_focused	MALAT1_A549_NGG_0066	54	0.01366667
safety_focused	MALAT1_A549_NGG_0066	55	0.01523333
safety_focused	MALAT1_A549_NGG_0066	56	0.01463333
safety_focused	MALAT1_A549_NGG_0066	57	0.0154
safety_focused	MALAT1_A549_NGG_0066	58	0.01566667
safety_focused	MALAT1_A549_NGG_0066	59	0.01723333
safety_focused	MALAT1_A549_NGG_0066	60	0.01743333
safety_focused	MALAT1_A549_NGG_0066	61	0.0193
safety_focused	MALAT1_A549_NGG_0066	62	0.02463333
safety_focused	MALAT1_A549_NGG_0066	63	0.02986667
safety_focused	MALAT1_A549_NGG_0066	64	0.03586667
safety_focused	MALAT1_A549_NGG_0066	65	0.04276667
safety_focused	MALAT1_A549_NGG_0066	66	0.04456667
safety_focused	MALAT1_A549_NGG_0066	67	0.04733333
safety_focused	MALAT1_A549_NGG_0066	68	0.0464
safety_focused	MALAT1_A549_NGG_0066	69	0.0477
safety_focused	MALAT1_A549_NGG_0066	70	0.04976667
safety_focused	MALAT1_A549_NGG_0066	71	0.04883333
safety_focused	MALAT1_A549_NGG_0066	72	0.05056667
safety_focused	MALAT1_A549_NGG_0066	73	0.05006667
safety_focused	MALAT1_A549_NGG_0066	74	0.04513333
safety_focused	MALAT1_A549_NGG_0066	75	0.04193333
safety_focused	MALAT1_A549_NGG_0066	76	0.03716667
safety_focused	MALAT1_A549_NGG_0066	77	0.03026667
safety_focused	MALAT1_A549_NGG_0066	78	0.0221
safety_focused	MALAT1_A549_NGG_0066	79	0.01583333
safety_focused	MALAT1_A549_NGG_0066	80	0.01096667
safety_focused	MALAT1_A549_NGG_0066	81	0.00786667
safety_focused	MALAT1_A549_NGG_0066	82	0.00746667
safety_focused	MALAT1_A549_NGG_0066	83	0.00616667
safety_focused	MALAT1_A549_NGG_0066	84	0.00536667
safety_focused	MALAT1_A549_NGG_0066	85	0.0039
safety_focused	MALAT1_A549_NGG_0066	86	0.0017
safety_focused	MALAT1_A549_NGG_0067	1	0.0
safety_focused	MALAT1_A549_NGG_0067	2	0.0
safety_focused	MALAT1_A549_NGG_0067	3	0.0002
safety_focused	MALAT1_A549_NGG_0067	4	0.0003
safety_focused	MALAT1_A549_NGG_0067	5	0.00083333
safety_focused	MALAT1_A549_NGG_0067	6	0.00156667
safety_focused	MALAT1_A549_NGG_0067	7	0.00386667
safety_focused	MALAT1_A549_NGG_0067	8	0.0072
safety_focused	MALAT1_A549_NGG_0067	9	0.01163333
safety_focused	MALAT1_A549_NGG_0067	10	0.0167
safety_focused	MALAT1_A549_NGG_0067	11	0.01983333
safety_focused	MALAT1_A549_NGG_0067	12	0.02456667
safety_focused	MALAT1_A549_NGG_0067	13	0.02676667
safety_focused	MALAT1_A549_NGG_0067	14	0.03063333
safety_focused	MALAT1_A549_NGG_0067	15	0.03356667
safety_focused	MALAT1_A549_NGG_0067	16	0.0378
safety_focused	MALAT1_A549_NGG_0067	17	0.0416
safety_focused	MALAT1_A549_NGG_0067	18	0.04316667
safety_focused	MALAT1_A549_NGG_0067	19	0.04486667
safety_focused	MALAT1_A549_NGG_0067	20	0.04653333
safety_focused	MALAT1_A549_NGG_0067	21	0.0485
safety_focused	MALAT1_A549_NGG_0067	22	0.0531
safety_focused	MALAT1_A549_NGG_0067	23	0.0508
safety_focused	MALAT1_A549_NGG_0067	24	0.04776667
safety_focused	MALAT1_A549_NGG_0067	25	0.04863333
safety_focused	MALAT1_A549_NGG_0067	26	0.04616667
safety_focused	MALAT1_A549_NGG_0067	27	0.04303333
safety_focused	MALAT1_A549_NGG_0067	28	0.0409
safety_focused	MALAT1_A549_NGG_0067	29	0.03823333
safety_focused	MALAT1_A549_NGG_0067	30	0.03446667
safety_focused	MALAT1_A549_NGG_0067	31	0.02983333
safety_focused	MALAT1_A549_NGG_0067	32	0.0257
safety_focused	MALAT1_A549_NGG_0067	33	0.02306667
safety_focused	MALAT1_A549_NGG_0067	34	0.01753333
safety_focused	MALAT1_A549_NGG_0067	35	0.01343333
safety_focused	MALAT1_A549_NGG_0067	36	0.01126667
safety_focused	MALAT1_A549_NGG_0067	37	0.00876667
safety_focused	MALAT1_A549_NGG_0067	38	0.00716667
safety_focused	MALAT1_A549_NGG_0067	39	0.0049
safety_focused	MALAT1_A549_NGG_0067	40	0.00333333
safety_focused	MALAT1_A549_NGG_0067	41	0.00303333
safety_focused	MALAT1_A549_NGG_0067	42	0.00206667
safety_focused	MALAT1_A549_NGG_0067	43	0.0013
safety_focused	MALAT1_A549_NGG_0067	44	0.0012
safety_focused	MALAT1_A549_NGG_0067	45	0.0011
safety_focused	MALAT1_A549_NGG_0067	46	0.0007
safety_focused	MALAT1_A549_NGG_0067	47	0.00056667
safety_focused	MALAT1_A549_NGG_0067	48	0.00043333
safety_focused	MALAT1_A549_NGG_0067	49	0.0006
safety_focused	MALAT1_A549_NGG_0067	50	0.00023333
safety_focused	MALAT1_A549_NGG_0067	51	0.0003
safety_focused	MALAT1_A549_NGG_0067	52	3.333e-05
safety_focused	MALAT1_A549_NGG_0067	53	0.0
safety_focused	MALAT1_A549_NGG_0067	54	0.0001
safety_focused	MALAT1_A549_NGG_0067	55	6.667e-05
safety_focused	MALAT1_A549_NGG_0067	56	0.0
safety_focused	MALAT1_A549_NGG_0067	57	0.0
safety_focused	MALAT1_A549_NGG_0067	58	0.0
safety_focused	MALAT1_A549_NGG_0067	59	3.333e-05
safety_focused	MALAT1_A549_NGG_0067	60	0.0
safety_focused	MALAT1_A549_NGG_0067	61	0.0
safety_focused	MALAT1_A549_NGG_0067	62	0.0
safety_focused	MALAT1_A549_NGG_0067	63	0.0
safety_focused	MALAT1_A549_NGG_0067	64	0.0
safety_focused	MALAT1_A549_NGG_0067	65	0.0
safety_focused	MALAT1_A549_NGG_0067	66	0.0
safety_focused	MALAT1_A549_NGG_0067	67	0.0
safety_focused	MALAT1_A549_NGG_0067	68	0.0
safety_focused	MALAT1_A549_NGG_0067	69	0.0
safety_focused	MALAT1_A549_NGG_0067	70	0.0
safety_focused	MALAT1_A549_NGG_0067	71	0.0
safety_focused	MALAT1_A549_NGG_0067	72	0.0
safety_focused	MALAT1_A549_NGG_0067	73	0.0
safety_focused	MALAT1_A549_NGG_0067	74	0.0
safety_focused	MALAT1_A549_NGG_0067	75	0.0
safety_focused	MALAT1_A549_NGG_0067	76	0.0
safety_focused	MALAT1_A549_NGG_0067	77	0.0
safety_focused	MALAT1_A549_NGG_0067	78	0.0
safety_focused	MALAT1_A549_NGG_0067	79	0.0
safety_focused	MALAT1_A549_NGG_0067	80	0.0
safety_focused	MALAT1_A549_NGG_0067	81	0.0
safety_focused	MALAT1_A549_NGG_0067	82	0.0
safety_focused	MALAT1_A549_NGG_0067	83	0.0
safety_focused	MALAT1_A549_NGG_0067	84	0.0
safety_focused	MALAT1_A549_NGG_0067	85	0.0
safety_focused	MALAT1_A549_NGG_0067	86	0.0
safety_focused	MALAT1_A549_NGG_0068	1	0.0
safety_focused	MALAT1_A549_NGG_0068	2	0.0
safety_focused	MALAT1_A549_NGG_0068	3	0.0
safety_focused	MALAT1_A549_NGG_0068	4	6.667e-05
safety_focused	MALAT1_A549_NGG_0068	5	6.667e-05
safety_focused	MALAT1_A549_NGG_0068	6	0.00023333
safety_focused	MALAT1_A549_NGG_0068	7	0.0007
safety_focused	MALAT1_A549_NGG_0068	8	0.00116667
safety_focused	MALAT1_A549_NGG_0068	9	0.00246667
safety_focused	MALAT1_A549_NGG_0068	10	0.00396667
safety_focused	MALAT1_A549_NGG_0068	11	0.005
safety_focused	MALAT1_A549_NGG_0068	12	0.00776667
safety_focused	MALAT1_A549_NGG_0068	13	0.01056667
safety_focused	MALAT1_A549_NGG_0068	14	0.01276667
safety_focused	MALAT1_A549_NGG_0068	15	0.0148
safety_focused	MALAT1_A549_NGG_0068	16	0.0163
safety_focused	MALAT1_A549_NGG_0068	17	0.0199
safety_focused	MALAT1_A549_NGG_0068	18	0.02196667
safety_focused	MALAT1_A549_NGG_0068	19	0.02606667
safety_focused	MALAT1_A549_NGG_0068	20	0.02913333
safety_focused	MALAT1_A549_NGG_0068	21	0.03226667
safety_focused	MALAT1_A549_NGG_0068	22	0.03263333
safety_focused	MALAT1_A549_NGG_0068	23	0.03726667
safety_focused	MALAT1_A549_NGG_0068	24	0.0385
safety_focused	MALAT1_A549_NGG_0068	25	0.04163333
safety_focused	MALAT1_A549_NGG_0068	26	0.04493333
safety_focused	MALAT1_A549_NGG_0068	27	0.04926667
safety_focused	MALAT1_A549_NGG_0068	28	0.05286667
safety_focused	MALAT1_A549_NGG_0068	29	0.0487
safety_focused	MALAT1_A549_NGG_0068	30	0.05183333
safety_focused	MALAT1_A549_NGG_0068	31	0.0503
safety_focused	MALAT1_A549_NGG_0068	32	0.04853333
safety_focused	MALAT1_A549_NGG_0068	33	0.0437
safety_focused	MALAT1_A549_NGG_0068	34	0.04226667
safety_focused	MALAT1_A549_NGG_0068	35	0.03806667
safety_focused	MALAT1_A549_NGG_0068	36	0.0327
safety_focused	MALAT1_A549_NGG_0068	37	0.0268
safety_focused	MALAT1_A549_NGG_0068	38	0.02283333
safety_focused	MALAT1_A549_NGG_0068	39	0.01926667
safety_focused	MALAT1_A549_NGG_0068	40	0.01453333
safety_focused	MALAT1_A549_NGG_0068	41	0.01196667
safety_focused	MALAT1_A549_NGG_0068	42	0.0088
safety_focused	MALAT1_A549_NGG_0068	43	0.00743333
safety_focused	MALAT1_A549_NGG_0068	44	0.0071
safety_focused	MALAT1_A549_NGG_0068	45	0.00556667
safety_focused	MALAT1_A549_NGG_0068	46	0.00406667
safety_focused	MALAT1_A549_NGG_0068	47	0.0029
safety_focused	MALAT1_A549_NGG_0068	48	0.00226667
safety_focused	MALAT1_A549_NGG_0068	49	0.00173333
safety_focused	MALAT1_A549_NGG_0068	50	0.0013
safety_focused	MALAT1_A549_NGG_0068	51	0.00106667
safety_focused	MALAT1_A549_NGG_0068	52	0.0012
safety_focused	MALAT1_A549_NGG_0068	53	0.0008
safety_focused	MALAT1_A549_NGG_0068	54	0.0006
safety_focused	MALAT1_A549_NGG_0068	55	0.00026667
safety_focused	MALAT1_A549_NGG_0068	56	0.00033333
safety_focused	MALAT1_A549_NGG_0068	57	0.00013333
safety_focused	MALAT1_A549_NGG_0068	58	0.0003
safety_focused	MALAT1_A549_NGG_0068	59	3.333e-05
safety_focused	MALAT1_A549_NGG_0068	60	6.667e-05
safety_focused	MALAT1_A549_NGG_0068	61	0.00013333
safety_focused	MALAT1_A549_NGG_0068	62	0.0
safety_focused	MALAT1_A549_NGG_0068	63	0.0001
safety_focused	MALAT1_A549_NGG_0068	64	0.0
safety_focused	MALAT1_A549_NGG_0068	65	0.0
safety_focused	MALAT1_A549_NGG_0068	66	0.0
safety_focused	MALAT1_A549_NGG_0068	67	0.0
safety_focused	MALAT1_A549_NGG_0068	68	0.0
safety_focused	MALAT1_A549_NGG_0068	69	0.0
safety_focused	MALAT1_A549_NGG_0068	70	0.0
safety_focused	MALAT1_A549_NGG_0068	71	0.0
safety_focused	MALAT1_A549_NGG_0068	72	0.0
safety_focused	MALAT1_A549_NGG_0068	73	0.0
safety_focused	MALAT1_A549_NGG_0068	74	0.0
safety_focused	MALAT1_A549_NGG_0068	75	0.0
safety_focused	MALAT1_A549_NGG_0068	76	0.0
safety_focused	MALAT1_A549_NGG_0068	77	0.0
safety_focused	MALAT1_A549_NGG_0068	78	0.0
safety_focused	MALAT1_A549_NGG_0068	79	0.0
safety_focused	MALAT1_A549_NGG_0068	80	0.0
safety_focused	MALAT1_A549_NGG_0068	81	0.0
safety_focused	MALAT1_A549_NGG_0068	82	0.0
safety_focused	MALAT1_A549_NGG_0068	83	0.0
safety_focused	MALAT1_A549_NGG_0068	84	0.0
safety_focused	MALAT1_A549_NGG_0068	85	0.0
safety_focused	MALAT1_A549_NGG_0068	86	0.0
safety_focused	MALAT1_A549_NGG_0069	1	0.0
safety_focused	MALAT1_A549_NGG_0069	2	0.0
safety_focused	MALAT1_A549_NGG_0069	3	0.0
safety_focused	MALAT1_A549_NGG_0069	4	0.0
safety_focused	MALAT1_A549_NGG_0069	5	0.0
safety_focused	MALAT1_A549_NGG_0069	6	0.0
safety_focused	MALAT1_A549_NGG_0069	7	0.0
safety_focused	MALAT1_A549_NGG_0069	8	0.0
safety_focused	MALAT1_A549_NGG_0069	9	6.667e-05
safety_focused	MALAT1_A549_NGG_0069	10	6.667e-05
safety_focused	MALAT1_A549_NGG_0069	11	0.0002
safety_focused	MALAT1_A549_NGG_0069	12	0.0005
safety_focused	MALAT1_A549_NGG_0069	13	0.00083333
safety_focused	MALAT1_A549_NGG_0069	14	0.00136667
safety_focused	MALAT1_A549_NGG_0069	15	0.0026
safety_focused	MALAT1_A549_NGG_0069	16	0.00283333
safety_focused	MALAT1_A549_NGG_0069	17	0.00433333
safety_focused	MALAT1_A549_NGG_0069	18	0.0055
safety_focused	MALAT1_A549_NGG_0069	19	0.0062
safety_focused	MALAT1_A549_NGG_0069	20	0.0079
safety_focused	MALAT1_A549_NGG_0069	21	0.01
safety_focused	MALAT1_A549_NGG_0069	22	0.011
safety_focused	MALAT1_A549_NGG_0069	23	0.01223333
safety_focused	MALAT1_A549_NGG_0069	24	0.01446667
safety_focused	MALAT1_A549_NGG_0069	25	0.01716667
safety_focused	MALAT1_A549_NGG_0069	26	0.02096667
safety_focused	MALAT1_A549_NGG_0069	27	0.02226667
safety_focused	MALAT1_A549_NGG_0069	28	0.0286
safety_focused	MALAT1_A549_NGG_0069	29	0.0316
safety_focused	MALAT1_A549_NGG_0069	30	0.03503333
safety_focused	MALAT1_A549_NGG_0069	31	0.03826667
safety_focused	MALAT1_A549_NGG_0069	32	0.04183333
safety_focused	MALAT1_A549_NGG_0069	33	0.046
safety_focused	MALAT1_A549_NGG_0069	34	0.053
safety_focused	MALAT1_A549_NGG_0069	35	0.05506667
safety_focused	MALAT1_A549_NGG_0069	36	0.06056667
safety_focused	MALAT1_A549_NGG_0069	37	0.0579
safety_focused	MALAT1_A549_NGG_0069	38	0.05493333
safety_focused	MALAT1_A549_NGG_0069	39	0.05046667
safety_focused	MALAT1_A549_NGG_0069	40	0.04803333
safety_focused	MALAT1_A549_NGG_0069	41	0.03986667
safety_focused	MALAT1_A549_NGG_0069	42	0.03686667
safety_focused	MALAT1_A549_NGG_0069	43	0.0297
safety_focused	MALAT1_A549_NGG_0069	44	0.02703333
safety_focused	MALAT1_A549_NGG_0069	45	0.02223333
safety_focused	MALAT1_A549_NGG_0069	46	0.01946667
safety_focused	MALAT1_A549_NGG_0069	47	0.01733333
safety_focused	MALAT1_A549_NGG_0069	48	0.01196667
safety_focused	MALAT1_A549_NGG_0069	49	0.01166667
safety_focused	MALAT1_A549_NGG_0069	50	0.00753333
safety_focused	MALAT1_A549_NGG_0069	51	0.0071
safety_focused	MALAT1_A549_NGG_0069	52	0.00546667
safety_focused	MALAT1_A549_NGG_0069	53	0.0043
safety_focused	MALAT1_A549_NGG_0069	54	0.0038
safety_focused	MALAT1_A549_NGG_0069	55	0.00316667
safety_focused	MALAT1_A549_NGG_0069	56	0.00223333
safety_focused	MALAT1_A549_NGG_0069	57	0.0022
safety_focused	MALAT1_A549_NGG_0069	58	0.00166667
safety_focused	MALAT1_A549_NGG_0069	59	0.00126667
safety_focused	MALAT1_A549_NGG_0069	60	0.00133333
safety_focused	MALAT1_A549_NGG_0069	61	0.0005
safety_focused	MALAT1_A549_NGG_0069	62	0.0005
safety_focused	MALAT1_A549_NGG_0069	63	0.00023333
safety_focused	MALAT1_A549_NGG_0069	64	0.0004
safety_focused	MALAT1_A549_NGG_0069	65	3.333e-05
safety_focused	MALAT1_A549_NGG_0069	66	6.667e-05
safety_focused	MALAT1_A549_NGG_0069	67	6.667e-05
safety_focused	MALAT1_A549_NGG_0069	68	0.0001
safety_focused	MALAT1_A549_NGG_0069	69	3.333e-05
safety_focused	MALAT1_A549_NGG_0069	70	6.667e-05
safety_focused	MALAT1_A549_NGG_0069	71	0.0
safety_focused	MALAT1_A549_NGG_0069	72	0.0
safety_focused	MALAT1_A549_NGG_0069	73	0.0
safety_focused	MALAT1_A549_NGG_0069	74	0.0
safety_focused	MALAT1_A549_NGG_0069	75	0.0
safety_focused	MALAT1_A549_NGG_0069	76	0.0
safety_focused	MALAT1_A549_NGG_0069	77	0.0
safety_focused	MALAT1_A549_NGG_0069	78	0.0
safety_focused	MALAT1_A549_NGG_0069	79	0.0
safety_focused	MALAT1_A549_NGG_0069	80	0.0
safety_focused	MALAT1_A549_NGG_0069	81	0.0
safety_focused	MALAT1_A549_NGG_0069	82	0.0
safety_focused	MALAT1_A549_NGG_0069	83	0.0
safety_focused	MALAT1_A549_NGG_0069	84	0.0
safety_focused	MALAT1_A549_NGG_0069	85	0.0
safety_focused	MALAT1_A549_NGG_0069	86	0.0
safety_focused	MALAT1_A549_NGG_0070	1	0.0
safety_focused	MALAT1_A549_NGG_0070	2	0.0
safety_focused	MALAT1_A549_NGG_0070	3	0.0
safety_focused	MALAT1_A549_NGG_0070	4	0.0
safety_focused	MALAT1_A549_NGG_0070	5	0.0
safety_focused	MALAT1_A549_NGG_0070	6	0.0
safety_focused	MALAT1_A549_NGG_0070	7	0.0
safety_focused	MALAT1_A549_NGG_0070	8	0.0
safety_focused	MALAT1_A549_NGG_0070	9	0.0
safety_focused	MALAT1_A549_NGG_0070	10	0.0
safety_focused	MALAT1_A549_NGG_0070	11	0.0
safety_focused	MALAT1_A549_NGG_0070	12	0.0
safety_focused	MALAT1_A549_NGG_0070	13	0.0
safety_focused	MALAT1_A549_NGG_0070	14	0.0
safety_focused	MALAT1_A549_NGG_0070	15	0.0
safety_focused	MALAT1_A549_NGG_0070	16	0.0
safety_focused	MALAT1_A549_NGG_0070	17	0.0
safety_focused	MALAT1_A549_NGG_0070	18	0.0
safety_focused	MALAT1_A549_NGG_0070	19	0.0
safety_focused	MALAT1_A549_NGG_0070	20	3.333e-05
safety_focused	MALAT1_A549_NGG_0070	21	6.667e-05
safety_focused	MALAT1_A549_NGG_0070	22	3.333e-05
safety_focused	MALAT1_A549_NGG_0070	23	0.0001
safety_focused	MALAT1_A549_NGG_0070	24	0.0003
safety_focused	MALAT1_A549_NGG_0070	25	6.667e-05
safety_focused	MALAT1_A549_NGG_0070	26	0.0003
safety_focused	MALAT1_A549_NGG_0070	27	0.00026667
safety_focused	MALAT1_A549_NGG_0070	28	0.0006
safety_focused	MALAT1_A549_NGG_0070	29	0.0004
safety_focused	MALAT1_A549_NGG_0070	30	0.0007
safety_focused	MALAT1_A549_NGG_0070	31	0.00083333
safety_focused	MALAT1_A549_NGG_0070	32	0.001
safety_focused	MALAT1_A549_NGG_0070	33	0.00126667
safety_focused	MALAT1_A549_NGG_0070	34	0.00163333
safety_focused	MALAT1_A549_NGG_0070	35	0.0018
safety_focused	MALAT1_A549_NGG_0070	36	0.002
safety_focused	MALAT1_A549_NGG_0070	37	0.0022
safety_focused	MALAT1_A549_NGG_0070	38	0.00363333
safety_focused	MALAT1_A549_NGG_0070	39	0.004
safety_focused	MALAT1_A549_NGG_0070	40	0.00496667
safety_focused	MALAT1_A549_NGG_0070	41	0.00703333
safety_focused	MALAT1_A549_NGG_0070	42	0.0101
safety_focused	MALAT1_A549_NGG_0070	43	0.02003333
safety_focused	MALAT1_A549_NGG_0070	44	0.01803333
safety_focused	MALAT1_A549_NGG_0070	45	0.01663333
safety_focused	MALAT1_A549_NGG_0070	46	0.0177
safety_focused	MALAT1_A549_NGG_0070	47	0.01836667
safety_focused	MALAT1_A549_NGG_0070	48	0.01863333
safety_focused	MALAT1_A549_NGG_0070	49	0.02103333
safety_focused	MALAT1_A549_NGG_0070	50	0.01963333
safety_focused	MALAT1_A549_NGG_0070	51	0.02023333
safety_focused	MALAT1_A549_NGG_0070	52	0.02163333
safety_focused	MALAT1_A549_NGG_0070	53	0.0242
safety_focused	MALAT1_A549_NGG_0070	54	0.02476667
safety_focused	MALAT1_A549_NGG_0070	55	0.02476667
safety_focused	MALAT1_A549_NGG_0070	56	0.02503333
safety_focused	MALAT1_A549_NGG_0070	57	0.02456667
safety_focused	MALAT1_A549_NGG_0070	58	0.02483333
safety_focused	MALAT1_A549_NGG_0070	59	0.02486667
safety_focused	MALAT1_A549_NGG_0070	60	0.02573333
safety_focused	MALAT1_A549_NGG_0070	61	0.0374
safety_focused	MALAT1_A549_NGG_0070	62	0.04956667
safety_focused	MALAT1_A549_NGG_0070	63	0.0676
safety_focused	MALAT1_A549_NGG_0070	64	0.0708
safety_focused	MALAT1_A549_NGG_0070	65	0.0671
safety_focused	MALAT1_A549_NGG_0070	66	0.0548
safety_focused	MALAT1_A549_NGG_0070	67	0.04576667
safety_focused	MALAT1_A549_NGG_0070	68	0.04103333
safety_focused	MALAT1_A549_NGG_0070	69	0.035
safety_focused	MALAT1_A549_NGG_0070	70	0.0279
safety_focused	MALAT1_A549_NGG_0070	71	0.022
safety_focused	MALAT1_A549_NGG_0070	72	0.01693333
safety_focused	MALAT1_A549_NGG_0070	73	0.01276667
safety_focused	MALAT1_A549_NGG_0070	74	0.00716667
safety_focused	MALAT1_A549_NGG_0070	75	0.0036
safety_focused	MALAT1_A549_NGG_0070	76	0.00236667
safety_focused	MALAT1_A549_NGG_0070	77	0.00143333
safety_focused	MALAT1_A549_NGG_0070	78	0.0009
safety_focused	MALAT1_A549_NGG_0070	79	0.00063333
safety_focused	MALAT1_A549_NGG_0070	80	0.0004
safety_focused	MALAT1_A549_NGG_0070	81	0.00046667
safety_focused	MALAT1_A549_NGG_0070	82	0.00026667
safety_focused	MALAT1_A549_NGG_0070	83	6.667e-05
safety_focused	MALAT1_A549_NGG_0070	84	0.0
safety_focused	MALAT1_A549_NGG_0070	85	0.0
safety_focused	MALAT1_A549_NGG_0070	86	0.0
safety_focused	MALAT1_A549_NGG_0071	1	0.00716667
safety_focused	MALAT1_A549_NGG_0071	2	0.09306667
safety_focused	MALAT1_A549_NGG_0071	3	0.1072
safety_focused	MALAT1_A549_NGG_0071	4	0.14603333
safety_focused	MALAT1_A549_NGG_0071	5	0.13813333
safety_focused	MALAT1_A549_NGG_0071	6	0.17803333
safety_focused	MALAT1_A549_NGG_0071	7	0.10463333
safety_focused	MALAT1_A549_NGG_0071	8	0.07716667
safety_focused	MALAT1_A549_NGG_0071	9	0.0494
safety_focused	MALAT1_A549_NGG_0071	10	0.03293333
safety_focused	MALAT1_A549_NGG_0071	11	0.0212
safety_focused	MALAT1_A549_NGG_0071	12	0.0147
safety_focused	MALAT1_A549_NGG_0071	13	0.0093
safety_focused	MALAT1_A549_NGG_0071	14	0.00616667
safety_focused	MALAT1_A549_NGG_0071	15	0.00453333
safety_focused	MALAT1_A549_NGG_0071	16	0.00303333
safety_focused	MALAT1_A549_NGG_0071	17	0.00266667
safety_focused	MALAT1_A549_NGG_0071	18	0.00163333
safety_focused	MALAT1_A549_NGG_0071	19	0.0012
safety_focused	MALAT1_A549_NGG_0071	20	0.00066667
safety_focused	MALAT1_A549_NGG_0071	21	0.0004
safety_focused	MALAT1_A549_NGG_0071	22	0.0002
safety_focused	MALAT1_A549_NGG_0071	23	0.00016667
safety_focused	MALAT1_A549_NGG_0071	24	0.00013333
safety_focused	MALAT1_A549_NGG_0071	25	0.00013333
safety_focused	MALAT1_A549_NGG_0071	26	3.333e-05
safety_focused	MALAT1_A549_NGG_0071	27	0.0
safety_focused	MALAT1_A549_NGG_0071	28	3.333e-05
safety_focused	MALAT1_A549_NGG_0071	29	0.0
safety_focused	MALAT1_A549_NGG_0071	30	0.0
safety_focused	MALAT1_A549_NGG_0071	31	3.333e-05
safety_focused	MALAT1_A549_NGG_0071	32	0.0
safety_focused	MALAT1_A549_NGG_0071	33	0.0
safety_focused	MALAT1_A549_NGG_0071	34	0.0
safety_focused	MALAT1_A549_NGG_0071	35	0.0
safety_focused	MALAT1_A549_NGG_0071	36	0.0
safety_focused	MALAT1_A549_NGG_0071	37	0.0
safety_focused	MALAT1_A549_NGG_0071	38	0.0
safety_focused	MALAT1_A549_NGG_0071	39	0.0
safety_focused	MALAT1_A549_NGG_0071	40	0.0
safety_focused	MALAT1_A549_NGG_0071	41	0.0
safety_focused	MALAT1_A549_NGG_0071	42	0.0
safety_focused	MALAT1_A549_NGG_0071	43	0.0
safety_focused	MALAT1_A549_NGG_0071	44	0.0
safety_focused	MALAT1_A549_NGG_0071	45	0.0
safety_focused	MALAT1_A549_NGG_0071	46	0.0
safety_focused	MALAT1_A549_NGG_0071	47	0.0
safety_focused	MALAT1_A549_NGG_0071	48	0.0
safety_focused	MALAT1_A549_NGG_0071	49	0.0
safety_focused	MALAT1_A549_NGG_0071	50	0.0
safety_focused	MALAT1_A549_NGG_0071	51	0.0
safety_focused	MALAT1_A549_NGG_0071	52	0.0
safety_focused	MALAT1_A549_NGG_0071	53	0.0
safety_focused	MALAT1_A549_NGG_0071	54	0.0
safety_focused	MALAT1_A549_NGG_0071	55	0.0
safety_focused	MALAT1_A549_NGG_0071	56	0.0
safety_focused	MALAT1_A549_NGG_0071	57	0.0
safety_focused	MALAT1_A549_NGG_0071	58	0.0
safety_focused	MALAT1_A549_NGG_0071	59	0.0
safety_focused	MALAT1_A549_NGG_0071	60	0.0
safety_focused	MALAT1_A549_NGG_0071	61	0.0
safety_focused	MALAT1_A549_NGG_0071	62	0.0
safety_focused	MALAT1_A549_NGG_0071	63	0.0
safety_focused	MALAT1_A549_NGG_0071	64	0.0
safety_focused	MALAT1_A549_NGG_0071	65	0.0
safety_focused	MALAT1_A549_NGG_0071	66	0.0
safety_focused	MALAT1_A549_NGG_0071	67	0.0
safety_focused	MALAT1_A549_NGG_0071	68	0.0
safety_focused	MALAT1_A549_NGG_0071	69	0.0
safety_focused	MALAT1_A549_NGG_0071	70	0.0
safety_focused	MALAT1_A549_NGG_0071	71	0.0
safety_focused	MALAT1_A549_NGG_0071	72	0.0
safety_focused	MALAT1_A549_NGG_0071	73	0.0
safety_focused	MALAT1_A549_NGG_0071	74	0.0
safety_focused	MALAT1_A549_NGG_0071	75	0.0
safety_focused	MALAT1_A549_NGG_0071	76	0.0
safety_focused	MALAT1_A549_NGG_0071	77	0.0
safety_focused	MALAT1_A549_NGG_0071	78	0.0
safety_focused	MALAT1_A549_NGG_0071	79	0.0
safety_focused	MALAT1_A549_NGG_0071	80	0.0
safety_focused	MALAT1_A549_NGG_0071	81	0.0
safety_focused	MALAT1_A549_NGG_0071	82	0.0
safety_focused	MALAT1_A549_NGG_0071	83	0.0
safety_focused	MALAT1_A549_NGG_0071	84	0.0
safety_focused	MALAT1_A549_NGG_0071	85	0.0
safety_focused	MALAT1_A549_NGG_0071	86	0.0
safety_focused	MALAT1_A549_NGG_0072	1	0.0
safety_focused	MALAT1_A549_NGG_0072	2	0.0
safety_focused	MALAT1_A549_NGG_0072	3	0.0
safety_focused	MALAT1_A549_NGG_0072	4	0.0
safety_focused	MALAT1_A549_NGG_0072	5	6.667e-05
safety_focused	MALAT1_A549_NGG_0072	6	3.333e-05
safety_focused	MALAT1_A549_NGG_0072	7	0.00053333
safety_focused	MALAT1_A549_NGG_0072	8	0.00063333
safety_focused	MALAT1_A549_NGG_0072	9	0.00173333
safety_focused	MALAT1_A549_NGG_0072	10	0.00323333
safety_focused	MALAT1_A549_NGG_0072	11	0.00506667
safety_focused	MALAT1_A549_NGG_0072	12	0.00613333
safety_focused	MALAT1_A549_NGG_0072	13	0.00776667
safety_focused	MALAT1_A549_NGG_0072	14	0.00976667
safety_focused	MALAT1_A549_NGG_0072	15	0.01263333
safety_focused	MALAT1_A549_NGG_0072	16	0.01473333
safety_focused	MALAT1_A549_NGG_0072	17	0.0179
safety_focused	MALAT1_A549_NGG_0072	18	0.0192
safety_focused	MALAT1_A549_NGG_0072	19	0.0225
safety_focused	MALAT1_A549_NGG_0072	20	0.02626667
safety_focused	MALAT1_A549_NGG_0072	21	0.0279
safety_focused	MALAT1_A549_NGG_0072	22	0.0312
safety_focused	MALAT1_A549_NGG_0072	23	0.03396667
safety_focused	MALAT1_A549_NGG_0072	24	0.0387
safety_focused	MALAT1_A549_NGG_0072	25	0.03986667
safety_focused	MALAT1_A549_NGG_0072	26	0.04393333
safety_focused	MALAT1_A549_NGG_0072	27	0.04703333
safety_focused	MALAT1_A549_NGG_0072	28	0.0488
safety_focused	MALAT1_A549_NGG_0072	29	0.05033333
safety_focused	MALAT1_A549_NGG_0072	30	0.04993333
safety_focused	MALAT1_A549_NGG_0072	31	0.0512
safety_focused	MALAT1_A549_NGG_0072	32	0.04963333
safety_focused	MALAT1_A549_NGG_0072	33	0.04826667
safety_focused	MALAT1_A549_NGG_0072	34	0.0455
safety_focused	MALAT1_A549_NGG_0072	35	0.04076667
safety_focused	MALAT1_A549_NGG_0072	36	0.03766667
safety_focused	MALAT1_A549_NGG_0072	37	0.0313
safety_focused	MALAT1_A549_NGG_0072	38	0.02566667
safety_focused	MALAT1_A549_NGG_0072	39	0.02203333
safety_focused	MALAT1_A549_NGG_0072	40	0.0178
safety_focused	MALAT1_A549_NGG_0072	41	0.014
safety_focused	MALAT1_A549_NGG_0072	42	0.011
safety_focused	MALAT1_A549_NGG_0072	43	0.00933333
safety_focused	MALAT1_A549_NGG_0072	44	0.00786667
safety_focused	MALAT1_A549_NGG_0072	45	0.00623333
safety_focused	MALAT1_A549_NGG_0072	46	0.00456667
safety_focused	MALAT1_A549_NGG_0072	47	0.00373333
safety_focused	MALAT1_A549_NGG_0072	48	0.00323333
safety_focused	MALAT1_A549_NGG_0072	49	0.00223333
safety_focused	MALAT1_A549_NGG_0072	50	0.00163333
safety_focused	MALAT1_A549_NGG_0072	51	0.00163333
safety_focused	MALAT1_A549_NGG_0072	52	0.001
safety_focused	MALAT1_A549_NGG_0072	53	0.0009
safety_focused	MALAT1_A549_NGG_0072	54	0.00066667
safety_focused	MALAT1_A549_NGG_0072	55	0.00053333
safety_focused	MALAT1_A549_NGG_0072	56	0.00046667
safety_focused	MALAT1_A549_NGG_0072	57	0.00033333
safety_focused	MALAT1_A549_NGG_0072	58	0.00036667
safety_focused	MALAT1_A549_NGG_0072	59	0.00023333
safety_focused	MALAT1_A549_NGG_0072	60	0.0001
safety_focused	MALAT1_A549_NGG_0072	61	0.0001
safety_focused	MALAT1_A549_NGG_0072	62	6.667e-05
safety_focused	MALAT1_A549_NGG_0072	63	3.333e-05
safety_focused	MALAT1_A549_NGG_0072	64	3.333e-05
safety_focused	MALAT1_A549_NGG_0072	65	0.0
safety_focused	MALAT1_A549_NGG_0072	66	0.0
safety_focused	MALAT1_A549_NGG_0072	67	0.0
safety_focused	MALAT1_A549_NGG_0072	68	0.0
safety_focused	MALAT1_A549_NGG_0072	69	0.0
safety_focused	MALAT1_A549_NGG_0072	70	0.0
safety_focused	MALAT1_A549_NGG_0072	71	0.0
safety_focused	MALAT1_A549_NGG_0072	72	0.0
safety_focused	MALAT1_A549_NGG_0072	73	0.0
safety_focused	MALAT1_A549_NGG_0072	74	0.0
safety_focused	MALAT1_A549_NGG_0072	75	0.0
safety_focused	MALAT1_A549_NGG_0072	76	0.0
safety_focused	MALAT1_A549_NGG_0072	77	0.0
safety_focused	MALAT1_A549_NGG_0072	78	0.0
safety_focused	MALAT1_A549_NGG_0072	79	0.0
safety_focused	MALAT1_A549_NGG_0072	80	0.0
safety_focused	MALAT1_A549_NGG_0072	81	0.0
safety_focused	MALAT1_A549_NGG_0072	82	0.0
safety_focused	MALAT1_A549_NGG_0072	83	0.0
safety_focused	MALAT1_A549_NGG_0072	84	0.0
safety_focused	MALAT1_A549_NGG_0072	85	0.0
safety_focused	MALAT1_A549_NGG_0072	86	0.0
safety_focused	MALAT1_A549_NGG_0073	1	0.0
safety_focused	MALAT1_A549_NGG_0073	2	0.0
safety_focused	MALAT1_A549_NGG_0073	3	0.0
safety_focused	MALAT1_A549_NGG_0073	4	0.0
safety_focused	MALAT1_A549_NGG_0073	5	0.0
safety_focused	MALAT1_A549_NGG_0073	6	0.0
safety_focused	MALAT1_A549_NGG_0073	7	0.0
safety_focused	MALAT1_A549_NGG_0073	8	0.0
safety_focused	MALAT1_A549_NGG_0073	9	0.0
safety_focused	MALAT1_A549_NGG_0073	10	0.0
safety_focused	MALAT1_A549_NGG_0073	11	0.0
safety_focused	MALAT1_A549_NGG_0073	12	0.0
safety_focused	MALAT1_A549_NGG_0073	13	0.0
safety_focused	MALAT1_A549_NGG_0073	14	0.0
safety_focused	MALAT1_A549_NGG_0073	15	0.0
safety_focused	MALAT1_A549_NGG_0073	16	0.0
safety_focused	MALAT1_A549_NGG_0073	17	0.0
safety_focused	MALAT1_A549_NGG_0073	18	0.0
safety_focused	MALAT1_A549_NGG_0073	19	0.0
safety_focused	MALAT1_A549_NGG_0073	20	0.0
safety_focused	MALAT1_A549_NGG_0073	21	0.0
safety_focused	MALAT1_A549_NGG_0073	22	0.0
safety_focused	MALAT1_A549_NGG_0073	23	0.0
safety_focused	MALAT1_A549_NGG_0073	24	0.0
safety_focused	MALAT1_A549_NGG_0073	25	0.0
safety_focused	MALAT1_A549_NGG_0073	26	6.667e-05
safety_focused	MALAT1_A549_NGG_0073	27	6.667e-05
safety_focused	MALAT1_A549_NGG_0073	28	6.667e-05
safety_focused	MALAT1_A549_NGG_0073	29	0.00016667
safety_focused	MALAT1_A549_NGG_0073	30	0.00013333
safety_focused	MALAT1_A549_NGG_0073	31	0.00016667
safety_focused	MALAT1_A549_NGG_0073	32	6.667e-05
safety_focused	MALAT1_A549_NGG_0073	33	0.00033333
safety_focused	MALAT1_A549_NGG_0073	34	0.0006
safety_focused	MALAT1_A549_NGG_0073	35	0.0005
safety_focused	MALAT1_A549_NGG_0073	36	0.0004
safety_focused	MALAT1_A549_NGG_0073	37	0.00046667
safety_focused	MALAT1_A549_NGG_0073	38	0.0007
safety_focused	MALAT1_A549_NGG_0073	39	0.0008
safety_focused	MALAT1_A549_NGG_0073	40	0.00083333
safety_focused	MALAT1_A549_NGG_0073	41	0.00163333
safety_focused	MALAT1_A549_NGG_0073	42	0.00183333
safety_focused	MALAT1_A549_NGG_0073	43	0.00356667
safety_focused	MALAT1_A549_NGG_0073	44	0.00726667
safety_focused	MALAT1_A549_NGG_0073	45	0.00783333
safety_focused	MALAT1_A549_NGG_0073	46	0.00773333
safety_focused	MALAT1_A549_NGG_0073	47	0.00853333
safety_focused	MALAT1_A549_NGG_0073	48	0.00886667
safety_focused	MALAT1_A549_NGG_0073	49	0.00926667
safety_focused	MALAT1_A549_NGG_0073	50	0.00933333
safety_focused	MALAT1_A549_NGG_0073	51	0.01036667
safety_focused	MALAT1_A549_NGG_0073	52	0.0112
safety_focused	MALAT1_A549_NGG_0073	53	0.01433333
safety_focused	MALAT1_A549_NGG_0073	54	0.01353333
safety_focused	MALAT1_A549_NGG_0073	55	0.01416667
safety_focused	MALAT1_A549_NGG_0073	56	0.01623333
safety_focused	MALAT1_A549_NGG_0073	57	0.0166
safety_focused	MALAT1_A549_NGG_0073	58	0.01543333
safety_focused	MALAT1_A549_NGG_0073	59	0.0186
safety_focused	MALAT1_A549_NGG_0073	60	0.0167
safety_focused	MALAT1_A549_NGG_0073	61	0.0193
safety_focused	MALAT1_A549_NGG_0073	62	0.02496667
safety_focused	MALAT1_A549_NGG_0073	63	0.03066667
safety_focused	MALAT1_A549_NGG_0073	64	0.04256667
safety_focused	MALAT1_A549_NGG_0073	65	0.0497
safety_focused	MALAT1_A549_NGG_0073	66	0.05476667
safety_focused	MALAT1_A549_NGG_0073	67	0.05856667
safety_focused	MALAT1_A549_NGG_0073	68	0.0585
safety_focused	MALAT1_A549_NGG_0073	69	0.0598
safety_focused	MALAT1_A549_NGG_0073	70	0.0597
safety_focused	MALAT1_A549_NGG_0073	71	0.05383333
safety_focused	MALAT1_A549_NGG_0073	72	0.05483333
safety_focused	MALAT1_A549_NGG_0073	73	0.0548
safety_focused	MALAT1_A549_NGG_0073	74	0.05176667
safety_focused	MALAT1_A549_NGG_0073	75	0.03746667
safety_focused	MALAT1_A549_NGG_0073	76	0.0237
safety_focused	MALAT1_A549_NGG_0073	77	0.01576667
safety_focused	MALAT1_A549_NGG_0073	78	0.01036667
safety_focused	MALAT1_A549_NGG_0073	79	0.00576667
safety_focused	MALAT1_A549_NGG_0073	80	0.00413333
safety_focused	MALAT1_A549_NGG_0073	81	0.0036
safety_focused	MALAT1_A549_NGG_0073	82	0.0031
safety_focused	MALAT1_A549_NGG_0073	83	0.0023
safety_focused	MALAT1_A549_NGG_0073	84	0.00113333
safety_focused	MALAT1_A549_NGG_0073	85	0.00043333
safety_focused	MALAT1_A549_NGG_0073	86	6.667e-05
safety_focused	MALAT1_A549_NGG_0074	1	0.0
safety_focused	MALAT1_A549_NGG_0074	2	0.00136667
safety_focused	MALAT1_A549_NGG_0074	3	0.00693333
safety_focused	MALAT1_A549_NGG_0074	4	0.01663333
safety_focused	MALAT1_A549_NGG_0074	5	0.02746667
safety_focused	MALAT1_A549_NGG_0074	6	0.03983333
safety_focused	MALAT1_A549_NGG_0074	7	0.06603333
safety_focused	MALAT1_A549_NGG_0074	8	0.0757
safety_focused	MALAT1_A549_NGG_0074	9	0.0782
safety_focused	MALAT1_A549_NGG_0074	10	0.08053333
safety_focused	MALAT1_A549_NGG_0074	11	0.0746
safety_focused	MALAT1_A549_NGG_0074	12	0.07303333
safety_focused	MALAT1_A549_NGG_0074	13	0.06583333
safety_focused	MALAT1_A549_NGG_0074	14	0.05873333
safety_focused	MALAT1_A549_NGG_0074	15	0.05076667
safety_focused	MALAT1_A549_NGG_0074	16	0.04606667
safety_focused	MALAT1_A549_NGG_0074	17	0.03936667
safety_focused	MALAT1_A549_NGG_0074	18	0.0357
safety_focused	MALAT1_A549_NGG_0074	19	0.02723333
safety_focused	MALAT1_A549_NGG_0074	20	0.02556667
safety_focused	MALAT1_A549_NGG_0074	21	0.0219
safety_focused	MALAT1_A549_NGG_0074	22	0.018
safety_focused	MALAT1_A549_NGG_0074	23	0.01486667
safety_focused	MALAT1_A549_NGG_0074	24	0.01323333
safety_focused	MALAT1_A549_NGG_0074	25	0.01103333
safety_focused	MALAT1_A549_NGG_0074	26	0.0087
safety_focused	MALAT1_A549_NGG_0074	27	0.00716667
safety_focused	MALAT1_A549_NGG_0074	28	0.0054
safety_focused	MALAT1_A549_NGG_0074	29	0.0031
safety_focused	MALAT1_A549_NGG_0074	30	0.0024
safety_focused	MALAT1_A549_NGG_0074	31	0.0014
safety_focused	MALAT1_A549_NGG_0074	32	0.00123333
safety_focused	MALAT1_A549_NGG_0074	33	0.00066667
safety_focused	MALAT1_A549_NGG_0074	34	0.00033333
safety_focused	MALAT1_A549_NGG_0074	35	0.00026667
safety_focused	MALAT1_A549_NGG_0074	36	0.00016667
safety_focused	MALAT1_A549_NGG_0074	37	3.333e-05
safety_focused	MALAT1_A549_NGG_0074	38	0.00016667
safety_focused	MALAT1_A549_NGG_0074	39	0.00013333
safety_focused	MALAT1_A549_NGG_0074	40	0.00013333
safety_focused	MALAT1_A549_NGG_0074	41	0.0
safety_focused	MALAT1_A549_NGG_0074	42	3.333e-05
safety_focused	MALAT1_A549_NGG_0074	43	0.0
safety_focused	MALAT1_A549_NGG_0074	44	0.0
safety_focused	MALAT1_A549_NGG_0074	45	3.333e-05
safety_focused	MALAT1_A549_NGG_0074	46	0.0
safety_focused	MALAT1_A549_NGG_0074	47	0.0
safety_focused	MALAT1_A549_NGG_0074	48	0.0
safety_focused	MALAT1_A549_NGG_0074	49	0.0
safety_focused	MALAT1_A549_NGG_0074	50	0.0
safety_focused	MALAT1_A549_NGG_0074	51	0.0
safety_focused	MALAT1_A549_NGG_0074	52	0.0
safety_focused	MALAT1_A549_NGG_0074	53	0.0
safety_focused	MALAT1_A549_NGG_0074	54	0.0
safety_focused	MALAT1_A549_NGG_0074	55	0.0
safety_focused	MALAT1_A549_NGG_0074	56	0.0
safety_focused	MALAT1_A549_NGG_0074	57	0.0
safety_focused	MALAT1_A549_NGG_0074	58	0.0
safety_focused	MALAT1_A549_NGG_0074	59	0.0
safety_focused	MALAT1_A549_NGG_0074	60	0.0
safety_focused	MALAT1_A549_NGG_0074	61	0.0
safety_focused	MALAT1_A549_NGG_0074	62	0.0
safety_focused	MALAT1_A549_NGG_0074	63	0.0
safety_focused	MALAT1_A549_NGG_0074	64	0.0
safety_focused	MALAT1_A549_NGG_0074	65	0.0
safety_focused	MALAT1_A549_NGG_0074	66	0.0
safety_focused	MALAT1_A549_NGG_0074	67	0.0
safety_focused	MALAT1_A549_NGG_0074	68	0.0
safety_focused	MALAT1_A549_NGG_0074	69	0.0
safety_focused	MALAT1_A549_NGG_0074	70	0.0
safety_focused	MALAT1_A549_NGG_0074	71	0.0
safety_focused	MALAT1_A549_NGG_0074	72	0.0
safety_focused	MALAT1_A549_NGG_0074	73	0.0
safety_focused	MALAT1_A549_NGG_0074	74	0.0
safety_focused	MALAT1_A549_NGG_0074	75	0.0
safety_focused	MALAT1_A549_NGG_0074	76	0.0
safety_focused	MALAT1_A549_NGG_0074	77	0.0
safety_focused	MALAT1_A549_NGG_0074	78	0.0
safety_focused	MALAT1_A549_NGG_0074	79	0.0
safety_focused	MALAT1_A549_NGG_0074	80	0.0
safety_focused	MALAT1_A549_NGG_0074	81	0.0
safety_focused	MALAT1_A549_NGG_0074	82	0.0
safety_focused	MALAT1_A549_NGG_0074	83	0.0
safety_focused	MALAT1_A549_NGG_0074	84	0.0
safety_focused	MALAT1_A549_NGG_0074	85	0.0
safety_focused	MALAT1_A549_NGG_0074	86	0.0
safety_focused	MALAT1_A549_NGG_0075	1	0.0
safety_focused	MALAT1_A549_NGG_0075	2	0.0
safety_focused	MALAT1_A549_NGG_0075	3	0.0
safety_focused	MALAT1_A549_NGG_0075	4	0.0
safety_focused	MALAT1_A549_NGG_0075	5	0.0
safety_focused	MALAT1_A549_NGG_0075	6	0.0
safety_focused	MALAT1_A549_NGG_0075	7	0.0
safety_focused	MALAT1_A549_NGG_0075	8	3.333e-05
safety_focused	MALAT1_A549_NGG_0075	9	0.0
safety_focused	MALAT1_A549_NGG_0075	10	0.0001
safety_focused	MALAT1_A549_NGG_0075	11	0.0
safety_focused	MALAT1_A549_NGG_0075	12	0.00016667
safety_focused	MALAT1_A549_NGG_0075	13	0.00023333
safety_focused	MALAT1_A549_NGG_0075	14	0.00066667
safety_focused	MALAT1_A549_NGG_0075	15	0.00093333
safety_focused	MALAT1_A549_NGG_0075	16	0.0013
safety_focused	MALAT1_A549_NGG_0075	17	0.00233333
safety_focused	MALAT1_A549_NGG_0075	18	0.00303333
safety_focused	MALAT1_A549_NGG_0075	19	0.0045
safety_focused	MALAT1_A549_NGG_0075	20	0.0058
safety_focused	MALAT1_A549_NGG_0075	21	0.0076
safety_focused	MALAT1_A549_NGG_0075	22	0.0098
safety_focused	MALAT1_A549_NGG_0075	23	0.01143333
safety_focused	MALAT1_A549_NGG_0075	24	0.0122
safety_focused	MALAT1_A549_NGG_0075	25	0.01453333
safety_focused	MALAT1_A549_NGG_0075	26	0.01596667
safety_focused	MALAT1_A549_NGG_0075	27	0.01886667
safety_focused	MALAT1_A549_NGG_0075	28	0.0224
safety_focused	MALAT1_A549_NGG_0075	29	0.0246
safety_focused	MALAT1_A549_NGG_0075	30	0.02813333
safety_focused	MALAT1_A549_NGG_0075	31	0.03066667
safety_focused	MALAT1_A549_NGG_0075	32	0.0352
safety_focused	MALAT1_A549_NGG_0075	33	0.0369
safety_focused	MALAT1_A549_NGG_0075	34	0.04056667
safety_focused	MALAT1_A549_NGG_0075	35	0.04876667
safety_focused	MALAT1_A549_NGG_0075	36	0.0537
safety_focused	MALAT1_A549_NGG_0075	37	0.06003333
safety_focused	MALAT1_A549_NGG_0075	38	0.05966667
safety_focused	MALAT1_A549_NGG_0075	39	0.05496667
safety_focused	MALAT1_A549_NGG_0075	40	0.0589
safety_focused	MALAT1_A549_NGG_0075	41	0.05586667
safety_focused	MALAT1_A549_NGG_0075	42	0.0473
safety_focused	MALAT1_A549_NGG_0075	43	0.0399
safety_focused	MALAT1_A549_NGG_0075	44	0.0326
safety_focused	MALAT1_A549_NGG_0075	45	0.02573333
safety_focused	MALAT1_A549_NGG_0075	46	0.02396667
safety_focused	MALAT1_A549_NGG_0075	47	0.0201
safety_focused	MALAT1_A549_NGG_0075	48	0.0171
safety_focused	MALAT1_A549_NGG_0075	49	0.01403333
safety_focused	MALAT1_A549_NGG_0075	50	0.01176667
safety_focused	MALAT1_A549_NGG_0075	51	0.01003333
safety_focused	MALAT1_A549_NGG_0075	52	0.0078
safety_focused	MALAT1_A549_NGG_0075	53	0.00656667
safety_focused	MALAT1_A549_NGG_0075	54	0.00523333
safety_focused	MALAT1_A549_NGG_0075	55	0.0044
safety_focused	MALAT1_A549_NGG_0075	56	0.00253333
safety_focused	MALAT1_A549_NGG_0075	57	0.00236667
safety_focused	MALAT1_A549_NGG_0075	58	0.00176667
safety_focused	MALAT1_A549_NGG_0075	59	0.00166667
safety_focused	MALAT1_A549_NGG_0075	60	0.0014
safety_focused	MALAT1_A549_NGG_0075	61	0.00113333
safety_focused	MALAT1_A549_NGG_0075	62	0.0008
safety_focused	MALAT1_A549_NGG_0075	63	0.00053333
safety_focused	MALAT1_A549_NGG_0075	64	0.0004
safety_focused	MALAT1_A549_NGG_0075	65	0.00046667
safety_focused	MALAT1_A549_NGG_0075	66	0.00016667
safety_focused	MALAT1_A549_NGG_0075	67	3.333e-05
safety_focused	MALAT1_A549_NGG_0075	68	0.0001
safety_focused	MALAT1_A549_NGG_0075	69	0.0001
safety_focused	MALAT1_A549_NGG_0075	70	0.0
safety_focused	MALAT1_A549_NGG_0075	71	6.667e-05
safety_focused	MALAT1_A549_NGG_0075	72	3.333e-05
safety_focused	MALAT1_A549_NGG_0075	73	3.333e-05
safety_focused	MALAT1_A549_NGG_0075	74	0.0
safety_focused	MALAT1_A549_NGG_0075	75	0.0
safety_focused	MALAT1_A549_NGG_0075	76	0.0
safety_focused	MALAT1_A549_NGG_0075	77	0.0
safety_focused	MALAT1_A549_NGG_0075	78	0.0
safety_focused	MALAT1_A549_NGG_0075	79	0.0
safety_focused	MALAT1_A549_NGG_0075	80	0.0
safety_focused	MALAT1_A549_NGG_0075	81	0.0
safety_focused	MALAT1_A549_NGG_0075	82	0.0
safety_focused	MALAT1_A549_NGG_0075	83	0.0
safety_focused	MALAT1_A549_NGG_0075	84	0.0
safety_focused	MALAT1_A549_NGG_0075	85	0.0
safety_focused	MALAT1_A549_NGG_0075	86	0.0
safety_focused	MALAT1_A549_NGG_0076	1	0.36913333
safety_focused	MALAT1_A549_NGG_0076	2	0.19793333
safety_focused	MALAT1_A549_NGG_0076	3	0.1685
safety_focused	MALAT1_A549_NGG_0076	4	0.0961
safety_focused	MALAT1_A549_NGG_0076	5	0.10116667
safety_focused	MALAT1_A549_NGG_0076	6	0.03453333
safety_focused	MALAT1_A549_NGG_0076	7	0.0171
safety_focused	MALAT1_A549_NGG_0076	8	0.00673333
safety_focused	MALAT1_A549_NGG_0076	9	0.0034
safety_focused	MALAT1_A549_NGG_0076	10	0.00163333
safety_focused	MALAT1_A549_NGG_0076	11	0.0011
safety_focused	MALAT1_A549_NGG_0076	12	0.0007
safety_focused	MALAT1_A549_NGG_0076	13	0.0004
safety_focused	MALAT1_A549_NGG_0076	14	0.00056667
safety_focused	MALAT1_A549_NGG_0076	15	0.00013333
safety_focused	MALAT1_A549_NGG_0076	16	0.00033333
safety_focused	MALAT1_A549_NGG_0076	17	0.0002
safety_focused	MALAT1_A549_NGG_0076	18	0.00026667
safety_focused	MALAT1_A549_NGG_0076	19	3.333e-05
safety_focused	MALAT1_A549_NGG_0076	20	0.0
safety_focused	MALAT1_A549_NGG_0076	21	0.0
safety_focused	MALAT1_A549_NGG_0076	22	0.0
safety_focused	MALAT1_A549_NGG_0076	23	0.0
safety_focused	MALAT1_A549_NGG_0076	24	0.0
safety_focused	MALAT1_A549_NGG_0076	25	3.333e-05
safety_focused	MALAT1_A549_NGG_0076	26	0.0
safety_focused	MALAT1_A549_NGG_0076	27	0.0
safety_focused	MALAT1_A549_NGG_0076	28	0.0
safety_focused	MALAT1_A549_NGG_0076	29	0.0
safety_focused	MALAT1_A549_NGG_0076	30	0.0
safety_focused	MALAT1_A549_NGG_0076	31	0.0
safety_focused	MALAT1_A549_NGG_0076	32	0.0
safety_focused	MALAT1_A549_NGG_0076	33	0.0
safety_focused	MALAT1_A549_NGG_0076	34	0.0
safety_focused	MALAT1_A549_NGG_0076	35	0.0
safety_focused	MALAT1_A549_NGG_0076	36	0.0
safety_focused	MALAT1_A549_NGG_0076	37	0.0
safety_focused	MALAT1_A549_NGG_0076	38	0.0
safety_focused	MALAT1_A549_NGG_0076	39	0.0
safety_focused	MALAT1_A549_NGG_0076	40	0.0
safety_focused	MALAT1_A549_NGG_0076	41	0.0
safety_focused	MALAT1_A549_NGG_0076	42	0.0
safety_focused	MALAT1_A549_NGG_0076	43	0.0
safety_focused	MALAT1_A549_NGG_0076	44	0.0
safety_focused	MALAT1_A549_NGG_0076	45	0.0
safety_focused	MALAT1_A549_NGG_0076	46	0.0
safety_focused	MALAT1_A549_NGG_0076	47	0.0
safety_focused	MALAT1_A549_NGG_0076	48	0.0
safety_focused	MALAT1_A549_NGG_0076	49	0.0
safety_focused	MALAT1_A549_NGG_0076	50	0.0
safety_focused	MALAT1_A549_NGG_0076	51	0.0
safety_focused	MALAT1_A549_NGG_0076	52	0.0
safety_focused	MALAT1_A549_NGG_0076	53	0.0
safety_focused	MALAT1_A549_NGG_0076	54	0.0
safety_focused	MALAT1_A549_NGG_0076	55	0.0
safety_focused	MALAT1_A549_NGG_0076	56	0.0
safety_focused	MALAT1_A549_NGG_0076	57	0.0
safety_focused	MALAT1_A549_NGG_0076	58	0.0
safety_focused	MALAT1_A549_NGG_0076	59	0.0
safety_focused	MALAT1_A549_NGG_0076	60	0.0
safety_focused	MALAT1_A549_NGG_0076	61	0.0
safety_focused	MALAT1_A549_NGG_0076	62	0.0
safety_focused	MALAT1_A549_NGG_0076	63	0.0
safety_focused	MALAT1_A549_NGG_0076	64	0.0
safety_focused	MALAT1_A549_NGG_0076	65	0.0
safety_focused	MALAT1_A549_NGG_0076	66	0.0
safety_focused	MALAT1_A549_NGG_0076	67	0.0
safety_focused	MALAT1_A549_NGG_0076	68	0.0
safety_focused	MALAT1_A549_NGG_0076	69	0.0
safety_focused	MALAT1_A549_NGG_0076	70	0.0
safety_focused	MALAT1_A549_NGG_0076	71	0.0
safety_focused	MALAT1_A549_NGG_0076	72	0.0
safety_focused	MALAT1_A549_NGG_0076	73	0.0
safety_focused	MALAT1_A549_NGG_0076	74	0.0
safety_focused	MALAT1_A549_NGG_0076	75	0.0
safety_focused	MALAT1_A549_NGG_0076	76	0.0
safety_focused	MALAT1_A549_NGG_0076	77	0.0
safety_focused	MALAT1_A549_NGG_0076	78	0.0
safety_focused	MALAT1_A549_NGG_0076	79	0.0
safety_focused	MALAT1_A549_NGG_0076	80	0.0
safety_focused	MALAT1_A549_NGG_0076	81	0.0
safety_focused	MALAT1_A549_NGG_0076	82	0.0
safety_focused	MALAT1_A549_NGG_0076	83	0.0
safety_focused	MALAT1_A549_NGG_0076	84	0.0
safety_focused	MALAT1_A549_NGG_0076	85	0.0
safety_focused	MALAT1_A549_NGG_0076	86	0.0
safety_focused	MALAT1_A549_NGG_0077	1	0.0
safety_focused	MALAT1_A549_NGG_0077	2	0.0
safety_focused	MALAT1_A549_NGG_0077	3	6.667e-05
safety_focused	MALAT1_A549_NGG_0077	4	0.0001
safety_focused	MALAT1_A549_NGG_0077	5	0.00053333
safety_focused	MALAT1_A549_NGG_0077	6	0.00063333
safety_focused	MALAT1_A549_NGG_0077	7	0.0021
safety_focused	MALAT1_A549_NGG_0077	8	0.00333333
safety_focused	MALAT1_A549_NGG_0077	9	0.0066
safety_focused	MALAT1_A549_NGG_0077	10	0.00976667
safety_focused	MALAT1_A549_NGG_0077	11	0.01436667
safety_focused	MALAT1_A549_NGG_0077	12	0.01553333
safety_focused	MALAT1_A549_NGG_0077	13	0.01956667
safety_focused	MALAT1_A549_NGG_0077	14	0.02496667
safety_focused	MALAT1_A549_NGG_0077	15	0.03023333
safety_focused	MALAT1_A549_NGG_0077	16	0.03326667
safety_focused	MALAT1_A549_NGG_0077	17	0.0345
safety_focused	MALAT1_A549_NGG_0077	18	0.0377
safety_focused	MALAT1_A549_NGG_0077	19	0.04063333
safety_focused	MALAT1_A549_NGG_0077	20	0.04263333
safety_focused	MALAT1_A549_NGG_0077	21	0.04476667
safety_focused	MALAT1_A549_NGG_0077	22	0.04266667
safety_focused	MALAT1_A549_NGG_0077	23	0.04556667
safety_focused	MALAT1_A549_NGG_0077	24	0.04656667
safety_focused	MALAT1_A549_NGG_0077	25	0.04313333
safety_focused	MALAT1_A549_NGG_0077	26	0.0444
safety_focused	MALAT1_A549_NGG_0077	27	0.04203333
safety_focused	MALAT1_A549_NGG_0077	28	0.04326667
safety_focused	MALAT1_A549_NGG_0077	29	0.0408
safety_focused	MALAT1_A549_NGG_0077	30	0.0422
safety_focused	MALAT1_A549_NGG_0077	31	0.0384
safety_focused	MALAT1_A549_NGG_0077	32	0.0372
safety_focused	MALAT1_A549_NGG_0077	33	0.03373333
safety_focused	MALAT1_A549_NGG_0077	34	0.02986667
safety_focused	MALAT1_A549_NGG_0077	35	0.02603333
safety_focused	MALAT1_A549_NGG_0077	36	0.01883333
safety_focused	MALAT1_A549_NGG_0077	37	0.01493333
safety_focused	MALAT1_A549_NGG_0077	38	0.01196667
safety_focused	MALAT1_A549_NGG_0077	39	0.00906667
safety_focused	MALAT1_A549_NGG_0077	40	0.0066
safety_focused	MALAT1_A549_NGG_0077	41	0.00503333
safety_focused	MALAT1_A549_NGG_0077	42	0.00346667
safety_focused	MALAT1_A549_NGG_0077	43	0.003
safety_focused	MALAT1_A549_NGG_0077	44	0.00256667
safety_focused	MALAT1_A549_NGG_0077	45	0.00193333
safety_focused	MALAT1_A549_NGG_0077	46	0.00116667
safety_focused	MALAT1_A549_NGG_0077	47	0.00123333
safety_focused	MALAT1_A549_NGG_0077	48	0.00103333
safety_focused	MALAT1_A549_NGG_0077	49	0.00053333
safety_focused	MALAT1_A549_NGG_0077	50	0.00026667
safety_focused	MALAT1_A549_NGG_0077	51	0.0003
safety_focused	MALAT1_A549_NGG_0077	52	0.0002
safety_focused	MALAT1_A549_NGG_0077	53	0.0002
safety_focused	MALAT1_A549_NGG_0077	54	6.667e-05
safety_focused	MALAT1_A549_NGG_0077	55	0.0001
safety_focused	MALAT1_A549_NGG_0077	56	6.667e-05
safety_focused	MALAT1_A549_NGG_0077	57	6.667e-05
safety_focused	MALAT1_A549_NGG_0077	58	3.333e-05
safety_focused	MALAT1_A549_NGG_0077	59	6.667e-05
safety_focused	MALAT1_A549_NGG_0077	60	0.0
safety_focused	MALAT1_A549_NGG_0077	61	0.0
safety_focused	MALAT1_A549_NGG_0077	62	0.0
safety_focused	MALAT1_A549_NGG_0077	63	0.0
safety_focused	MALAT1_A549_NGG_0077	64	0.0001
safety_focused	MALAT1_A549_NGG_0077	65	0.0
safety_focused	MALAT1_A549_NGG_0077	66	0.0
safety_focused	MALAT1_A549_NGG_0077	67	0.0
safety_focused	MALAT1_A549_NGG_0077	68	0.0
safety_focused	MALAT1_A549_NGG_0077	69	0.0
safety_focused	MALAT1_A549_NGG_0077	70	0.0
safety_focused	MALAT1_A549_NGG_0077	71	0.0
safety_focused	MALAT1_A549_NGG_0077	72	0.0
safety_focused	MALAT1_A549_NGG_0077	73	0.0
safety_focused	MALAT1_A549_NGG_0077	74	0.0
safety_focused	MALAT1_A549_NGG_0077	75	0.0
safety_focused	MALAT1_A549_NGG_0077	76	0.0
safety_focused	MALAT1_A549_NGG_0077	77	0.0
safety_focused	MALAT1_A549_NGG_0077	78	0.0
safety_focused	MALAT1_A549_NGG_0077	79	0.0
safety_focused	MALAT1_A549_NGG_0077	80	0.0
safety_focused	MALAT1_A549_NGG_0077	81	0.0
safety_focused	MALAT1_A549_NGG_0077	82	0.0
safety_focused	MALAT1_A549_NGG_0077	83	0.0
safety_focused	MALAT1_A549_NGG_0077	84	0.0
safety_focused	MALAT1_A549_NGG_0077	85	0.0
safety_focused	MALAT1_A549_NGG_0077	86	0.0
safety_focused	MALAT1_A549_NGG_0078	1	0.0
safety_focused	MALAT1_A549_NGG_0078	2	0.0
safety_focused	MALAT1_A549_NGG_0078	3	0.0
safety_focused	MALAT1_A549_NGG_0078	4	0.0
safety_focused	MALAT1_A549_NGG_0078	5	0.00013333
safety_focused	MALAT1_A549_NGG_0078	6	0.00016667
safety_focused	MALAT1_A549_NGG_0078	7	0.00026667
safety_focused	MALAT1_A549_NGG_0078	8	0.00106667
safety_focused	MALAT1_A549_NGG_0078	9	0.0019
safety_focused	MALAT1_A549_NGG_0078	10	0.00353333
safety_focused	MALAT1_A549_NGG_0078	11	0.0053
safety_focused	MALAT1_A549_NGG_0078	12	0.00763333
safety_focused	MALAT1_A549_NGG_0078	13	0.00986667
safety_focused	MALAT1_A549_NGG_0078	14	0.01323333
safety_focused	MALAT1_A549_NGG_0078	15	0.01506667
safety_focused	MALAT1_A549_NGG_0078	16	0.01926667
safety_focused	MALAT1_A549_NGG_0078	17	0.02203333
safety_focused	MALAT1_A549_NGG_0078	18	0.02596667
safety_focused	MALAT1_A549_NGG_0078	19	0.02806667
safety_focused	MALAT1_A549_NGG_0078	20	0.03046667
safety_focused	MALAT1_A549_NGG_0078	21	0.0335
safety_focused	MALAT1_A549_NGG_0078	22	0.03563333
safety_focused	MALAT1_A549_NGG_0078	23	0.03703333
safety_focused	MALAT1_A549_NGG_0078	24	0.03966667
safety_focused	MALAT1_A549_NGG_0078	25	0.04086667
safety_focused	MALAT1_A549_NGG_0078	26	0.04133333
safety_focused	MALAT1_A549_NGG_0078	27	0.04126667
safety_focused	MALAT1_A549_NGG_0078	28	0.04396667
safety_focused	MALAT1_A549_NGG_0078	29	0.04546667
safety_focused	MALAT1_A549_NGG_0078	30	0.04493333
safety_focused	MALAT1_A549_NGG_0078	31	0.04716667
safety_focused	MALAT1_A549_NGG_0078	32	0.0473
safety_focused	MALAT1_A549_NGG_0078	33	0.0466
safety_focused	MALAT1_A549_NGG_0078	34	0.04526667
safety_focused	MALAT1_A549_NGG_0078	35	0.04026667
safety_focused	MALAT1_A549_NGG_0078	36	0.03473333
safety_focused	MALAT1_A549_NGG_0078	37	0.03156667
safety_focused	MALAT1_A549_NGG_0078	38	0.02523333
safety_focused	MALAT1_A549_NGG_0078	39	0.0203
safety_focused	MALAT1_A549_NGG_0078	40	0.01606667
safety_focused	MALAT1_A549_NGG_0078	41	0.01423333
safety_focused	MALAT1_A549_NGG_0078	42	0.01036667
safety_focused	MALAT1_A549_NGG_0078	43	0.0078
safety_focused	MALAT1_A549_NGG_0078	44	0.00543333
safety_focused	MALAT1_A549_NGG_0078	45	0.00376667
safety_focused	MALAT1_A549_NGG_0078	46	0.00363333
safety_focused	MALAT1_A549_NGG_0078	47	0.00286667
safety_focused	MALAT1_A549_NGG_0078	48	0.00206667
safety_focused	MALAT1_A549_NGG_0078	49	0.00196667
safety_focused	MALAT1_A549_NGG_0078	50	0.00133333
safety_focused	MALAT1_A549_NGG_0078	51	0.0008
safety_focused	MALAT1_A549_NGG_0078	52	0.0009
safety_focused	MALAT1_A549_NGG_0078	53	0.00073333
safety_focused	MALAT1_A549_NGG_0078	54	0.00046667
safety_focused	MALAT1_A549_NGG_0078	55	0.00033333
safety_focused	MALAT1_A549_NGG_0078	56	0.00033333
safety_focused	MALAT1_A549_NGG_0078	57	0.00016667
safety_focused	MALAT1_A549_NGG_0078	58	0.0002
safety_focused	MALAT1_A549_NGG_0078	59	0.00016667
safety_focused	MALAT1_A549_NGG_0078	60	3.333e-05
safety_focused	MALAT1_A549_NGG_0078	61	0.0001
safety_focused	MALAT1_A549_NGG_0078	62	6.667e-05
safety_focused	MALAT1_A549_NGG_0078	63	3.333e-05
safety_focused	MALAT1_A549_NGG_0078	64	0.0
safety_focused	MALAT1_A549_NGG_0078	65	0.0
safety_focused	MALAT1_A549_NGG_0078	66	6.667e-05
safety_focused	MALAT1_A549_NGG_0078	67	0.0
safety_focused	MALAT1_A549_NGG_0078	68	0.0
safety_focused	MALAT1_A549_NGG_0078	69	0.0
safety_focused	MALAT1_A549_NGG_0078	70	0.0
safety_focused	MALAT1_A549_NGG_0078	71	0.0
safety_focused	MALAT1_A549_NGG_0078	72	0.0
safety_focused	MALAT1_A549_NGG_0078	73	0.0
safety_focused	MALAT1_A549_NGG_0078	74	0.0
safety_focused	MALAT1_A549_NGG_0078	75	0.0
safety_focused	MALAT1_A549_NGG_0078	76	0.0
safety_focused	MALAT1_A549_NGG_0078	77	0.0
safety_focused	MALAT1_A549_NGG_0078	78	0.0
safety_focused	MALAT1_A549_NGG_0078	79	0.0
safety_focused	MALAT1_A549_NGG_0078	80	0.0
safety_focused	MALAT1_A549_NGG_0078	81	0.0
safety_focused	MALAT1_A549_NGG_0078	82	0.0
safety_focused	MALAT1_A549_NGG_0078	83	0.0
safety_focused	MALAT1_A549_NGG_0078	84	0.0
safety_focused	MALAT1_A549_NGG_0078	85	0.0
safety_focused	MALAT1_A549_NGG_0078	86	0.0
safety_focused	MALAT1_A549_NGG_0079	1	0.0
safety_focused	MALAT1_A549_NGG_0079	2	0.0027
safety_focused	MALAT1_A549_NGG_0079	3	0.0122
safety_focused	MALAT1_A549_NGG_0079	4	0.0216
safety_focused	MALAT1_A549_NGG_0079	5	0.03563333
safety_focused	MALAT1_A549_NGG_0079	6	0.0496
safety_focused	MALAT1_A549_NGG_0079	7	0.07696667
safety_focused	MALAT1_A549_NGG_0079	8	0.08603333
safety_focused	MALAT1_A549_NGG_0079	9	0.0849
safety_focused	MALAT1_A549_NGG_0079	10	0.08246667
safety_focused	MALAT1_A549_NGG_0079	11	0.07896667
safety_focused	MALAT1_A549_NGG_0079	12	0.0714
safety_focused	MALAT1_A549_NGG_0079	13	0.06506667
safety_focused	MALAT1_A549_NGG_0079	14	0.05203333
safety_focused	MALAT1_A549_NGG_0079	15	0.04736667
safety_focused	MALAT1_A549_NGG_0079	16	0.0391
safety_focused	MALAT1_A549_NGG_0079	17	0.0345
safety_focused	MALAT1_A549_NGG_0079	18	0.02783333
safety_focused	MALAT1_A549_NGG_0079	19	0.02383333
safety_focused	MALAT1_A549_NGG_0079	20	0.019
safety_focused	MALAT1_A549_NGG_0079	21	0.01673333
safety_focused	MALAT1_A549_NGG_0079	22	0.01456667
safety_focused	MALAT1_A549_NGG_0079	23	0.01206667
safety_focused	MALAT1_A549_NGG_0079	24	0.01093333
safety_focused	MALAT1_A549_NGG_0079	25	0.00923333
safety_focused	MALAT1_A549_NGG_0079	26	0.00726667
safety_focused	MALAT1_A549_NGG_0079	27	0.00566667
safety_focused	MALAT1_A549_NGG_0079	28	0.00373333
safety_focused	MALAT1_A549_NGG_0079	29	0.00333333
safety_focused	MALAT1_A549_NGG_0079	30	0.00226667
safety_focused	MALAT1_A549_NGG_0079	31	0.00146667
safety_focused	MALAT1_A549_NGG_0079	32	0.00056667
safety_focused	MALAT1_A549_NGG_0079	33	0.0003
safety_focused	MALAT1_A549_NGG_0079	34	0.00016667
safety_focused	MALAT1_A549_NGG_0079	35	0.00016667
safety_focused	MALAT1_A549_NGG_0079	36	0.0001
safety_focused	MALAT1_A549_NGG_0079	37	0.00013333
safety_focused	MALAT1_A549_NGG_0079	38	0.0
safety_focused	MALAT1_A549_NGG_0079	39	3.333e-05
safety_focused	MALAT1_A549_NGG_0079	40	0.0
safety_focused	MALAT1_A549_NGG_0079	41	0.0
safety_focused	MALAT1_A549_NGG_0079	42	3.333e-05
safety_focused	MALAT1_A549_NGG_0079	43	0.0
safety_focused	MALAT1_A549_NGG_0079	44	3.333e-05
safety_focused	MALAT1_A549_NGG_0079	45	0.0
safety_focused	MALAT1_A549_NGG_0079	46	0.0
safety_focused	MALAT1_A549_NGG_0079	47	0.0
safety_focused	MALAT1_A549_NGG_0079	48	0.0
safety_focused	MALAT1_A549_NGG_0079	49	0.0
safety_focused	MALAT1_A549_NGG_0079	50	0.0
safety_focused	MALAT1_A549_NGG_0079	51	0.0
safety_focused	MALAT1_A549_NGG_0079	52	0.0
safety_focused	MALAT1_A549_NGG_0079	53	0.0
safety_focused	MALAT1_A549_NGG_0079	54	0.0
safety_focused	MALAT1_A549_NGG_0079	55	0.0
safety_focused	MALAT1_A549_NGG_0079	56	0.0
safety_focused	MALAT1_A549_NGG_0079	57	0.0
safety_focused	MALAT1_A549_NGG_0079	58	0.0
safety_focused	MALAT1_A549_NGG_0079	59	0.0
safety_focused	MALAT1_A549_NGG_0079	60	0.0
safety_focused	MALAT1_A549_NGG_0079	61	0.0
safety_focused	MALAT1_A549_NGG_0079	62	0.0
safety_focused	MALAT1_A549_NGG_0079	63	0.0
safety_focused	MALAT1_A549_NGG_0079	64	0.0
safety_focused	MALAT1_A549_NGG_0079	65	0.0
safety_focused	MALAT1_A549_NGG_0079	66	0.0
safety_focused	MALAT1_A549_NGG_0079	67	0.0
safety_focused	MALAT1_A549_NGG_0079	68	0.0
safety_focused	MALAT1_A549_NGG_0079	69	0.0
safety_focused	MALAT1_A549_NGG_0079	70	0.0
safety_focused	MALAT1_A549_NGG_0079	71	0.0
safety_focused	MALAT1_A549_NGG_0079	72	0.0
safety_focused	MALAT1_A549_NGG_0079	73	0.0
safety_focused	MALAT1_A549_NGG_0079	74	0.0
safety_focused	MALAT1_A549_NGG_0079	75	0.0
safety_focused	MALAT1_A549_NGG_0079	76	0.0
safety_focused	MALAT1_A549_NGG_0079	77	0.0
safety_focused	MALAT1_A549_NGG_0079	78	0.0
safety_focused	MALAT1_A549_NGG_0079	79	0.0
safety_focused	MALAT1_A549_NGG_0079	80	0.0
safety_focused	MALAT1_A549_NGG_0079	81	0.0
safety_focused	MALAT1_A549_NGG_0079	82	0.0
safety_focused	MALAT1_A549_NGG_0079	83	0.0
safety_focused	MALAT1_A549_NGG_0079	84	0.0
safety_focused	MALAT1_A549_NGG_0079	85	0.0
safety_focused	MALAT1_A549_NGG_0079	86	0.0
safety_focused	MALAT1_A549_NGG_0080	1	0.0
safety_focused	MALAT1_A549_NGG_0080	2	0.0
safety_focused	MALAT1_A549_NGG_0080	3	0.0
safety_focused	MALAT1_A549_NGG_0080	4	0.0
safety_focused	MALAT1_A549_NGG_0080	5	0.0
safety_focused	MALAT1_A549_NGG_0080	6	0.0
safety_focused	MALAT1_A549_NGG_0080	7	0.0
safety_focused	MALAT1_A549_NGG_0080	8	0.0
safety_focused	MALAT1_A549_NGG_0080	9	0.0
safety_focused	MALAT1_A549_NGG_0080	10	0.0
safety_focused	MALAT1_A549_NGG_0080	11	0.0
safety_focused	MALAT1_A549_NGG_0080	12	0.0
safety_focused	MALAT1_A549_NGG_0080	13	0.0
safety_focused	MALAT1_A549_NGG_0080	14	0.0
safety_focused	MALAT1_A549_NGG_0080	15	0.0
safety_focused	MALAT1_A549_NGG_0080	16	0.0
safety_focused	MALAT1_A549_NGG_0080	17	0.0
safety_focused	MALAT1_A549_NGG_0080	18	0.0
safety_focused	MALAT1_A549_NGG_0080	19	0.0
safety_focused	MALAT1_A549_NGG_0080	20	0.0
safety_focused	MALAT1_A549_NGG_0080	21	0.0
safety_focused	MALAT1_A549_NGG_0080	22	0.0
safety_focused	MALAT1_A549_NGG_0080	23	0.0
safety_focused	MALAT1_A549_NGG_0080	24	0.0
safety_focused	MALAT1_A549_NGG_0080	25	0.0
safety_focused	MALAT1_A549_NGG_0080	26	3.333e-05
safety_focused	MALAT1_A549_NGG_0080	27	0.0
safety_focused	MALAT1_A549_NGG_0080	28	0.0
safety_focused	MALAT1_A549_NGG_0080	29	0.0
safety_focused	MALAT1_A549_NGG_0080	30	6.667e-05
safety_focused	MALAT1_A549_NGG_0080	31	0.00013333
safety_focused	MALAT1_A549_NGG_0080	32	0.00023333
safety_focused	MALAT1_A549_NGG_0080	33	0.0001
safety_focused	MALAT1_A549_NGG_0080	34	0.0001
safety_focused	MALAT1_A549_NGG_0080	35	0.0003
safety_focused	MALAT1_A549_NGG_0080	36	0.0004
safety_focused	MALAT1_A549_NGG_0080	37	0.00023333
safety_focused	MALAT1_A549_NGG_0080	38	0.00036667
safety_focused	MALAT1_A549_NGG_0080	39	0.00093333
safety_focused	MALAT1_A549_NGG_0080	40	0.0007
safety_focused	MALAT1_A549_NGG_0080	41	0.00053333
safety_focused	MALAT1_A549_NGG_0080	42	0.00093333
safety_focused	MALAT1_A549_NGG_0080	43	0.00106667
safety_focused	MALAT1_A549_NGG_0080	44	0.00183333
safety_focused	MALAT1_A549_NGG_0080	45	0.00306667
safety_focused	MALAT1_A549_NGG_0080	46	0.00523333
safety_focused	MALAT1_A549_NGG_0080	47	0.0053
safety_focused	MALAT1_A549_NGG_0080	48	0.006
safety_focused	MALAT1_A549_NGG_0080	49	0.0062
safety_focused	MALAT1_A549_NGG_0080	50	0.00683333
safety_focused	MALAT1_A549_NGG_0080	51	0.00816667
safety_focused	MALAT1_A549_NGG_0080	52	0.00876667
safety_focused	MALAT1_A549_NGG_0080	53	0.00883333
safety_focused	MALAT1_A549_NGG_0080	54	0.0095
safety_focused	MALAT1_A549_NGG_0080	55	0.01196667
safety_focused	MALAT1_A549_NGG_0080	56	0.01146667
safety_focused	MALAT1_A549_NGG_0080	57	0.0126
safety_focused	MALAT1_A549_NGG_0080	58	0.0124
safety_focused	MALAT1_A549_NGG_0080	59	0.0143
safety_focused	MALAT1_A549_NGG_0080	60	0.01596667
safety_focused	MALAT1_A549_NGG_0080	61	0.01726667
safety_focused	MALAT1_A549_NGG_0080	62	0.017
safety_focused	MALAT1_A549_NGG_0080	63	0.02183333
safety_focused	MALAT1_A549_NGG_0080	64	0.0319
safety_focused	MALAT1_A549_NGG_0080	65	0.0403
safety_focused	MALAT1_A549_NGG_0080	66	0.04976667
safety_focused	MALAT1_A549_NGG_0080	67	0.05513333
safety_focused	MALAT1_A549_NGG_0080	68	0.0517
safety_focused	MALAT1_A549_NGG_0080	69	0.05253333
safety_focused	MALAT1_A549_NGG_0080	70	0.0525
safety_focused	MALAT1_A549_NGG_0080	71	0.05716667
safety_focused	MALAT1_A549_NGG_0080	72	0.05413333
safety_focused	MALAT1_A549_NGG_0080	73	0.05786667
safety_focused	MALAT1_A549_NGG_0080	74	0.0601
safety_focused	MALAT1_A549_NGG_0080	75	0.0692
safety_focused	MALAT1_A549_NGG_0080	76	0.05193333
safety_focused	MALAT1_A549_NGG_0080	77	0.0348
safety_focused	MALAT1_A549_NGG_0080	78	0.021
safety_focused	MALAT1_A549_NGG_0080	79	0.01513333
safety_focused	MALAT1_A549_NGG_0080	80	0.0099
safety_focused	MALAT1_A549_NGG_0080	81	0.0067
safety_focused	MALAT1_A549_NGG_0080	82	0.00483333
safety_focused	MALAT1_A549_NGG_0080	83	0.00613333
safety_focused	MALAT1_A549_NGG_0080	84	0.00443333
safety_focused	MALAT1_A549_NGG_0080	85	0.00196667
safety_focused	MALAT1_A549_NGG_0080	86	0.0002
safety_focused	MALAT1_A549_NGG_0081	1	0.0
safety_focused	MALAT1_A549_NGG_0081	2	0.0
safety_focused	MALAT1_A549_NGG_0081	3	0.0
safety_focused	MALAT1_A549_NGG_0081	4	0.0
safety_focused	MALAT1_A549_NGG_0081	5	0.0
safety_focused	MALAT1_A549_NGG_0081	6	0.0
safety_focused	MALAT1_A549_NGG_0081	7	0.0
safety_focused	MALAT1_A549_NGG_0081	8	0.0
safety_focused	MALAT1_A549_NGG_0081	9	0.0
safety_focused	MALAT1_A549_NGG_0081	10	0.0
safety_focused	MALAT1_A549_NGG_0081	11	0.0
safety_focused	MALAT1_A549_NGG_0081	12	0.0
safety_focused	MALAT1_A549_NGG_0081	13	0.0
safety_focused	MALAT1_A549_NGG_0081	14	0.0
safety_focused	MALAT1_A549_NGG_0081	15	0.0
safety_focused	MALAT1_A549_NGG_0081	16	0.0
safety_focused	MALAT1_A549_NGG_0081	17	0.0
safety_focused	MALAT1_A549_NGG_0081	18	0.0
safety_focused	MALAT1_A549_NGG_0081	19	0.0
safety_focused	MALAT1_A549_NGG_0081	20	0.0
safety_focused	MALAT1_A549_NGG_0081	21	0.0
safety_focused	MALAT1_A549_NGG_0081	22	0.0
safety_focused	MALAT1_A549_NGG_0081	23	0.0
safety_focused	MALAT1_A549_NGG_0081	24	0.0
safety_focused	MALAT1_A549_NGG_0081	25	0.0
safety_focused	MALAT1_A549_NGG_0081	26	3.333e-05
safety_focused	MALAT1_A549_NGG_0081	27	0.0
safety_focused	MALAT1_A549_NGG_0081	28	0.0
safety_focused	MALAT1_A549_NGG_0081	29	0.0
safety_focused	MALAT1_A549_NGG_0081	30	0.0
safety_focused	MALAT1_A549_NGG_0081	31	6.667e-05
safety_focused	MALAT1_A549_NGG_0081	32	0.0001
safety_focused	MALAT1_A549_NGG_0081	33	0.0001
safety_focused	MALAT1_A549_NGG_0081	34	0.0001
safety_focused	MALAT1_A549_NGG_0081	35	0.00016667
safety_focused	MALAT1_A549_NGG_0081	36	0.00016667
safety_focused	MALAT1_A549_NGG_0081	37	0.00016667
safety_focused	MALAT1_A549_NGG_0081	38	0.00046667
safety_focused	MALAT1_A549_NGG_0081	39	0.00046667
safety_focused	MALAT1_A549_NGG_0081	40	0.00026667
safety_focused	MALAT1_A549_NGG_0081	41	0.0004
safety_focused	MALAT1_A549_NGG_0081	42	0.0005
safety_focused	MALAT1_A549_NGG_0081	43	0.0008
safety_focused	MALAT1_A549_NGG_0081	44	0.0009
safety_focused	MALAT1_A549_NGG_0081	45	0.00153333
safety_focused	MALAT1_A549_NGG_0081	46	0.00206667
safety_focused	MALAT1_A549_NGG_0081	47	0.00336667
safety_focused	MALAT1_A549_NGG_0081	48	0.00306667
safety_focused	MALAT1_A549_NGG_0081	49	0.00383333
safety_focused	MALAT1_A549_NGG_0081	50	0.00373333
safety_focused	MALAT1_A549_NGG_0081	51	0.00496667
safety_focused	MALAT1_A549_NGG_0081	52	0.005
safety_focused	MALAT1_A549_NGG_0081	53	0.00606667
safety_focused	MALAT1_A549_NGG_0081	54	0.00703333
safety_focused	MALAT1_A549_NGG_0081	55	0.00656667
safety_focused	MALAT1_A549_NGG_0081	56	0.0069
safety_focused	MALAT1_A549_NGG_0081	57	0.0085
safety_focused	MALAT1_A549_NGG_0081	58	0.00866667
safety_focused	MALAT1_A549_NGG_0081	59	0.01103333
safety_focused	MALAT1_A549_NGG_0081	60	0.01053333
safety_focused	MALAT1_A549_NGG_0081	61	0.01063333
safety_focused	MALAT1_A549_NGG_0081	62	0.0136
safety_focused	MALAT1_A549_NGG_0081	63	0.01626667
safety_focused	MALAT1_A549_NGG_0081	64	0.02233333
safety_focused	MALAT1_A549_NGG_0081	65	0.0277
safety_focused	MALAT1_A549_NGG_0081	66	0.03676667
safety_focused	MALAT1_A549_NGG_0081	67	0.04326667
safety_focused	MALAT1_A549_NGG_0081	68	0.04603333
safety_focused	MALAT1_A549_NGG_0081	69	0.04736667
safety_focused	MALAT1_A549_NGG_0081	70	0.04526667
safety_focused	MALAT1_A549_NGG_0081	71	0.04683333
safety_focused	MALAT1_A549_NGG_0081	72	0.04903333
safety_focused	MALAT1_A549_NGG_0081	73	0.0513
safety_focused	MALAT1_A549_NGG_0081	74	0.05723333
safety_focused	MALAT1_A549_NGG_0081	75	0.06326667
safety_focused	MALAT1_A549_NGG_0081	76	0.0882
safety_focused	MALAT1_A549_NGG_0081	77	0.07216667
safety_focused	MALAT1_A549_NGG_0081	78	0.0495
safety_focused	MALAT1_A549_NGG_0081	79	0.03146667
safety_focused	MALAT1_A549_NGG_0081	80	0.0202
safety_focused	MALAT1_A549_NGG_0081	81	0.01693333
safety_focused	MALAT1_A549_NGG_0081	82	0.01196667
safety_focused	MALAT1_A549_NGG_0081	83	0.01003333
safety_focused	MALAT1_A549_NGG_0081	84	0.0126
safety_focused	MALAT1_A549_NGG_0081	85	0.01056667
safety_focused	MALAT1_A549_NGG_0081	86	0.0019
safety_focused	MALAT1_A549_NGG_0082	1	0.0
safety_focused	MALAT1_A549_NGG_0082	2	0.0
safety_focused	MALAT1_A549_NGG_0082	3	0.0
safety_focused	MALAT1_A549_NGG_0082	4	0.0
safety_focused	MALAT1_A549_NGG_0082	5	0.0
safety_focused	MALAT1_A549_NGG_0082	6	0.0
safety_focused	MALAT1_A549_NGG_0082	7	0.0
safety_focused	MALAT1_A549_NGG_0082	8	0.0
safety_focused	MALAT1_A549_NGG_0082	9	0.0
safety_focused	MALAT1_A549_NGG_0082	10	0.0
safety_focused	MALAT1_A549_NGG_0082	11	0.0
safety_focused	MALAT1_A549_NGG_0082	12	0.0
safety_focused	MALAT1_A549_NGG_0082	13	0.0
safety_focused	MALAT1_A549_NGG_0082	14	0.0
safety_focused	MALAT1_A549_NGG_0082	15	0.0
safety_focused	MALAT1_A549_NGG_0082	16	0.0
safety_focused	MALAT1_A549_NGG_0082	17	0.0
safety_focused	MALAT1_A549_NGG_0082	18	0.0
safety_focused	MALAT1_A549_NGG_0082	19	0.0
safety_focused	MALAT1_A549_NGG_0082	20	0.0
safety_focused	MALAT1_A549_NGG_0082	21	0.0
safety_focused	MALAT1_A549_NGG_0082	22	0.0
safety_focused	MALAT1_A549_NGG_0082	23	0.0
safety_focused	MALAT1_A549_NGG_0082	24	0.0
safety_focused	MALAT1_A549_NGG_0082	25	0.0
safety_focused	MALAT1_A549_NGG_0082	26	0.0
safety_focused	MALAT1_A549_NGG_0082	27	0.0
safety_focused	MALAT1_A549_NGG_0082	28	0.0
safety_focused	MALAT1_A549_NGG_0082	29	0.0
safety_focused	MALAT1_A549_NGG_0082	30	0.0
safety_focused	MALAT1_A549_NGG_0082	31	0.0
safety_focused	MALAT1_A549_NGG_0082	32	0.0
safety_focused	MALAT1_A549_NGG_0082	33	3.333e-05
safety_focused	MALAT1_A549_NGG_0082	34	3.333e-05
safety_focused	MALAT1_A549_NGG_0082	35	6.667e-05
safety_focused	MALAT1_A549_NGG_0082	36	3.333e-05
safety_focused	MALAT1_A549_NGG_0082	37	0.0
safety_focused	MALAT1_A549_NGG_0082	38	3.333e-05
safety_focused	MALAT1_A549_NGG_0082	39	3.333e-05
safety_focused	MALAT1_A549_NGG_0082	40	0.0001
safety_focused	MALAT1_A549_NGG_0082	41	6.667e-05
safety_focused	MALAT1_A549_NGG_0082	42	0.00016667
safety_focused	MALAT1_A549_NGG_0082	43	0.00016667
safety_focused	MALAT1_A549_NGG_0082	44	3.333e-05
safety_focused	MALAT1_A549_NGG_0082	45	0.00026667
safety_focused	MALAT1_A549_NGG_0082	46	0.00043333
safety_focused	MALAT1_A549_NGG_0082	47	0.00086667
safety_focused	MALAT1_A549_NGG_0082	48	0.0009
safety_focused	MALAT1_A549_NGG_0082	49	0.00133333
safety_focused	MALAT1_A549_NGG_0082	50	0.00156667
safety_focused	MALAT1_A549_NGG_0082	51	0.00166667
safety_focused	MALAT1_A549_NGG_0082	52	0.0015
safety_focused	MALAT1_A549_NGG_0082	53	0.0021
safety_focused	MALAT1_A549_NGG_0082	54	0.00223333
safety_focused	MALAT1_A549_NGG_0082	55	0.00243333
safety_focused	MALAT1_A549_NGG_0082	56	0.0025
safety_focused	MALAT1_A549_NGG_0082	57	0.00303333
safety_focused	MALAT1_A549_NGG_0082	58	0.00393333
safety_focused	MALAT1_A549_NGG_0082	59	0.005
safety_focused	MALAT1_A549_NGG_0082	60	0.0046
safety_focused	MALAT1_A549_NGG_0082	61	0.00463333
safety_focused	MALAT1_A549_NGG_0082	62	0.0051
safety_focused	MALAT1_A549_NGG_0082	63	0.00556667
safety_focused	MALAT1_A549_NGG_0082	64	0.00693333
safety_focused	MALAT1_A549_NGG_0082	65	0.00743333
safety_focused	MALAT1_A549_NGG_0082	66	0.01186667
safety_focused	MALAT1_A549_NGG_0082	67	0.01556667
safety_focused	MALAT1_A549_NGG_0082	68	0.0233
safety_focused	MALAT1_A549_NGG_0082	69	0.02856667
safety_focused	MALAT1_A549_NGG_0082	70	0.03363333
safety_focused	MALAT1_A549_NGG_0082	71	0.03366667
safety_focused	MALAT1_A549_NGG_0082	72	0.0354
safety_focused	MALAT1_A549_NGG_0082	73	0.0358
safety_focused	MALAT1_A549_NGG_0082	74	0.04216667
safety_focused	MALAT1_A549_NGG_0082	75	0.0471
safety_focused	MALAT1_A549_NGG_0082	76	0.0585
safety_focused	MALAT1_A549_NGG_0082	77	0.08066667
safety_focused	MALAT1_A549_NGG_0082	78	0.1056
safety_focused	MALAT1_A549_NGG_0082	79	0.08753333
safety_focused	MALAT1_A549_NGG_0082	80	0.06503333
safety_focused	MALAT1_A549_NGG_0082	81	0.0455
safety_focused	MALAT1_A549_NGG_0082	82	0.03363333
safety_focused	MALAT1_A549_NGG_0082	83	0.03083333
safety_focused	MALAT1_A549_NGG_0082	84	0.0277
safety_focused	MALAT1_A549_NGG_0082	85	0.0324
safety_focused	MALAT1_A549_NGG_0082	86	0.06073333
safety_focused	MALAT1_A549_NGG_0083	1	0.0
safety_focused	MALAT1_A549_NGG_0083	2	0.0
safety_focused	MALAT1_A549_NGG_0083	3	0.0
safety_focused	MALAT1_A549_NGG_0083	4	0.0
safety_focused	MALAT1_A549_NGG_0083	5	0.0
safety_focused	MALAT1_A549_NGG_0083	6	0.0
safety_focused	MALAT1_A549_NGG_0083	7	0.0
safety_focused	MALAT1_A549_NGG_0083	8	0.0
safety_focused	MALAT1_A549_NGG_0083	9	0.0
safety_focused	MALAT1_A549_NGG_0083	10	0.0
safety_focused	MALAT1_A549_NGG_0083	11	3.333e-05
safety_focused	MALAT1_A549_NGG_0083	12	6.667e-05
safety_focused	MALAT1_A549_NGG_0083	13	0.0001
safety_focused	MALAT1_A549_NGG_0083	14	0.0001
safety_focused	MALAT1_A549_NGG_0083	15	0.0
safety_focused	MALAT1_A549_NGG_0083	16	3.333e-05
safety_focused	MALAT1_A549_NGG_0083	17	0.00013333
safety_focused	MALAT1_A549_NGG_0083	18	0.0
safety_focused	MALAT1_A549_NGG_0083	19	0.00016667
safety_focused	MALAT1_A549_NGG_0083	20	0.0003
safety_focused	MALAT1_A549_NGG_0083	21	0.00043333
safety_focused	MALAT1_A549_NGG_0083	22	0.00033333
safety_focused	MALAT1_A549_NGG_0083	23	0.0009
safety_focused	MALAT1_A549_NGG_0083	24	0.00076667
safety_focused	MALAT1_A549_NGG_0083	25	0.001
safety_focused	MALAT1_A549_NGG_0083	26	0.0008
safety_focused	MALAT1_A549_NGG_0083	27	0.00163333
safety_focused	MALAT1_A549_NGG_0083	28	0.0018
safety_focused	MALAT1_A549_NGG_0083	29	0.0018
safety_focused	MALAT1_A549_NGG_0083	30	0.00256667
safety_focused	MALAT1_A549_NGG_0083	31	0.0031
safety_focused	MALAT1_A549_NGG_0083	32	0.00346667
safety_focused	MALAT1_A549_NGG_0083	33	0.0033
safety_focused	MALAT1_A549_NGG_0083	34	0.00463333
safety_focused	MALAT1_A549_NGG_0083	35	0.00523333
safety_focused	MALAT1_A549_NGG_0083	36	0.00493333
safety_focused	MALAT1_A549_NGG_0083	37	0.00513333
safety_focused	MALAT1_A549_NGG_0083	38	0.0054
safety_focused	MALAT1_A549_NGG_0083	39	0.0066
safety_focused	MALAT1_A549_NGG_0083	40	0.00826667
safety_focused	MALAT1_A549_NGG_0083	41	0.0105
safety_focused	MALAT1_A549_NGG_0083	42	0.01263333
safety_focused	MALAT1_A549_NGG_0083	43	0.01706667
safety_focused	MALAT1_A549_NGG_0083	44	0.02016667
safety_focused	MALAT1_A549_NGG_0083	45	0.02016667
safety_focused	MALAT1_A549_NGG_0083	46	0.0218
safety_focused	MALAT1_A549_NGG_0083	47	0.02116667
safety_focused	MALAT1_A549_NGG_0083	48	0.0234
safety_focused	MALAT1_A549_NGG_0083	49	0.02273333
safety_focused	MALAT1_A549_NGG_0083	50	0.02363333
safety_focused	MALAT1_A549_NGG_0083	51	0.02446667
safety_focused	MALAT1_A549_NGG_0083	52	0.02336667
safety_focused	MALAT1_A549_NGG_0083	53	0.0251
safety_focused	MALAT1_A549_NGG_0083	54	0.02616667
safety_focused	MALAT1_A549_NGG_0083	55	0.0263
safety_focused	MALAT1_A549_NGG_0083	56	0.0246
safety_focused	MALAT1_A549_NGG_0083	57	0.0262
safety_focused	MALAT1_A549_NGG_0083	58	0.02273333
safety_focused	MALAT1_A549_NGG_0083	59	0.0218
safety_focused	MALAT1_A549_NGG_0083	60	0.0307
safety_focused	MALAT1_A549_NGG_0083	61	0.041
safety_focused	MALAT1_A549_NGG_0083	62	0.07093333
safety_focused	MALAT1_A549_NGG_0083	63	0.06586667
safety_focused	MALAT1_A549_NGG_0083	64	0.05303333
safety_focused	MALAT1_A549_NGG_0083	65	0.0369
safety_focused	MALAT1_A549_NGG_0083	66	0.02896667
safety_focused	MALAT1_A549_NGG_0083	67	0.02436667
safety_focused	MALAT1_A549_NGG_0083	68	0.0252
safety_focused	MALAT1_A549_NGG_0083	69	0.02443333
safety_focused	MALAT1_A549_NGG_0083	70	0.02246667
safety_focused	MALAT1_A549_NGG_0083	71	0.02066667
safety_focused	MALAT1_A549_NGG_0083	72	0.01826667
safety_focused	MALAT1_A549_NGG_0083	73	0.01666667
safety_focused	MALAT1_A549_NGG_0083	74	0.01536667
safety_focused	MALAT1_A549_NGG_0083	75	0.01243333
safety_focused	MALAT1_A549_NGG_0083	76	0.00616667
safety_focused	MALAT1_A549_NGG_0083	77	0.0033
safety_focused	MALAT1_A549_NGG_0083	78	0.00193333
safety_focused	MALAT1_A549_NGG_0083	79	0.00116667
safety_focused	MALAT1_A549_NGG_0083	80	0.00076667
safety_focused	MALAT1_A549_NGG_0083	81	0.00086667
safety_focused	MALAT1_A549_NGG_0083	82	0.0006
safety_focused	MALAT1_A549_NGG_0083	83	0.00056667
safety_focused	MALAT1_A549_NGG_0083	84	0.00023333
safety_focused	MALAT1_A549_NGG_0083	85	0.0001
safety_focused	MALAT1_A549_NGG_0083	86	0.0
safety_focused	MALAT1_A549_NGG_0084	1	0.0
safety_focused	MALAT1_A549_NGG_0084	2	0.0
safety_focused	MALAT1_A549_NGG_0084	3	0.0
safety_focused	MALAT1_A549_NGG_0084	4	0.0
safety_focused	MALAT1_A549_NGG_0084	5	0.0
safety_focused	MALAT1_A549_NGG_0084	6	0.0
safety_focused	MALAT1_A549_NGG_0084	7	0.0
safety_focused	MALAT1_A549_NGG_0084	8	0.0
safety_focused	MALAT1_A549_NGG_0084	9	0.0
safety_focused	MALAT1_A549_NGG_0084	10	0.0
safety_focused	MALAT1_A549_NGG_0084	11	0.0
safety_focused	MALAT1_A549_NGG_0084	12	0.0
safety_focused	MALAT1_A549_NGG_0084	13	0.0
safety_focused	MALAT1_A549_NGG_0084	14	0.0
safety_focused	MALAT1_A549_NGG_0084	15	0.0
safety_focused	MALAT1_A549_NGG_0084	16	0.0
safety_focused	MALAT1_A549_NGG_0084	17	0.0
safety_focused	MALAT1_A549_NGG_0084	18	0.0
safety_focused	MALAT1_A549_NGG_0084	19	0.0
safety_focused	MALAT1_A549_NGG_0084	20	0.0
safety_focused	MALAT1_A549_NGG_0084	21	0.0
safety_focused	MALAT1_A549_NGG_0084	22	0.0
safety_focused	MALAT1_A549_NGG_0084	23	0.0
safety_focused	MALAT1_A549_NGG_0084	24	0.0
safety_focused	MALAT1_A549_NGG_0084	25	0.0
safety_focused	MALAT1_A549_NGG_0084	26	0.0
safety_focused	MALAT1_A549_NGG_0084	27	0.0
safety_focused	MALAT1_A549_NGG_0084	28	3.333e-05
safety_focused	MALAT1_A549_NGG_0084	29	6.667e-05
safety_focused	MALAT1_A549_NGG_0084	30	0.0
safety_focused	MALAT1_A549_NGG_0084	31	0.00013333
safety_focused	MALAT1_A549_NGG_0084	32	3.333e-05
safety_focused	MALAT1_A549_NGG_0084	33	0.00023333
safety_focused	MALAT1_A549_NGG_0084	34	0.0003
safety_focused	MALAT1_A549_NGG_0084	35	0.00023333
safety_focused	MALAT1_A549_NGG_0084	36	0.0003
safety_focused	MALAT1_A549_NGG_0084	37	0.0004
safety_focused	MALAT1_A549_NGG_0084	38	0.00033333
safety_focused	MALAT1_A549_NGG_0084	39	0.0004
safety_focused	MALAT1_A549_NGG_0084	40	0.00086667
safety_focused	MALAT1_A549_NGG_0084	41	0.0006
safety_focused	MALAT1_A549_NGG_0084	42	0.00076667
safety_focused	MALAT1_A549_NGG_0084	43	0.0008
safety_focused	MALAT1_A549_NGG_0084	44	0.0012
safety_focused	MALAT1_A549_NGG_0084	45	0.00136667
safety_focused	MALAT1_A549_NGG_0084	46	0.0023
safety_focused	MALAT1_A549_NGG_0084	47	0.00253333
safety_focused	MALAT1_A549_NGG_0084	48	0.00393333
safety_focused	MALAT1_A549_NGG_0084	49	0.00386667
safety_focused	MALAT1_A549_NGG_0084	50	0.00376667
safety_focused	MALAT1_A549_NGG_0084	51	0.00413333
safety_focused	MALAT1_A549_NGG_0084	52	0.00523333
safety_focused	MALAT1_A549_NGG_0084	53	0.0054
safety_focused	MALAT1_A549_NGG_0084	54	0.0067
safety_focused	MALAT1_A549_NGG_0084	55	0.00636667
safety_focused	MALAT1_A549_NGG_0084	56	0.00746667
safety_focused	MALAT1_A549_NGG_0084	57	0.0082
safety_focused	MALAT1_A549_NGG_0084	58	0.00786667
safety_focused	MALAT1_A549_NGG_0084	59	0.00956667
safety_focused	MALAT1_A549_NGG_0084	60	0.00966667
safety_focused	MALAT1_A549_NGG_0084	61	0.01156667
safety_focused	MALAT1_A549_NGG_0084	62	0.011
safety_focused	MALAT1_A549_NGG_0084	63	0.01703333
safety_focused	MALAT1_A549_NGG_0084	64	0.023
safety_focused	MALAT1_A549_NGG_0084	65	0.03216667
safety_focused	MALAT1_A549_NGG_0084	66	0.03786667
safety_focused	MALAT1_A549_NGG_0084	67	0.03786667
safety_focused	MALAT1_A549_NGG_0084	68	0.04226667
safety_focused	MALAT1_A549_NGG_0084	69	0.03743333
safety_focused	MALAT1_A549_NGG_0084	70	0.03933333
safety_focused	MALAT1_A549_NGG_0084	71	0.03906667
safety_focused	MALAT1_A549_NGG_0084	72	0.0387
safety_focused	MALAT1_A549_NGG_0084	73	0.04026667
safety_focused	MALAT1_A549_NGG_0084	74	0.0479
safety_focused	MALAT1_A549_NGG_0084	75	0.0518
safety_focused	MALAT1_A549_NGG_0084	76	0.05583333
safety_focused	MALAT1_A549_NGG_0084	77	0.07083333
safety_focused	MALAT1_A549_NGG_0084	78	0.07173333
safety_focused	MALAT1_A549_NGG_0084	79	0.04553333
safety_focused	MALAT1_A549_NGG_0084	80	0.03343333
safety_focused	MALAT1_A549_NGG_0084	81	0.02406667
safety_focused	MALAT1_A549_NGG_0084	82	0.01943333
safety_focused	MALAT1_A549_NGG_0084	83	0.01536667
safety_focused	MALAT1_A549_NGG_0084	84	0.01576667
safety_focused	MALAT1_A549_NGG_0084	85	0.022
safety_focused	MALAT1_A549_NGG_0084	86	0.02366667
safety_focused	MALAT1_A549_NGG_0085	1	6.667e-05
safety_focused	MALAT1_A549_NGG_0085	2	0.00483333
safety_focused	MALAT1_A549_NGG_0085	3	0.01473333
safety_focused	MALAT1_A549_NGG_0085	4	0.02133333
safety_focused	MALAT1_A549_NGG_0085	5	0.03563333
safety_focused	MALAT1_A549_NGG_0085	6	0.04483333
safety_focused	MALAT1_A549_NGG_0085	7	0.0544
safety_focused	MALAT1_A549_NGG_0085	8	0.0633
safety_focused	MALAT1_A549_NGG_0085	9	0.06726667
safety_focused	MALAT1_A549_NGG_0085	10	0.06716667
safety_focused	MALAT1_A549_NGG_0085	11	0.064
safety_focused	MALAT1_A549_NGG_0085	12	0.0589
safety_focused	MALAT1_A549_NGG_0085	13	0.05416667
safety_focused	MALAT1_A549_NGG_0085	14	0.0465
safety_focused	MALAT1_A549_NGG_0085	15	0.04326667
safety_focused	MALAT1_A549_NGG_0085	16	0.03753333
safety_focused	MALAT1_A549_NGG_0085	17	0.03276667
safety_focused	MALAT1_A549_NGG_0085	18	0.0296
safety_focused	MALAT1_A549_NGG_0085	19	0.02556667
safety_focused	MALAT1_A549_NGG_0085	20	0.02343333
safety_focused	MALAT1_A549_NGG_0085	21	0.0201
safety_focused	MALAT1_A549_NGG_0085	22	0.01733333
safety_focused	MALAT1_A549_NGG_0085	23	0.01746667
safety_focused	MALAT1_A549_NGG_0085	24	0.0154
safety_focused	MALAT1_A549_NGG_0085	25	0.01523333
safety_focused	MALAT1_A549_NGG_0085	26	0.01483333
safety_focused	MALAT1_A549_NGG_0085	27	0.0143
safety_focused	MALAT1_A549_NGG_0085	28	0.01283333
safety_focused	MALAT1_A549_NGG_0085	29	0.01226667
safety_focused	MALAT1_A549_NGG_0085	30	0.01046667
safety_focused	MALAT1_A549_NGG_0085	31	0.00996667
safety_focused	MALAT1_A549_NGG_0085	32	0.00836667
safety_focused	MALAT1_A549_NGG_0085	33	0.0092
safety_focused	MALAT1_A549_NGG_0085	34	0.00713333
safety_focused	MALAT1_A549_NGG_0085	35	0.00623333
safety_focused	MALAT1_A549_NGG_0085	36	0.0057
safety_focused	MALAT1_A549_NGG_0085	37	0.00323333
safety_focused	MALAT1_A549_NGG_0085	38	0.0026
safety_focused	MALAT1_A549_NGG_0085	39	0.00196667
safety_focused	MALAT1_A549_NGG_0085	40	0.00156667
safety_focused	MALAT1_A549_NGG_0085	41	0.00153333
safety_focused	MALAT1_A549_NGG_0085	42	0.0011
safety_focused	MALAT1_A549_NGG_0085	43	0.00043333
safety_focused	MALAT1_A549_NGG_0085	44	0.00056667
safety_focused	MALAT1_A549_NGG_0085	45	0.00013333
safety_focused	MALAT1_A549_NGG_0085	46	0.00013333
safety_focused	MALAT1_A549_NGG_0085	47	0.0002
safety_focused	MALAT1_A549_NGG_0085	48	0.00013333
safety_focused	MALAT1_A549_NGG_0085	49	0.0001
safety_focused	MALAT1_A549_NGG_0085	50	6.667e-05
safety_focused	MALAT1_A549_NGG_0085	51	3.333e-05
safety_focused	MALAT1_A549_NGG_0085	52	3.333e-05
safety_focused	MALAT1_A549_NGG_0085	53	0.0
safety_focused	MALAT1_A549_NGG_0085	54	0.0
safety_focused	MALAT1_A549_NGG_0085	55	3.333e-05
safety_focused	MALAT1_A549_NGG_0085	56	0.0
safety_focused	MALAT1_A549_NGG_0085	57	0.0
safety_focused	MALAT1_A549_NGG_0085	58	0.0
safety_focused	MALAT1_A549_NGG_0085	59	0.0
safety_focused	MALAT1_A549_NGG_0085	60	0.0
safety_focused	MALAT1_A549_NGG_0085	61	0.0
safety_focused	MALAT1_A549_NGG_0085	62	0.0
safety_focused	MALAT1_A549_NGG_0085	63	0.0
safety_focused	MALAT1_A549_NGG_0085	64	0.0
safety_focused	MALAT1_A549_NGG_0085	65	0.0
safety_focused	MALAT1_A549_NGG_0085	66	0.0
safety_focused	MALAT1_A549_NGG_0085	67	0.0
safety_focused	MALAT1_A549_NGG_0085	68	0.0
safety_focused	MALAT1_A549_NGG_0085	69	0.0
safety_focused	MALAT1_A549_NGG_0085	70	0.0
safety_focused	MALAT1_A549_NGG_0085	71	0.0
safety_focused	MALAT1_A549_NGG_0085	72	0.0
safety_focused	MALAT1_A549_NGG_0085	73	0.0
safety_focused	MALAT1_A549_NGG_0085	74	0.0
safety_focused	MALAT1_A549_NGG_0085	75	0.0
safety_focused	MALAT1_A549_NGG_0085	76	0.0
safety_focused	MALAT1_A549_NGG_0085	77	0.0
safety_focused	MALAT1_A549_NGG_0085	78	0.0
safety_focused	MALAT1_A549_NGG_0085	79	0.0
safety_focused	MALAT1_A549_NGG_0085	80	0.0
safety_focused	MALAT1_A549_NGG_0085	81	0.0
safety_focused	MALAT1_A549_NGG_0085	82	0.0
safety_focused	MALAT1_A549_NGG_0085	83	0.0
safety_focused	MALAT1_A549_NGG_0085	84	0.0
safety_focused	MALAT1_A549_NGG_0085	85	0.0
safety_focused	MALAT1_A549_NGG_0085	86	0.0
safety_focused	MALAT1_A549_NGG_0086	1	0.0
safety_focused	MALAT1_A549_NGG_0086	2	0.00073333
safety_focused	MALAT1_A549_NGG_0086	3	0.00296667
safety_focused	MALAT1_A549_NGG_0086	4	0.00663333
safety_focused	MALAT1_A549_NGG_0086	5	0.01243333
safety_focused	MALAT1_A549_NGG_0086	6	0.0169
safety_focused	MALAT1_A549_NGG_0086	7	0.02403333
safety_focused	MALAT1_A549_NGG_0086	8	0.03153333
safety_focused	MALAT1_A549_NGG_0086	9	0.04023333
safety_focused	MALAT1_A549_NGG_0086	10	0.04613333
safety_focused	MALAT1_A549_NGG_0086	11	0.04956667
safety_focused	MALAT1_A549_NGG_0086	12	0.0493
safety_focused	MALAT1_A549_NGG_0086	13	0.05103333
safety_focused	MALAT1_A549_NGG_0086	14	0.05376667
safety_focused	MALAT1_A549_NGG_0086	15	0.0489
safety_focused	MALAT1_A549_NGG_0086	16	0.047
safety_focused	MALAT1_A549_NGG_0086	17	0.04173333
safety_focused	MALAT1_A549_NGG_0086	18	0.04013333
safety_focused	MALAT1_A549_NGG_0086	19	0.03593333
safety_focused	MALAT1_A549_NGG_0086	20	0.034
safety_focused	MALAT1_A549_NGG_0086	21	0.03023333
safety_focused	MALAT1_A549_NGG_0086	22	0.02683333
safety_focused	MALAT1_A549_NGG_0086	23	0.02396667
safety_focused	MALAT1_A549_NGG_0086	24	0.02586667
safety_focused	MALAT1_A549_NGG_0086	25	0.02253333
safety_focused	MALAT1_A549_NGG_0086	26	0.02106667
safety_focused	MALAT1_A549_NGG_0086	27	0.02
safety_focused	MALAT1_A549_NGG_0086	28	0.01913333
safety_focused	MALAT1_A549_NGG_0086	29	0.0189
safety_focused	MALAT1_A549_NGG_0086	30	0.01816667
safety_focused	MALAT1_A549_NGG_0086	31	0.0182
safety_focused	MALAT1_A549_NGG_0086	32	0.01536667
safety_focused	MALAT1_A549_NGG_0086	33	0.01686667
safety_focused	MALAT1_A549_NGG_0086	34	0.01503333
safety_focused	MALAT1_A549_NGG_0086	35	0.01486667
safety_focused	MALAT1_A549_NGG_0086	36	0.0133
safety_focused	MALAT1_A549_NGG_0086	37	0.0116
safety_focused	MALAT1_A549_NGG_0086	38	0.0088
safety_focused	MALAT1_A549_NGG_0086	39	0.00633333
safety_focused	MALAT1_A549_NGG_0086	40	0.00506667
safety_focused	MALAT1_A549_NGG_0086	41	0.00426667
safety_focused	MALAT1_A549_NGG_0086	42	0.003
safety_focused	MALAT1_A549_NGG_0086	43	0.00183333
safety_focused	MALAT1_A549_NGG_0086	44	0.00143333
safety_focused	MALAT1_A549_NGG_0086	45	0.00086667
safety_focused	MALAT1_A549_NGG_0086	46	0.0007
safety_focused	MALAT1_A549_NGG_0086	47	0.00056667
safety_focused	MALAT1_A549_NGG_0086	48	0.00046667
safety_focused	MALAT1_A549_NGG_0086	49	0.00043333
safety_focused	MALAT1_A549_NGG_0086	50	0.00013333
safety_focused	MALAT1_A549_NGG_0086	51	0.0003
safety_focused	MALAT1_A549_NGG_0086	52	0.00013333
safety_focused	MALAT1_A549_NGG_0086	53	0.00013333
safety_focused	MALAT1_A549_NGG_0086	54	0.0002
safety_focused	MALAT1_A549_NGG_0086	55	0.00013333
safety_focused	MALAT1_A549_NGG_0086	56	6.667e-05
safety_focused	MALAT1_A549_NGG_0086	57	3.333e-05
safety_focused	MALAT1_A549_NGG_0086	58	0.00013333
safety_focused	MALAT1_A549_NGG_0086	59	3.333e-05
safety_focused	MALAT1_A549_NGG_0086	60	3.333e-05
safety_focused	MALAT1_A549_NGG_0086	61	0.0
safety_focused	MALAT1_A549_NGG_0086	62	0.0
safety_focused	MALAT1_A549_NGG_0086	63	0.0
safety_focused	MALAT1_A549_NGG_0086	64	0.0
safety_focused	MALAT1_A549_NGG_0086	65	0.0
safety_focused	MALAT1_A549_NGG_0086	66	0.0
safety_focused	MALAT1_A549_NGG_0086	67	0.0
safety_focused	MALAT1_A549_NGG_0086	68	0.0
safety_focused	MALAT1_A549_NGG_0086	69	0.0
safety_focused	MALAT1_A549_NGG_0086	70	0.0
safety_focused	MALAT1_A549_NGG_0086	71	0.0
safety_focused	MALAT1_A549_NGG_0086	72	0.0
safety_focused	MALAT1_A549_NGG_0086	73	0.0
safety_focused	MALAT1_A549_NGG_0086	74	0.0
safety_focused	MALAT1_A549_NGG_0086	75	0.0
safety_focused	MALAT1_A549_NGG_0086	76	0.0
safety_focused	MALAT1_A549_NGG_0086	77	0.0
safety_focused	MALAT1_A549_NGG_0086	78	0.0
safety_focused	MALAT1_A549_NGG_0086	79	0.0
safety_focused	MALAT1_A549_NGG_0086	80	0.0
safety_focused	MALAT1_A549_NGG_0086	81	0.0
safety_focused	MALAT1_A549_NGG_0086	82	0.0
safety_focused	MALAT1_A549_NGG_0086	83	0.0
safety_focused	MALAT1_A549_NGG_0086	84	0.0
safety_focused	MALAT1_A549_NGG_0086	85	0.0
safety_focused	MALAT1_A549_NGG_0086	86	0.0
